CMD: LABEL=n4_v_rate_imb90_r30000_run_1 LOCAL_ORCH=0 NODES=4 WORKER_BANDWIDTHS_MBPS=600,600,600,600 RATE_WEIGHTS=27,1,1,1 RATE=30000 DURATION=900 WARMUP=30 IN_MEMORY_STORE=1 fab cloudlab --manifest=manifest.xml --latency=100ms --primary-bw=300mbit --log-dir=/home/zpkhor/narwhal-validator/benchmark/exp/results/tps_timeline_lb_cloud_20260411_235843/n4_v_rate_imb90_r30000_run_1
No dedicated client nodes; using node-21 as client
[92mStarting CloudLab benchmark[0m
All SSH hosts: ['hp078.utah.cloudlab.us', 'hp026.utah.cloudlab.us', 'hp052.utah.cloudlab.us', 'hp091.utah.cloudlab.us', 'hp021.utah.cloudlab.us']
Killing previous processes...
Resetting TCP buffers...
Compiling...
Distributing binaries to 5 machines...
Generating configuration files...
Uploading config files...
Applying TC QoS shaping...
TC QoS applied: primary=300000kbps, worker_bws=[600000, 600000, 600000, 600000]kbps, client=600000kbps
Starting primaries and workers...
Waiting for workers to be ready...
All workers ready.
Starting client...
Running benchmark (900 sec)...
Stopping processes...
Downloading logs...
Parsing logs...

-----------------------------------------
 SUMMARY:
-----------------------------------------
 + CONFIG:
 Committee size: 4 node(s)
 Worker(s) per node: 1 worker(s)
 Input rate: 30,000 tx/s
 Transaction size: 512 B
 Benchmark duration: 900.0 s
 Consensus duration: 855.39 s
 Commit duration: 853.99 s


 + LAST COMMITTED PER VALIDATOR (from primary logs):
 Validator  Time            Round
 0          04:13:59.119     3008
 1          04:13:59.144     3008
 2          04:13:59.119     3008
 3          04:13:59.119     3008
 + RESULTS:
 f+1 Commit latency (workers) (mean): 1,953 ms
 f+1 Commit latency (workers) (p50): 1,958 ms
 f+1 Commit latency (workers) (p90): 2,283 ms
 f+1 Commit latency (workers) (p95): 2,381 ms
 f+1 Commit latency (workers) (p99): 2,509 ms

 Consensus TPS: 29,949 tx/s
 Consensus BPS: 15,334,015 B/s
 Committed TPS: 29,998 tx/s
 Committed BPS: 15,359,082 B/s

 + VALIDATOR LOAD DISTRIBUTION:
 Validator 0: 23,057,200 tx (90.0%)
 Validator 1: 853,930 tx (3.3%)
 Validator 2: 854,383 tx (3.3%)
 Validator 3: 852,685 tx (3.3%)

 + PER-VALIDATOR COMMIT METRICS:
 Validator    TPS (tx/s)    Mean (ms)    p95 (ms)    Misses
 0            26,999        1,969        2,243       0
 1            1,000         2,106        2,462       0
 2            1,000         1,790        2,214       0
 3            998           1,837        2,387       0
 Overall      29,998        1,963 (wtd)  2,254 (wtd) 0

 + PER-VALIDATOR QUORUM TIMING (ms):
                    mean            p95             std      
 Validator       delay    lat    delay    lat    delay    lat
 0                 172     32      203     94       23     43
 1                   0    105        0    112        0      3
 2                   0    105        0    112        0      3
 3                   0    105        0    111        0      3

 + PER-STAGE LATENCY BREAKDOWN (mean, ms):
   Stage                            All
   Client -> Worker:                  5
   Worker -> Batch seal:             84
   Batch seal -> Quorum:            173
   Quorum -> Processed:              11
   Processed -> Header:             153
   Header -> Certified:             200
   Certified -> Committed:        1,353
   Sum:                           1,979
   (n=)                          68,173

 + CERTIFIED TPS TIMELINE (actual/capacity (spare)):
   round                          V0                          V1                          V2                          V3
   30       86.3% 546/35971 (+35425)      4.5% 29/35971 (+35942)      5.1% 32/35971 (+35939)      4.1% 26/35971 (+35945)
   60      89.5% 7023/35971 (+28948)     3.5% 274/35971 (+35697)     3.6% 283/35971 (+35688)     3.4% 268/35971 (+35704)
   90     89.6% 15249/35971 (+20722)     3.4% 585/35971 (+35386)     3.5% 594/35971 (+35377)     3.4% 587/35971 (+35384)
   120    89.9% 23842/35971 (+12128)     3.4% 898/35971 (+35073)     3.4% 903/35971 (+35068)     3.4% 891/35971 (+35080)
   150     90.0% 27852/35971 (+8119)    3.4% 1038/35971 (+34934)    3.3% 1033/35971 (+34938)    3.3% 1032/35971 (+34939)
   180     90.0% 27849/35971 (+8122)    3.3% 1037/35971 (+34934)    3.3% 1037/35971 (+34934)    3.4% 1037/35971 (+34934)
   210     90.1% 27967/35971 (+8004)    3.3% 1032/35971 (+34939)    3.3% 1032/35971 (+34939)    3.3% 1015/35971 (+34956)
   240     90.0% 27961/35971 (+8010)    3.3% 1037/35971 (+34934)    3.3% 1037/35971 (+34934)    3.3% 1032/35971 (+34939)
   270     90.0% 27961/35971 (+8010)    3.3% 1032/35971 (+34939)    3.3% 1037/35971 (+34934)    3.3% 1037/35971 (+34934)
   300     89.9% 27639/35971 (+8332)    3.4% 1032/35971 (+34939)    3.4% 1037/35971 (+34934)    3.4% 1037/35971 (+34934)
   330     90.1% 28178/35971 (+7794)    3.3% 1037/35971 (+34934)    3.3% 1032/35971 (+34939)    3.3% 1032/35971 (+34939)
   360     90.0% 27951/35971 (+8020)    3.3% 1032/35971 (+34939)    3.3% 1037/35971 (+34934)    3.3% 1036/35971 (+34934)
   390     90.1% 27948/35971 (+8023)    3.3% 1014/35971 (+34956)    3.3% 1037/35971 (+34934)    3.3% 1037/35971 (+34934)
   420     90.0% 27852/35971 (+8119)    3.3% 1037/35971 (+34934)    3.3% 1032/35971 (+34939)    3.4% 1037/35971 (+34934)
   450     90.0% 27961/35971 (+8010)    3.3% 1032/35971 (+34939)    3.3% 1037/35971 (+34934)    3.3% 1037/35971 (+34934)
   480     90.0% 27961/35971 (+8010)    3.3% 1032/35971 (+34939)    3.3% 1032/35971 (+34939)    3.3% 1037/35971 (+34934)
   510     90.0% 27852/35971 (+8119)    3.3% 1037/35971 (+34934)    3.3% 1037/35971 (+34934)    3.3% 1032/35971 (+34939)
   540     90.0% 27961/35971 (+8010)    3.3% 1037/35971 (+34934)    3.3% 1032/35971 (+34939)    3.3% 1032/35971 (+34939)
   570     90.0% 27855/35971 (+8116)    3.3% 1037/35971 (+34934)    3.3% 1037/35971 (+34934)    3.3% 1037/35971 (+34934)
   600     90.0% 27961/35971 (+8010)    3.3% 1037/35971 (+34934)    3.3% 1032/35971 (+34939)    3.3% 1032/35971 (+34939)
   630     89.9% 27741/35971 (+8230)    3.4% 1037/35971 (+34934)    3.3% 1032/35971 (+34939)    3.3% 1032/35971 (+34940)
   660     90.0% 27967/35971 (+8004)    3.3% 1037/35971 (+34934)    3.3% 1037/35971 (+34934)    3.3% 1032/35971 (+34939)
   690     90.1% 28178/35971 (+7794)    3.3% 1037/35971 (+34934)    3.3% 1037/35971 (+34934)    3.3% 1032/35971 (+34939)
   720     90.1% 27855/35971 (+8116)    3.3% 1010/35971 (+34961)    3.3% 1010/35971 (+34961)    3.4% 1037/35971 (+34934)
   750     90.0% 27961/35971 (+8010)    3.3% 1037/35971 (+34934)    3.3% 1037/35971 (+34934)    3.3% 1032/35971 (+34939)
   780     90.0% 27852/35971 (+8119)    3.4% 1037/35971 (+34934)    3.3% 1034/35971 (+34938)    3.3% 1037/35971 (+34934)
   810     90.0% 27961/35971 (+8010)    3.3% 1032/35971 (+34939)    3.3% 1037/35971 (+34934)    3.3% 1032/35971 (+34939)
   840     90.0% 27852/35971 (+8119)    3.3% 1032/35971 (+34939)    3.3% 1037/35971 (+34934)    3.3% 1032/35971 (+34939)
   870     90.0% 27855/35971 (+8116)    3.4% 1037/35971 (+34934)    3.3% 1032/35971 (+34939)    3.3% 1032/35971 (+34939)
   900     90.0% 28069/35971 (+7902)    3.3% 1037/35971 (+34934)    3.3% 1037/35971 (+34934)    3.3% 1037/35971 (+34934)
   930     89.9% 27855/35971 (+8116)    3.3% 1037/35971 (+34934)    3.4% 1054/35971 (+34917)    3.3% 1037/35971 (+34934)
   960     90.0% 27961/35971 (+8010)    3.3% 1038/35971 (+34934)    3.3% 1037/35971 (+34934)    3.3% 1032/35971 (+34939)
   990     90.1% 27961/35971 (+8010)    3.3% 1009/35971 (+34962)    3.3% 1037/35971 (+34934)    3.3% 1032/35971 (+34939)
   1020    90.0% 27849/35971 (+8122)    3.3% 1037/35971 (+34934)    3.3% 1032/35971 (+34939)    3.4% 1037/35971 (+34934)
   1050    90.0% 28072/35971 (+7899)    3.4% 1054/35971 (+34917)    3.3% 1037/35971 (+34934)    3.3% 1031/35971 (+34940)
   1080    90.0% 28069/35971 (+7902)    3.3% 1037/35971 (+34934)    3.3% 1037/35971 (+34934)    3.3% 1037/35971 (+34934)
   1110    89.9% 27744/35971 (+8227)    3.4% 1037/35971 (+34934)    3.4% 1036/35971 (+34935)    3.4% 1037/35971 (+34934)
   1140    89.9% 27744/35971 (+8227)    3.3% 1032/35971 (+34939)    3.4% 1037/35971 (+34934)    3.4% 1037/35971 (+34934)
   1170    90.0% 27852/35971 (+8119)    3.4% 1037/35971 (+34934)    3.3% 1032/35971 (+34939)    3.3% 1032/35971 (+34939)
   1200    90.0% 28069/35971 (+7902)    3.3% 1037/35971 (+34934)    3.4% 1059/35971 (+34912)    3.3% 1032/35971 (+34939)
   1230    90.0% 27855/35971 (+8116)    3.3% 1037/35971 (+34934)    3.3% 1032/35971 (+34939)    3.4% 1037/35971 (+34934)
   1260    89.9% 27744/35971 (+8227)    3.4% 1037/35971 (+34934)    3.4% 1037/35971 (+34934)    3.3% 1032/35971 (+34939)
   1290    90.0% 27855/35971 (+8116)    3.3% 1032/35971 (+34939)    3.3% 1031/35971 (+34940)    3.3% 1032/35971 (+34939)
   1320    90.0% 27855/35971 (+8116)    3.4% 1037/35971 (+34934)    3.3% 1032/35971 (+34939)    3.4% 1037/35971 (+34934)
   1350    90.0% 27961/35971 (+8010)    3.3% 1032/35971 (+34939)    3.3% 1037/35971 (+34934)    3.3% 1032/35971 (+34939)
   1380    90.0% 27852/35971 (+8119)    3.3% 1037/35971 (+34934)    3.3% 1037/35971 (+34934)    3.4% 1038/35971 (+34934)
   1410    90.0% 27964/35971 (+8007)    3.3% 1032/35971 (+34939)    3.3% 1032/35971 (+34939)    3.3% 1032/35971 (+34939)
   1440    90.1% 28069/35971 (+7902)    3.3% 1032/35971 (+34939)    3.3% 1032/35971 (+34939)    3.3% 1032/35971 (+34939)
   1470    90.1% 28181/35971 (+7790)    3.3% 1037/35971 (+34934)    3.3% 1037/35971 (+34934)    3.3% 1037/35971 (+34934)
   1500    90.0% 27855/35971 (+8116)    3.3% 1032/35971 (+34939)    3.3% 1037/35971 (+34934)    3.3% 1032/35971 (+34939)
   1530    90.0% 27636/35971 (+8335)    3.3% 1015/35971 (+34956)    3.4% 1032/35971 (+34939)    3.4% 1037/35971 (+34934)
   1560    90.0% 27855/35971 (+8116)    3.3% 1037/35971 (+34934)    3.3% 1037/35971 (+34934)    3.3% 1037/35971 (+34934)
   1590    89.9% 27747/35971 (+8224)    3.3% 1032/35971 (+34939)    3.4% 1037/35971 (+34934)    3.3% 1032/35971 (+34939)
   1620    90.0% 27852/35971 (+8119)    3.3% 1037/35971 (+34934)    3.3% 1032/35971 (+34939)    3.3% 1037/35971 (+34934)
   1650    90.0% 27961/35971 (+8010)    3.3% 1032/35971 (+34939)    3.3% 1037/35971 (+34934)    3.3% 1037/35971 (+34934)
   1680    90.1% 28072/35971 (+7899)    3.3% 1037/35971 (+34934)    3.3% 1032/35971 (+34939)    3.3% 1032/35971 (+34939)
   1710    90.0% 27961/35971 (+8010)    3.3% 1032/35971 (+34939)    3.3% 1038/35971 (+34934)    3.3% 1032/35971 (+34939)
   1740    90.0% 27639/35971 (+8332)    3.4% 1032/35971 (+34939)    3.4% 1032/35971 (+34939)    3.3% 1015/35971 (+34956)
   1770    90.0% 27961/35971 (+8010)    3.3% 1037/35971 (+34934)    3.3% 1037/35971 (+34934)    3.3% 1032/35971 (+34939)
   1800    90.0% 27855/35971 (+8116)    3.3% 1010/35971 (+34962)    3.4% 1037/35971 (+34934)    3.4% 1037/35971 (+34934)
   1830    90.0% 27855/35971 (+8116)    3.3% 1037/35971 (+34934)    3.3% 1037/35971 (+34934)    3.3% 1032/35971 (+34939)
   1860    90.1% 27958/35971 (+8013)    3.3% 1032/35971 (+34939)    3.3% 1010/35971 (+34961)    3.3% 1032/35971 (+34939)
   1890    90.0% 27967/35971 (+8004)    3.3% 1037/35971 (+34934)    3.3% 1037/35971 (+34934)    3.3% 1032/35971 (+34939)
   1920    90.0% 27964/35971 (+8007)    3.3% 1032/35971 (+34939)    3.3% 1032/35971 (+34939)    3.3% 1037/35971 (+34934)
   1950    90.0% 27852/35971 (+8119)    3.3% 1015/35971 (+34956)    3.4% 1037/35971 (+34934)    3.4% 1037/35971 (+34934)
   1980    90.0% 27967/35971 (+8004)    3.3% 1032/35971 (+34939)    3.3% 1037/35971 (+34934)    3.3% 1032/35971 (+34939)
   2010    90.0% 27961/35971 (+8010)    3.3% 1037/35971 (+34934)    3.3% 1037/35971 (+34934)    3.4% 1042/35971 (+34929)
   2040    90.0% 27852/35971 (+8119)    3.4% 1037/35971 (+34934)    3.3% 1032/35971 (+34939)    3.3% 1032/35971 (+34939)
   2070    90.1% 27964/35971 (+8007)    3.3% 1015/35971 (+34956)    3.3% 1037/35971 (+34934)    3.3% 1015/35971 (+34956)
   2100    90.0% 27855/35971 (+8116)    3.3% 1037/35971 (+34934)    3.3% 1037/35971 (+34934)    3.3% 1032/35971 (+34939)
   2130    90.0% 27852/35971 (+8119)    3.3% 1033/35971 (+34938)    3.3% 1032/35971 (+34939)    3.3% 1037/35971 (+34934)
   2160    90.1% 28069/35971 (+7902)    3.3% 1032/35971 (+34939)    3.3% 1037/35971 (+34934)    3.3% 1032/35971 (+34939)
   2190    90.0% 27961/35971 (+8010)    3.3% 1037/35971 (+34934)    3.3% 1037/35971 (+34934)    3.3% 1031/35971 (+34940)
   2220    90.0% 27855/35971 (+8116)    3.3% 1032/35971 (+34939)    3.3% 1032/35971 (+34939)    3.3% 1032/35971 (+34939)
   2250    90.0% 27849/35971 (+8122)    3.3% 1037/35971 (+34934)    3.3% 1037/35971 (+34934)    3.3% 1037/35971 (+34934)
   2280    90.1% 28072/35971 (+7899)    3.3% 1032/35971 (+34939)    3.3% 1032/35971 (+34939)    3.3% 1038/35971 (+34933)
   2310    90.0% 27639/35971 (+8332)    3.3% 1010/35971 (+34961)    3.4% 1032/35971 (+34939)    3.4% 1037/35971 (+34934)
   2340    90.1% 28286/35971 (+7685)    3.3% 1032/35971 (+34939)    3.3% 1037/35971 (+34934)    3.3% 1032/35971 (+34939)
   2370    90.1% 28069/35971 (+7902)    3.3% 1015/35971 (+34956)    3.3% 1032/35971 (+34939)    3.3% 1032/35971 (+34939)
   2400    90.0% 27855/35971 (+8116)    3.4% 1037/35971 (+34934)    3.4% 1037/35971 (+34934)    3.3% 1015/35971 (+34956)
   2430    90.0% 28069/35971 (+7902)    3.3% 1032/35971 (+34939)    3.3% 1037/35971 (+34934)    3.3% 1037/35971 (+34934)
   2460    90.1% 28069/35971 (+7902)    3.3% 1037/35971 (+34934)    3.2% 1009/35971 (+34962)    3.3% 1032/35971 (+34939)
   2490    89.9% 27639/35971 (+8332)    3.4% 1037/35971 (+34934)    3.4% 1033/35971 (+34938)    3.4% 1037/35971 (+34934)
   2520    90.1% 27961/35971 (+8010)    3.3% 1015/35971 (+34956)    3.3% 1037/35971 (+34934)    3.3% 1032/35971 (+34939)
   2550    90.0% 27958/35971 (+8013)    3.3% 1037/35971 (+34934)    3.3% 1037/35971 (+34934)    3.3% 1037/35971 (+34934)
   2580    90.0% 27964/35971 (+8007)    3.3% 1037/35971 (+34934)    3.3% 1032/35971 (+34939)    3.3% 1032/35971 (+34939)
   2610    90.0% 27961/35971 (+8010)    3.3% 1037/35971 (+34934)    3.3% 1032/35971 (+34939)    3.3% 1032/35971 (+34939)
   2640    90.0% 27964/35971 (+8007)    3.3% 1032/35971 (+34939)    3.3% 1037/35971 (+34934)    3.3% 1037/35971 (+34934)
   2670    90.0% 27958/35971 (+8013)    3.3% 1032/35971 (+34939)    3.3% 1032/35971 (+34939)    3.3% 1032/35971 (+34939)
   2700    89.9% 27744/35971 (+8227)    3.4% 1037/35971 (+34934)    3.4% 1037/35971 (+34934)    3.4% 1037/35971 (+34934)
   2730    90.0% 27858/35971 (+8112)    3.3% 1032/35971 (+34939)    3.3% 1015/35971 (+34956)    3.3% 1032/35971 (+34939)
   2760    90.0% 27852/35971 (+8119)    3.3% 1032/35971 (+34939)    3.4% 1037/35971 (+34934)    3.3% 1037/35971 (+34934)
   2790    90.0% 27961/35971 (+8010)    3.3% 1037/35971 (+34934)    3.3% 1034/35971 (+34937)    3.3% 1037/35971 (+34934)
   2820    89.9% 27750/35971 (+8221)    3.3% 1032/35971 (+34939)    3.4% 1037/35971 (+34934)    3.3% 1032/35971 (+34939)
   2850    90.1% 27961/35971 (+8010)    3.3% 1015/35971 (+34956)    3.3% 1037/35971 (+34934)    3.3% 1037/35971 (+34934)
   2880    90.0% 27961/35971 (+8010)    3.3% 1032/35971 (+34939)    3.3% 1032/35971 (+34939)    3.3% 1031/35971 (+34940)
   2910    90.0% 27852/35971 (+8119)    3.3% 1015/35971 (+34956)    3.4% 1037/35971 (+34934)    3.4% 1037/35971 (+34934)
   2940    90.0% 27855/35971 (+8116)    3.3% 1032/35971 (+34939)    3.3% 1032/35971 (+34939)    3.3% 1032/35971 (+34939)
   2970    90.0% 27961/35971 (+8010)    3.3% 1037/35971 (+34934)    3.3% 1037/35971 (+34934)    3.3% 1037/35971 (+34934)
   3000    89.9% 27744/35971 (+8227)    3.4% 1037/35971 (+34934)    3.3% 1032/35971 (+34939)    3.3% 1032/35971 (+34939)

 + TPS_TIMELINE_CSV:
timestamp_s,round,v0,v1,v2,v3,lat_mean,lat_p50,lat_p90,lat_p95
1775966343.389,30,545.9,28.6,32.4,25.7,,,,
1775966352.345,60,7023.2,274.4,282.7,267.5,,,,
1775966361.351,90,15248.7,584.8,593.8,586.8,1649.5,1671.0,1757.0,1771.0
1775966370.367,120,23842.5,898.1,903.3,890.6,1924.6,1922.0,2303.0,2443.0
1775966379.380,150,27852.4,1037.5,1033.3,1031.6,1931.5,1938.0,2305.0,2409.0
1775966388.396,180,27849.3,1037.0,1037.0,1037.4,1934.2,1940.0,2283.0,2405.0
1775966397.415,210,27966.9,1031.8,1031.8,1014.9,1933.1,1939.0,2287.0,2375.0
1775966406.433,240,27960.7,1037.2,1037.2,1031.9,1923.5,1931.0,2269.0,2390.0
1775966415.452,270,27960.7,1031.9,1036.8,1037.2,1913.9,1920.0,2261.0,2363.0
1775966424.477,300,27638.7,1032.1,1037.3,1037.3,1912.2,1924.0,2262.0,2367.0
1775966433.497,330,28177.5,1036.8,1031.6,1031.9,1926.5,1919.0,2292.0,2402.0
1775966442.519,360,27951.4,1031.6,1036.8,1036.5,1923.6,1936.0,2259.0,2349.0
1775966451.541,390,27948.3,1014.5,1036.7,1036.7,1934.3,1937.0,2285.0,2426.0
1775966460.556,420,27852.4,1036.8,1031.6,1037.2,1927.6,1936.0,2251.0,2337.0
1775966469.570,450,27960.7,1031.9,1036.8,1036.8,1940.9,1942.0,2304.0,2410.0
1775966478.584,480,27960.7,1031.6,1031.9,1037.2,1910.1,1917.0,2241.0,2328.0
1775966487.599,510,27852.4,1036.8,1036.8,1031.9,1938.5,1945.0,2290.0,2393.0
1775966496.613,540,27960.7,1037.2,1031.9,1031.6,1922.5,1928.0,2257.0,2355.0
1775966505.628,570,27855.4,1037.3,1036.9,1037.3,1914.4,1919.0,2261.0,2365.0
1775966514.643,600,27960.7,1036.8,1031.9,1031.6,1913.3,1919.0,2237.0,2335.0
1775966523.658,630,27740.9,1036.8,1031.8,1031.5,1921.2,1925.0,2269.0,2352.0
1775966532.672,660,27966.9,1037.4,1037.4,1032.2,1922.7,1929.0,2266.0,2366.0
1775966541.686,690,28177.5,1037.2,1036.8,1031.6,1918.1,1927.0,2263.0,2364.0
1775966550.701,720,27855.4,1009.8,1009.9,1037.3,1933.6,1928.0,2294.0,2430.0
1775966559.715,750,27960.7,1036.8,1036.8,1031.6,1921.1,1927.0,2256.0,2353.0
1775966568.730,780,27852.4,1037.2,1033.5,1036.8,1926.6,1935.0,2274.0,2400.0
1775966577.745,810,27960.7,1031.9,1037.2,1031.9,1914.4,1915.0,2253.0,2339.0
1775966586.761,840,27852.4,1031.6,1036.8,1031.6,1921.7,1924.0,2285.0,2391.0
1775966595.774,870,27855.4,1037.3,1031.7,1031.7,1916.6,1926.0,2259.0,2360.0
1775966604.790,900,28069.1,1036.8,1037.2,1036.8,1930.6,1941.0,2278.0,2374.0
1775966613.806,930,27855.4,1037.3,1053.9,1037.3,1921.3,1923.0,2276.0,2392.0
1775966622.821,960,27960.7,1037.5,1037.2,1031.9,1909.3,1914.0,2251.0,2317.0
1775966631.836,990,27960.7,1009.4,1036.8,1031.6,1934.8,1940.0,2281.0,2420.0
1775966640.852,1020,27849.3,1036.7,1031.8,1037.0,1909.6,1911.0,2240.0,2332.0
1775966649.866,1050,28072.2,1054.2,1037.3,1031.4,1928.3,1935.0,2273.0,2361.0
1775966658.881,1080,28069.1,1036.8,1037.2,1037.2,1925.0,1932.0,2259.0,2324.0
1775966667.896,1110,27744.0,1037.2,1035.9,1036.7,1940.4,1952.0,2297.0,2426.0
1775966676.910,1140,27744.0,1031.9,1036.8,1037.2,1915.7,1917.0,2250.0,2349.0
1775966685.924,1170,27852.4,1037.2,1031.9,1031.6,1926.4,1935.0,2265.0,2367.0
1775966694.938,1200,28069.1,1037.2,1059.3,1031.9,1925.6,1922.0,2275.0,2381.0
1775966703.953,1230,27855.4,1036.9,1032.1,1037.3,1925.7,1934.0,2249.0,2338.0
1775966712.966,1260,27744.0,1037.2,1037.2,1031.6,1924.5,1925.0,2295.0,2403.0
1775966721.980,1290,27855.4,1031.7,1031.4,1031.7,1930.6,1940.0,2269.0,2370.0
1775966730.996,1320,27855.4,1037.3,1032.1,1037.3,1930.3,1936.0,2271.0,2373.0
1775966740.011,1350,27960.7,1031.9,1036.8,1031.9,1926.9,1931.0,2272.0,2356.0
1775966749.025,1380,27852.4,1036.8,1036.8,1037.5,1912.5,1919.0,2258.0,2357.0
1775966758.040,1410,27963.8,1032.1,1032.1,1032.1,1922.9,1925.0,2271.0,2381.0
1775966767.055,1440,28069.1,1031.9,1031.6,1031.6,1914.2,1919.0,2261.0,2347.0
1775966776.068,1470,28180.6,1036.9,1037.3,1036.9,1934.7,1929.0,2288.0,2407.0
1775966785.082,1500,27855.4,1032.1,1036.9,1032.1,1912.5,1926.0,2246.0,2319.0
1775966794.098,1530,27635.6,1014.6,1031.6,1036.8,1932.2,1935.0,2285.0,2389.0
1775966803.111,1560,27855.4,1037.3,1037.3,1037.3,1920.4,1928.0,2255.0,2346.0
1775966812.125,1590,27747.1,1032.1,1036.9,1032.1,1923.0,1927.0,2268.0,2366.0
1775966821.140,1620,27852.4,1036.8,1031.9,1036.8,1922.4,1924.0,2275.0,2378.0
1775966830.156,1650,27960.7,1031.9,1036.8,1037.2,1911.7,1916.0,2266.0,2345.0
1775966839.170,1680,28072.2,1036.9,1031.7,1032.1,1927.6,1931.0,2276.0,2393.0
1775966848.185,1710,27960.7,1031.9,1037.5,1031.6,1908.7,1918.0,2251.0,2331.0
1775966857.199,1740,27638.7,1032.1,1031.7,1014.8,1934.6,1932.0,2291.0,2422.0
1775966866.213,1770,27960.7,1037.2,1036.8,1031.9,1910.4,1919.0,2246.0,2315.0
1775966875.228,1800,27855.4,1009.5,1037.3,1036.9,1936.7,1935.0,2298.0,2414.0
1775966884.243,1830,27855.4,1036.9,1036.9,1031.8,1909.7,1921.0,2243.0,2326.0
1775966893.258,1860,27957.6,1031.8,1009.6,1031.8,1926.9,1919.0,2284.0,2395.0
1775966902.271,1890,27966.9,1037.1,1037.1,1032.2,1918.0,1928.0,2254.0,2355.0
1775966911.285,1920,27963.8,1032.1,1032.1,1037.3,1935.2,1939.0,2278.0,2376.0
1775966920.300,1950,27852.4,1014.6,1037.2,1037.2,1930.2,1934.0,2270.0,2385.0
1775966929.313,1980,27966.9,1031.8,1037.1,1031.8,1980.9,1954.0,2399.0,2557.0
1775966938.328,2010,27960.7,1036.8,1036.8,1042.4,1930.8,1934.0,2273.0,2373.0
1775966947.343,2040,27852.4,1037.2,1031.9,1031.9,1907.9,1914.0,2251.0,2332.0
1775966956.358,2070,27963.8,1015.1,1037.3,1015.1,1927.2,1917.0,2289.0,2403.0
1775966965.371,2100,27855.4,1036.9,1036.9,1031.7,1914.5,1929.0,2256.0,2357.0
1775966974.386,2130,27852.4,1032.8,1031.9,1036.8,1923.2,1917.0,2273.0,2381.0
1775966983.401,2160,28069.1,1031.9,1036.8,1031.6,1918.6,1932.0,2262.0,2345.0
1775966992.415,2190,27960.7,1036.8,1037.2,1031.3,1923.0,1922.0,2274.0,2358.0
1775967001.430,2220,27855.4,1032.1,1031.7,1032.1,1924.5,1936.0,2264.0,2352.0
1775967010.446,2250,27849.3,1036.7,1036.7,1037.0,1916.8,1915.0,2274.0,2378.0
1775967019.460,2280,28072.2,1031.7,1031.7,1037.6,1905.5,1916.0,2233.0,2329.0
1775967028.474,2310,27638.7,1009.9,1031.7,1037.3,1921.3,1926.0,2282.0,2402.0
1775967037.489,2340,28285.9,1031.6,1036.8,1031.9,1926.0,1926.0,2256.0,2357.0
1775967046.504,2370,28069.1,1015.0,1031.9,1031.9,1913.7,1918.0,2277.0,2385.0
1775967055.518,2400,27855.4,1036.9,1036.9,1014.8,1932.1,1927.0,2272.0,2393.0
1775967064.533,2430,28069.1,1031.9,1037.2,1037.2,1923.6,1937.0,2270.0,2368.0
1775967073.548,2460,28069.1,1036.8,1009.4,1031.9,1924.5,1924.0,2275.0,2380.0
1775967082.562,2490,27638.7,1037.3,1033.3,1037.3,1913.9,1923.0,2249.0,2316.0
1775967091.577,2520,27960.7,1014.6,1037.2,1031.6,1921.8,1925.0,2297.0,2412.0
1775967100.593,2550,27957.6,1037.0,1036.7,1036.7,1930.6,1934.0,2253.0,2362.0
1775967109.608,2580,27963.8,1037.3,1031.7,1032.1,1931.4,1930.0,2291.0,2394.0
1775967118.622,2610,27960.7,1036.8,1031.9,1031.6,1925.7,1930.0,2256.0,2358.0
1775967127.637,2640,27963.8,1031.7,1037.3,1036.9,1930.9,1942.0,2293.0,2381.0
1775967136.652,2670,27957.6,1031.8,1031.8,1031.8,1936.9,1940.0,2285.0,2390.0
1775967145.666,2700,27744.0,1036.8,1036.8,1037.2,1919.6,1926.0,2274.0,2361.0
1775967154.680,2730,27858.5,1031.8,1015.2,1032.2,1925.7,1915.0,2271.0,2400.0
1775967163.695,2760,27852.4,1031.9,1037.2,1036.8,1915.5,1931.0,2271.0,2373.0
1775967172.709,2790,27960.7,1036.8,1034.4,1037.2,1933.2,1924.0,2290.0,2400.0
1775967181.723,2820,27750.1,1032.2,1037.4,1031.8,1925.2,1935.0,2265.0,2361.0
1775967190.738,2850,27960.7,1014.6,1037.2,1037.2,1939.0,1940.0,2314.0,2427.0
1775967199.754,2880,27960.7,1031.9,1031.6,1031.4,1923.9,1935.0,2260.0,2340.0
1775967208.768,2910,27852.4,1014.6,1037.2,1037.2,1937.8,1939.0,2307.0,2408.0
1775967217.782,2940,27855.4,1032.1,1032.2,1032.1,2116.4,2065.0,2705.0,2906.0
1775967226.798,2970,27960.7,1037.2,1037.2,1037.2,,,,
1775967235.812,3000,27744.0,1036.8,1031.6,1031.6,,,,

 + MIGRATION_EVENTS_CSV:
timestamp_s,round,n_migrations
1775966352.355,60,0
1775966370.414,120,0
1775966388.444,180,0
1775966406.477,240,0
1775966424.499,300,0
1775966442.562,360,0
1775966460.593,420,0
1775966478.633,480,0
1775966496.653,540,0
1775966514.691,600,0
1775966532.718,660,0
1775966550.741,720,0
1775966568.787,780,0
1775966586.784,840,0
1775966604.839,900,0
1775966622.866,960,0
1775966640.899,1020,0
1775966658.906,1080,0
1775966676.949,1140,0
1775966694.983,1200,0
1775966713.006,1260,0
1775966731.040,1320,0
1775966749.069,1380,0
1775966767.094,1440,0
1775966785.129,1500,0
1775966803.152,1560,0
1775966821.185,1620,0
1775966839.213,1680,0
1775966857.237,1740,0
1775966875.275,1800,0
1775966893.297,1860,0
1775966911.332,1920,0
1775966929.360,1980,0
1775966947.388,2040,0
1775966965.416,2100,0
1775966983.445,2160,0
1775967001.455,2220,0
1775967019.501,2280,0
1775967037.533,2340,0
1775967055.564,2400,0
1775967073.578,2460,0
1775967091.615,2520,0
1775967109.650,2580,0
1775967127.668,2640,0
1775967145.714,2700,0
1775967163.743,2760,0
1775967181.760,2820,0
1775967199.797,2880,0
1775967217.828,2940,0
1775967235.861,3000,0
-----------------------------------------
CMD: LABEL=n4_v_rate_imb90_r60000_run_1 LOCAL_ORCH=0 NODES=4 WORKER_BANDWIDTHS_MBPS=600,600,600,600 RATE_WEIGHTS=27,1,1,1 RATE=60000 DURATION=900 WARMUP=30 IN_MEMORY_STORE=1 fab cloudlab --manifest=manifest.xml --latency=100ms --primary-bw=300mbit --log-dir=/home/zpkhor/narwhal-validator/benchmark/exp/results/tps_timeline_lb_cloud_20260411_235843/n4_v_rate_imb90_r60000_run_1
No dedicated client nodes; using node-21 as client
[92mStarting CloudLab benchmark[0m
All SSH hosts: ['hp078.utah.cloudlab.us', 'hp026.utah.cloudlab.us', 'hp052.utah.cloudlab.us', 'hp091.utah.cloudlab.us', 'hp021.utah.cloudlab.us']
Killing previous processes...
Resetting TCP buffers...
Compiling...
Distributing binaries to 5 machines...
Generating configuration files...
Uploading config files...
Applying TC QoS shaping...
TC QoS applied: primary=300000kbps, worker_bws=[600000, 600000, 600000, 600000]kbps, client=600000kbps
Starting primaries and workers...
Waiting for workers to be ready...
All workers ready.
Starting client...
Running benchmark (900 sec)...
Stopping processes...
Downloading logs...
Parsing logs...

-----------------------------------------
 SUMMARY:
-----------------------------------------
 + CONFIG:
 Committee size: 4 node(s)
 Worker(s) per node: 1 worker(s)
 Input rate: 60,000 tx/s
 Transaction size: 512 B
 Benchmark duration: 900.0 s
 Consensus duration: 856.18 s
 Commit duration: 854.72 s


 + LAST COMMITTED PER VALIDATOR (from primary logs):
 Validator  Time            Round
 0          04:29:33.349     3008
 1          04:29:33.336     3008
 2          04:29:33.345     3008
 3          04:29:33.360     3008
 + RESULTS:
 f+1 Commit latency (workers) (mean): 2,276 ms
 f+1 Commit latency (workers) (p50): 2,018 ms
 f+1 Commit latency (workers) (p90): 2,471 ms
 f+1 Commit latency (workers) (p95): 3,034 ms
 f+1 Commit latency (workers) (p99): 10,648 ms

 Consensus TPS: 58,832 tx/s
 Consensus BPS: 30,122,091 B/s
 Committed TPS: 58,933 tx/s
 Committed BPS: 30,173,651 B/s

 + VALIDATOR LOAD DISTRIBUTION:
 Validator 0: 30,553,721 tx (60.7%)
 Validator 1: 6,387,977 tx (12.7%)
 Validator 2: 6,665,118 tx (13.2%)
 Validator 3: 6,764,263 tx (13.4%)

 + PER-VALIDATOR COMMIT METRICS:
 Validator    TPS (tx/s)    Mean (ms)    p95 (ms)    Misses
 0            35,747        2,225        5,461       0
 1            7,474         1,987        2,416       0
 2            7,798         2,322        2,787       0
 3            7,914         2,359        2,822       0
 Overall      58,933        2,226 (wtd)  4,367 (wtd) 0

 + PER-VALIDATOR QUORUM TIMING (ms):
                    mean            p95             std      
 Validator       delay    lat    delay    lat    delay    lat
 0                 552     23    3,884    105    1,069     38
 1                  28    111       68    139       21     15
 2                  32    112       70    139       21     16
 3                  29    111       69    139       21     16

 + PER-STAGE LATENCY BREAKDOWN (mean, ms):
   Stage                            All
   Client -> Worker:                 10
   Worker -> Batch seal:             62
   Batch seal -> Quorum:            409
   Quorum -> Processed:              14
   Processed -> Header:             156
   Header -> Certified:             199
   Certified -> Committed:        1,400
   Sum:                           2,249
   (n=)                          65,818

 + CERTIFIED TPS TIMELINE (actual/capacity (spare)):
   round                          V0                          V1                          V2                          V3
   30      88.9% 1191/35971 (+34780)      4.3% 57/35971 (+35914)      3.8% 51/35971 (+35920)      3.0% 40/35971 (+35931)
   60     89.7% 14102/35971 (+21869)     3.6% 561/35971 (+35410)     3.5% 547/35971 (+35424)     3.3% 515/35971 (+35456)
   90      89.9% 30887/35971 (+5084)    3.4% 1176/35971 (+34795)    3.4% 1170/35971 (+34801)    3.3% 1139/35971 (+34832)
   120     89.2% 43897/35971 (-7926)    3.6% 1778/35971 (+34194)    3.7% 1799/35971 (+34172)    3.5% 1738/35971 (+34232)
   150     83.8% 45636/35971 (-9665)    5.4% 2924/35971 (+33047)    5.4% 2965/35971 (+33006)    5.4% 2937/35971 (+33034)
   180     82.5% 45636/35971 (-9665)    5.8% 3228/35971 (+32743)    5.8% 3202/35971 (+32769)    5.8% 3219/35971 (+32752)
   210     78.4% 45520/35971 (-9549)    7.2% 4159/35971 (+31812)    7.2% 4165/35971 (+31806)    7.2% 4186/35971 (+31785)
   240    77.5% 46379/35971 (-10408)    7.6% 4550/35971 (+31421)    7.4% 4438/35971 (+31533)    7.5% 4490/35971 (+31480)
   270    75.7% 50080/35971 (-14109)    8.2% 5438/35971 (+30534)    8.0% 5284/35971 (+30686)    8.1% 5325/35971 (+30646)
   300     72.7% 45157/35971 (-9186)    9.1% 5627/35971 (+30344)    9.1% 5631/35971 (+30340)    9.2% 5739/35971 (+30232)
   330     69.8% 45089/35971 (-9118)   10.1% 6503/35971 (+29468)   10.1% 6503/35971 (+29468)   10.1% 6503/35971 (+29468)
   360    70.4% 48280/35971 (-12309)    9.8% 6727/35971 (+29244)   10.0% 6835/35971 (+29136)    9.8% 6726/35971 (+29245)
   390    66.8% 47941/35971 (-11970)   11.0% 7900/35971 (+28071)   11.0% 7900/35971 (+28071)   11.2% 8008/35971 (+27963)
   420     59.9% 37255/35971 (-1284)   13.4% 8363/35971 (+27608)   13.4% 8363/35971 (+27608)   13.3% 8255/35971 (+27716)
   450     59.6% 37072/35971 (-1102)   13.6% 8455/35971 (+27516)   13.4% 8347/35971 (+27624)   13.4% 8347/35971 (+27624)
   480      59.1% 36747/35971 (-776)   13.6% 8455/35971 (+27516)   13.6% 8455/35971 (+27516)   13.8% 8564/35971 (+27408)
   510      58.8% 36422/35971 (-451)   13.8% 8564/35971 (+27408)   13.7% 8455/35971 (+27516)   13.7% 8455/35971 (+27516)
   540      59.0% 36526/35971 (-555)   13.7% 8454/35971 (+27517)   13.7% 8454/35971 (+27517)   13.7% 8454/35971 (+27517)
   570      58.8% 36518/35971 (-547)   13.8% 8561/35971 (+27410)   13.8% 8561/35971 (+27410)   13.6% 8452/35971 (+27519)
   600      58.7% 36530/35971 (-560)   13.8% 8564/35971 (+27408)   13.8% 8564/35971 (+27408)   13.8% 8564/35971 (+27408)
   630      58.6% 36314/35971 (-343)   13.8% 8564/35971 (+27408)   13.8% 8564/35971 (+27408)   13.8% 8564/35971 (+27408)
   660      58.4% 36205/35971 (-234)   13.8% 8564/35971 (+27408)   14.0% 8672/35971 (+27299)   13.8% 8564/35971 (+27408)
   690      57.9% 35768/35971 (+203)   14.0% 8671/35971 (+27300)   14.0% 8671/35971 (+27300)   14.0% 8671/35971 (+27300)
   720       58.2% 35984/35971 (-14)   13.9% 8563/35971 (+27408)   14.0% 8671/35971 (+27300)   13.9% 8563/35971 (+27408)
   750      58.3% 36314/35971 (-343)   13.9% 8672/35971 (+27299)   13.9% 8672/35971 (+27299)   13.9% 8672/35971 (+27299)
   780      58.2% 36093/35971 (-122)   13.8% 8563/35971 (+27408)   14.0% 8671/35971 (+27300)   14.0% 8671/35971 (+27300)
   810      58.3% 36314/35971 (-343)   13.9% 8672/35971 (+27299)   13.9% 8672/35971 (+27299)   13.9% 8672/35971 (+27299)
   840      58.2% 35868/35971 (+103)   13.9% 8561/35971 (+27410)   14.1% 8669/35971 (+27302)   13.9% 8561/35971 (+27410)
   870       58.0% 35988/35971 (-18)   14.0% 8672/35971 (+27299)   14.0% 8672/35971 (+27299)   14.0% 8672/35971 (+27299)
   900       58.0% 35984/35971 (-14)   14.2% 8779/35971 (+27192)   14.0% 8671/35971 (+27300)   13.8% 8563/35971 (+27408)
   930      58.1% 36097/35971 (-126)   14.0% 8672/35971 (+27299)   14.0% 8672/35971 (+27299)   14.0% 8672/35971 (+27299)
   960       58.0% 35992/35971 (-22)   14.0% 8673/35971 (+27298)   14.0% 8673/35971 (+27298)   14.0% 8673/35971 (+27298)
   990      58.5% 36314/35971 (-343)   13.8% 8564/35971 (+27408)   13.8% 8564/35971 (+27408)   14.0% 8672/35971 (+27299)
   1020     58.2% 36105/35971 (-134)   14.0% 8674/35971 (+27297)   14.0% 8674/35971 (+27297)   13.8% 8565/35971 (+27406)
   1050     58.1% 35784/35971 (+187)   13.9% 8566/35971 (+27405)   13.9% 8566/35971 (+27405)   14.1% 8675/35971 (+27296)
   1080     58.1% 36113/35971 (-142)   14.1% 8784/35971 (+27187)   13.8% 8567/35971 (+27404)   14.0% 8676/35971 (+27295)
   1110     58.2% 36093/35971 (-122)   14.0% 8671/35971 (+27300)   14.0% 8671/35971 (+27300)   13.8% 8563/35971 (+27408)
   1140     58.1% 35864/35971 (+107)   14.0% 8668/35971 (+27303)   13.9% 8560/35971 (+27411)   14.0% 8668/35971 (+27303)
   1170     57.9% 35728/35971 (+243)   14.0% 8661/35971 (+27310)   14.0% 8655/35971 (+27316)   14.0% 8661/35971 (+27310)
   1200     58.3% 36209/35971 (-238)   13.8% 8564/35971 (+27406)   14.0% 8673/35971 (+27298)   14.0% 8673/35971 (+27298)
   1230     58.1% 36209/35971 (-238)   14.1% 8781/35971 (+27190)   13.9% 8673/35971 (+27298)   13.9% 8673/35971 (+27298)
   1260     58.1% 36181/35971 (-210)   14.0% 8692/35971 (+27279)   13.9% 8664/35971 (+27307)   14.0% 8692/35971 (+27279)
   1290     58.2% 36390/35971 (-419)   13.9% 8664/35971 (+27307)   13.9% 8664/35971 (+27307)   14.0% 8772/35971 (+27198)
   1320      58.0% 35920/35971 (+51)   14.2% 8790/35971 (+27181)   14.0% 8682/35971 (+27289)   13.8% 8573/35971 (+27398)
   1350       58.0% 35976/35971 (-6)   14.0% 8669/35971 (+27302)   14.0% 8669/35971 (+27302)   14.0% 8669/35971 (+27302)
   1380     57.9% 35784/35971 (+187)   14.2% 8783/35971 (+27188)   13.9% 8566/35971 (+27405)   14.0% 8675/35971 (+27296)
   1410     58.2% 36093/35971 (-122)   14.0% 8654/35971 (+27317)   13.8% 8563/35971 (+27408)   14.0% 8671/35971 (+27300)
   1440     58.1% 36209/35971 (-238)   13.9% 8673/35971 (+27298)   13.9% 8673/35971 (+27298)   14.1% 8781/35971 (+27190)
   1470      58.0% 35884/35971 (+87)   14.0% 8673/35971 (+27298)   14.0% 8673/35971 (+27298)   14.0% 8673/35971 (+27298)
   1500      57.8% 35880/35971 (+91)   14.1% 8780/35971 (+27191)   14.0% 8672/35971 (+27299)   14.1% 8780/35971 (+27191)
   1530      57.9% 35880/35971 (+91)   14.0% 8672/35971 (+27299)   14.0% 8672/35971 (+27299)   14.2% 8780/35971 (+27191)
   1560     57.8% 35776/35971 (+195)   14.2% 8781/35971 (+27190)   14.0% 8673/35971 (+27298)   14.0% 8673/35971 (+27298)
   1590      57.8% 35992/35971 (-22)   13.9% 8673/35971 (+27298)   14.1% 8781/35971 (+27190)   14.1% 8781/35971 (+27190)
   1620      57.9% 35884/35971 (+87)   14.2% 8781/35971 (+27190)   14.0% 8673/35971 (+27298)   14.0% 8673/35971 (+27298)
   1650      57.6% 35892/35971 (+79)   14.2% 8870/35971 (+27101)   14.1% 8783/35971 (+27188)   14.1% 8783/35971 (+27188)
   1680      57.9% 35988/35971 (-18)   14.0% 8672/35971 (+27299)   14.1% 8780/35971 (+27191)   14.0% 8672/35971 (+27299)
   1710     57.5% 35439/35971 (+532)   14.2% 8778/35971 (+27193)   14.1% 8670/35971 (+27301)   14.2% 8778/35971 (+27193)
   1740     58.0% 36205/35971 (-234)   14.2% 8889/35971 (+27082)   14.1% 8780/35971 (+27191)   13.7% 8564/35971 (+27408)
   1770     57.5% 35659/35971 (+312)   14.2% 8775/35971 (+27196)   14.2% 8779/35971 (+27192)   14.2% 8779/35971 (+27192)
   1800     57.8% 35772/35971 (+199)   14.2% 8780/35971 (+27191)   13.8% 8564/35971 (+27408)   14.2% 8780/35971 (+27191)
   1830     57.7% 35683/35971 (+288)   14.2% 8785/35971 (+27186)   13.9% 8568/35971 (+27403)   14.2% 8785/35971 (+27186)
   1860     57.7% 35772/35971 (+199)   14.2% 8780/35971 (+27191)   14.0% 8672/35971 (+27299)   14.2% 8780/35971 (+27191)
   1890     57.8% 35776/35971 (+195)   14.0% 8661/35971 (+27310)   14.0% 8673/35971 (+27298)   14.2% 8781/35971 (+27190)
   1920     58.0% 36093/35971 (-122)   14.1% 8779/35971 (+27192)   13.9% 8671/35971 (+27300)   13.9% 8671/35971 (+27300)
   1950      57.9% 35872/35971 (+99)   14.0% 8670/35971 (+27301)   14.0% 8670/35971 (+27301)   14.2% 8778/35971 (+27193)
   1980      57.8% 35872/35971 (+99)   14.0% 8670/35971 (+27301)   14.1% 8778/35971 (+27193)   14.1% 8778/35971 (+27193)
   2010      57.9% 35884/35971 (+87)   14.0% 8673/35971 (+27298)   14.2% 8781/35971 (+27190)   14.0% 8673/35971 (+27298)
   2040     57.6% 35659/35971 (+312)   14.0% 8671/35971 (+27300)   14.2% 8779/35971 (+27192)   14.2% 8779/35971 (+27192)
   2070     57.5% 35655/35971 (+316)   14.2% 8778/35971 (+27193)   14.2% 8778/35971 (+27193)   14.2% 8778/35971 (+27193)
   2100     57.6% 35567/35971 (+404)   14.1% 8675/35971 (+27296)   14.1% 8675/35971 (+27296)   14.2% 8783/35971 (+27188)
   2130      57.7% 35872/35971 (+99)   14.3% 8887/35971 (+27084)   13.9% 8670/35971 (+27301)   14.1% 8778/35971 (+27193)
   2160     57.6% 35446/35971 (+524)   14.1% 8672/35971 (+27299)   14.1% 8672/35971 (+27299)   14.3% 8780/35971 (+27191)
   2190      57.9% 35872/35971 (+99)   14.2% 8778/35971 (+27193)   14.0% 8670/35971 (+27301)   14.0% 8670/35971 (+27301)
   2220     57.7% 35866/35971 (+105)   14.0% 8721/35971 (+27250)   14.0% 8713/35971 (+27258)   14.2% 8830/35971 (+27141)
   2250      57.8% 35980/35971 (-10)   14.1% 8778/35971 (+27193)   13.9% 8670/35971 (+27301)   14.1% 8778/35971 (+27193)
   2280     57.5% 35667/35971 (+304)   14.2% 8781/35971 (+27190)   14.1% 8763/35971 (+27208)   14.2% 8781/35971 (+27190)
   2310     58.0% 36097/35971 (-126)   14.1% 8780/35971 (+27191)   13.9% 8672/35971 (+27299)   13.9% 8672/35971 (+27299)
   2340     57.6% 35776/35971 (+195)   14.1% 8781/35971 (+27190)   14.1% 8781/35971 (+27190)   14.1% 8781/35971 (+27190)
   2370      57.9% 35988/35971 (-18)   14.1% 8780/35971 (+27191)   14.0% 8672/35971 (+27299)   14.0% 8672/35971 (+27299)
   2400     58.1% 36447/35971 (-476)   14.0% 8807/35971 (+27164)   13.9% 8704/35971 (+27267)   14.0% 8813/35971 (+27158)
   2430     57.7% 35648/35971 (+323)   14.1% 8721/35971 (+27250)   14.1% 8721/35971 (+27250)   14.1% 8721/35971 (+27250)
   2460     57.7% 35868/35971 (+103)   14.1% 8777/35971 (+27194)   13.9% 8669/35971 (+27302)   14.3% 8886/35971 (+27085)
   2490     57.6% 35707/35971 (+264)   14.0% 8682/35971 (+27288)   14.2% 8791/35971 (+27180)   14.2% 8791/35971 (+27180)
   2520     57.5% 35764/35971 (+207)   14.1% 8778/35971 (+27193)   14.1% 8778/35971 (+27193)   14.3% 8887/35971 (+27084)
   2550     57.3% 35551/35971 (+420)   14.2% 8779/35971 (+27192)   14.2% 8779/35971 (+27192)   14.3% 8888/35971 (+27083)
   2580     57.3% 35450/35971 (+521)   14.4% 8890/35971 (+27081)   14.0% 8673/35971 (+27298)   14.4% 8890/35971 (+27081)
   2610      57.6% 35888/35971 (+83)   14.1% 8782/35971 (+27189)   14.1% 8782/35971 (+27189)   14.3% 8891/35971 (+27080)
   2640     57.3% 35768/35971 (+203)   14.2% 8888/35971 (+27083)   14.2% 8888/35971 (+27083)   14.2% 8888/35971 (+27083)
   2670     57.5% 35663/35971 (+308)   14.2% 8780/35971 (+27191)   14.2% 8780/35971 (+27191)   14.2% 8780/35971 (+27191)
   2700      57.8% 35876/35971 (+95)   14.1% 8779/35971 (+27192)   14.0% 8671/35971 (+27300)   14.1% 8779/35971 (+27192)
   2730     57.5% 35667/35971 (+304)   14.2% 8781/35971 (+27190)   14.2% 8781/35971 (+27190)   14.2% 8781/35971 (+27190)
   2760      57.7% 35988/35971 (-18)   14.1% 8780/35971 (+27191)   14.1% 8780/35971 (+27191)   14.1% 8780/35971 (+27191)
   2790     57.1% 35300/35971 (+671)   14.2% 8798/35971 (+27173)   14.2% 8798/35971 (+27173)   14.4% 8906/35971 (+27064)
   2820      57.7% 36013/35971 (-42)   14.0% 8760/35971 (+27211)   14.2% 8868/35971 (+27103)   14.0% 8760/35971 (+27211)
   2850     57.7% 35852/35971 (+119)   14.1% 8774/35971 (+27198)   14.1% 8774/35971 (+27198)   14.1% 8774/35971 (+27198)
   2880     57.6% 35848/35971 (+123)   14.3% 8881/35971 (+27090)   14.1% 8772/35971 (+27198)   14.1% 8772/35971 (+27198)
   2910     57.4% 35525/35971 (+446)   14.2% 8800/35971 (+27171)   14.2% 8800/35971 (+27171)   14.2% 8800/35971 (+27171)
   2940     57.4% 35686/35971 (+286)   14.0% 8704/35971 (+27267)   14.4% 8921/35971 (+27050)   14.2% 8813/35971 (+27158)
   2970     57.4% 35571/35971 (+400)   14.2% 8784/35971 (+27187)   14.2% 8784/35971 (+27187)   14.2% 8784/35971 (+27187)
   3000     57.2% 35655/35971 (+316)   14.3% 8887/35971 (+27084)   14.1% 8778/35971 (+27193)   14.4% 8995/35971 (+26976)

 + ACCOUNT MIGRATIONS (cumulative):
 Validator       Donated   Received
 0                90,398          0
 1                     0     30,113
 2                     0     30,076
 3                     0     30,209

 + TPS_TIMELINE_CSV:
timestamp_s,round,v0,v1,v2,v3,lat_mean,lat_p50,lat_p90,lat_p95
1775967277.869,30,1191.4,57.1,51.4,40.1,,,,
1775967287.018,60,14102.1,561.2,547.2,514.8,,,,
1775967296.032,90,30886.9,1176.0,1170.0,1139.4,1606.4,1638.0,1697.0,1697.0
1775967305.045,120,43896.7,1777.5,1799.1,1738.5,2375.1,2178.0,3363.0,3570.0
1775967314.058,150,45636.0,2924.4,2965.4,2937.2,2499.8,2121.0,4278.0,4579.0
1775967323.072,180,45636.0,3227.7,3201.7,3218.9,2876.9,2047.0,5608.0,5809.0
1775967332.078,210,45520.2,4159.2,4164.8,4186.1,4116.7,2201.0,8858.0,10908.0
1775967341.023,240,46378.6,4549.8,4438.3,4490.5,2972.2,2121.0,5952.0,6547.0
1775967350.035,270,50080.3,5437.5,5284.5,5325.4,2677.0,2091.0,5555.0,5705.0
1775967359.048,300,45157.3,5626.9,5631.1,5739.4,2699.0,2096.0,5533.0,5696.0
1775967368.060,330,45089.0,6503.2,6503.2,6503.2,2519.5,2070.0,4751.0,5288.0
1775967377.089,360,48280.4,6726.7,6835.2,6725.8,2159.6,2029.0,2735.0,3806.0
1775967386.090,390,47941.0,7900.0,7900.0,8008.2,1960.5,1964.0,2317.0,2413.0
1775967395.105,420,37255.3,8363.4,8363.4,8254.8,1958.4,1967.0,2296.0,2401.0
1775967404.117,450,37072.5,8455.1,8346.7,8346.7,1948.6,1961.0,2292.0,2409.0
1775967413.131,480,36747.3,8455.1,8455.1,8563.5,1957.6,1961.0,2325.0,2425.0
1775967422.143,510,36422.1,8563.5,8455.1,8455.1,1944.9,1958.0,2294.0,2391.0
1775967431.153,540,36526.4,8454.2,8454.2,8454.2,1960.7,1974.0,2305.0,2402.0
1775967440.166,570,36518.3,8560.7,8560.7,8452.3,1949.7,1964.0,2308.0,2410.0
1775967449.181,600,36530.5,8563.5,8563.5,8563.5,1953.8,1957.0,2306.0,2411.0
1775967458.193,630,36313.7,8563.5,8563.5,8563.5,1949.5,1958.0,2291.0,2388.0
1775967467.204,660,36205.3,8563.5,8671.9,8563.5,1938.6,1938.0,2274.0,2359.0
1775967476.217,690,35767.7,8671.0,8671.0,8671.0,1944.1,1949.0,2268.0,2367.0
1775967485.231,720,35984.5,8562.6,8671.0,8562.6,1941.2,1949.0,2275.0,2364.0
1775967494.243,750,36313.7,8671.9,8671.9,8671.9,1940.0,1946.0,2268.0,2345.0
1775967503.254,780,36092.9,8562.6,8671.0,8671.0,1951.5,1957.0,2280.0,2358.0
1775967512.267,810,36313.7,8671.9,8671.9,8671.9,1953.7,1959.0,2275.0,2373.0
1775967521.271,840,35868.1,8560.7,8669.0,8560.7,2231.4,1939.0,3416.0,4839.0
1775967530.292,870,35988.5,8671.9,8671.9,8671.9,1860.2,1870.0,2173.0,2223.0
1775967539.306,900,35984.5,8779.3,8671.0,8562.6,1866.3,1874.0,2176.0,2206.0
1775967548.319,930,36096.9,8671.9,8671.9,8671.9,1837.8,1845.0,2148.0,2195.0
1775967557.331,960,35992.5,8672.9,8672.9,8672.9,1840.7,1848.0,2156.0,2205.0
1775967566.343,990,36313.7,8563.5,8563.5,8671.9,4602.3,2127.0,12904.0,15005.0
1775967575.405,1020,36104.9,8673.8,8673.8,8565.4,1929.0,1929.0,2279.0,2395.0
1775967584.410,1050,35783.6,8566.4,8566.4,8674.8,1978.1,1952.0,2352.0,2477.0
1775967593.424,1080,36112.9,8784.2,8567.3,8675.8,1954.9,1960.0,2317.0,2425.0
1775967602.438,1110,36092.9,8671.0,8671.0,8562.6,1997.8,1984.0,2398.0,2505.0
1775967611.445,1140,35864.1,8668.1,8559.7,8668.1,1955.3,1952.0,2301.0,2432.0
1775967620.471,1170,35728.1,8661.3,8654.7,8661.3,1928.6,1932.0,2255.0,2356.0
1775967629.484,1200,36209.3,8564.5,8672.9,8672.9,1934.2,1942.0,2265.0,2373.0
1775967638.496,1230,36209.3,8781.3,8672.9,8672.9,1933.8,1939.0,2264.0,2365.0
1775967647.508,1260,36181.2,8692.2,8664.3,8692.2,1972.2,1971.0,2349.0,2459.0
1775967656.522,1290,36389.8,8664.2,8664.2,8772.5,2003.4,1996.0,2421.0,2519.0
1775967665.496,1320,35919.9,8790.1,8681.6,8573.0,2310.3,2062.0,2949.0,4749.0
1775967674.509,1350,35976.5,8669.0,8669.0,8669.0,1936.3,1927.0,2272.0,2414.0
1775967683.522,1380,35783.6,8783.2,8566.4,8674.8,2164.1,2156.0,2668.0,2765.0
1775967692.535,1410,36092.9,8654.4,8562.6,8671.0,2172.8,2163.0,2694.0,2770.0
1775967701.547,1440,36209.3,8672.9,8672.9,8781.3,2156.5,2158.0,2664.0,2739.0
1775967710.559,1470,35884.0,8672.9,8672.9,8672.9,2169.5,2176.0,2667.0,2746.0
1775967719.571,1500,35880.1,8780.3,8671.9,8780.3,2178.2,2186.0,2679.0,2742.0
1775967728.584,1530,35880.1,8671.9,8671.9,8780.3,2170.3,2172.0,2677.0,2754.0
1775967737.595,1560,35775.6,8781.3,8672.9,8672.9,2171.4,2167.0,2681.0,2757.0
1775967746.606,1590,35992.5,8672.9,8781.3,8781.3,2190.2,2183.0,2696.0,2769.0
1775967755.619,1620,35884.0,8781.3,8672.9,8672.9,4765.1,2334.0,12978.0,15128.0
1775967764.631,1650,35892.0,8869.9,8783.2,8783.2,1945.9,1945.0,2291.0,2399.0
1775967773.642,1680,35988.5,8671.9,8780.3,8671.9,1937.5,1937.0,2291.0,2410.0
1775967782.655,1710,35438.6,8778.4,8670.0,8778.4,1949.6,1949.0,2317.0,2425.0
1775967791.668,1740,36205.3,8888.7,8780.3,8563.5,1950.7,1939.0,2292.0,2435.0
1775967800.682,1770,35659.3,8775.2,8779.3,8779.3,1938.2,1943.0,2296.0,2404.0
1775967809.694,1800,35771.7,8780.3,8563.5,8780.3,1940.4,1938.0,2306.0,2413.0
1775967818.706,1830,35683.1,8785.2,8568.3,8785.2,1971.3,1982.0,2327.0,2428.0
1775967827.719,1860,35771.7,8780.3,8671.9,8780.3,1963.4,1973.0,2332.0,2435.0
1775967836.731,1890,35775.6,8661.1,8672.9,8781.3,1965.1,1979.0,2308.0,2441.0
1775967845.745,1920,36092.9,8779.3,8671.0,8671.0,1966.3,1972.0,2312.0,2412.0
1775967854.758,1950,35872.1,8670.0,8670.0,8778.4,1969.4,1976.0,2336.0,2433.0
1775967863.772,1980,35872.1,8670.0,8778.4,8778.4,1960.0,1962.0,2333.0,2433.0
1775967872.789,2010,35884.0,8672.9,8781.3,8672.9,1958.9,1961.0,2339.0,2435.0
1775967881.800,2040,35659.3,8671.0,8779.3,8779.3,1973.8,1972.0,2358.0,2458.0
1775967890.813,2070,35655.4,8778.4,8778.4,8778.4,1949.1,1951.0,2320.0,2424.0
1775967899.825,2100,35566.7,8674.8,8674.8,8783.2,1973.7,1978.0,2336.0,2437.0
1775967908.839,2130,35872.1,8886.7,8670.0,8778.4,1948.2,1955.0,2299.0,2401.0
1775967917.855,2160,35446.5,8671.9,8671.9,8780.3,1964.6,1968.0,2326.0,2453.0
1775967926.876,2190,35872.1,8778.4,8670.0,8670.0,1938.4,1933.0,2277.0,2389.0
1775967935.835,2220,35866.2,8721.3,8713.0,8830.3,1889.0,1893.0,2199.0,2251.0
1775967944.853,2250,35980.5,8778.4,8670.0,8778.4,2733.2,2041.0,5933.0,7733.0
1775967953.867,2280,35667.2,8781.3,8763.0,8781.3,1956.7,1965.0,2323.0,2424.0
1775967962.882,2310,36096.9,8780.3,8671.9,8671.9,1961.4,1967.0,2329.0,2434.0
1775967971.895,2340,35775.6,8781.3,8781.3,8781.3,1969.4,1977.0,2357.0,2468.0
1775967980.907,2370,35988.5,8780.3,8671.9,8671.9,1954.5,1962.0,2321.0,2423.0
1775967989.899,2400,36447.1,8807.1,8703.8,8812.6,1951.1,1957.0,2327.0,2434.0
1775967998.847,2430,35648.2,8721.3,8721.3,8721.3,1964.9,1964.0,2305.0,2423.0
1775968007.858,2460,35868.1,8777.4,8669.0,8885.8,1949.4,1954.0,2315.0,2418.0
1775968016.841,2490,35706.8,8682.5,8791.0,8791.0,1956.3,1962.0,2303.0,2408.0
1775968025.853,2520,35763.7,8778.4,8778.4,8886.7,1958.9,1968.0,2318.0,2421.0
1775968034.865,2550,35550.9,8779.3,8779.3,8887.7,1936.8,1942.0,2287.0,2414.0
1775968043.878,2580,35450.4,8889.7,8672.9,8889.7,1947.3,1955.0,2304.0,2425.0
1775968052.891,2610,35888.0,8782.3,8782.3,8890.7,1966.0,1967.0,2335.0,2438.0
1775968061.904,2640,35767.7,8887.7,8887.7,8887.7,1947.5,1953.0,2327.0,2417.0
1775968070.918,2670,35663.3,8780.3,8780.3,8780.3,1913.1,1917.0,2242.0,2339.0
1775968079.960,2700,35876.1,8779.3,8671.0,8779.3,1852.9,1850.0,2167.0,2217.0
1775968088.974,2730,35667.2,8781.3,8781.3,8781.3,1844.2,1844.0,2140.0,2188.0
1775968097.987,2760,35988.5,8780.3,8780.3,8780.3,4813.6,2105.0,13176.0,15227.0
1775968106.968,2790,35300.2,8797.9,8797.9,8906.5,2450.4,1960.0,4631.0,5481.0
1775968116.037,2820,36013.0,8759.9,8868.1,8759.9,1825.6,1827.0,2136.0,2180.0
1775968125.057,2850,35852.2,8773.5,8773.5,8773.5,1840.0,1841.0,2150.0,2188.0
1775968134.078,2880,35848.2,8880.8,8772.5,8772.5,4498.7,2139.0,12595.0,14994.0
1775968143.036,2910,35525.3,8799.8,8799.8,8799.8,1935.1,1931.0,2272.0,2388.0
1775968152.041,2940,35685.5,8703.8,8921.4,8812.6,1946.7,1951.0,2284.0,2387.0
1775968161.024,2970,35570.7,8784.2,8784.2,8784.2,,,,
1775968170.043,3000,35655.4,8886.7,8778.4,8995.1,,,,

 + MIGRATION_EVENTS_CSV:
timestamp_s,round,n_migrations
1775967287.042,60,0
1775967305.408,120,15728
1775967323.454,180,16401
1775967341.326,240,15988
1775967359.367,300,14854
1775967377.401,360,20746
1775967395.377,420,1754
1775967413.391,480,1002
1775967431.429,540,686
1775967449.435,600,685
1775967467.458,660,265
1775967485.486,720,12
1775967503.504,780,133
1775967521.331,840,0
1775967539.559,900,13
1775967557.586,960,21
1775967575.652,1020,146
1775967593.667,1080,153
1775967611.525,1140,0
1775967629.748,1200,270
1775967647.755,1260,231
1775967665.563,1320,0
1775967683.591,1380,0
1775967701.803,1440,270
1775967719.621,1500,0
1775967737.665,1560,0
1775967755.687,1620,0
1775967773.904,1680,16
1775967791.925,1740,263
1775967809.759,1800,0
1775967827.784,1860,0
1775967845.992,1920,132
1775967863.839,1980,0
1775967881.860,2040,0
1775967899.888,2100,0
1775967917.917,2160,0
1775967935.897,2220,0
1775967953.941,2280,0
1775967971.968,2340,0
1775967990.145,2400,570
1775968007.933,2460,0
1775968025.922,2520,0
1775968043.952,2580,0
1775968061.950,2640,0
1775968080.027,2700,0
1775968098.233,2760,16
1775968116.286,2820,43
1775968134.142,2880,0
1775968152.088,2940,0
1775968170.116,3000,0
-----------------------------------------
CMD: LABEL=n4_v_rate_imb90_r90000_run_1 LOCAL_ORCH=0 NODES=4 WORKER_BANDWIDTHS_MBPS=600,600,600,600 RATE_WEIGHTS=27,1,1,1 RATE=90000 DURATION=900 WARMUP=30 IN_MEMORY_STORE=1 fab cloudlab --manifest=manifest.xml --latency=100ms --primary-bw=300mbit --log-dir=/home/zpkhor/narwhal-validator/benchmark/exp/results/tps_timeline_lb_cloud_20260411_235843/n4_v_rate_imb90_r90000_run_1
No dedicated client nodes; using node-21 as client
[92mStarting CloudLab benchmark[0m
All SSH hosts: ['hp078.utah.cloudlab.us', 'hp026.utah.cloudlab.us', 'hp052.utah.cloudlab.us', 'hp091.utah.cloudlab.us', 'hp021.utah.cloudlab.us']
Killing previous processes...
Resetting TCP buffers...
Compiling...
Distributing binaries to 5 machines...
Generating configuration files...
Uploading config files...
Applying TC QoS shaping...
TC QoS applied: primary=300000kbps, worker_bws=[600000, 600000, 600000, 600000]kbps, client=600000kbps
Starting primaries and workers...
Waiting for workers to be ready...
All workers ready.
Starting client...
Running benchmark (900 sec)...
Stopping processes...
Downloading logs...
Parsing logs...

-----------------------------------------
 SUMMARY:
-----------------------------------------
 + CONFIG:
 Committee size: 4 node(s)
 Worker(s) per node: 1 worker(s)
 Input rate: 90,000 tx/s
 Transaction size: 512 B
 Benchmark duration: 900.0 s
 Consensus duration: 856.31 s
 Commit duration: 854.74 s


 + LAST COMMITTED PER VALIDATOR (from primary logs):
 Validator  Time            Round
 0          04:45:12.582     3008
 1          04:45:12.621     3008
 2          04:45:12.583     3008
 3          04:45:12.628     3008
 + RESULTS:
 f+1 Commit latency (workers) (mean): 2,651 ms
 f+1 Commit latency (workers) (p50): 2,040 ms
 f+1 Commit latency (workers) (p90): 2,380 ms
 f+1 Commit latency (workers) (p95): 2,541 ms
 f+1 Commit latency (workers) (p99): 28,912 ms

 Consensus TPS: 84,613 tx/s
 Consensus BPS: 43,321,701 B/s
 Committed TPS: 84,768 tx/s
 Committed BPS: 43,400,970 B/s

 + VALIDATOR LOAD DISTRIBUTION:
 Validator 0: 22,464,195 tx (31.0%)
 Validator 1: 18,236,423 tx (25.2%)
 Validator 2: 13,495,470 tx (18.6%)
 Validator 3: 18,258,272 tx (25.2%)

 + PER-VALIDATOR COMMIT METRICS:
 Validator    TPS (tx/s)    Mean (ms)    p95 (ms)    Misses
 0            26,282        8,556        32,037      0
 1            21,336        1,819        2,217       0
 2            15,789        2,323        2,568       0
 3            21,361        1,979        2,282       0
 Overall      84,768        4,042 (wtd)  11,544 (wtd) 0

 + PER-VALIDATOR QUORUM TIMING (ms):
                    mean            p95             std      
 Validator       delay    lat    delay    lat    delay    lat
 0               5,364     33   22,106    105    8,385     42
 1                 171     41      214    110       31     44
 2                 171     42      216    112       34     45
 3                 172     41      215    110       32     45

 + PER-STAGE LATENCY BREAKDOWN (mean, ms):
   Stage                            All
   Client -> Worker:                143
   Worker -> Batch seal:             34
   Batch seal -> Quorum:          1,824
   Quorum -> Processed:              12
   Processed -> Header:             156
   Header -> Certified:             199
   Certified -> Committed:        1,350
   Sum:                           3,719
   (n=)                          63,114

 + CERTIFIED TPS TIMELINE (actual/capacity (spare)):
   round                          V0                          V1                          V2                          V3
   30      91.4% 2208/35971 (+33763)      2.9% 71/35971 (+35900)      3.1% 75/35971 (+35896)      2.6% 62/35971 (+35909)
   60     90.3% 22271/35971 (+13700)     3.2% 791/35971 (+35180)     3.3% 822/35971 (+35149)     3.1% 770/35971 (+35200)
   90      89.2% 42431/35971 (-6460)    3.6% 1712/35971 (+34259)    3.7% 1753/35971 (+34218)    3.5% 1686/35971 (+34285)
   120    85.8% 48031/35971 (-12060)    4.7% 2618/35971 (+33353)    4.8% 2695/35971 (+33276)    4.7% 2615/35971 (+33356)
   150    75.6% 46178/35971 (-10207)    8.1% 4953/35971 (+31018)    8.1% 4955/35971 (+31016)    8.1% 4971/35971 (+31000)
   180    74.4% 48238/35971 (-12266)    8.5% 5524/35971 (+30447)    8.6% 5587/35971 (+30384)    8.5% 5518/35971 (+30453)
   210    67.1% 46737/35971 (-10766)   11.0% 7644/35971 (+28327)   11.0% 7641/35971 (+28330)   11.0% 7644/35971 (+28327)
   240     64.1% 44138/35971 (-8167)   12.0% 8242/35971 (+27729)   12.0% 8242/35971 (+27729)   12.0% 8242/35971 (+27729)
   270    60.4% 49950/35971 (-13979)  13.1% 10835/35971 (+25136)  13.1% 10835/35971 (+25136)  13.4% 11052/35971 (+24919)
   300     56.3% 45202/35971 (-9231)  14.6% 11707/35971 (+24264)  14.4% 11599/35971 (+24372)  14.7% 11816/35971 (+24156)
   330    51.4% 46395/35971 (-10424)  16.2% 14634/35971 (+21337)  16.2% 14634/35971 (+21337)  16.2% 14634/35971 (+21337)
   360    51.7% 50064/35971 (-14093)  16.0% 15496/35971 (+20475)  16.2% 15713/35971 (+20258)  16.0% 15496/35971 (+20475)
   390    48.2% 50372/35971 (-14401)  17.3% 18091/35971 (+17880)  17.2% 17982/35971 (+17989)  17.3% 18091/35971 (+17880)
   420    45.6% 47056/35971 (-11085)  18.2% 18757/35971 (+17214)  18.2% 18757/35971 (+17214)  18.1% 18649/35971 (+17322)
   450    43.8% 47272/35971 (-11301)  18.8% 20275/35971 (+15696)  18.7% 20167/35971 (+15804)  18.7% 20167/35971 (+15804)
   480     38.2% 38265/35971 (-2294)  20.7% 20704/35971 (+15267)  20.6% 20596/35971 (+15375)  20.6% 20596/35971 (+15375)
   510     40.8% 44227/35971 (-8256)  19.7% 21355/35971 (+14616)  19.7% 21355/35971 (+14616)  19.7% 21355/35971 (+14616)
   540    43.5% 49533/35971 (-13562)  18.8% 21352/35971 (+14619)  19.0% 21569/35971 (+14402)  18.8% 21352/35971 (+14619)
   570     39.8% 44887/35971 (-8916)  20.1% 22660/35971 (+13311)  20.0% 22552/35971 (+13419)  20.0% 22552/35971 (+13419)
   600     39.0% 43586/35971 (-7615)  20.4% 22769/35971 (+13202)  20.4% 22769/35971 (+13202)  20.3% 22660/35971 (+13311)
   630    46.8% 61428/35971 (-25457)  17.7% 23293/35971 (+12678)  17.7% 23293/35971 (+12678)  17.7% 23293/35971 (+12678)
   660      33.6% 35620/35971 (+351)  22.2% 23491/35971 (+12480)  22.0% 23275/35971 (+12696)  22.2% 23491/35971 (+12480)
   690    24.3% 22655/35971 (+13316)  25.1% 23414/35971 (+12557)  25.2% 23523/35971 (+12448)  25.3% 23631/35971 (+12340)
   720    24.2% 22547/35971 (+13424)  25.2% 23414/35971 (+12557)  25.2% 23414/35971 (+12557)  25.4% 23631/35971 (+12340)
   750    24.4% 22660/35971 (+13311)  25.4% 23636/35971 (+12335)  25.0% 23202/35971 (+12768)  25.2% 23419/35971 (+12552)
   780    24.3% 22552/35971 (+13419)  25.2% 23419/35971 (+12552)  25.1% 23311/35971 (+12660)  25.4% 23636/35971 (+12335)
   810    24.4% 22766/35971 (+13205)  25.1% 23417/35971 (+12554)  25.1% 23417/35971 (+12554)  25.3% 23525/35971 (+12446)
   840    24.2% 22658/35971 (+13313)  25.3% 23634/35971 (+12337)  25.1% 23525/35971 (+12446)  25.4% 23742/35971 (+12229)
   870    24.4% 22660/35971 (+13311)  25.1% 23311/35971 (+12660)  25.3% 23528/35971 (+12443)  25.3% 23528/35971 (+12443)
   900    24.2% 22544/35971 (+13426)  25.1% 23303/35971 (+12668)  25.3% 23520/35971 (+12451)  25.4% 23628/35971 (+12343)
   930    24.4% 22764/35971 (+13207)  25.2% 23523/35971 (+12448)  25.0% 23306/35971 (+12665)  25.3% 23631/35971 (+12340)
   960    24.4% 22653/35971 (+13318)  25.4% 23628/35971 (+12343)  25.0% 23195/35971 (+12776)  25.2% 23412/35971 (+12559)
   990    24.3% 22542/35971 (+13429)  25.3% 23409/35971 (+12562)  25.3% 23409/35971 (+12562)  25.1% 23301/35971 (+12670)
   1020   24.2% 22542/35971 (+13429)  25.5% 23734/35971 (+12237)  25.0% 23301/35971 (+12670)  25.3% 23517/35971 (+12454)
   1050   24.2% 22434/35971 (+13537)  25.3% 23517/35971 (+12454)  25.1% 23301/35971 (+12670)  25.4% 23626/35971 (+12345)
   1080   24.2% 22542/35971 (+13429)  25.5% 23734/35971 (+12237)  25.1% 23301/35971 (+12670)  25.2% 23409/35971 (+12562)
   1110   24.3% 22764/35971 (+13207)  25.1% 23523/35971 (+12448)  25.1% 23523/35971 (+12448)  25.4% 23739/35971 (+12232)
   1140   24.6% 22870/35971 (+13101)  25.2% 23412/35971 (+12559)  25.1% 23303/35971 (+12668)  25.2% 23412/35971 (+12559)
   1170   24.2% 22537/35971 (+13434)  25.3% 23512/35971 (+12459)  25.4% 23620/35971 (+12350)  25.1% 23404/35971 (+12567)
   1200   24.4% 22650/35971 (+13321)  25.2% 23409/35971 (+12562)  25.1% 23301/35971 (+12670)  25.3% 23517/35971 (+12454)
   1230   24.5% 22865/35971 (+13106)  25.0% 23298/35971 (+12673)  25.0% 23298/35971 (+12673)  25.5% 23732/35971 (+12240)
   1260   24.4% 22761/35971 (+13210)  25.2% 23520/35971 (+12451)  25.2% 23520/35971 (+12451)  25.2% 23520/35971 (+12451)
   1290   24.2% 22544/35971 (+13426)  25.1% 23412/35971 (+12559)  25.1% 23412/35971 (+12559)  25.5% 23737/35971 (+12234)
   1320   24.5% 22870/35971 (+13101)  25.3% 23628/35971 (+12343)  25.1% 23412/35971 (+12559)  25.2% 23520/35971 (+12451)
   1350   24.4% 22650/35971 (+13321)  25.2% 23409/35971 (+12562)  25.1% 23301/35971 (+12670)  25.4% 23626/35971 (+12345)
   1380   24.1% 22143/35971 (+13828)  25.4% 23342/35971 (+12629)  25.3% 23233/35971 (+12738)  25.3% 23233/35971 (+12738)
   1410   24.5% 22983/35971 (+12988)  25.3% 23742/35971 (+12229)  25.0% 23417/35971 (+12554)  25.2% 23634/35971 (+12337)
   1440   24.6% 22926/35971 (+13045)  25.1% 23469/35971 (+12502)  25.3% 23578/35971 (+12394)  25.0% 23360/35971 (+12611)
   1470   24.2% 22517/35971 (+13454)  25.4% 23600/35971 (+12371)  24.9% 23166/35971 (+12804)  25.4% 23600/35971 (+12371)
   1500   24.2% 22602/35971 (+13369)  25.2% 23580/35971 (+12391)  25.2% 23580/35971 (+12391)  25.3% 23689/35971 (+12282)
   1530   24.4% 22766/35971 (+13205)  25.1% 23417/35971 (+12554)  25.2% 23525/35971 (+12446)  25.4% 23742/35971 (+12229)
   1560   24.0% 22335/35971 (+13636)  25.4% 23636/35971 (+12335)  25.2% 23419/35971 (+12552)  25.3% 23528/35971 (+12443)
   1590   24.2% 22552/35971 (+13419)  25.3% 23528/35971 (+12443)  25.1% 23419/35971 (+12552)  25.4% 23636/35971 (+12335)
   1620   24.4% 22655/35971 (+13316)  25.3% 23523/35971 (+12448)  25.2% 23414/35971 (+12557)  25.2% 23414/35971 (+12557)
   1650   24.3% 22665/35971 (+13306)  25.2% 23533/35971 (+12438)  25.3% 23642/35971 (+12330)  25.2% 23533/35971 (+12438)
   1680   24.7% 23084/35971 (+12887)  25.3% 23626/35971 (+12345)  24.9% 23301/35971 (+12670)  25.1% 23517/35971 (+12454)
   1710   24.3% 22655/35971 (+13316)  25.1% 23414/35971 (+12557)  25.3% 23631/35971 (+12340)  25.3% 23631/35971 (+12340)
   1740   24.2% 22441/35971 (+13530)  25.3% 23417/35971 (+12554)  25.3% 23417/35971 (+12554)  25.3% 23417/35971 (+12554)
   1770   24.3% 22653/35971 (+13318)  25.3% 23520/35971 (+12451)  25.1% 23412/35971 (+12559)  25.3% 23520/35971 (+12451)
   1800   24.5% 22875/35971 (+13096)  25.3% 23634/35971 (+12337)  24.9% 23200/35971 (+12771)  25.2% 23525/35971 (+12446)
   1830   24.1% 22550/35971 (+13422)  25.1% 23525/35971 (+12446)  25.4% 23742/35971 (+12229)  25.4% 23742/35971 (+12229)
   1860   24.4% 22761/35971 (+13210)  25.2% 23520/35971 (+12451)  25.2% 23520/35971 (+12451)  25.1% 23412/35971 (+12559)
   1890   24.4% 22653/35971 (+13318)  25.2% 23412/35971 (+12559)  25.1% 23303/35971 (+12668)  25.3% 23520/35971 (+12451)
   1920   24.4% 22761/35971 (+13210)  25.2% 23520/35971 (+12451)  25.0% 23303/35971 (+12668)  25.4% 23737/35971 (+12234)
   1950   24.4% 22769/35971 (+13202)  25.2% 23528/35971 (+12443)  25.3% 23636/35971 (+12335)  25.2% 23528/35971 (+12443)
   1980   24.2% 22434/35971 (+13537)  25.3% 23409/35971 (+12562)  25.1% 23301/35971 (+12670)  25.4% 23517/35971 (+12454)
   2010   24.4% 22764/35971 (+13207)  25.1% 23414/35971 (+12557)  25.0% 23306/35971 (+12665)  25.4% 23631/35971 (+12340)
   2040   24.5% 22870/35971 (+13101)  25.2% 23520/35971 (+12451)  24.9% 23195/35971 (+12776)  25.3% 23628/35971 (+12343)
   2070   24.2% 22441/35971 (+13530)  25.3% 23417/35971 (+12554)  25.3% 23417/35971 (+12554)  25.3% 23417/35971 (+12554)
   2100   24.5% 22764/35971 (+13207)  25.4% 23631/35971 (+12340)  24.9% 23197/35971 (+12774)  25.2% 23414/35971 (+12557)
   2130   24.4% 22759/35971 (+13212)  25.2% 23517/35971 (+12454)  25.2% 23517/35971 (+12454)  25.3% 23626/35971 (+12345)
   2160   24.2% 22544/35971 (+13426)  25.5% 23737/35971 (+12234)  25.1% 23412/35971 (+12559)  25.2% 23520/35971 (+12451)
   2190   24.6% 22872/35971 (+13099)  25.2% 23414/35971 (+12557)  25.1% 23306/35971 (+12665)  25.2% 23414/35971 (+12557)
   2220   24.6% 22981/35971 (+12990)  25.2% 23523/35971 (+12448)  25.0% 23306/35971 (+12665)  25.2% 23523/35971 (+12448)
   2250   24.2% 22658/35971 (+13313)  25.3% 23634/35971 (+12337)  25.3% 23634/35971 (+12337)  25.2% 23525/35971 (+12446)
   2280   24.2% 22653/35971 (+13318)  25.3% 23628/35971 (+12343)  25.3% 23628/35971 (+12343)  25.2% 23520/35971 (+12451)
   2310   24.2% 22547/35971 (+13424)  25.2% 23523/35971 (+12448)  25.2% 23523/35971 (+12448)  25.3% 23631/35971 (+12340)
   2340   24.3% 22547/35971 (+13424)  25.3% 23414/35971 (+12557)  25.1% 23306/35971 (+12665)  25.3% 23414/35971 (+12557)
   2370   24.4% 22653/35971 (+13318)  25.1% 23303/35971 (+12668)  25.1% 23303/35971 (+12668)  25.4% 23520/35971 (+12451)
   2400   24.2% 22547/35971 (+13424)  25.2% 23523/35971 (+12448)  25.3% 23631/35971 (+12340)  25.2% 23523/35971 (+12448)
   2430   24.3% 22650/35971 (+13321)  25.1% 23409/35971 (+12562)  25.1% 23409/35971 (+12562)  25.4% 23626/35971 (+12345)
   2460   24.2% 22547/35971 (+13424)  25.3% 23523/35971 (+12448)  25.1% 23414/35971 (+12557)  25.4% 23631/35971 (+12340)
   2490   24.4% 22655/35971 (+13316)  25.1% 23306/35971 (+12665)  25.2% 23414/35971 (+12557)  25.3% 23523/35971 (+12448)
   2520   24.3% 22547/35971 (+13424)  25.2% 23414/35971 (+12557)  25.2% 23414/35971 (+12557)  25.2% 23414/35971 (+12557)
   2550   24.2% 22542/35971 (+13429)  25.2% 23409/35971 (+12562)  25.3% 23517/35971 (+12454)  25.3% 23517/35971 (+12454)
   2580   24.1% 22439/35971 (+13532)  25.3% 23631/35971 (+12340)  25.0% 23306/35971 (+12665)  25.6% 23848/35971 (+12123)
   2610   24.4% 22769/35971 (+13202)  25.2% 23528/35971 (+12443)  25.0% 23311/35971 (+12660)  25.3% 23636/35971 (+12335)
   2640   24.3% 22653/35971 (+13318)  25.5% 23737/35971 (+12234)  25.0% 23303/35971 (+12668)  25.2% 23520/35971 (+12451)
   2670   24.2% 22439/35971 (+13532)  25.6% 23739/35971 (+12232)  25.1% 23306/35971 (+12665)  25.2% 23414/35971 (+12557)
   2700   24.7% 22983/35971 (+12988)  25.2% 23525/35971 (+12446)  25.0% 23308/35971 (+12663)  25.1% 23417/35971 (+12554)
   2730   24.5% 22870/35971 (+13101)  25.2% 23520/35971 (+12451)  25.0% 23303/35971 (+12668)  25.3% 23628/35971 (+12343)
   2760   24.1% 22333/35971 (+13638)  25.4% 23525/35971 (+12446)  25.2% 23417/35971 (+12554)  25.4% 23525/35971 (+12446)
   2790   24.2% 22655/35971 (+13316)  25.2% 23523/35971 (+12448)  25.2% 23523/35971 (+12448)  25.4% 23739/35971 (+12232)
   2820   24.4% 22761/35971 (+13210)  25.1% 23412/35971 (+12559)  25.2% 23520/35971 (+12451)  25.2% 23520/35971 (+12451)
   2850   24.2% 22550/35971 (+13422)  25.4% 23634/35971 (+12337)  25.4% 23634/35971 (+12337)  25.0% 23308/35971 (+12663)
   2880   24.3% 22653/35971 (+13318)  25.3% 23520/35971 (+12451)  24.9% 23195/35971 (+12776)  25.5% 23737/35971 (+12234)
   2910   24.5% 22872/35971 (+13099)  25.2% 23523/35971 (+12448)  25.0% 23306/35971 (+12665)  25.2% 23523/35971 (+12448)
   2940   24.2% 22653/35971 (+13318)  25.3% 23628/35971 (+12343)  24.9% 23303/35971 (+12668)  25.5% 23845/35971 (+12126)
   2970   24.5% 22764/35971 (+13207)  25.2% 23414/35971 (+12557)  25.1% 23306/35971 (+12665)  25.3% 23523/35971 (+12448)
   3000   24.6% 22872/35971 (+13099)  25.3% 23523/35971 (+12448)  25.1% 23414/35971 (+12557)  25.0% 23306/35971 (+12665)

 + ACCOUNT MIGRATIONS (cumulative):
 Validator       Donated   Received
 0               182,402          0
 1                     0     60,866
 2                     0     60,565
 3                     0     60,971

 + TPS_TIMELINE_CSV:
timestamp_s,round,v0,v1,v2,v3,lat_mean,lat_p50,lat_p90,lat_p95
1775968217.214,30,2208.2,70.6,74.9,62.4,,,,
1775968226.145,60,22271.2,790.9,822.2,770.5,,,,
1775968235.148,90,42431.1,1712.2,1752.9,1686.0,1596.0,1596.0,1596.0,1596.0
1775968244.149,120,48031.4,2618.1,2695.3,2614.8,2361.3,2008.0,2449.0,7646.0
1775968253.161,150,46178.0,4952.8,4954.6,4971.4,3375.3,2080.0,10107.0,11008.0
1775968262.174,180,48237.5,5523.6,5586.7,5517.9,3663.6,2009.0,13267.0,14420.0
1775968271.138,210,46737.0,7643.9,7640.8,7643.9,4322.7,2055.0,16762.0,18066.0
1775968280.153,240,44138.0,8242.0,8242.0,8242.0,5027.2,2131.0,20787.0,21685.0
1775968289.163,270,49949.8,10835.1,10835.1,11051.8,5266.9,2134.0,23392.0,24348.0
1775968298.177,300,45202.4,11707.1,11598.7,11815.5,5601.4,2115.0,26607.0,27260.0
1775968307.190,330,46394.8,14633.9,14633.9,14633.9,6260.5,2114.0,29117.0,29673.0
1775968316.203,360,50063.7,15495.9,15712.6,15495.9,6008.3,2093.0,30681.0,31037.0
1775968325.222,390,50372.0,18090.6,17982.3,18090.6,6312.5,2097.0,31800.0,32353.0
1775968334.232,420,47055.6,18757.2,18757.2,18648.8,5868.5,2076.0,31916.0,32261.0
1775968343.244,450,47272.4,20275.1,20166.7,20166.7,5525.3,2072.0,32169.0,32722.0
1775968352.258,480,38264.8,20704.2,20595.8,20595.8,5534.9,2081.0,31586.0,32533.0
1775968361.270,510,44226.8,21354.6,21354.6,21354.6,5758.6,2097.0,28400.0,29747.0
1775968370.284,540,49532.8,21352.2,21569.0,21352.2,4757.9,2081.0,23565.0,25355.0
1775968379.296,570,44887.1,22660.4,22552.0,22552.0,4137.5,2098.0,18175.0,20270.0
1775968388.307,600,43586.1,22768.8,22768.8,22660.4,3645.7,2099.0,12084.0,15126.0
1775968397.339,630,61428.1,23292.9,23292.9,23292.9,2190.2,1964.0,2405.0,2856.0
1775968406.350,660,35619.6,23491.3,23274.8,23491.3,1899.8,1901.0,2189.0,2222.0
1775968415.363,690,22655.4,23414.2,23522.6,23631.0,1892.4,1900.0,2200.0,2227.0
1775968424.376,720,22547.0,23414.2,23414.2,23631.0,1881.2,1877.0,2173.0,2221.0
1775968433.388,750,22660.4,23636.2,23202.5,23419.4,1885.3,1882.0,2180.0,2225.0
1775968442.399,780,22552.0,23419.4,23311.0,23636.2,1884.1,1887.0,2179.0,2227.0
1775968451.411,810,22766.3,23416.8,23416.8,23525.2,1869.9,1864.0,2158.0,2207.0
1775968460.424,840,22657.9,23633.6,23525.2,23742.0,1876.0,1878.0,2166.0,2210.0
1775968469.435,870,22660.4,23311.0,23527.8,23527.8,1878.8,1878.0,2175.0,2222.0
1775968478.445,900,22544.5,23303.2,23520.0,23628.4,1871.2,1878.0,2159.0,2205.0
1775968487.458,930,22763.8,23522.6,23305.8,23631.0,1864.2,1862.0,2153.0,2198.0
1775968496.473,960,22652.9,23628.4,23194.8,23411.6,1878.4,1876.0,2166.0,2221.0
1775968505.487,990,22542.0,23409.0,23409.0,23300.6,1877.7,1882.0,2180.0,2232.0
1775968514.503,1020,22542.0,23734.1,23300.6,23517.4,1888.9,1893.0,2183.0,2226.0
1775968523.518,1050,22433.6,23517.4,23300.6,23625.7,1880.3,1879.0,2165.0,2209.0
1775968532.534,1080,22542.0,23734.1,23300.6,23409.0,1880.8,1882.0,2173.0,2223.0
1775968541.545,1110,22763.8,23522.6,23522.6,23739.4,1885.6,1886.0,2175.0,2221.0
1775968550.560,1140,22869.6,23411.6,23303.2,23411.6,1877.0,1874.0,2168.0,2214.0
1775968559.576,1170,22537.0,23512.1,23620.5,23403.8,1887.9,1884.0,2176.0,2225.0
1775968568.592,1200,22650.4,23409.0,23300.6,23517.4,1888.3,1890.0,2188.0,2231.0
1775968577.605,1230,22864.6,23298.0,23298.0,23731.5,1883.9,1886.0,2180.0,2227.0
1775968586.621,1260,22761.3,23520.0,23520.0,23520.0,1896.5,1897.0,2185.0,2234.0
1775968595.636,1290,22544.5,23411.6,23411.6,23736.7,1876.9,1881.0,2160.0,2209.0
1775968604.650,1320,22869.6,23628.4,23411.6,23520.0,1888.6,1898.0,2189.0,2239.0
1775968613.664,1350,22650.4,23409.0,23300.6,23625.7,5300.1,2173.0,13598.0,15396.0
1775968622.627,1380,22142.6,23342.4,23233.3,23233.3,2087.2,2051.0,2530.0,2713.0
1775968631.644,1410,22983.1,23742.0,23416.8,23633.6,1984.3,1988.0,2319.0,2435.0
1775968640.654,1440,22925.6,23468.9,23577.5,23360.2,1988.4,1992.0,2319.0,2419.0
1775968649.668,1470,22517.0,23599.6,23166.5,23599.6,1963.8,1964.0,2273.0,2367.0
1775968658.636,1500,22602.2,23580.1,23580.1,23688.8,1965.6,1970.0,2277.0,2380.0
1775968667.651,1530,22766.3,23416.8,23525.2,23742.0,1956.8,1962.0,2271.0,2370.0
1775968676.661,1560,22335.1,23636.2,23419.4,23527.8,1967.7,1972.0,2288.0,2395.0
1775968685.672,1590,22552.0,23527.8,23419.4,23636.2,1956.2,1957.0,2258.0,2389.0
1775968694.686,1620,22655.4,23522.6,23414.2,23414.2,1972.6,1978.0,2309.0,2412.0
1775968703.732,1650,22665.4,23533.0,23641.5,23533.0,1972.1,1978.0,2280.0,2423.0
1775968712.714,1680,23083.9,23625.7,23300.6,23517.4,1972.5,1973.0,2293.0,2440.0
1775968721.726,1710,22655.4,23414.2,23631.0,23631.0,1980.6,1985.0,2301.0,2445.0
1775968730.738,1740,22441.1,23416.8,23416.8,23416.8,1978.0,1980.0,2310.0,2413.0
1775968739.751,1770,22652.9,23520.0,23411.6,23520.0,1976.6,1977.0,2322.0,2428.0
1775968748.762,1800,22874.7,23633.6,23200.0,23525.2,1964.2,1968.0,2286.0,2432.0
1775968757.775,1830,22549.5,23525.2,23742.0,23742.0,1964.2,1964.0,2294.0,2402.0
1775968766.788,1860,22761.3,23520.0,23520.0,23411.6,1987.1,1987.0,2317.0,2417.0
1775968775.801,1890,22652.9,23411.6,23303.2,23520.0,1965.7,1971.0,2297.0,2422.0
1775968784.816,1920,22761.3,23520.0,23303.2,23736.7,1971.5,1976.0,2291.0,2436.0
1775968793.827,1950,22768.8,23527.8,23636.2,23527.8,1975.1,1976.0,2295.0,2396.0
1775968802.842,1980,22433.6,23409.0,23300.6,23517.4,1977.7,1984.0,2315.0,2420.0
1775968811.854,2010,22763.8,23414.2,23305.8,23631.0,1989.7,1990.0,2329.0,2474.0
1775968820.868,2040,22869.6,23520.0,23194.8,23628.4,1971.1,1970.0,2292.0,2403.0
1775968829.880,2070,22441.1,23416.8,23416.8,23416.8,1966.9,1971.0,2289.0,2408.0
1775968838.893,2100,22763.8,23631.0,23197.4,23414.2,1966.3,1956.0,2321.0,2468.0
1775968847.908,2130,22758.7,23517.4,23517.4,23625.7,1979.5,1984.0,2309.0,2436.0
1775968856.922,2160,22544.5,23736.7,23411.6,23520.0,1963.4,1962.0,2296.0,2440.0
1775968865.934,2190,22872.2,23414.2,23305.8,23414.2,1960.9,1959.0,2269.0,2410.0
1775968874.948,2220,22980.6,23522.6,23305.8,23522.6,1970.2,1974.0,2290.0,2424.0
1775968883.957,2250,22657.9,23633.6,23633.6,23525.2,1966.2,1959.0,2290.0,2429.0
1775968892.970,2280,22652.9,23628.4,23628.4,23520.0,1968.0,1969.0,2297.0,2441.0
1775968901.984,2310,22547.0,23522.6,23522.6,23631.0,1964.9,1968.0,2306.0,2418.0
1775968910.996,2340,22547.0,23414.2,23305.8,23414.2,1972.7,1976.0,2317.0,2422.0
1775968920.009,2370,22652.9,23303.2,23303.2,23520.0,1959.9,1957.0,2285.0,2434.0
1775968929.022,2400,22547.0,23522.6,23631.0,23522.6,1973.7,1967.0,2305.0,2451.0
1775968938.037,2430,22650.4,23409.0,23409.0,23625.7,1958.3,1959.0,2263.0,2407.0
1775968947.048,2460,22547.0,23522.6,23414.2,23631.0,1967.4,1970.0,2319.0,2430.0
1775968956.061,2490,22655.4,23305.8,23414.2,23522.6,1960.1,1955.0,2286.0,2430.0
1775968965.072,2520,22547.0,23414.2,23414.2,23414.2,1970.1,1973.0,2294.0,2440.0
1775968974.086,2550,22542.0,23409.0,23517.4,23517.4,1973.4,1976.0,2312.0,2454.0
1775968983.098,2580,22438.6,23631.0,23305.8,23847.8,1960.7,1965.0,2272.0,2419.0
1775968992.107,2610,22768.8,23527.8,23311.0,23636.2,1980.3,1981.0,2324.0,2432.0
1775969001.121,2640,22652.9,23736.7,23303.2,23520.0,1954.9,1948.0,2292.0,2436.0
1775969010.133,2670,22438.6,23739.4,23305.8,23414.2,1971.3,1971.0,2306.0,2451.0
1775969019.145,2700,22983.1,23525.2,23308.4,23416.8,1955.2,1947.0,2266.0,2422.0
1775969028.159,2730,22869.6,23520.0,23303.2,23628.4,1940.3,1937.0,2271.0,2386.0
1775969037.171,2760,22332.7,23525.2,23416.8,23525.2,1954.6,1958.0,2297.0,2441.0
1775969046.183,2790,22655.4,23522.6,23522.6,23739.4,1952.2,1945.0,2271.0,2408.0
1775969055.197,2820,22761.3,23411.6,23520.0,23520.0,1955.2,1953.0,2273.0,2413.0
1775969064.210,2850,22549.5,23633.6,23633.6,23308.4,1954.7,1954.0,2281.0,2392.0
1775969073.225,2880,22652.9,23520.0,23194.8,23736.7,1953.0,1955.0,2298.0,2444.0
1775969082.237,2910,22872.2,23522.6,23305.8,23522.6,1953.3,1957.0,2271.0,2415.0
1775969091.251,2940,22652.9,23628.4,23303.2,23845.1,1955.1,1953.0,2276.0,2421.0
1775969100.263,2970,22763.8,23414.2,23305.8,23522.6,,,,
1775969109.277,3000,22872.2,23522.6,23414.2,23305.8,,,,

 + MIGRATION_EVENTS_CSV:
timestamp_s,round,n_migrations
1775968226.184,60,0
1775968244.557,120,21817
1775968262.543,180,24716
1775968280.512,240,31388
1775968298.490,300,33337
1775968316.482,360,29655
1775968334.473,420,15925
1775968352.477,480,7187
1775968370.489,540,11598
1775968388.478,600,6779
1775968406.433,660,0
1775968424.457,720,0
1775968442.465,780,0
1775968460.511,840,0
1775968478.529,900,0
1775968496.561,960,0
1775968514.596,1020,0
1775968532.616,1080,0
1775968550.649,1140,0
1775968568.675,1200,0
1775968586.710,1260,0
1775968604.733,1320,0
1775968622.716,1380,0
1775968640.754,1440,0
1775968658.719,1500,0
1775968676.744,1560,0
1775968694.786,1620,0
1775968712.797,1680,0
1775968730.819,1740,0
1775968748.847,1800,0
1775968766.869,1860,0
1775968784.906,1920,0
1775968802.925,1980,0
1775968820.946,2040,0
1775968838.975,2100,0
1775968857.021,2160,0
1775968875.025,2220,0
1775968893.052,2280,0
1775968911.082,2340,0
1775968929.104,2400,0
1775968947.103,2460,0
1775968965.152,2520,0
1775968983.178,2580,0
1775969001.180,2640,0
1775969019.225,2700,0
1775969037.253,2760,0
1775969055.282,2820,0
1775969073.307,2880,0
1775969091.343,2940,0
1775969109.362,3000,0
-----------------------------------------
CMD: LABEL=n4_v_rate_imb90_r120000_run_1 LOCAL_ORCH=0 NODES=4 WORKER_BANDWIDTHS_MBPS=600,600,600,600 RATE_WEIGHTS=27,1,1,1 RATE=120000 DURATION=900 WARMUP=30 IN_MEMORY_STORE=1 fab cloudlab --manifest=manifest.xml --latency=100ms --primary-bw=300mbit --log-dir=/home/zpkhor/narwhal-validator/benchmark/exp/results/tps_timeline_lb_cloud_20260411_235843/n4_v_rate_imb90_r120000_run_1
No dedicated client nodes; using node-21 as client
[92mStarting CloudLab benchmark[0m
All SSH hosts: ['hp078.utah.cloudlab.us', 'hp026.utah.cloudlab.us', 'hp052.utah.cloudlab.us', 'hp091.utah.cloudlab.us', 'hp021.utah.cloudlab.us']
Killing previous processes...
Resetting TCP buffers...
Compiling...
Distributing binaries to 5 machines...
Generating configuration files...
Uploading config files...
Applying TC QoS shaping...
TC QoS applied: primary=300000kbps, worker_bws=[600000, 600000, 600000, 600000]kbps, client=600000kbps
Starting primaries and workers...
Waiting for workers to be ready...
All workers ready.
Starting client...
Running benchmark (900 sec)...
Stopping processes...
Downloading logs...
Parsing logs...
[1m[93mWARN[0m: Clients missed their target rate 4 time(s)

-----------------------------------------
 SUMMARY:
-----------------------------------------
 + CONFIG:
 Committee size: 4 node(s)
 Worker(s) per node: 1 worker(s)
 Input rate: 120,000 tx/s
 Transaction size: 512 B
 Benchmark duration: 900.0 s
 Consensus duration: 856.52 s
 Commit duration: 854.6 s


 + LAST COMMITTED PER VALIDATOR (from primary logs):
 Validator  Time            Round
 0          05:00:53.245     3010
 1          05:00:53.263     3010
 2          05:00:53.251     3010
 3          05:00:53.225     3010
 + RESULTS:
 f+1 Commit latency (workers) (mean): 7,091 ms
 f+1 Commit latency (workers) (p50): 2,207 ms
 f+1 Commit latency (workers) (p90): 24,313 ms
 f+1 Commit latency (workers) (p95): 35,601 ms
 f+1 Commit latency (workers) (p99): 66,629 ms

 Consensus TPS: 115,012 tx/s
 Consensus BPS: 58,886,370 B/s
 Committed TPS: 115,270 tx/s
 Committed BPS: 59,018,255 B/s

 + VALIDATOR LOAD DISTRIBUTION:
 Validator 0: 20,743,287 tx (21.1%)
 Validator 1: 26,102,967 tx (26.5%)
 Validator 2: 25,485,300 tx (25.9%)
 Validator 3: 26,178,443 tx (26.6%)

 + PER-VALIDATOR COMMIT METRICS:
 Validator    TPS (tx/s)    Mean (ms)    p95 (ms)    Misses
 0            24,272        29,934       71,574      4
 1            30,544        6,105        34,161      0
 2            29,821        5,670        31,344      0
 3            30,632        5,097        25,906      0
 Overall      115,270       10,742 (wtd) 39,117 (wtd) 4

 + PER-VALIDATOR QUORUM TIMING (ms):
                    mean            p95             std      
 Validator       delay    lat    delay    lat    delay    lat
 0              11,113     36   22,386    119   10,012     46
 1                 201     28      253    114       34     41
 2                 201     28      253    115       34     41
 3                 200     27      251    113       34     41

 + PER-STAGE LATENCY BREAKDOWN (mean, ms):
   Stage                            All
   Client -> Worker:              4,215
   Worker -> Batch seal:             30
   Batch seal -> Quorum:          2,532
   Quorum -> Processed:              16
   Processed -> Header:             162
   Header -> Certified:             199
   Certified -> Committed:        1,471
   Sum:                           8,625
   (n=)                          66,979

 + CERTIFIED TPS TIMELINE (actual/capacity (spare)):
   round                          V0                          V1                          V2                          V3
   30      91.3% 3292/35971 (+32679)      2.5% 91/35971 (+35880)     2.9% 105/35971 (+35866)     3.3% 117/35971 (+35854)
   60      90.4% 30474/35971 (+5497)    3.1% 1042/35971 (+34928)    3.2% 1079/35971 (+34892)    3.3% 1107/35971 (+34864)
   90     86.9% 46606/35971 (-10635)    4.3% 2281/35971 (+33690)    4.4% 2336/35971 (+33635)    4.4% 2380/35971 (+33591)
   120    81.5% 47031/35971 (-11060)    6.1% 3542/35971 (+32429)    6.2% 3574/35971 (+32397)    6.2% 3584/35971 (+32387)
   150    71.1% 46286/35971 (-10315)    9.7% 6313/35971 (+29658)    9.7% 6333/35971 (+29638)    9.5% 6209/35971 (+29762)
   180    69.5% 46834/35971 (-10863)   10.1% 6830/35971 (+29141)   10.1% 6830/35971 (+29141)   10.3% 6938/35971 (+29033)
   210    60.8% 47045/35971 (-11074)  13.2% 10190/35971 (+25782)  13.0% 10081/35971 (+25890)  13.0% 10081/35971 (+25890)
   240    58.9% 48162/35971 (-12191)  13.9% 11358/35971 (+24613)  13.6% 11140/35971 (+24832)  13.6% 11140/35971 (+24832)
   270     49.8% 44759/35971 (-8788)  16.7% 15064/35971 (+20907)  16.5% 14847/35971 (+21124)  17.0% 15281/35971 (+20690)
   300    48.8% 46839/35971 (-10868)  17.0% 16372/35971 (+19599)  16.9% 16264/35971 (+19708)  17.3% 16589/35971 (+19382)
   330     40.3% 40442/35971 (-4471)  20.0% 20058/35971 (+15913)  20.0% 20058/35971 (+15913)  19.8% 19841/35971 (+16130)
   360    42.8% 47643/35971 (-11672)  19.2% 21331/35971 (+14640)  19.2% 21331/35971 (+14640)  18.9% 21006/35971 (+14965)
   390    40.2% 48888/35971 (-12917)  19.8% 24065/35971 (+11906)  20.1% 24498/35971 (+11473)  19.9% 24173/35971 (+11798)
   420    38.8% 48226/35971 (-12254)  20.3% 25199/35971 (+10772)  20.4% 25308/35971 (+10664)  20.5% 25525/35971 (+10446)
   450    37.9% 49332/35971 (-13362)   20.7% 26997/35971 (+8974)   20.7% 26997/35971 (+8974)   20.6% 26780/35971 (+9190)
   480     35.4% 44699/35971 (-8728)   21.4% 27058/35971 (+8913)   21.7% 27491/35971 (+8480)   21.5% 27166/35971 (+8805)
   510     34.6% 44730/35971 (-8759)   21.9% 28336/35971 (+7635)   21.6% 28010/35971 (+7961)   21.9% 28336/35971 (+7635)
   540     34.5% 45434/35971 (-9463)   21.9% 28844/35971 (+7127)   22.0% 29061/35971 (+6910)   21.6% 28518/35971 (+7453)
   570    36.8% 51820/35971 (-15850)   21.1% 29705/35971 (+6266)   21.0% 29488/35971 (+6483)   21.1% 29705/35971 (+6266)
   600    36.0% 50080/35971 (-14109)   21.4% 29810/35971 (+6161)   21.2% 29484/35971 (+6486)   21.5% 29918/35971 (+6053)
   630    33.7% 47489/35971 (-11518)   22.2% 31226/35971 (+4745)   22.1% 31117/35971 (+4854)   22.0% 30901/35971 (+5070)
   660    34.2% 48899/35971 (-12928)   21.9% 31334/35971 (+4637)   21.9% 31334/35971 (+4637)   22.0% 31551/35971 (+4420)
   690    33.2% 47587/35971 (-11616)   22.4% 32086/35971 (+3885)   22.1% 31761/35971 (+4210)   22.3% 31978/35971 (+3993)
   720     31.8% 45116/35971 (-9145)   22.7% 32179/35971 (+3792)   22.6% 32070/35971 (+3901)   22.9% 32505/35971 (+3466)
   750    32.5% 46828/35971 (-10857)   22.4% 32303/35971 (+3668)   22.4% 32194/35971 (+3776)   22.7% 32628/35971 (+3343)
   780    32.7% 46947/35971 (-10976)   22.2% 31985/35971 (+3986)   22.5% 32310/35971 (+3661)   22.6% 32527/35971 (+3444)
   810     31.1% 44015/35971 (-8044)   22.8% 32306/35971 (+3664)   23.0% 32523/35971 (+3448)   23.1% 32632/35971 (+3339)
   840    32.7% 47484/35971 (-11513)   22.5% 32740/35971 (+3231)   22.4% 32632/35971 (+3339)   22.4% 32523/35971 (+3448)
   870     30.5% 42793/35971 (-6822)   23.1% 32419/35971 (+3552)   22.9% 32203/35971 (+3768)   23.5% 32959/35971 (+3012)
   900    33.4% 50286/35971 (-14315)   22.0% 33163/35971 (+2808)   22.2% 33380/35971 (+2592)   22.3% 33596/35971 (+2375)
   930     28.7% 42039/35971 (-6068)   23.7% 34761/35971 (+1210)   23.7% 34652/35971 (+1319)    23.9% 34978/35971 (+993)
   960    31.3% 46980/35971 (-11008)   22.6% 33930/35971 (+2041)   23.1% 34582/35971 (+1389)   22.9% 34365/35971 (+1606)
   990    34.0% 53326/35971 (-17355)   21.9% 34250/35971 (+1721)   22.0% 34467/35971 (+1504)   22.1% 34575/35971 (+1396)
   1020   12.9% 15388/35971 (+20583)   29.1% 34629/35971 (+1342)   28.9% 34412/35971 (+1559)   29.0% 34521/35971 (+1450)
   1050   13.0% 15327/35971 (+20644)   28.9% 34023/35971 (+1948)   28.7% 33806/35971 (+2165)   29.3% 34458/35971 (+1513)
   1080   12.9% 15235/35971 (+20736)   28.9% 34061/35971 (+1910)   28.7% 33735/35971 (+2236)   29.5% 34714/35971 (+1257)
   1110   12.8% 15294/35971 (+20677)   29.3% 34928/35971 (+1043)   28.7% 34277/35971 (+1694)   29.2% 34819/35971 (+1152)
   1140   12.8% 15174/35971 (+20797)   29.2% 34575/35971 (+1396)   29.1% 34467/35971 (+1504)   28.9% 34250/35971 (+1721)
   1170   12.9% 15288/35971 (+20683)   28.9% 34262/35971 (+1709)   29.0% 34478/35971 (+1492)   29.2% 34695/35971 (+1276)
   1200   12.9% 15284/35971 (+20687)   29.0% 34471/35971 (+1500)   28.9% 34254/35971 (+1717)   29.2% 34688/35971 (+1283)
   1230   13.1% 15286/35971 (+20685)   28.2% 33065/35971 (+2906)   29.0% 33933/35971 (+2038)   29.7% 34800/35971 (+1171)
   1260   13.1% 15393/35971 (+20578)   29.1% 34146/35971 (+1825)   28.4% 33387/35971 (+2584)   29.4% 34471/35971 (+1500)
   1290   13.0% 15284/35971 (+20687)   29.1% 34146/35971 (+1825)   28.7% 33712/35971 (+2259)   29.2% 34254/35971 (+1717)
   1320   13.0% 15389/35971 (+20582)   29.1% 34463/35971 (+1508)   28.7% 33921/35971 (+2050)   29.1% 34463/35971 (+1508)
   1350   13.0% 15391/35971 (+20580)   29.1% 34467/35971 (+1504)   28.7% 34034/35971 (+1938)   29.3% 34684/35971 (+1287)
   1380   13.0% 15501/35971 (+20470)   29.1% 34796/35971 (+1175)   29.0% 34688/35971 (+1283)   28.9% 34579/35971 (+1392)
   1410   13.1% 15376/35971 (+20595)   28.9% 34034/35971 (+1938)   28.5% 33600/35971 (+2371)   29.5% 34684/35971 (+1287)
   1440   13.0% 15499/35971 (+20472)   28.7% 34250/35971 (+1721)    29.3% 35009/35971 (+962)   29.0% 34684/35971 (+1287)
   1470   12.8% 15174/35971 (+20797)   29.0% 34467/35971 (+1504)   28.8% 34250/35971 (+1721)    29.4% 35009/35971 (+962)
   1500   12.7% 15283/35971 (+20688)   28.9% 34792/35971 (+1179)    29.3% 35334/35971 (+637)    29.1% 35009/35971 (+962)
   1530   12.9% 15339/35971 (+20632)   28.9% 34376/35971 (+1595)   29.2% 34702/35971 (+1268)   28.9% 34376/35971 (+1595)
   1560   12.7% 15082/35971 (+20888)   29.3% 34722/35971 (+1249)   28.8% 34180/35971 (+1791)   29.2% 34614/35971 (+1357)
   1590   13.0% 15289/35971 (+20682)   29.0% 34157/35971 (+1814)   28.7% 33723/35971 (+2248)   29.3% 34482/35971 (+1489)
   1620   13.0% 15281/35971 (+20690)   29.1% 34246/35971 (+1724)   29.0% 34138/35971 (+1833)   29.0% 34138/35971 (+1833)
   1650   12.9% 15389/35971 (+20582)   28.9% 34355/35971 (+1616)   28.8% 34246/35971 (+1724)   29.4% 34897/35971 (+1074)
   1680   13.0% 15396/35971 (+20575)   28.8% 34045/35971 (+1926)   28.8% 34045/35971 (+1926)   29.4% 34695/35971 (+1276)
   1710   13.0% 15286/35971 (+20685)   28.6% 33716/35971 (+2255)   28.9% 34041/35971 (+1930)   29.5% 34800/35971 (+1171)
   1740   12.8% 15288/35971 (+20683)   28.8% 34370/35971 (+1601)   29.0% 34587/35971 (+1384)   29.3% 34912/35971 (+1059)
   1770   12.8% 15289/35971 (+20682)   29.2% 34916/35971 (+1055)   29.2% 34916/35971 (+1055)   28.8% 34374/35971 (+1597)
   1800   13.0% 15394/35971 (+20577)   28.6% 33933/35971 (+2038)   29.3% 34800/35971 (+1171)   29.1% 34475/35971 (+1496)
   1830   13.0% 15396/35971 (+20575)   28.9% 34370/35971 (+1601)   29.0% 34478/35971 (+1492)   29.1% 34587/35971 (+1384)
   1860   13.1% 15504/35971 (+20466)   29.0% 34262/35971 (+1709)   28.7% 33936/35971 (+2035)   29.2% 34587/35971 (+1384)
   1890   12.9% 15288/35971 (+20683)   29.0% 34478/35971 (+1492)   29.1% 34587/35971 (+1384)   28.9% 34370/35971 (+1601)
   1920   12.8% 15286/35971 (+20685)   28.6% 34258/35971 (+1713)   28.9% 34583/35971 (+1388)    29.6% 35450/35971 (+521)
   1950   13.1% 15396/35971 (+20575)   28.7% 33611/35971 (+2360)   28.9% 33936/35971 (+2035)   29.3% 34370/35971 (+1601)
   1980   12.9% 15393/35971 (+20578)   29.1% 34688/35971 (+1283)    29.4% 35013/35971 (+958)   28.6% 34146/35971 (+1825)
   2010   13.0% 15394/35971 (+20577)   28.8% 34041/35971 (+1930)   28.9% 34150/35971 (+1822)   29.2% 34475/35971 (+1496)
   2040   13.1% 15393/35971 (+20578)   28.8% 33929/35971 (+2042)   29.0% 34146/35971 (+1825)   29.1% 34254/35971 (+1717)
   2070   12.9% 15508/35971 (+20463)   28.8% 34595/35971 (+1376)   29.1% 34920/35971 (+1051)    29.2% 35028/35971 (+943)
   2100   13.0% 15394/35971 (+20577)   28.7% 33933/35971 (+2038)   29.1% 34475/35971 (+1496)   29.2% 34583/35971 (+1388)
   2130   12.9% 15203/35971 (+20768)   29.1% 34424/35971 (+1547)   29.1% 34424/35971 (+1547)   28.9% 34206/35971 (+1765)
   2160   13.0% 15391/35971 (+20580)   29.2% 34575/35971 (+1396)   28.6% 33925/35971 (+2046)   29.3% 34684/35971 (+1287)
   2190   12.8% 15289/35971 (+20682)   28.9% 34482/35971 (+1489)   29.0% 34591/35971 (+1380)   29.3% 34916/35971 (+1055)
   2220   12.9% 15393/35971 (+20578)   28.8% 34362/35971 (+1608)   28.9% 34471/35971 (+1500)   29.3% 34904/35971 (+1066)
   2250   12.9% 15272/35971 (+20699)   28.8% 34119/35971 (+1852)   28.9% 34228/35971 (+1744)   29.4% 34769/35971 (+1202)
   2280   12.9% 15396/35971 (+20575)   28.7% 34262/35971 (+1709)   29.2% 34912/35971 (+1059)   29.2% 34804/35971 (+1167)
   2310   12.9% 15284/35971 (+20687)   28.6% 33820/35971 (+2150)   29.4% 34796/35971 (+1175)   29.0% 34254/35971 (+1717)
   2340   13.0% 15429/35971 (+20542)   29.0% 34443/35971 (+1528)   28.5% 33791/35971 (+2180)    29.6% 35095/35971 (+876)
   2370   12.9% 15288/35971 (+20683)   28.9% 34153/35971 (+1818)   29.0% 34262/35971 (+1709)   29.2% 34478/35971 (+1492)
   2400   13.1% 15610/35971 (+20362)   28.7% 34146/35971 (+1825)   28.9% 34471/35971 (+1500)   29.3% 34904/35971 (+1066)
   2430   12.9% 15337/35971 (+20634)   29.3% 34699/35971 (+1272)   28.7% 34046/35971 (+1925)   29.1% 34481/35971 (+1490)
   2460   13.0% 15286/35971 (+20685)   29.5% 34800/35971 (+1171)   28.2% 33282/35971 (+2689)   29.3% 34583/35971 (+1388)
   2490   12.9% 15289/35971 (+20682)   28.8% 34157/35971 (+1814)   29.1% 34482/35971 (+1489)   29.2% 34591/35971 (+1380)
   2520   12.9% 15286/35971 (+20685)   29.2% 34583/35971 (+1388)   28.8% 34150/35971 (+1822)   29.1% 34475/35971 (+1496)
   2550   13.2% 15506/35971 (+20465)   28.8% 33940/35971 (+2031)   29.3% 34482/35971 (+1489)   28.8% 33940/35971 (+2031)
   2580   13.0% 15288/35971 (+20683)   28.9% 34045/35971 (+1926)   28.7% 33828/35971 (+2143)   29.4% 34587/35971 (+1384)
   2610   12.8% 15288/35971 (+20683)   29.3% 34912/35971 (+1059)   28.8% 34370/35971 (+1601)   29.0% 34587/35971 (+1384)
   2640   13.3% 15560/35971 (+20411)   28.8% 33750/35971 (+2221)   28.9% 33860/35971 (+2111)   29.1% 34188/35971 (+1783)
   2670   12.9% 15412/35971 (+20560)   29.2% 34839/35971 (+1132)   29.1% 34730/35971 (+1241)   28.8% 34296/35971 (+1675)
   2700   12.9% 15400/35971 (+20572)    29.3% 35005/35971 (+966)   29.1% 34812/35971 (+1160)   28.7% 34269/35971 (+1702)
   2730   12.9% 15394/35971 (+20577)   28.9% 34583/35971 (+1388)   28.7% 34366/35971 (+1605)    29.5% 35342/35971 (+629)
   2760   12.8% 15288/35971 (+20683)   28.6% 34153/35971 (+1818)   29.0% 34587/35971 (+1384)    29.5% 35238/35971 (+734)
   2790   13.0% 15474/35971 (+20497)   29.0% 34626/35971 (+1345)   29.1% 34734/35971 (+1237)   28.9% 34518/35971 (+1453)
   2820   12.9% 15191/35971 (+20780)   28.5% 33637/35971 (+2334)   29.3% 34505/35971 (+1466)   29.3% 34505/35971 (+1466)
   2850   13.1% 15389/35971 (+20582)   28.9% 34030/35971 (+1941)   29.0% 34246/35971 (+1724)   29.0% 34246/35971 (+1724)
   2880   12.9% 15334/35971 (+20637)   28.8% 34365/35971 (+1606)   29.0% 34582/35971 (+1389)    29.4% 35017/35971 (+954)
   2910   13.0% 15398/35971 (+20573)   28.7% 34157/35971 (+1814)   29.3% 34808/35971 (+1163)   29.0% 34482/35971 (+1489)
   2940   13.0% 15405/35971 (+20566)   29.1% 34389/35971 (+1582)   28.9% 34172/35971 (+1799)   29.0% 34281/35971 (+1690)
   2970   12.9% 15288/35971 (+20683)   29.2% 34695/35971 (+1276)   29.1% 34587/35971 (+1384)   28.8% 34262/35971 (+1709)
   3000   13.1% 15394/35971 (+20577)   29.2% 34366/35971 (+1605)   28.3% 33282/35971 (+2689)   29.3% 34475/35971 (+1496)

 + ACCOUNT MIGRATIONS (cumulative):
 Validator       Donated   Received
 0               215,695          0
 1                     0     72,267
 2                     0     71,844
 3                     0     71,584

 + TPS_TIMELINE_CSV:
timestamp_s,round,v0,v1,v2,v3,lat_mean,lat_p50,lat_p90,lat_p95
1775969157.571,30,3292.3,91.3,105.2,117.4,,,,
1775969166.590,60,30473.8,1042.5,1079.0,1107.1,,,,
1775969175.604,90,46606.4,2281.3,2335.6,2379.7,1773.2,1790.0,1813.0,1813.0
1775969184.611,120,47030.7,3541.9,3573.8,3584.2,1959.2,1975.0,2321.0,2416.0
1775969193.623,150,46286.4,6313.2,6333.4,6208.6,3247.7,2014.0,2495.0,15724.0
1775969202.634,180,46833.6,6829.9,6829.9,6938.3,4130.3,2099.0,18129.0,20436.0
1775969211.645,210,47045.2,10189.5,10081.1,10081.1,4901.5,2178.0,23195.0,25240.0
1775969220.580,240,48162.0,11357.9,11139.5,11139.5,4880.3,2099.0,27300.0,29605.0
1775969229.591,270,44758.8,15064.1,14847.4,15280.9,5743.2,2082.0,32812.0,35018.0
1775969238.602,300,46838.8,16371.9,16263.5,16588.7,5443.0,2074.0,2541.0,39325.0
1775969247.613,330,40441.8,20058.3,20058.3,19841.4,6723.4,2085.0,42934.0,45095.0
1775969256.610,360,47642.7,21330.9,21330.9,21006.1,7086.1,2078.0,46999.0,49105.0
1775969265.625,390,48887.9,24064.6,24498.2,24173.0,7295.4,2071.0,50860.0,53358.0
1775969274.636,420,48225.5,25198.9,25307.5,25524.7,7761.4,2077.0,55361.0,56867.0
1775969283.650,450,49332.5,26997.3,26997.3,26780.5,8285.1,2093.0,58876.0,60389.0
1775969292.689,480,44699.3,27057.7,27490.6,27165.9,7769.7,2064.0,2564.0,63348.0
1775969301.682,510,44729.9,28336.1,28010.4,28336.1,8623.0,2080.0,2667.0,67154.0
1775969310.693,540,45434.3,28843.7,29060.6,28518.4,8844.0,2078.0,2664.0,69862.0
1775969319.677,570,51820.5,29704.6,29487.8,29704.6,10661.4,2093.0,70821.0,71329.0
1775969328.686,600,50080.3,29809.7,29484.5,29918.1,7702.3,2064.0,2525.0,71936.0
1775969337.696,630,47489.3,31225.8,31117.4,30900.6,9793.7,2087.0,71693.0,72049.0
1775969346.730,660,48898.8,31334.3,31334.3,31551.1,7968.7,2088.0,2552.0,71358.0
1775969355.740,690,47587.2,32086.1,31760.9,31977.7,9070.3,2128.0,69810.0,70562.0
1775969364.750,720,45115.7,32178.9,32070.2,32505.1,9180.4,2176.0,68508.0,69104.0
1775969373.761,750,46828.4,32302.9,32194.5,32628.1,9882.8,2209.0,66718.0,67662.0
1775969382.773,780,46947.2,31984.8,32310.1,32526.9,8288.5,2196.0,3884.0,64630.0
1775969391.784,810,44014.9,32306.5,32523.3,32631.7,7842.1,2191.0,4445.0,61191.0
1775969400.794,840,47484.0,32740.1,32631.7,32523.3,7291.9,2206.0,5102.0,55605.0
1775969409.836,870,42793.1,32419.0,32202.9,32959.3,10423.0,2144.0,48952.0,51099.0
1775969418.848,900,50286.0,33162.7,33379.5,33596.2,8770.3,4738.0,17003.0,40788.0
1775969427.821,930,42039.0,34761.0,34652.3,34978.2,6414.6,2219.0,26326.0,31316.0
1775969436.816,960,46979.5,33929.7,34582.1,34364.6,4430.6,2226.0,8099.0,16644.0
1775969445.803,990,53326.4,34250.3,34467.1,34575.4,2994.1,2007.0,7182.0,7486.0
1775969454.815,1020,15387.7,34629.2,34412.1,34520.7,3112.7,1968.0,7838.0,8045.0
1775969463.823,1050,15326.8,34023.3,33805.9,34458.1,5805.9,2491.0,13666.0,15815.0
1775969472.805,1080,15235.0,34061.1,33734.7,34714.1,3405.9,2151.0,8929.0,9430.0
1775969481.808,1110,15294.4,34927.7,34276.9,34819.3,3508.2,2400.0,8492.0,10085.0
1775969490.821,1140,15174.2,34575.4,34467.1,34250.3,3765.2,2435.0,9053.0,10605.0
1775969499.834,1170,15287.6,34261.7,34478.5,34695.4,3735.3,2407.0,9166.0,11067.0
1775969508.848,1200,15284.3,34470.9,34254.1,34687.7,6969.8,3111.0,15509.0,17586.0
1775969517.861,1230,15286.0,33065.4,33932.6,34799.9,3895.1,2116.0,11933.0,12484.0
1775969526.876,1260,15392.7,34145.7,33386.9,34470.9,3930.6,2110.0,12443.0,12994.0
1775969535.890,1290,15284.3,34145.7,33712.1,34254.1,4235.2,2118.0,13410.0,13755.0
1775969544.903,1320,15389.2,34463.2,33921.4,34463.2,4462.9,2121.0,13973.0,14333.0
1775969553.917,1350,15390.9,34467.1,34033.5,34683.8,4255.1,2107.0,14438.0,14843.0
1775969562.932,1380,15501.1,34796.1,34687.7,34579.3,4489.6,2114.0,15200.0,15504.0
1775969571.946,1410,15376.3,34033.5,33600.0,34683.8,4513.6,2115.0,15672.0,16164.0
1775969580.960,1440,15499.3,34250.3,35009.0,34683.8,4644.8,2116.0,15979.0,16622.0
1775969589.975,1470,15174.2,34467.1,34250.3,35009.0,4823.0,2114.0,16542.0,17145.0
1775969598.988,1500,15282.6,34792.2,35334.1,35009.0,4950.3,2112.0,16801.0,17605.0
1775969607.958,1530,15338.7,34376.1,34702.5,34376.1,5049.6,2137.0,17426.0,18221.0
1775969616.970,1560,15082.5,34722.3,34179.8,34613.8,5138.8,2149.0,18231.0,18833.0
1775969625.982,1590,15289.3,34157.0,33723.3,34482.4,5097.9,2150.0,18705.0,19297.0
1775969634.997,1620,15280.9,34246.5,34138.1,34138.1,5404.2,2139.0,19359.0,19870.0
1775969644.010,1650,15389.2,34354.9,34246.5,34896.7,5272.8,2137.0,19777.0,20472.0
1775969653.026,1680,15396.1,34044.8,34044.8,34695.4,5683.5,2154.0,20390.0,21179.0
1775969662.039,1710,15286.0,33715.8,34041.1,34799.9,5580.3,2158.0,21043.0,21946.0
1775969671.049,1740,15287.6,34370.1,34586.9,34912.2,6021.5,2150.0,21656.0,22597.0
1775969680.060,1770,15289.3,34916.1,34916.1,34373.9,5663.8,2144.0,21861.0,23008.0
1775969689.072,1800,15394.4,33932.6,34799.9,34474.7,5848.2,2142.0,22671.0,23722.0
1775969698.085,1830,15396.1,34370.1,34478.5,34586.9,6136.7,2152.0,23330.0,24534.0
1775969707.096,1860,15504.5,34261.7,33936.4,34586.9,6566.2,2149.0,23992.0,25145.0
1775969716.106,1890,15287.6,34478.5,34586.9,34370.1,6738.0,2158.0,24451.0,25800.0
1775969725.118,1920,15286.0,34257.9,34583.1,35450.4,6405.1,2143.0,24987.0,26326.0
1775969734.130,1950,15396.1,33611.1,33936.4,34370.1,6938.2,2170.0,25498.0,26790.0
1775969743.141,1980,15392.7,34687.7,35012.9,34145.7,7057.5,2165.0,26059.0,27603.0
1775969752.152,2010,15394.4,34041.1,34149.5,34474.7,6421.4,2145.0,26269.0,27712.0
1775969761.164,2040,15392.7,33928.9,34145.7,34254.1,6945.3,2144.0,27131.0,28633.0
1775969770.175,2070,15507.9,34594.6,34920.0,35028.4,7038.4,2151.0,27593.0,29292.0
1775969779.186,2100,15394.4,33932.6,34474.7,34583.1,6968.0,2119.0,28024.0,29500.0
1775969788.161,2130,15202.8,34423.6,34423.6,34206.4,7428.0,2138.0,28930.0,30230.0
1775969797.175,2160,15390.9,34575.4,33925.1,34683.8,7498.1,2137.0,29345.0,30892.0
1775969806.187,2190,15289.3,34482.4,34590.8,34916.1,7455.5,2136.0,29908.0,31455.0
1775969815.199,2220,15392.7,34362.5,34470.9,34904.5,7467.6,2132.0,30499.0,32019.0
1775969824.243,2250,15272.4,34119.2,34227.5,34769.1,7695.2,2154.0,30953.0,32711.0
1775969833.254,2280,15396.1,34261.7,34912.2,34803.8,8099.6,2143.0,31423.0,33421.0
1775969842.265,2310,15284.3,33820.5,34796.1,34254.1,7962.1,2106.0,32006.0,34057.0
1775969851.277,2340,15428.6,34442.7,33790.8,35094.6,8342.2,2117.0,32773.0,34515.0
1775969860.289,2370,15287.6,34153.3,34261.7,34478.5,8008.9,2108.0,33291.0,35233.0
1775969869.301,2400,15609.5,34145.7,34470.9,34904.5,8409.0,2111.0,33967.0,35818.0
1775969878.257,2430,15337.0,34698.6,34046.0,34481.1,8327.9,2144.0,34474.0,36327.0
1775969887.268,2460,15286.0,34799.9,33282.2,34583.1,8169.3,2147.0,35084.0,36631.0
1775969896.281,2490,15289.3,34157.0,34482.4,34590.8,8164.9,2136.0,35794.0,37547.0
1775969905.292,2520,15286.0,34583.1,34149.5,34474.7,9212.9,2140.0,36458.0,38201.0
1775969914.304,2550,15506.2,33940.2,34482.4,33940.2,8686.7,2148.0,36967.0,38914.0
1775969923.315,2580,15287.6,34044.8,33828.0,34586.9,9314.3,2138.0,37671.0,39579.0
1775969932.326,2610,15287.6,34912.2,34370.1,34586.9,8670.5,2128.0,38158.0,40073.0
1775969941.212,2640,15560.1,33750.1,33859.7,34188.4,9361.3,2134.0,38862.0,40789.0
1775969950.245,2670,15411.5,34838.6,34730.1,34295.9,9103.1,2142.0,39263.0,41351.0
1775969959.237,2700,15399.5,35004.8,34811.5,34269.3,9275.4,2128.0,39703.0,41807.0
1775969968.252,2730,15394.4,34583.1,34366.3,35342.0,9415.3,2110.0,40419.0,42572.0
1775969977.267,2760,15287.6,34153.3,34586.9,35237.5,10290.8,2148.0,40882.0,43082.0
1775969986.316,2790,15473.6,34626.2,34734.4,34518.0,9641.6,2095.0,41148.0,43643.0
1775969995.327,2820,15191.0,33637.3,34505.3,34505.3,10171.7,2097.0,42155.0,44460.0
1775970004.339,2850,15389.2,34029.7,34246.5,34246.5,9314.2,2104.0,42422.0,44970.0
1775970013.304,2880,15333.6,34364.6,34582.1,35017.1,10478.4,2117.0,42830.0,45735.0
1775970022.308,2910,15397.8,34157.0,34807.7,34482.4,9639.1,2147.0,43233.0,46430.0
1775970031.320,2940,15404.6,34389.2,34172.2,34280.7,11644.1,2178.0,43897.0,47039.0
1775970040.330,2970,15287.6,34695.4,34586.9,34261.7,,,,
1775970049.341,3000,15394.4,34366.3,33282.2,34474.7,,,,

 + MIGRATION_EVENTS_CSV:
timestamp_s,round,n_migrations
1775969166.636,60,0
1775969185.029,120,18520
1775969203.034,180,29367
1775969220.934,240,34329
1775969238.917,300,32672
1775969256.865,360,26993
1775969274.860,420,13340
1775969292.896,480,8600
1775969310.884,540,8096
1775969328.852,600,10509
1775969346.909,660,9131
1775969364.940,720,5773
1775969382.924,780,6367
1775969400.968,840,5856
1775969419.015,900,3766
1775969436.971,960,2376
1775969454.900,1020,0
1775969472.893,1080,0
1775969490.907,1140,0
1775969508.944,1200,0
1775969526.964,1260,0
1775969544.991,1320,0
1775969563.021,1380,0
1775969581.050,1440,0
1775969599.085,1500,0
1775969617.061,1560,0
1775969635.082,1620,0
1775969653.121,1680,0
1775969671.142,1740,0
1775969689.168,1800,0
1775969707.183,1860,0
1775969725.215,1920,0
1775969743.228,1980,0
1775969761.265,2040,0
1775969779.281,2100,0
1775969797.263,2160,0
1775969815.289,2220,0
1775969833.354,2280,0
1775969851.355,2340,0
1775969869.392,2400,0
1775969887.362,2460,0
1775969905.383,2520,0
1775969923.403,2580,0
1775969941.302,2640,0
1775969959.328,2700,0
1775969977.358,2760,0
1775969995.427,2820,0
1775970013.391,2880,0
1775970031.415,2940,0
1775970049.430,3000,0
-----------------------------------------
CMD: LABEL=n4_v_rate_imb99_r120000_run_1 LOCAL_ORCH=0 NODES=4 WORKER_BANDWIDTHS_MBPS=600,600,600,600 RATE_WEIGHTS=297,1,1,1 RATE=120000 DURATION=900 WARMUP=30 IN_MEMORY_STORE=1 fab cloudlab --manifest=manifest.xml --latency=100ms --primary-bw=300mbit --log-dir=/home/zpkhor/narwhal-validator/benchmark/exp/results/tps_timeline_lb_cloud_20260411_235843/n4_v_rate_imb99_r120000_run_1
No dedicated client nodes; using node-21 as client
[92mStarting CloudLab benchmark[0m
All SSH hosts: ['hp078.utah.cloudlab.us', 'hp026.utah.cloudlab.us', 'hp052.utah.cloudlab.us', 'hp091.utah.cloudlab.us', 'hp021.utah.cloudlab.us']
Killing previous processes...
Resetting TCP buffers...
Compiling...
Distributing binaries to 5 machines...
Generating configuration files...
Uploading config files...
Applying TC QoS shaping...
TC QoS applied: primary=300000kbps, worker_bws=[600000, 600000, 600000, 600000]kbps, client=600000kbps
Starting primaries and workers...
Waiting for workers to be ready...
All workers ready.
Starting client...
Running benchmark (900 sec)...
Stopping processes...
Downloading logs...
Parsing logs...
[1m[93mWARN[0m: Clients missed their target rate 21 time(s)

-----------------------------------------
 SUMMARY:
-----------------------------------------
 + CONFIG:
 Committee size: 4 node(s)
 Worker(s) per node: 1 worker(s)
 Input rate: 120,000 tx/s
 Transaction size: 512 B
 Benchmark duration: 900.0 s
 Consensus duration: 856.47 s
 Commit duration: 854.99 s


 + LAST COMMITTED PER VALIDATOR (from primary logs):
 Validator  Time            Round
 0          05:16:39.018     3010
 1          05:16:39.014     3010
 2          05:16:39.018     3010
 3          05:16:38.975     3010
 + RESULTS:
 f+1 Commit latency (workers) (mean): 13,279 ms
 f+1 Commit latency (workers) (p50): 2,196 ms
 f+1 Commit latency (workers) (p90): 59,325 ms
 f+1 Commit latency (workers) (p95): 86,164 ms
 f+1 Commit latency (workers) (p99): 110,428 ms

 Consensus TPS: 102,689 tx/s
 Consensus BPS: 52,576,892 B/s
 Committed TPS: 102,867 tx/s
 Committed BPS: 52,667,904 B/s

 + VALIDATOR LOAD DISTRIBUTION:
 Validator 0: 19,321,949 tx (22.0%)
 Validator 1: 21,174,806 tx (24.1%)
 Validator 2: 23,665,422 tx (26.9%)
 Validator 3: 23,787,976 tx (27.0%)

 + PER-VALIDATOR COMMIT METRICS:
 Validator    TPS (tx/s)    Mean (ms)    p95 (ms)    Misses
 0            22,599        47,865       90,853      21
 1            24,766        12,298       86,652      0
 2            27,679        10,914       78,998      0
 3            27,823        11,178       80,353      0
 Overall      102,867       19,437 (wtd) 83,812 (wtd) 21

 + PER-VALIDATOR QUORUM TIMING (ms):
                    mean            p95             std      
 Validator       delay    lat    delay    lat    delay    lat
 0              14,463     39   22,680    122    9,347     48
 1                 192     31      244    114       35     42
 2                 193     31      244    113       35     42
 3                 192     30      244    113       34     42

 + PER-STAGE LATENCY BREAKDOWN (mean, ms):
   Stage                            All
   Client -> Worker:             10,379
   Worker -> Batch seal:             34
   Batch seal -> Quorum:          3,360
   Quorum -> Processed:              15
   Processed -> Header:             161
   Header -> Certified:             199
   Certified -> Committed:        1,518
   Sum:                          15,665
   (n=)                          63,900

 + CERTIFIED TPS TIMELINE (actual/capacity (spare)):
   round                          V0                          V1                          V2                          V3
   30      99.2% 3515/35971 (+32456)      0.3% 10/35971 (+35961)      0.3% 11/35971 (+35960)       0.2% 9/35971 (+35962)
   60      99.0% 31624/35971 (+4347)     0.3% 105/35971 (+35866)     0.3% 109/35971 (+35862)     0.3% 103/35971 (+35868)
   90      98.4% 43543/35971 (-7572)     0.5% 231/35971 (+35740)     0.5% 232/35971 (+35738)     0.5% 228/35971 (+35743)
   120    97.8% 47329/35971 (-11358)     0.7% 350/35971 (+35621)     0.7% 358/35971 (+35613)     0.7% 353/35971 (+35618)
   150     84.2% 43740/35971 (-7769)    5.3% 2745/35971 (+33226)    5.3% 2735/35971 (+33236)    5.3% 2753/35971 (+33218)
   180    81.9% 46140/35971 (-10169)    6.0% 3392/35971 (+32579)    6.0% 3382/35971 (+32589)    6.0% 3403/35971 (+32568)
   210    67.7% 46875/35971 (-10904)   10.8% 7485/35971 (+28486)   10.7% 7421/35971 (+28550)   10.8% 7482/35971 (+28489)
   240    64.9% 48008/35971 (-12037)   11.6% 8581/35971 (+27390)   11.7% 8689/35971 (+27282)   11.7% 8689/35971 (+27282)
   270    55.6% 49316/35971 (-13345)  15.0% 13332/35971 (+22639)  14.8% 13115/35971 (+22856)  14.7% 13006/35971 (+22965)
   300    52.4% 48026/35971 (-12055)  16.0% 14636/35971 (+21336)  15.8% 14527/35971 (+21444)  15.8% 14527/35971 (+21444)
   330    46.4% 48248/35971 (-12277)  17.9% 18649/35971 (+17322)  17.9% 18649/35971 (+17322)  17.8% 18540/35971 (+17431)
   360    44.8% 48346/35971 (-12375)  18.4% 19837/35971 (+16134)  18.4% 19837/35971 (+16134)  18.5% 19945/35971 (+16026)
   390    41.7% 49002/35971 (-13031)  19.4% 22766/35971 (+13205)  19.4% 22766/35971 (+13205)  19.5% 22875/35971 (+13096)
   420     37.7% 42276/35971 (-6305)  20.8% 23306/35971 (+12665)  20.9% 23414/35971 (+12557)  20.6% 23089/35971 (+12882)
   450     37.5% 44991/35971 (-9020)  20.9% 25151/35971 (+10820)  20.8% 24934/35971 (+11036)  20.8% 25043/35971 (+10928)
   480    38.5% 47836/35971 (-11865)  20.5% 25491/35971 (+10480)  20.5% 25491/35971 (+10480)  20.5% 25491/35971 (+10480)
   510    38.7% 51329/35971 (-15358)   20.5% 27142/35971 (+8829)   20.3% 26923/35971 (+9048)   20.5% 27142/35971 (+8829)
   540     34.3% 42827/35971 (-6856)   22.0% 27540/35971 (+8432)   21.9% 27430/35971 (+8541)   21.8% 27214/35971 (+8757)
   570    35.8% 47019/35971 (-11048)   21.4% 28060/35971 (+7911)   21.5% 28276/35971 (+7695)   21.4% 28060/35971 (+7911)
   600     33.2% 42068/35971 (-6097)   22.3% 28298/35971 (+7673)   22.2% 28190/35971 (+7781)   22.3% 28298/35971 (+7673)
   630    35.9% 48579/35971 (-12608)   21.3% 28844/35971 (+7127)   21.4% 28952/35971 (+7019)   21.3% 28844/35971 (+7127)
   660    34.6% 46064/35971 (-10094)   21.7% 28939/35971 (+7032)   21.9% 29156/35971 (+6815)   21.7% 28939/35971 (+7032)
   690     32.9% 43808/35971 (-7837)   22.0% 29278/35971 (+6694)   22.5% 29928/35971 (+6043)   22.7% 30253/35971 (+5718)
   720    35.7% 48465/35971 (-12494)   21.3% 28949/35971 (+7022)   21.7% 29383/35971 (+6588)   21.3% 28840/35971 (+7130)
   750    36.2% 49628/35971 (-13657)   21.7% 29712/35971 (+6259)   21.0% 28732/35971 (+7239)   21.2% 29059/35971 (+6912)
   780     33.2% 42926/35971 (-6955)   22.1% 28509/35971 (+7462)   22.3% 28834/35971 (+7137)   22.3% 28834/35971 (+7137)
   810     32.8% 42322/35971 (-6351)   22.1% 28469/35971 (+7502)   22.4% 28905/35971 (+7066)   22.7% 29233/35971 (+6738)
   840    36.7% 48557/35971 (-12586)   21.0% 27747/35971 (+8224)   21.1% 27855/35971 (+8116)   21.2% 28072/35971 (+7899)
   870    36.5% 48129/35971 (-12158)   21.3% 28075/35971 (+7896)   21.0% 27750/35971 (+8221)   21.2% 27967/35971 (+8004)
   900    36.2% 48568/35971 (-12597)   21.4% 28729/35971 (+7242)   21.1% 28404/35971 (+7567)   21.3% 28620/35971 (+7350)
   930    36.5% 48454/35971 (-12483)   21.0% 27858/35971 (+8112)   21.2% 28184/35971 (+7787)   21.3% 28292/35971 (+7679)
   960    36.0% 48026/35971 (-12055)   21.2% 28295/35971 (+7676)   21.4% 28512/35971 (+7459)   21.4% 28512/35971 (+7459)
   990    34.9% 46183/35971 (-10212)   21.7% 28620/35971 (+7350)   21.7% 28620/35971 (+7350)   21.7% 28729/35971 (+7242)
   1020   36.1% 47804/35971 (-11833)   21.8% 28834/35971 (+7137)   21.2% 28075/35971 (+7896)   20.9% 27750/35971 (+8221)
   1050   37.4% 50742/35971 (-14771)   21.2% 28732/35971 (+7239)   20.8% 28190/35971 (+7781)   20.7% 28082/35971 (+7889)
   1080   33.7% 47154/35971 (-11183)   21.6% 30243/35971 (+5728)   22.3% 31219/35971 (+4752)   22.3% 31110/35971 (+4860)
   1110   34.0% 48021/35971 (-12050)   22.1% 31219/35971 (+4752)   22.1% 31219/35971 (+4752)   21.8% 30785/35971 (+5186)
   1140   33.2% 46891/35971 (-10920)   22.3% 31478/35971 (+4493)   22.4% 31586/35971 (+4385)   22.2% 31369/35971 (+4602)
   1170   21.2% 25143/35971 (+10828)   26.8% 31783/35971 (+4188)   26.0% 30803/35971 (+5168)   26.0% 30803/35971 (+5168)
   1200     9.4% 9863/35971 (+26108)   30.2% 31757/35971 (+4214)   30.1% 31649/35971 (+4322)   30.3% 31866/35971 (+4105)
   1230     9.5% 9973/35971 (+25998)   29.8% 31219/35971 (+4752)   29.8% 31219/35971 (+4752)   30.8% 32194/35971 (+3776)
   1260     9.5% 9974/35971 (+25997)   30.1% 31656/35971 (+4315)   30.0% 31548/35971 (+4423)   30.4% 31981/35971 (+3990)
   1290     9.3% 9761/35971 (+26210)   29.6% 31236/35971 (+4735)   30.7% 32321/35971 (+3650)   30.5% 32104/35971 (+3867)
   1320    9.6% 10080/35971 (+25891)   29.7% 30999/35971 (+4972)   30.2% 31541/35971 (+4430)   30.5% 31866/35971 (+4105)
   1350     9.4% 9923/35971 (+26048)   30.1% 31646/35971 (+4326)   29.8% 31303/35971 (+4668)   30.6% 32187/35971 (+3784)
   1380     9.5% 9966/35971 (+26005)   29.9% 31306/35971 (+4664)   30.0% 31415/35971 (+4556)   30.5% 31956/35971 (+4015)
   1410    9.6% 10083/35971 (+25888)   29.9% 31226/35971 (+4745)   30.1% 31443/35971 (+4528)   30.4% 31768/35971 (+4203)
   1440     9.6% 9973/35971 (+25998)   30.0% 31327/35971 (+4644)   30.3% 31652/35971 (+4318)   30.1% 31436/35971 (+4535)
   1470     9.6% 9978/35971 (+25993)   30.3% 31562/35971 (+4409)   29.8% 31019/35971 (+4952)   30.2% 31453/35971 (+4518)
   1500     9.5% 9973/35971 (+25998)   29.9% 31436/35971 (+4535)   29.9% 31436/35971 (+4535)   30.7% 32303/35971 (+3668)
   1530    9.7% 10082/35971 (+25889)   30.1% 31331/35971 (+4640)   30.4% 31656/35971 (+4315)   29.8% 31006/35971 (+4966)
   1560     9.5% 9998/35971 (+25973)   30.4% 32060/35971 (+3912)   29.6% 31190/35971 (+4781)   30.5% 32168/35971 (+3803)
   1590     9.4% 9755/35971 (+26216)   30.1% 31215/35971 (+4756)   30.5% 31649/35971 (+4322)   30.0% 31107/35971 (+4864)
   1620    9.6% 10053/35971 (+25918)   30.0% 31541/35971 (+4430)   30.4% 31974/35971 (+3997)   30.0% 31541/35971 (+4430)
   1650    9.7% 10078/35971 (+25893)   29.9% 30992/35971 (+4979)   29.7% 30883/35971 (+5088)   30.7% 31859/35971 (+4112)
   1680    9.7% 10081/35971 (+25890)   30.1% 31110/35971 (+4860)   30.1% 31110/35971 (+4860)   30.2% 31219/35971 (+4752)
   1710    9.6% 10081/35971 (+25890)   30.1% 31436/35971 (+4535)   29.9% 31327/35971 (+4644)   30.4% 31761/35971 (+4210)
   1740     9.5% 9974/35971 (+25997)   30.5% 31873/35971 (+4098)   30.1% 31439/35971 (+4532)   29.9% 31222/35971 (+4749)
   1770     9.6% 9974/35971 (+25997)   30.4% 31656/35971 (+4315)   29.9% 31114/35971 (+4857)   30.1% 31331/35971 (+4640)
   1800     9.6% 9972/35971 (+25999)   30.3% 31432/35971 (+4539)   30.0% 31107/35971 (+4864)   30.1% 31215/35971 (+4756)
   1830     9.7% 9973/35971 (+25998)   30.2% 31219/35971 (+4752)   30.0% 31002/35971 (+4969)   30.1% 31110/35971 (+4860)
   1860     9.5% 9973/35971 (+25998)   30.1% 31544/35971 (+4427)   29.6% 31002/35971 (+4969)   30.8% 32303/35971 (+3668)
   1890     9.6% 9949/35971 (+26022)   29.5% 30677/35971 (+5294)   30.2% 31436/35971 (+4535)   30.7% 31978/35971 (+3993)
   1920     9.6% 9993/35971 (+25978)   29.9% 31281/35971 (+4690)   30.0% 31390/35971 (+4581)   30.5% 31824/35971 (+4146)
   1950    9.8% 10087/35971 (+25884)   29.3% 30290/35971 (+5681)   30.4% 31376/35971 (+4595)   30.5% 31485/35971 (+4486)
   1980     9.5% 9975/35971 (+25996)   30.2% 31768/35971 (+4203)   30.2% 31768/35971 (+4203)   30.1% 31660/35971 (+4312)
   2010     9.6% 9975/35971 (+25996)   30.4% 31660/35971 (+4312)   29.7% 30901/35971 (+5070)   30.2% 31443/35971 (+4528)
   2040    9.8% 10192/35971 (+25779)   30.1% 31443/35971 (+4528)   30.5% 31876/35971 (+4095)   29.7% 31009/35971 (+4962)
   2070    9.6% 10082/35971 (+25889)   30.2% 31764/35971 (+4207)   30.0% 31548/35971 (+4423)   30.3% 31873/35971 (+4098)
   2100     9.7% 9974/35971 (+25997)   29.7% 30464/35971 (+5508)   30.1% 30897/35971 (+5074)   30.5% 31331/35971 (+4640)
   2130     9.6% 9974/35971 (+25997)   30.5% 31548/35971 (+4423)   29.9% 30897/35971 (+5074)   30.0% 31006/35971 (+4966)
   2160    9.7% 10159/35971 (+25812)   29.7% 31117/35971 (+4854)   30.3% 31768/35971 (+4203)   30.3% 31768/35971 (+4203)
   2190     9.5% 9994/35971 (+25977)   29.8% 31176/35971 (+4795)   30.3% 31719/35971 (+4252)   30.4% 31828/35971 (+4143)
   2220    9.6% 10000/35971 (+25971)   30.1% 31523/35971 (+4448)   30.2% 31632/35971 (+4339)   30.1% 31523/35971 (+4448)
   2250     9.6% 9995/35971 (+25976)   29.9% 31180/35971 (+4791)   30.6% 31940/35971 (+4031)   29.9% 31180/35971 (+4791)
   2280     9.5% 9974/35971 (+25997)   30.2% 31873/35971 (+4098)   30.1% 31764/35971 (+4207)   30.1% 31764/35971 (+4207)
   2310    9.6% 10076/35971 (+25895)   29.9% 31299/35971 (+4672)   29.7% 31081/35971 (+4890)   30.7% 32060/35971 (+3912)
   2340     9.6% 9974/35971 (+25997)   30.3% 31548/35971 (+4423)   30.1% 31331/35971 (+4640)   29.9% 31114/35971 (+4857)
   2370     9.6% 9968/35971 (+26002)   30.1% 31331/35971 (+4640)   30.0% 31222/35971 (+4749)   30.3% 31548/35971 (+4423)
   2400     9.6% 9974/35971 (+25997)   29.7% 30897/35971 (+5074)   30.3% 31439/35971 (+4532)   30.4% 31548/35971 (+4423)
   2430     9.7% 9974/35971 (+25997)   30.1% 30897/35971 (+5074)   29.9% 30680/35971 (+5291)   30.4% 31222/35971 (+4749)
   2460     9.5% 9973/35971 (+25998)   30.0% 31652/35971 (+4318)   30.1% 31761/35971 (+4210)   30.3% 31978/35971 (+3993)
   2490     9.5% 9992/35971 (+25979)   29.8% 31278/35971 (+4693)   29.9% 31386/35971 (+4584)   30.7% 32147/35971 (+3824)
   2520     9.6% 9974/35971 (+25997)   29.7% 31006/35971 (+4966)   30.2% 31548/35971 (+4423)   30.5% 31764/35971 (+4207)
   2550     9.6% 9974/35971 (+25997)   30.3% 31331/35971 (+4640)   29.7% 30789/35971 (+5182)   30.4% 31439/35971 (+4532)
   2580     9.6% 9974/35971 (+25997)   30.3% 31548/35971 (+4423)   30.1% 31331/35971 (+4640)   30.0% 31222/35971 (+4749)
   2610     9.5% 9972/35971 (+25999)   29.9% 31324/35971 (+4647)   30.0% 31432/35971 (+4539)   30.7% 32191/35971 (+3780)
   2640     9.5% 9873/35971 (+26098)   29.4% 30704/35971 (+5267)   30.4% 31681/35971 (+4290)   30.7% 32006/35971 (+3965)
   2670     9.5% 9951/35971 (+26020)   30.3% 31631/35971 (+4340)   29.8% 31090/35971 (+4881)   30.3% 31631/35971 (+4340)
   2700    9.7% 10091/35971 (+25880)   29.7% 31033/35971 (+4938)   30.2% 31576/35971 (+4395)   30.4% 31684/35971 (+4287)
   2730     9.7% 9958/35971 (+26013)   29.8% 30568/35971 (+5402)   30.2% 31002/35971 (+4969)   30.3% 31110/35971 (+4860)
   2760     9.5% 9943/35971 (+26028)   30.0% 31358/35971 (+4614)   30.5% 31904/35971 (+4067)   29.9% 31248/35971 (+4723)
   2790    9.8% 10064/35971 (+25907)   29.8% 30670/35971 (+5301)   29.8% 30670/35971 (+5301)   30.6% 31429/35971 (+4542)
   2820     9.4% 9865/35971 (+26106)   29.7% 31006/35971 (+4966)   30.4% 31764/35971 (+4207)   30.4% 31764/35971 (+4207)
   2850    9.7% 10081/35971 (+25890)   30.2% 31544/35971 (+4427)   30.0% 31327/35971 (+4644)   30.1% 31436/35971 (+4535)
   2880     9.4% 9972/35971 (+25999)   30.9% 32624/35971 (+3346)   29.9% 31649/35971 (+4322)   29.7% 31432/35971 (+4539)
   2910    9.6% 10080/35971 (+25891)   30.2% 31541/35971 (+4430)   30.4% 31757/35971 (+4214)   29.8% 31147/35971 (+4824)
   2940     9.5% 9958/35971 (+26013)   30.0% 31436/35971 (+4535)   30.1% 31544/35971 (+4427)   30.4% 31869/35971 (+4102)
   2970    9.7% 10104/35971 (+25868)   29.7% 31071/35971 (+4900)   30.5% 31832/35971 (+4140)   30.1% 31506/35971 (+4465)
   3000    9.6% 10081/35971 (+25890)   29.5% 31002/35971 (+4969)   30.6% 32194/35971 (+3776)   30.3% 31869/35971 (+4102)

 + ACCOUNT MIGRATIONS (cumulative):
 Validator       Donated   Received
 0               229,687          0
 1                     0     76,712
 2                     0     76,191
 3                     0     76,784

 + TPS_TIMELINE_CSV:
timestamp_s,round,v0,v1,v2,v3,lat_mean,lat_p50,lat_p90,lat_p95
1775970103.423,30,3515.3,9.7,11.1,8.6,,,,
1775970112.445,60,31624.4,105.4,109.0,103.1,,,,
1775970121.465,90,43542.6,230.6,232.5,228.2,1650.4,1652.0,1673.0,1673.0
1775970130.419,120,47328.7,349.6,358.3,353.2,1973.9,1975.0,2362.0,2464.0
1775970139.418,150,43739.8,2744.6,2734.6,2753.0,2525.0,1931.0,2274.0,2476.0
1775970148.421,180,46140.3,3392.2,3382.3,3403.3,3888.5,1973.0,2545.0,22112.0
1775970157.432,210,46875.2,7484.9,7420.6,7482.0,4857.1,2008.0,25321.0,27397.0
1775970166.407,240,48008.2,8580.7,8689.3,8689.3,5230.4,2065.0,30105.0,32510.0
1775970175.417,270,49316.1,13331.6,13114.8,13006.4,5976.6,2087.0,35317.0,38124.0
1775970184.427,300,48026.1,14635.5,14527.1,14527.1,6208.0,2064.0,40228.0,42935.0
1775970193.436,330,48248.3,18648.8,18648.8,18540.3,7023.5,2076.0,45840.0,48048.0
1775970202.445,360,48345.9,19837.0,19837.0,19945.4,6947.5,2055.0,2572.0,52209.0
1775970211.454,390,49001.8,22766.3,22766.3,22874.7,7045.6,2067.0,2563.0,56571.0
1775970220.467,420,42275.6,23305.8,23414.2,23089.0,7645.2,2066.0,2558.0,62187.0
1775970229.478,450,44990.6,25151.4,24934.5,25042.9,8127.4,2055.0,2554.0,66941.0
1775970238.536,480,47835.8,25490.7,25490.7,25490.7,8435.3,2075.0,2860.0,69805.0
1775970247.444,510,51328.9,27141.9,26923.0,27141.9,9602.8,2080.0,71887.0,73436.0
1775970256.454,540,42827.1,27539.5,27430.4,27214.2,9831.0,2159.0,2960.0,79202.0
1775970265.465,570,47019.1,28059.8,28276.4,28059.8,8352.7,2012.0,2463.0,80614.0
1775970274.475,600,42068.1,28298.4,28190.0,28298.4,9854.5,2026.0,2521.0,83624.0
1775970283.486,630,48578.9,28843.7,28952.2,28843.7,11182.6,2038.0,84986.0,85833.0
1775970292.499,660,46064.5,28939.3,29156.1,28939.3,8531.8,2019.0,2489.0,88043.0
1775970301.509,690,43807.8,29277.5,29928.1,30253.4,10588.2,2077.0,2809.0,89409.0
1775970310.522,720,48465.1,28949.0,29382.6,28840.5,3152.2,2224.0,2882.0,3230.0
1775970319.525,750,49628.2,29711.6,28732.1,29058.6,2468.0,2316.0,3698.0,3998.0
1775970328.447,780,42926.0,28508.9,28834.1,28834.1,25737.8,2657.0,96852.0,101304.0
1775970337.441,810,42321.8,28469.0,28905.3,29232.6,14774.4,2523.0,89772.0,90420.0
1775970346.455,840,48557.4,27747.1,27855.4,28072.2,14477.0,2530.0,87382.0,88276.0
1775970355.467,870,48129.1,28075.3,27750.1,27966.9,14056.7,2514.0,85498.0,86245.0
1775970364.477,900,48568.1,28728.9,28403.7,28620.5,13373.7,2507.0,82308.0,83357.0
1775970373.488,930,48454.3,27858.5,28183.7,28292.1,12616.7,2517.0,78574.0,80369.0
1775970382.501,960,48026.1,28295.3,28512.1,28512.1,14267.7,2553.0,75286.0,76930.0
1775970391.512,990,46183.1,28620.5,28620.5,28728.9,14551.2,2557.0,69546.0,72041.0
1775970400.525,1020,47803.9,28834.1,28075.3,27750.1,13600.4,2542.0,62359.0,64855.0
1775970409.538,1050,50742.0,28732.1,28190.0,28081.6,11036.9,2562.0,50123.0,55264.0
1775970418.550,1080,47153.6,30243.3,31218.9,31110.5,10666.4,2555.0,40185.0,44221.0
1775970427.564,1110,48020.7,31218.9,31218.9,30785.3,10310.9,5817.0,24494.0,29842.0
1775970436.589,1140,46890.8,31477.6,31586.2,31369.1,6171.2,2198.0,21937.0,22426.0
1775970445.603,1170,25143.4,31783.0,30803.4,30803.4,6340.1,2087.0,23323.0,23728.0
1775970454.613,1200,9863.2,31757.4,31649.0,31865.8,6617.5,2077.0,24743.0,25187.0
1775970463.625,1230,9972.7,31218.9,31218.9,32194.5,6821.7,2081.0,26202.0,26602.0
1775970472.638,1260,9973.8,31656.0,31547.6,31981.2,7130.8,2102.0,27807.0,28166.0
1775970481.628,1290,9761.3,31236.2,32320.8,32103.9,7383.3,2135.0,29327.0,29828.0
1775970490.640,1320,10080.0,30998.7,31540.6,31865.8,7678.8,2128.0,31034.0,31539.0
1775970499.652,1350,9923.0,31645.5,31303.1,32187.4,8150.7,2133.0,32505.0,33108.0
1775970508.671,1380,9966.1,31306.5,31414.8,31956.4,8292.1,2114.0,34069.0,34668.0
1775970517.683,1410,10083.3,31225.8,31442.7,31768.0,8858.6,2124.0,35737.0,36338.0
1775970526.696,1440,9972.7,31327.3,31652.5,31435.7,8949.4,2105.0,37395.0,38038.0
1775970535.702,1470,9978.2,31561.6,31019.3,31453.2,9285.3,2083.0,38803.0,39448.0
1775970544.716,1500,9972.7,31435.7,31435.7,32302.9,9956.7,2076.0,40618.0,41311.0
1775970553.728,1530,10082.2,31330.8,31656.0,31005.5,9856.3,2088.0,42121.0,42813.0
1775970562.707,1560,9998.2,32059.5,31190.1,32168.2,10183.4,2072.0,43585.0,44156.0
1775970571.720,1590,9754.8,31215.4,31649.0,31107.1,10871.7,2084.0,45062.0,45812.0
1775970580.733,1620,10053.4,31540.6,31974.2,31540.6,10011.5,2074.0,46610.0,47609.0
1775970589.751,1650,10077.8,30991.8,30883.4,31858.7,11440.5,2070.0,48695.0,49350.0
1775970598.762,1680,10081.1,31110.5,31110.5,31218.9,10924.3,2062.0,50059.0,50854.0
1775970607.809,1710,10081.1,31435.7,31327.3,31760.9,12170.3,2061.0,51766.0,52662.0
1775970616.783,1740,9973.8,31872.8,31439.2,31222.4,12459.5,2057.0,53383.0,54031.0
1775970625.797,1770,9973.8,31656.0,31114.0,31330.8,12454.6,2057.0,54741.0,55495.0
1775970634.809,1800,9971.6,31432.2,31107.1,31215.4,12939.1,2064.0,56801.0,57499.0
1775970643.822,1830,9972.7,31218.9,31002.1,31110.5,12927.2,2062.0,58070.0,58874.0
1775970652.834,1860,9972.7,31544.1,31002.1,32302.9,13352.7,2048.0,59635.0,60185.0
1775970661.838,1890,9949.0,30676.9,31435.7,31977.7,13531.3,2135.0,61379.0,62147.0
1775970670.861,1920,9992.7,31281.4,31390.0,31824.5,13908.3,2104.0,62740.0,63646.0
1775970679.861,1950,10087.2,30290.4,31376.0,31484.6,14949.8,2090.0,64306.0,65701.0
1775970688.873,1980,9974.9,31768.0,31768.0,31659.5,14209.3,2078.0,66012.0,67159.0
1775970697.883,2010,9974.9,31659.5,30900.6,31442.7,14927.2,2090.0,67525.0,68668.0
1775970706.895,2040,10191.8,31442.7,31876.4,31009.0,16304.1,2099.0,69483.0,70230.0
1775970715.906,2070,10082.2,31764.4,31547.6,31872.8,15559.8,2066.0,70746.0,71655.0
1775970724.919,2100,9973.8,30463.5,30897.1,31330.8,15060.8,2056.0,72257.0,74106.0
1775970733.932,2130,9973.8,31547.6,30897.1,31005.5,15987.6,2086.0,73753.0,75263.0
1775970742.944,2160,10158.8,31117.4,31768.0,31768.0,16879.9,2102.0,75621.0,77128.0
1775970751.956,2190,9993.8,31176.2,31719.4,31828.0,17108.5,2110.0,77249.0,78851.0
1775970760.944,2220,10000.4,31523.1,31631.8,31523.1,18134.5,2179.0,78824.0,80457.0
1775970769.898,2250,9994.9,31179.7,31940.2,31179.7,16650.8,2277.0,80255.0,82133.0
1775970778.909,2280,9973.8,31872.8,31764.4,31764.4,17897.5,2122.0,81808.0,83504.0
1775970787.919,2310,10075.6,31298.8,31081.4,32059.5,17635.7,2109.0,83065.0,85166.0
1775970796.930,2340,9973.8,31547.6,31330.8,31114.0,19130.8,2111.0,84983.0,86877.0
1775970805.943,2370,9968.5,31330.8,31222.4,31547.6,18334.7,2126.0,86443.0,88438.0
1775970814.955,2400,9973.8,30897.1,31439.2,31547.6,19415.1,2135.0,88453.0,90248.0
1775970823.968,2430,9973.8,30897.1,30680.3,31222.4,18707.4,2126.0,89667.0,91715.0
1775970832.979,2460,9972.7,31652.5,31760.9,31977.7,20877.8,2125.0,91204.0,93774.0
1775970841.990,2490,9991.6,31277.9,31386.5,32146.7,19297.1,2125.0,92562.0,93112.0
1775970851.004,2520,9973.8,31005.5,31547.6,31764.4,20626.7,2115.0,94373.0,96773.0
1775970860.017,2550,9973.8,31330.8,30788.7,31439.2,21177.9,2126.0,96134.0,98586.0
1775970869.029,2580,9973.8,31547.6,31330.8,31222.4,21162.5,2107.0,97595.0,100241.0
1775970878.042,2610,9971.6,31323.8,31432.2,32190.9,21651.8,2117.0,99063.0,101850.0
1775970887.054,2640,9873.1,30704.2,31680.6,32006.1,21497.4,2090.0,100819.0,103620.0
1775970896.070,2670,9950.8,31631.4,31089.8,31631.4,22079.8,2197.0,102378.0,105128.0
1775970905.082,2700,10091.2,31033.1,31575.6,31684.1,23121.9,2338.0,104194.0,106787.0
1775970913.994,2730,9957.7,30568.5,31002.1,31110.5,22045.2,2142.0,105376.0,108176.0
1775970923.005,2760,9942.6,31357.5,31903.8,31248.3,22595.8,2138.0,107251.0,110047.0
1775970932.017,2790,10063.8,30670.1,30670.1,31428.7,23310.7,2128.0,108762.0,111459.0
1775970941.028,2820,9865.4,31005.5,31764.4,31764.4,24032.0,2132.0,110478.0,113671.0
1775970950.040,2850,10081.1,31544.1,31327.3,31435.7,24081.2,2133.0,111991.0,115185.0
1775970959.054,2880,9971.6,32624.5,31649.0,31432.2,23941.4,2135.0,113396.0,116396.0
1775970968.070,2910,10080.0,31540.6,31757.4,31147.4,24351.3,2133.0,114813.0,118010.0
1775970977.083,2940,9958.2,31435.7,31544.1,31869.3,22043.8,2103.0,116320.0,119576.0
1775970986.099,2970,10103.5,31071.1,31831.5,31505.6,,,,
1775970995.112,3000,10081.1,31002.1,32194.5,31869.3,,,,

 + MIGRATION_EVENTS_CSV:
timestamp_s,round,n_migrations
1775970112.488,60,0
1775970130.826,120,18230
1775970148.822,180,32201
1775970166.758,240,36346
1775970184.749,300,32289
1775970202.723,360,20762
1775970220.685,420,13064
1775970238.740,480,12064
1775970256.643,540,4778
1775970274.662,600,5159
1775970292.699,660,7290
1775970310.712,720,8283
1775970328.613,780,4787
1775970346.617,840,7281
1775970364.619,900,7304
1775970382.648,960,6130
1775970400.652,1020,5218
1775970418.681,1080,4464
1775970436.725,1140,4037
1775970454.698,1200,0
1775970472.718,1260,0
1775970490.719,1320,0
1775970508.751,1380,0
1775970526.785,1440,0
1775970544.802,1500,0
1775970562.794,1560,0
1775970580.819,1620,0
1775970598.849,1680,0
1775970616.862,1740,0
1775970634.887,1800,0
1775970652.913,1860,0
1775970670.946,1920,0
1775970688.953,1980,0
1775970706.979,2040,0
1775970725.000,2100,0
1775970743.024,2160,0
1775970761.024,2220,0
1775970778.994,2280,0
1775970797.010,2340,0
1775970815.036,2400,0
1775970833.066,2460,0
1775970851.084,2520,0
1775970869.110,2580,0
1775970887.134,2640,0
1775970905.164,2700,0
1775970923.063,2760,0
1775970941.109,2820,0
1775970959.138,2880,0
1775970977.168,2940,0
1775970995.201,3000,0
-----------------------------------------
CMD: LABEL=n4_v_rate_imb60_r120000_run_1 LOCAL_ORCH=0 NODES=4 WORKER_BANDWIDTHS_MBPS=600,600,600,600 RATE_WEIGHTS=4.5,1,1,1 RATE=120000 DURATION=900 WARMUP=30 IN_MEMORY_STORE=1 fab cloudlab --manifest=manifest.xml --latency=100ms --primary-bw=300mbit --log-dir=/home/zpkhor/narwhal-validator/benchmark/exp/results/tps_timeline_lb_cloud_20260411_235843/n4_v_rate_imb60_r120000_run_1
No dedicated client nodes; using node-21 as client
[92mStarting CloudLab benchmark[0m
All SSH hosts: ['hp078.utah.cloudlab.us', 'hp026.utah.cloudlab.us', 'hp052.utah.cloudlab.us', 'hp091.utah.cloudlab.us', 'hp021.utah.cloudlab.us']
Killing previous processes...
Resetting TCP buffers...
Compiling...
Distributing binaries to 5 machines...
Generating configuration files...
Uploading config files...
Applying TC QoS shaping...
TC QoS applied: primary=300000kbps, worker_bws=[600000, 600000, 600000, 600000]kbps, client=600000kbps
Starting primaries and workers...
Waiting for workers to be ready...
All workers ready.
Starting client...
Running benchmark (900 sec)...
Stopping processes...
Downloading logs...
Parsing logs...

-----------------------------------------
 SUMMARY:
-----------------------------------------
 + CONFIG:
 Committee size: 4 node(s)
 Worker(s) per node: 1 worker(s)
 Input rate: 120,000 tx/s
 Transaction size: 512 B
 Benchmark duration: 900.0 s
 Consensus duration: 856.96 s
 Commit duration: 855.0 s


 + LAST COMMITTED PER VALIDATOR (from primary logs):
 Validator  Time            Round
 0          05:32:22.042     3010
 1          05:32:22.055     3010
 2          05:32:22.090     3010
 3          05:32:22.061     3010
 + RESULTS:
 f+1 Commit latency (workers) (mean): 2,707 ms
 f+1 Commit latency (workers) (p50): 2,120 ms
 f+1 Commit latency (workers) (p90): 2,540 ms
 f+1 Commit latency (workers) (p95): 4,350 ms
 f+1 Commit latency (workers) (p99): 19,879 ms

 Consensus TPS: 114,366 tx/s
 Consensus BPS: 58,555,186 B/s
 Committed TPS: 114,628 tx/s
 Committed BPS: 58,689,487 B/s

 + VALIDATOR LOAD DISTRIBUTION:
 Validator 0: 21,920,949 tx (22.4%)
 Validator 1: 24,775,364 tx (25.3%)
 Validator 2: 25,433,264 tx (26.0%)
 Validator 3: 25,876,822 tx (26.4%)

 + PER-VALIDATOR COMMIT METRICS:
 Validator    TPS (tx/s)    Mean (ms)    p95 (ms)    Misses
 0            25,639        5,730        22,391      0
 1            28,977        2,402        2,734       0
 2            29,747        2,388        2,693       0
 3            30,265        2,035        2,447       0
 Overall      114,628       3,046 (wtd)  7,044 (wtd) 0

 + PER-VALIDATOR QUORUM TIMING (ms):
                    mean            p95             std      
 Validator       delay    lat    delay    lat    delay    lat
 0               3,794     34   20,390    111    6,792     43
 1                 192     27      239    107       28     39
 2                 193     27      240    107       28     39
 3                 191     27      237    106       28     39

 + PER-STAGE LATENCY BREAKDOWN (mean, ms):
   Stage                            All
   Client -> Worker:                 41
   Worker -> Batch seal:             24
   Batch seal -> Quorum:          1,031
   Quorum -> Processed:              15
   Processed -> Header:             161
   Header -> Certified:             199
   Certified -> Committed:        1,545
   Sum:                           3,016
   (n=)                          64,655

 + CERTIFIED TPS TIMELINE (actual/capacity (spare)):
   round                          V0                          V1                          V2                          V3
   30      56.1% 1732/35971 (+34239)    11.8% 364/35971 (+35607)    15.2% 469/35971 (+35502)    16.8% 519/35971 (+35452)
   60     59.4% 19395/35971 (+16576)   12.9% 4212/35971 (+31759)   13.8% 4493/35971 (+31478)   14.0% 4558/35971 (+31413)
   90      59.1% 40125/35971 (-4154)   13.4% 9110/35971 (+26861)   13.6% 9218/35971 (+26753)   13.9% 9435/35971 (+26536)
   120    52.2% 46937/35971 (-10966)  15.8% 14200/35971 (+21771)  16.0% 14417/35971 (+21554)  16.0% 14417/35971 (+21554)
   150     44.8% 43803/35971 (-7832)  18.4% 17998/35971 (+17973)  18.5% 18107/35971 (+17864)  18.3% 17890/35971 (+18081)
   180    45.9% 47696/35971 (-11725)  18.1% 18753/35971 (+17218)  18.0% 18645/35971 (+17326)  18.1% 18753/35971 (+17218)
   210    43.2% 46395/35971 (-10424)  18.9% 20271/35971 (+15700)  19.1% 20487/35971 (+15484)  18.9% 20271/35971 (+15700)
   240     40.8% 42916/35971 (-6946)  19.7% 20700/35971 (+15271)  19.8% 20808/35971 (+15163)  19.7% 20700/35971 (+15271)
   270    41.3% 48758/35971 (-12787)  19.6% 23079/35971 (+12892)  19.5% 22970/35971 (+13001)  19.7% 23187/35971 (+12784)
   300    40.0% 47717/35971 (-11746)  20.1% 23967/35971 (+12004)  20.0% 23858/35971 (+12113)  19.8% 23642/35971 (+12330)
   330    37.5% 47370/35971 (-11399)   20.8% 26341/35971 (+9630)   20.8% 26233/35971 (+9738)   20.9% 26449/35971 (+9522)
   360    37.4% 48422/35971 (-12451)   20.8% 26973/35971 (+8998)   21.0% 27190/35971 (+8781)   20.8% 26973/35971 (+8998)
   390    34.8% 46860/35971 (-10889)   21.7% 29179/35971 (+6792)   21.8% 29287/35971 (+6684)   21.7% 29179/35971 (+6792)
   420     32.8% 44015/35971 (-8044)   22.2% 29813/35971 (+6158)   22.4% 30030/35971 (+5941)   22.6% 30247/35971 (+5724)
   450    33.7% 48232/35971 (-12261)   22.1% 31541/35971 (+4430)   22.1% 31649/35971 (+4322)   22.1% 31541/35971 (+4430)
   480    32.4% 45971/35971 (-10000)   22.5% 31985/35971 (+3986)   22.4% 31876/35971 (+4095)   22.7% 32202/35971 (+3769)
   510     31.9% 45892/35971 (-9921)   22.9% 32951/35971 (+3020)   22.6% 32516/35971 (+3455)   22.7% 32625/35971 (+3346)
   540    34.8% 52694/35971 (-16723)   21.8% 32961/35971 (+3010)   21.8% 32961/35971 (+3010)   21.6% 32744/35971 (+3227)
   570    19.0% 23655/35971 (+12316)   26.8% 33420/35971 (+2551)   27.1% 33746/35971 (+2225)   27.2% 33854/35971 (+2117)
   600    18.3% 22774/35971 (+13197)   27.1% 33727/35971 (+2244)   27.3% 33944/35971 (+2027)   27.2% 33836/35971 (+2136)
   630    18.2% 22544/35971 (+13426)   27.5% 34142/35971 (+1829)   27.1% 33600/35971 (+2371)   27.2% 33817/35971 (+2154)
   660    18.6% 22978/35971 (+12993)   27.1% 33600/35971 (+2371)   27.1% 33492/35971 (+2479)   27.2% 33708/35971 (+2263)
   690    18.3% 22875/35971 (+13096)   26.9% 33607/35971 (+2364)   27.5% 34366/35971 (+1605)   27.2% 33933/35971 (+2038)
   720    18.4% 22875/35971 (+13096)   26.9% 33391/35971 (+2580)   27.2% 33824/35971 (+2147)   27.4% 34041/35971 (+1930)
   750    18.5% 23001/35971 (+12970)   27.2% 33850/35971 (+2120)   27.2% 33959/35971 (+2012)   27.2% 33850/35971 (+2120)
   780    18.5% 22913/35971 (+13058)   27.1% 33663/35971 (+2308)   27.3% 33881/35971 (+2090)   27.1% 33663/35971 (+2308)
   810    18.3% 22875/35971 (+13096)   27.3% 34150/35971 (+1822)   27.1% 33933/35971 (+2038)   27.3% 34150/35971 (+1822)
   840    18.3% 22820/35971 (+13151)   27.2% 33902/35971 (+2070)   27.2% 33902/35971 (+2070)   27.2% 33792/35971 (+2179)
   870    18.5% 22844/35971 (+13127)   27.2% 33671/35971 (+2300)   27.4% 33888/35971 (+2084)   26.9% 33346/35971 (+2625)
   900    18.4% 22986/35971 (+12985)   27.2% 33936/35971 (+2035)   27.4% 34153/35971 (+1818)   27.0% 33611/35971 (+2360)
   930    18.5% 23004/35971 (+12967)   27.2% 33746/35971 (+2225)   27.1% 33637/35971 (+2334)   27.2% 33746/35971 (+2225)
   960    18.5% 22988/35971 (+12983)   27.2% 33832/35971 (+2139)   27.2% 33832/35971 (+2139)   27.1% 33723/35971 (+2248)
   990    18.5% 22986/35971 (+12985)   27.4% 34045/35971 (+1926)   27.0% 33611/35971 (+2360)   27.2% 33828/35971 (+2143)
   1020   18.5% 23097/35971 (+12874)   27.1% 33940/35971 (+2031)   27.2% 34049/35971 (+1922)   27.1% 33940/35971 (+2031)
   1050   18.3% 22771/35971 (+13200)   27.2% 33832/35971 (+2139)   27.5% 34157/35971 (+1814)   27.0% 33615/35971 (+2356)
   1080   18.4% 22880/35971 (+13091)   27.3% 33940/35971 (+2031)   27.1% 33723/35971 (+2248)   27.1% 33723/35971 (+2248)
   1110   18.4% 22978/35971 (+12993)   27.1% 33817/35971 (+2154)   27.2% 33925/35971 (+2046)   27.3% 34034/35971 (+1938)
   1140   18.3% 22774/35971 (+13197)   27.3% 33902/35971 (+2069)   27.1% 33619/35971 (+2352)   27.3% 33836/35971 (+2136)
   1170   18.4% 22951/35971 (+13020)   27.0% 33611/35971 (+2360)   27.3% 34046/35971 (+1925)   27.2% 33937/35971 (+2034)
   1200   18.3% 22696/35971 (+13275)   27.3% 33828/35971 (+2144)   27.1% 33611/35971 (+2360)   27.4% 33936/35971 (+2035)
   1230   18.5% 22986/35971 (+12985)   27.1% 33712/35971 (+2259)   27.1% 33712/35971 (+2259)   27.2% 33822/35971 (+2149)
   1260   18.5% 22983/35971 (+12988)   27.1% 33716/35971 (+2255)   27.2% 33824/35971 (+2147)   27.1% 33716/35971 (+2255)
   1290   18.5% 22983/35971 (+12988)   27.2% 33716/35971 (+2255)   27.2% 33716/35971 (+2255)   27.2% 33716/35971 (+2255)
   1320   18.5% 22986/35971 (+12985)   27.4% 34045/35971 (+1926)   27.1% 33720/35971 (+2251)   27.1% 33720/35971 (+2251)
   1350   18.5% 22981/35971 (+12990)   27.1% 33604/35971 (+2367)   27.2% 33712/35971 (+2259)   27.1% 33604/35971 (+2367)
   1380   18.2% 22782/35971 (+13190)   27.3% 34064/35971 (+1907)   27.1% 33847/35971 (+2124)   27.4% 34172/35971 (+1799)
   1410   18.3% 22877/35971 (+13094)   27.3% 34153/35971 (+1818)   27.2% 34045/35971 (+1926)   27.1% 33936/35971 (+2035)
   1440   18.3% 22660/35971 (+13311)   27.3% 33720/35971 (+2251)   27.3% 33720/35971 (+2251)   27.2% 33611/35971 (+2360)
   1470   18.5% 23032/35971 (+12939)   27.2% 33896/35971 (+2075)   27.2% 34004/35971 (+1967)   27.2% 33896/35971 (+2075)
   1500   18.4% 22829/35971 (+13142)   27.2% 33757/35971 (+2214)   27.3% 33973/35971 (+1998)   27.2% 33757/35971 (+2214)
   1530   18.2% 22681/35971 (+13290)   27.1% 33750/35971 (+2222)   27.4% 34075/35971 (+1896)   27.3% 33967/35971 (+2004)
   1560   18.3% 22900/35971 (+13071)   27.4% 34296/35971 (+1675)   27.2% 34079/35971 (+1892)   27.1% 33862/35971 (+2109)
   1590   18.4% 22986/35971 (+12985)   27.3% 34045/35971 (+1926)   27.1% 33828/35971 (+2143)   27.2% 33936/35971 (+2035)
   1620   18.4% 22858/35971 (+13113)   27.4% 34014/35971 (+1957)   27.1% 33686/35971 (+2285)   27.2% 33795/35971 (+2176)
   1650   18.4% 22792/35971 (+13179)   27.3% 33806/35971 (+2165)   27.1% 33588/35971 (+2383)   27.2% 33697/35971 (+2274)
   1680   18.3% 22814/35971 (+13157)   27.5% 34330/35971 (+1641)   27.1% 33896/35971 (+2075)   27.1% 33896/35971 (+2075)
   1710   18.3% 22852/35971 (+13118)   27.2% 34061/35971 (+1910)   27.2% 33952/35971 (+2019)   27.3% 34170/35971 (+1801)
   1740   18.4% 22988/35971 (+12983)   27.3% 34049/35971 (+1922)   27.2% 33940/35971 (+2031)   27.1% 33832/35971 (+2139)
   1770   18.1% 22550/35971 (+13422)   27.3% 34041/35971 (+1930)   27.4% 34150/35971 (+1822)   27.2% 33824/35971 (+2147)
   1800   18.3% 22875/35971 (+13096)   27.4% 34150/35971 (+1822)   27.1% 33824/35971 (+2147)   27.1% 33824/35971 (+2147)
   1830   18.3% 22875/35971 (+13096)   27.1% 33824/35971 (+2147)   27.2% 33933/35971 (+2038)   27.3% 34041/35971 (+1930)
   1860   18.4% 22764/35971 (+13207)   27.0% 33495/35971 (+2476)   27.3% 33820/35971 (+2150)   27.4% 33929/35971 (+2042)
   1890   18.4% 22766/35971 (+13205)   27.2% 33716/35971 (+2255)   27.1% 33607/35971 (+2364)   27.3% 33824/35971 (+2147)
   1920   18.6% 23092/35971 (+12880)   27.2% 33824/35971 (+2147)   27.1% 33716/35971 (+2255)   27.1% 33716/35971 (+2255)
   1950   18.5% 23009/35971 (+12962)   27.5% 34187/35971 (+1784)   27.0% 33645/35971 (+2326)   27.0% 33645/35971 (+2326)
   1980   18.4% 22983/35971 (+12988)   27.3% 34041/35971 (+1930)   27.2% 33933/35971 (+2038)   27.2% 33933/35971 (+2038)
   2010   18.5% 22990/35971 (+12982)   27.0% 33558/35971 (+2413)   27.0% 33558/35971 (+2413)   27.4% 33994/35971 (+1977)
   2040   18.5% 22986/35971 (+12985)   27.0% 33503/35971 (+2468)   27.3% 33828/35971 (+2143)   27.2% 33720/35971 (+2251)
   2070   18.4% 22951/35971 (+13020)   27.3% 34046/35971 (+1925)   27.4% 34155/35971 (+1816)   26.8% 33393/35971 (+2578)
   2100   18.3% 22766/35971 (+13205)   27.1% 33607/35971 (+2364)   27.3% 33933/35971 (+2038)   27.3% 33933/35971 (+2038)
   2130   18.5% 23048/35971 (+12923)   27.2% 33869/35971 (+2102)   27.0% 33652/35971 (+2319)   27.2% 33869/35971 (+2102)
   2160   18.6% 23205/35971 (+12766)   27.2% 33940/35971 (+2031)   27.1% 33832/35971 (+2139)   27.1% 33832/35971 (+2139)
   2190   18.4% 22872/35971 (+13099)   27.2% 33929/35971 (+2042)   27.2% 33929/35971 (+2042)   27.2% 33820/35971 (+2150)
   2220   18.5% 23081/35971 (+12890)   27.3% 34134/35971 (+1837)   27.2% 33918/35971 (+2053)   27.0% 33701/35971 (+2270)
   2250   18.5% 22973/35971 (+12998)   27.0% 33484/35971 (+2487)   27.1% 33592/35971 (+2378)   27.4% 34026/35971 (+1945)
   2280   18.3% 22761/35971 (+13210)   27.2% 33817/35971 (+2154)   27.3% 33925/35971 (+2046)   27.1% 33708/35971 (+2263)
   2310   18.4% 22867/35971 (+13104)   27.3% 34030/35971 (+1941)   27.1% 33705/35971 (+2266)   27.2% 33921/35971 (+2050)
   2340   18.4% 22900/35971 (+13071)   27.1% 33753/35971 (+2218)   27.3% 34079/35971 (+1892)   27.2% 33970/35971 (+2001)
   2370   18.5% 23011/35971 (+12960)   27.2% 33866/35971 (+2105)   27.2% 33866/35971 (+2105)   27.0% 33540/35971 (+2431)
   2400   18.3% 22774/35971 (+13197)   27.4% 34052/35971 (+1919)   27.3% 33944/35971 (+2027)   27.0% 33619/35971 (+2352)
   2430   18.3% 22660/35971 (+13311)   27.1% 33611/35971 (+2360)   27.1% 33611/35971 (+2360)   27.4% 33936/35971 (+2035)
   2460   18.4% 22877/35971 (+13094)   27.2% 33828/35971 (+2143)   27.1% 33611/35971 (+2360)   27.3% 33936/35971 (+2035)
   2490   18.4% 22784/35971 (+13187)   27.1% 33634/35971 (+2338)   27.3% 33850/35971 (+2120)   27.3% 33850/35971 (+2120)
   2520   18.4% 22769/35971 (+13202)   27.1% 33611/35971 (+2360)   27.3% 33828/35971 (+2143)   27.2% 33720/35971 (+2251)
   2550   18.3% 22890/35971 (+13081)   27.2% 33955/35971 (+2016)   27.1% 33847/35971 (+2124)   27.3% 34064/35971 (+1907)
   2580   18.3% 22875/35971 (+13096)   27.4% 34150/35971 (+1822)   27.3% 34041/35971 (+1930)   27.0% 33607/35971 (+2364)
   2610   18.5% 22983/35971 (+12988)   27.1% 33607/35971 (+2364)   27.2% 33716/35971 (+2255)   27.2% 33824/35971 (+2147)
   2640   18.3% 22691/35971 (+13280)   27.3% 33873/35971 (+2098)   27.3% 33873/35971 (+2098)   27.2% 33764/35971 (+2206)
   2670   18.4% 22822/35971 (+13149)   27.2% 33798/35971 (+2173)   27.5% 34233/35971 (+1738)   26.9% 33472/35971 (+2499)
   2700   18.5% 22909/35971 (+13062)   27.0% 33392/35971 (+2580)   27.1% 33500/35971 (+2471)   27.3% 33716/35971 (+2255)
   2730   18.4% 22789/35971 (+13182)   27.0% 33424/35971 (+2547)   27.2% 33641/35971 (+2330)   27.4% 33967/35971 (+2004)
   2760   18.3% 22786/35971 (+13184)   27.5% 34180/35971 (+1791)   27.4% 34071/35971 (+1900)   26.9% 33420/35971 (+2551)
   2790   18.4% 22870/35971 (+13101)   27.3% 33925/35971 (+2046)   27.1% 33600/35971 (+2371)   27.2% 33817/35971 (+2154)
   2820   18.5% 23205/35971 (+12766)   27.3% 34157/35971 (+1814)   27.3% 34157/35971 (+1814)   26.9% 33723/35971 (+2248)
   2850   18.6% 23089/35971 (+12882)   27.0% 33604/35971 (+2367)   27.4% 34037/35971 (+1934)   27.0% 33604/35971 (+2367)
   2880   18.4% 22849/35971 (+13122)   27.2% 33787/35971 (+2184)   27.4% 34003/35971 (+1968)   27.0% 33570/35971 (+2401)
   2910   18.4% 22892/35971 (+13078)   27.1% 33634/35971 (+2338)   27.3% 33850/35971 (+2120)   27.2% 33742/35971 (+2229)
   2940   18.5% 22991/35971 (+12980)   27.1% 33727/35971 (+2244)   27.2% 33836/35971 (+2136)   27.2% 33836/35971 (+2136)
   2970   18.5% 22981/35971 (+12990)   27.1% 33604/35971 (+2367)   27.2% 33712/35971 (+2259)   27.2% 33820/35971 (+2150)
   3000   18.5% 22986/35971 (+12985)   27.2% 33828/35971 (+2143)   27.0% 33503/35971 (+2468)   27.3% 33936/35971 (+2035)

 + ACCOUNT MIGRATIONS (cumulative):
 Validator       Donated   Received
 0               173,276          0
 1                     0     57,891
 2                     0     57,819
 3                     0     57,566

 + TPS_TIMELINE_CSV:
timestamp_s,round,v0,v1,v2,v3,lat_mean,lat_p50,lat_p90,lat_p95
1775971046.545,30,1731.6,364.2,468.8,519.3,,,,
1775971055.560,60,19394.8,4212.3,4493.2,4557.7,,,,
1775971064.571,90,40125.4,9109.6,9218.0,9434.9,1641.8,1690.0,1790.0,1799.0
1775971073.584,120,46936.8,14200.3,14417.1,14417.1,2517.2,2109.0,5119.0,6073.0
1775971082.593,150,43802.9,17998.2,18106.6,17889.8,3142.8,2102.0,8680.0,9280.0
1775971091.608,180,47695.6,18753.0,18644.6,18753.0,3651.8,2113.0,11693.0,12697.0
1775971100.621,210,46394.8,20270.6,20487.4,20270.6,3923.9,2092.0,14104.0,15258.0
1775971109.633,240,42916.5,20699.6,20808.0,20699.6,4626.1,2127.0,17264.0,18077.0
1775971118.656,270,48757.9,23078.7,22970.4,23187.1,4758.0,2115.0,19078.0,19585.0
1775971127.666,300,47716.7,23966.8,23858.4,23641.5,5392.2,2110.0,21403.0,21745.0
1775971136.676,330,47370.4,26341.0,26232.6,26449.4,5316.0,2100.0,22255.0,22511.0
1775971145.664,360,48422.1,26973.4,27190.0,26973.4,6924.3,2033.0,22817.0,22972.0
1775971154.677,390,46859.6,29178.7,29287.2,29178.7,5645.6,1971.0,23029.0,23234.0
1775971163.687,420,44014.9,29813.0,30029.8,30246.7,6233.0,2010.0,21942.0,22438.0
1775971172.703,450,48232.2,31540.6,31649.0,31540.6,4979.5,1995.0,18956.0,19803.0
1775971181.714,480,45971.4,31984.8,31876.4,32201.6,6229.4,2420.0,15114.0,16221.0
1775971190.723,510,45892.0,32950.9,32515.9,32624.7,2911.5,2123.0,6750.0,9797.0
1775971199.733,540,52693.6,32960.6,32960.6,32743.8,2032.5,2046.0,2400.0,2499.0
1775971208.722,570,23654.6,33420.3,33745.8,33854.3,1986.8,1989.0,2348.0,2491.0
1775971217.733,600,22773.9,33727.1,33943.9,33835.5,1891.2,1900.0,2205.0,2254.0
1775971226.746,630,22544.5,34141.9,33600.0,33816.7,1888.3,1884.0,2182.0,2226.0
1775971235.759,660,22978.0,33600.0,33491.6,33708.3,1890.8,1885.0,2187.0,2232.0
1775971244.771,690,22874.7,33607.4,34366.3,33932.6,1883.4,1887.0,2195.0,2250.0
1775971253.783,720,22874.7,33390.6,33824.2,34041.1,1879.7,1869.0,2170.0,2214.0
1775971262.786,750,23001.0,33850.5,33959.0,33850.5,4683.4,2183.0,12981.0,15196.0
1775971271.797,780,22912.9,33663.4,33880.6,33663.4,1988.8,1994.0,2306.0,2408.0
1775971280.807,810,22874.7,34149.5,33932.6,34149.5,2011.1,2006.0,2370.0,2495.0
1775971289.719,840,22820.4,33901.5,33901.5,33791.8,2011.1,2018.0,2386.0,2465.0
1775971298.729,870,22844.3,33671.0,33887.5,33346.2,2006.1,2009.0,2389.0,2489.0
1775971307.770,900,22985.7,33936.4,34153.3,33611.1,2009.4,2016.0,2363.0,2463.0
1775971316.782,930,23003.6,33745.8,33637.3,33745.8,1919.6,1920.0,2232.0,2280.0
1775971325.795,960,22988.2,33831.7,33831.7,33723.3,1904.9,1910.0,2211.0,2259.0
1775971334.808,990,22985.7,34044.8,33611.1,33828.0,1906.2,1917.0,2218.0,2271.0
1775971343.822,1020,23096.7,33940.2,34048.6,33940.2,1905.4,1905.0,2228.0,2259.0
1775971352.835,1050,22771.4,33831.7,34157.0,33614.9,1917.1,1916.0,2214.0,2265.0
1775971361.849,1080,22879.8,33940.2,33723.3,33723.3,1912.5,1916.0,2211.0,2264.0
1775971370.862,1110,22978.0,33816.7,33925.1,34033.5,4810.7,2186.0,13141.0,15089.0
1775971379.814,1140,22773.9,33901.9,33618.6,33835.5,2002.9,2003.0,2329.0,2449.0
1775971388.816,1170,22951.1,33610.9,34046.0,33937.2,2005.7,2020.0,2343.0,2445.0
1775971397.838,1200,22695.8,33827.5,33611.4,33935.6,2153.2,2114.0,2688.0,2788.0
1775971406.776,1230,22985.7,33712.3,33712.3,33821.8,2232.2,2228.0,2731.0,2802.0
1775971415.787,1260,22983.1,33715.8,33824.2,33715.8,2227.6,2229.0,2713.0,2784.0
1775971424.799,1290,22983.1,33715.8,33715.8,33715.8,2242.4,2235.0,2731.0,2799.0
1775971433.810,1320,22985.7,34044.8,33719.6,33719.6,2215.1,2210.0,2711.0,2784.0
1775971442.822,1350,22980.6,33603.7,33712.1,33603.7,5087.5,2399.0,13445.0,15315.0
1775971451.837,1380,22781.5,34063.7,33846.8,34172.2,2022.2,2031.0,2366.0,2471.0
1775971460.844,1410,22877.3,34153.3,34044.8,33936.4,2014.6,2020.0,2327.0,2423.0
1775971469.855,1440,22660.4,33719.6,33719.6,33611.1,2003.0,2004.0,2321.0,2433.0
1775971478.827,1470,23031.7,33895.7,34004.3,33895.7,2028.3,2027.0,2359.0,2488.0
1775971487.861,1500,22829.1,33756.8,33973.2,33756.8,2013.0,2020.0,2335.0,2415.0
1775971496.853,1530,22680.6,33749.5,34075.1,33966.6,2000.8,1996.0,2343.0,2446.0
1775971505.873,1560,22900.1,34295.9,34078.9,33861.8,1999.1,2001.0,2328.0,2437.0
1775971514.885,1590,22985.7,34044.8,33828.0,33936.4,2055.3,2045.0,2442.0,2545.0
1775971523.826,1620,22858.3,34014.0,33685.9,33795.3,2012.4,2022.0,2351.0,2449.0
1775971532.787,1650,22791.9,33806.2,33588.1,33697.2,2154.1,2103.0,2694.0,2903.0
1775971541.792,1680,22814.4,34330.3,33895.7,33895.7,2052.6,2045.0,2422.0,2522.0
1775971550.727,1710,22852.5,34061.1,33952.3,34170.0,2000.5,2012.0,2319.0,2401.0
1775971559.739,1740,22988.2,34048.6,33940.2,33831.7,1992.7,1990.0,2306.0,2406.0
1775971568.752,1770,22549.5,34041.1,34149.5,33824.2,1992.6,1994.0,2303.0,2419.0
1775971577.767,1800,22874.7,34149.5,33824.2,33824.2,1992.1,1997.0,2305.0,2406.0
1775971586.779,1830,22874.7,33824.2,33932.6,34041.1,2001.2,2006.0,2315.0,2434.0
1775971595.792,1860,22763.8,33495.3,33820.5,33928.9,1997.2,1996.0,2308.0,2406.0
1775971604.807,1890,22766.3,33715.8,33607.4,33824.2,2015.3,2023.0,2354.0,2452.0
1775971613.816,1920,23091.5,33824.2,33715.8,33715.8,2042.5,2049.0,2382.0,2473.0
1775971622.829,1950,23008.7,34187.4,33644.7,33644.7,2028.5,2040.0,2363.0,2443.0
1775971631.824,1980,22983.1,34041.1,33932.6,33932.6,2004.7,2019.0,2342.0,2429.0
1775971640.828,2010,22989.5,33558.2,33558.2,33994.0,2002.2,2013.0,2340.0,2439.0
1775971649.787,2040,22985.7,33502.7,33828.0,33719.6,1996.2,1999.0,2330.0,2444.0
1775971658.799,2070,22951.1,34046.0,34154.8,33393.3,1995.2,1992.0,2306.0,2411.0
1775971667.813,2100,22766.3,33607.4,33932.6,33932.6,2004.4,2002.0,2323.0,2421.0
1775971676.858,2130,23048.1,33868.8,33652.3,33868.8,2028.6,2031.0,2384.0,2482.0
1775971685.871,2160,23205.1,33940.2,33831.7,33831.7,2014.7,2030.0,2361.0,2461.0
1775971694.882,2190,22872.2,33928.9,33928.9,33820.5,2023.6,2035.0,2378.0,2460.0
1775971703.893,2220,23081.3,34134.3,33917.6,33700.9,2036.1,2051.0,2410.0,2493.0
1775971712.903,2250,22972.9,33484.1,33592.5,34026.0,2028.3,2032.0,2377.0,2479.0
1775971721.915,2280,22761.3,33816.7,33925.1,33708.3,2019.1,2037.0,2392.0,2488.0
1775971730.926,2310,22867.1,34029.7,33704.6,33921.4,2303.9,2206.0,3002.0,3390.0
1775971739.937,2340,22900.1,33753.3,34078.9,33970.3,2190.8,2103.0,2688.0,3138.0
1775971748.940,2370,23011.2,33865.6,33865.6,33539.9,2057.2,2065.0,2414.0,2511.0
1775971757.951,2400,22773.9,34052.4,33943.9,33618.6,2036.9,2049.0,2419.0,2518.0
1775971766.962,2430,22660.4,33611.1,33611.1,33936.4,2013.3,2028.0,2384.0,2482.0
1775971775.973,2460,22877.3,33828.0,33611.1,33936.4,2030.9,2039.0,2381.0,2482.0
1775971784.997,2490,22784.0,33633.5,33850.5,33850.5,2032.0,2049.0,2387.0,2480.0
1775971794.008,2520,22768.8,33611.1,33828.0,33719.6,2023.4,2034.0,2346.0,2443.0
1775971802.967,2550,22890.0,33955.3,33846.8,34063.7,1891.2,1899.0,2205.0,2225.0
1775971811.979,2580,22874.7,34149.5,34041.1,33607.4,1911.1,1920.0,2223.0,2264.0
1775971820.991,2610,22983.1,33607.4,33715.8,33824.2,4898.1,2180.0,13309.0,15408.0
1775971829.990,2640,22690.6,33873.1,33873.1,33764.5,1994.7,1999.0,2307.0,2412.0
1775971839.001,2670,22822.0,33798.3,34233.0,33472.3,2056.6,2039.0,2436.0,2539.0
1775971848.055,2700,22909.4,33391.5,33499.6,33715.7,2030.3,2042.0,2378.0,2456.0
1775971857.043,2730,22789.1,33424.0,33641.0,33966.6,2039.9,2056.0,2371.0,2444.0
1775971866.056,2760,22786.5,34179.8,34071.3,33420.3,2044.1,2055.0,2378.0,2478.0
1775971875.069,2790,22869.6,33925.1,33600.0,33816.7,2047.0,2049.0,2393.0,2490.0
1775971884.081,2820,23205.1,34157.0,34157.0,33723.3,2032.1,2040.0,2376.0,2460.0
1775971893.094,2850,23089.0,33603.7,34037.3,33603.7,2033.2,2042.0,2378.0,2462.0
1775971902.106,2880,22849.4,33786.7,34003.3,33570.2,2046.2,2025.0,2454.0,2603.0
1775971911.118,2910,22892.5,33633.5,33850.5,33742.0,2036.9,2043.0,2370.0,2463.0
1775971920.113,2940,22990.8,33727.1,33835.5,33835.5,2027.6,2036.0,2377.0,2472.0
1775971929.125,2970,22980.6,33603.7,33712.1,33820.5,,,,
1775971938.136,3000,22985.7,33828.0,33502.7,33936.4,,,,

 + MIGRATION_EVENTS_CSV:
timestamp_s,round,n_migrations
1775971055.611,60,0
1775971074.030,120,20710
1775971092.021,180,22402
1775971110.016,240,30374
1775971128.013,300,31851
1775971145.980,360,30074
1775971163.964,420,20359
1775971181.942,480,8940
1775971199.973,540,8566
1775971217.848,600,0
1775971235.871,660,0
1775971253.895,720,0
1775971271.911,780,0
1775971289.838,840,0
1775971307.889,900,0
1775971325.899,960,0
1775971343.938,1020,0
1775971361.954,1080,0
1775971379.927,1140,0
1775971397.927,1200,0
1775971415.899,1260,0
1775971433.920,1320,0
1775971451.915,1380,0
1775971469.945,1440,0
1775971487.996,1500,0
1775971505.978,1560,0
1775971523.941,1620,0
1775971541.915,1680,0
1775971559.851,1740,0
1775971577.878,1800,0
1775971595.908,1860,0
1775971613.929,1920,0
1775971631.944,1980,0
1775971649.899,2040,0
1775971667.926,2100,0
1775971685.982,2160,0
1775971704.005,2220,0
1775971722.026,2280,0
1775971740.020,2340,0
1775971758.045,2400,0
1775971776.091,2460,0
1775971794.122,2520,0
1775971812.093,2580,0
1775971830.104,2640,0
1775971848.173,2700,0
1775971866.176,2760,0
1775971884.194,2820,0
1775971902.215,2880,0
1775971920.223,2940,0
1775971938.257,3000,0
-----------------------------------------
CMD: LABEL=n4_bw_f_rate_imb90_r120000_run_1 LOCAL_ORCH=0 NODES=4 WORKER_BANDWIDTHS_MBPS=600,600,600,200 RATE_WEIGHTS=27,1,1,1 RATE=120000 DURATION=900 WARMUP=30 IN_MEMORY_STORE=1 fab cloudlab --manifest=manifest.xml --latency=100ms --primary-bw=300mbit --log-dir=/home/zpkhor/narwhal-validator/benchmark/exp/results/tps_timeline_lb_cloud_20260411_235843/n4_bw_f_rate_imb90_r120000_run_1
No dedicated client nodes; using node-21 as client
[92mStarting CloudLab benchmark[0m
All SSH hosts: ['hp078.utah.cloudlab.us', 'hp026.utah.cloudlab.us', 'hp052.utah.cloudlab.us', 'hp091.utah.cloudlab.us', 'hp021.utah.cloudlab.us']
Killing previous processes...
Resetting TCP buffers...
Compiling...
Distributing binaries to 5 machines...
Generating configuration files...
Uploading config files...
Applying TC QoS shaping...
TC QoS applied: primary=300000kbps, worker_bws=[600000, 600000, 600000, 200000]kbps, client=600000kbps
Starting primaries and workers...
Waiting for workers to be ready...
All workers ready.
Starting client...
Running benchmark (900 sec)...
Stopping processes...
Downloading logs...
Parsing logs...
[1m[93mWARN[0m: Clients missed their target rate 3 time(s)

-----------------------------------------
 SUMMARY:
-----------------------------------------
 + CONFIG:
 Committee size: 4 node(s)
 Worker(s) per node: 1 worker(s)
 Input rate: 120,000 tx/s
 Transaction size: 512 B
 Benchmark duration: 900.0 s
 Consensus duration: 856.46 s
 Commit duration: 854.47 s


 + LAST COMMITTED PER VALIDATOR (from primary logs):
 Validator  Time            Round
 0          05:48:06.396     3012
 1          05:48:06.426     3012
 2          05:48:06.435     3012
 3          05:48:06.435     3012
 + RESULTS:
 f+1 Commit latency (workers) (mean): 14,966 ms
 f+1 Commit latency (workers) (p50): 2,155 ms
 f+1 Commit latency (workers) (p90): 58,596 ms
 f+1 Commit latency (workers) (p95): 98,075 ms
 f+1 Commit latency (workers) (p99): 186,482 ms

 Consensus TPS: 103,342 tx/s
 Consensus BPS: 52,911,333 B/s
 Committed TPS: 103,583 tx/s
 Committed BPS: 53,034,312 B/s

 + VALIDATOR LOAD DISTRIBUTION:
 Validator 0: 23,763,571 tx (26.8%)
 Validator 1: 27,657,162 tx (31.2%)
 Validator 2: 27,462,761 tx (31.0%)
 Validator 3: 9,625,179 tx (10.9%)

 + PER-VALIDATOR COMMIT METRICS:
 Validator    TPS (tx/s)    Mean (ms)    p95 (ms)    Misses
 0            27,811        34,798       87,900      3
 1            32,367        13,710       96,176      0
 2            32,140        22,881       163,035     0
 3            11,264        2,087        2,495       0
 Overall      103,583       20,954 (wtd) 104,512 (wtd) 3

 + PER-VALIDATOR QUORUM TIMING (ms):
                    mean            p95             std      
 Validator       delay    lat    delay    lat    delay    lat
 0              11,774     31   23,828    120   10,756     44
 1                 217     26      276    118       37     41
 2                 215     26      270    117       36     41
 3                 205     81      267    160       55     65

 + PER-STAGE LATENCY BREAKDOWN (mean, ms):
   Stage                            All
   Client -> Worker:             12,008
   Worker -> Batch seal:             37
   Batch seal -> Quorum:          3,354
   Quorum -> Processed:              16
   Processed -> Header:             160
   Header -> Certified:             199
   Certified -> Committed:        1,440
   Sum:                          17,214
   (n=)                          65,450

 + CERTIFIED TPS TIMELINE (actual/capacity (spare)):
   round                          V0                          V1                          V2                          V3
   30      90.6% 3004/35971 (+32967)     3.8% 125/35971 (+35846)      2.6% 87/35971 (+35884)      3.0% 98/11990 (+11892)
   60      90.2% 29793/35971 (+6178)    3.4% 1120/35971 (+34852)    3.2% 1059/35971 (+34912)    3.2% 1068/11990 (+10922)
   90     87.0% 46390/35971 (-10419)    4.4% 2348/35971 (+33623)    4.2% 2252/35971 (+33719)     4.4% 2322/11990 (+9668)
   120     80.8% 44547/35971 (-8576)    6.5% 3589/35971 (+32382)    6.3% 3497/35971 (+32474)     6.4% 3532/11990 (+8458)
   150    72.7% 46110/35971 (-10140)   10.3% 6542/35971 (+29429)   10.3% 6558/35971 (+29413)     6.6% 4198/11990 (+7792)
   180     70.5% 45094/35971 (-9123)   11.4% 7263/35971 (+28708)   11.5% 7371/35971 (+28600)     6.6% 4194/11990 (+7796)
   210     60.9% 44774/35971 (-8803)  16.8% 12359/35971 (+23612)  16.7% 12250/35971 (+23721)     5.7% 4172/11990 (+7818)
   240     57.0% 42747/35971 (-6776)  18.7% 13996/35971 (+21975)  18.7% 13996/35971 (+21975)     5.6% 4198/11990 (+7792)
   270    52.3% 48259/35971 (-12288)  21.5% 19846/35971 (+16125)  21.6% 19954/35971 (+16017)     4.5% 4188/11990 (+7802)
   300     48.1% 44444/35971 (-8473)  23.6% 21788/35971 (+14183)  23.8% 22005/35971 (+13966)     4.5% 4194/11990 (+7796)
   330     41.6% 42054/35971 (-6083)   26.5% 26772/35971 (+9199)   26.3% 26555/35971 (+9416)     5.6% 5647/11990 (+6343)
   360     38.7% 39566/35971 (-3595)   27.6% 28184/35971 (+7787)   27.6% 28184/35971 (+7787)     6.1% 6279/11990 (+5711)
   390     40.0% 44557/35971 (-8586)   26.8% 29813/35971 (+6158)   27.0% 30030/35971 (+5941)     6.2% 6936/11990 (+5054)
   420    40.9% 46942/35971 (-10971)   26.6% 30464/35971 (+5508)   26.3% 30138/35971 (+5833)     6.2% 7155/11990 (+4835)
   450    39.0% 47262/35971 (-11291)   26.9% 32628/35971 (+3343)   26.7% 32411/35971 (+3560)     7.4% 8997/11990 (+2993)
   480     34.9% 40948/35971 (-4977)   28.5% 33345/35971 (+2626)   28.4% 33236/35971 (+2734)     8.2% 9667/11990 (+2323)
   510     34.9% 41879/35971 (-5908)   28.2% 33850/35971 (+2120)   28.1% 33742/35971 (+2229)    8.8% 10524/11990 (+1466)
   540     35.9% 44207/35971 (-8236)   27.6% 33914/35971 (+2057)   27.8% 34130/35971 (+1840)    8.7% 10727/11990 (+1263)
   570     36.3% 45149/35971 (-9178)   27.7% 34404/35971 (+1566)   27.1% 33645/35971 (+2326)     8.9% 11070/11990 (+920)
   600     34.9% 42610/35971 (-6639)   27.8% 33936/35971 (+2035)   28.1% 34370/35971 (+1601)     9.2% 11276/11990 (+714)
   630     36.3% 44981/35971 (-9010)   27.2% 33708/35971 (+2263)   27.3% 33817/35971 (+2154)     9.2% 11381/11990 (+609)
   660     35.1% 43092/35971 (-7121)   27.4% 33648/35971 (+2322)   28.1% 34517/35971 (+1454)     9.4% 11506/11990 (+484)
   690     34.9% 43185/35971 (-7214)   27.9% 34460/35971 (+1510)   27.7% 34242/35971 (+1729)     9.5% 11778/11990 (+212)
   720     36.7% 45797/35971 (-9826)   27.3% 34104/35971 (+1867)   26.6% 33238/35971 (+2733)     9.4% 11693/11990 (+297)
   750     35.9% 45226/35971 (-9254)   27.3% 34406/35971 (+1565)   26.9% 33865/35971 (+2106)    10.0% 12551/11990 (-561)
   780     34.9% 43463/35971 (-7492)   27.6% 34359/35971 (+1612)   27.3% 33925/35971 (+2046)    10.2% 12681/11990 (-691)
   810     33.8% 41415/35971 (-5444)   28.0% 34241/35971 (+1730)   28.1% 34349/35971 (+1622)    10.1% 12392/11990 (-402)
   840    36.2% 46043/35971 (-10072)   27.1% 34424/35971 (+1547)   26.8% 33989/35971 (+1982)     9.9% 12597/11990 (-607)
   870     32.9% 39331/35971 (-3360)   28.6% 34239/35971 (+1732)   27.9% 33372/35971 (+2599)    10.6% 12677/11990 (-687)
   900     34.0% 41521/35971 (-5550)   27.8% 33933/35971 (+2038)   27.7% 33824/35971 (+2147)    10.4% 12684/11990 (-694)
   930    36.6% 46503/35971 (-10532)   26.9% 34139/35971 (+1832)   26.7% 33920/35971 (+2051)     9.9% 12583/11990 (-593)
   960     33.3% 40908/35971 (-4937)    28.5% 35033/35971 (+938)   27.8% 34162/35971 (+1809)    10.3% 12620/11990 (-630)
   990     33.7% 41367/35971 (-5396)   28.1% 34545/35971 (+1426)   27.8% 34220/35971 (+1751)    10.4% 12778/11990 (-788)
   1020   38.5% 49954/35971 (-13983)   25.7% 33339/35971 (+2632)   26.1% 33886/35971 (+2085)     9.7% 12570/11990 (-580)
   1050   36.7% 47204/35971 (-11233)   26.5% 34104/35971 (+1867)   27.0% 34754/35971 (+1217)     9.8% 12559/11990 (-569)
   1080   36.1% 47804/35971 (-11833)     27.1% 35988/35971 (-18)     27.1% 35988/35971 (-18)     9.6% 12791/11990 (-801)
   1110    33.0% 41743/35971 (-5772)    28.9% 36539/35971 (-568)    28.0% 35454/35971 (+517)    10.1% 12794/11990 (-804)
   1140    33.8% 43463/35971 (-7492)    28.2% 36201/35971 (-230)    28.1% 36093/35971 (-122)     9.9% 12681/11990 (-691)
   1170   36.0% 47050/35971 (-11079)    27.0% 35234/35971 (+737)    27.4% 35776/35971 (+195)     9.6% 12576/11990 (-586)
   1200   19.0% 19501/35971 (+16470)    34.5% 35318/35971 (+652)    34.2% 34994/35971 (+978)    12.3% 12567/11990 (-577)
   1230   18.5% 19291/35971 (+16680)    34.7% 36197/35971 (-226)     34.4% 35872/35971 (+99)    12.4% 12897/11990 (-907)
   1260   18.7% 19332/35971 (+16640)    34.4% 35514/35971 (+458)    34.6% 35731/35971 (+240)    12.2% 12598/11990 (-608)
   1290   18.9% 19540/35971 (+16431)   33.8% 34955/35971 (+1016)    34.9% 36149/35971 (-178)    12.4% 12810/11990 (-820)
   1320   19.0% 19731/35971 (+16240)    34.4% 35776/35971 (+195)    34.3% 35667/35971 (+304)    12.3% 12792/11990 (-802)
   1350   18.9% 19588/35971 (+16383)    34.4% 35694/35971 (+278)    34.4% 35694/35971 (+278)    12.3% 12732/11990 (-742)
   1380   19.0% 19406/35971 (+16565)    34.6% 35450/35971 (+521)   34.0% 34800/35971 (+1171)    12.4% 12684/11990 (-694)
   1410   18.8% 19403/35971 (+16568)    34.3% 35446/35971 (+524)    34.7% 35772/35971 (+199)    12.2% 12574/11990 (-584)
   1440   18.7% 19406/35971 (+16565)    34.5% 35776/35971 (+195)     34.6% 35884/35971 (+87)    12.2% 12684/11990 (-694)
   1470   18.8% 19514/35971 (+16457)    34.9% 36209/35971 (-238)    34.0% 35342/35971 (+629)    12.3% 12792/11990 (-802)
   1500   18.8% 19460/35971 (+16511)    34.9% 36093/35971 (-122)    34.0% 35114/35971 (+857)    12.2% 12611/11990 (-621)
   1530   18.8% 19442/35971 (+16529)    34.5% 35626/35971 (+345)    34.3% 35517/35971 (+454)    12.4% 12817/11990 (-827)
   1560   18.9% 19568/35971 (+16403)    34.4% 35639/35971 (+332)    34.3% 35529/35971 (+442)    12.4% 12790/11990 (-800)
   1590   19.1% 19726/35971 (+16245)    34.4% 35551/35971 (+420)    34.2% 35334/35971 (+637)    12.3% 12681/11990 (-691)
   1620   18.9% 19514/35971 (+16457)     34.9% 35992/35971 (-22)    34.0% 35125/35971 (+846)    12.2% 12576/11990 (-586)
   1650   18.9% 19612/35971 (+16359)    34.0% 35301/35971 (+670)    34.9% 36282/35971 (-311)    12.2% 12639/11990 (-649)
   1680   19.0% 19408/35971 (+16563)    34.4% 35129/35971 (+842)    34.3% 35021/35971 (+950)    12.3% 12577/11990 (-587)
   1710   18.9% 19679/35971 (+16292)    34.4% 35770/35971 (+201)    34.4% 35770/35971 (+201)    12.2% 12721/11990 (-731)
   1740   18.8% 19297/35971 (+16674)     35.0% 35884/35971 (+87)    34.1% 35017/35971 (+954)    12.1% 12467/11990 (-477)
   1770   18.6% 19127/35971 (+16844)    34.6% 35646/35971 (+325)    34.5% 35537/35971 (+434)    12.2% 12606/11990 (-616)
   1800   18.8% 19651/35971 (+16320)     34.4% 35936/35971 (+35)     34.5% 36044/35971 (-73)    12.3% 12811/11990 (-821)
   1830   18.8% 19334/35971 (+16637)    34.8% 35843/35971 (+128)    34.2% 35192/35971 (+779)    12.2% 12599/11990 (-609)
   1860   18.7% 19403/35971 (+16568)     34.7% 35880/35971 (+91)    34.3% 35555/35971 (+416)    12.3% 12683/11990 (-693)
   1890   18.9% 19481/35971 (+16490)    34.4% 35460/35971 (+511)    34.5% 35569/35971 (+402)    12.3% 12695/11990 (-705)
   1920   18.9% 19470/35971 (+16501)    34.3% 35351/35971 (+620)    34.5% 35569/35971 (+402)    12.2% 12618/11990 (-628)
   1950   19.0% 19564/35971 (+16407)    34.3% 35324/35971 (+647)    34.3% 35324/35971 (+647)    12.4% 12716/11990 (-726)
   1980   18.6% 19308/35971 (+16663)     34.7% 36012/35971 (-41)    34.5% 35796/35971 (+176)    12.1% 12583/11990 (-593)
   2010   19.0% 19622/35971 (+16349)     34.7% 35884/35971 (+87)    34.1% 35234/35971 (+737)    12.3% 12684/11990 (-694)
   2040   18.8% 19479/35971 (+16492)    34.6% 35712/35971 (+259)    34.3% 35496/35971 (+475)    12.3% 12662/11990 (-672)
   2070   18.8% 19429/35971 (+16542)    34.4% 35464/35971 (+507)    34.5% 35602/35971 (+369)    12.3% 12700/11990 (-710)
   2100   19.0% 19512/35971 (+16459)    34.1% 34990/35971 (+981)    34.6% 35426/35971 (+545)    12.2% 12535/11990 (-545)
   2130   18.7% 19726/35971 (+16245)    34.5% 36418/35971 (-447)    34.6% 36526/35971 (-555)    12.1% 12790/11990 (-800)
   2160   18.7% 19297/35971 (+16674)    34.5% 35667/35971 (+304)     34.8% 35992/35971 (-22)    12.1% 12467/11990 (-477)
   2190   18.9% 19516/35971 (+16455)    34.1% 35238/35971 (+734)     34.8% 35996/35971 (-25)    12.3% 12686/11990 (-696)
   2220   18.7% 19285/35971 (+16686)    34.2% 35192/35971 (+778)    34.8% 35846/35971 (+125)    12.3% 12639/11990 (-649)
   2250   19.1% 19625/35971 (+16346)    34.5% 35454/35971 (+517)   34.0% 34912/35971 (+1059)    12.4% 12686/11990 (-696)
   2280   19.1% 19684/35971 (+16288)    34.4% 35561/35971 (+410)    34.3% 35452/35971 (+519)    12.2% 12615/11990 (-625)
   2310   18.9% 19558/35971 (+16414)    34.2% 35291/35971 (+680)     34.8% 35946/35971 (+25)    12.1% 12456/11990 (-466)
   2340   18.7% 19412/35971 (+16559)    34.5% 35679/35971 (+292)    34.5% 35679/35971 (+292)    12.4% 12797/11990 (-807)
   2370   18.8% 19390/35971 (+16580)    34.5% 35688/35971 (+283)    34.5% 35640/35971 (+332)    12.3% 12674/11990 (-684)
   2400   18.8% 19416/35971 (+16555)    34.3% 35362/35971 (+609)    34.6% 35687/35971 (+284)    12.2% 12583/11990 (-593)
   2430   18.8% 19514/35971 (+16457)    34.3% 35559/35971 (+412)     34.6% 35884/35971 (+87)    12.2% 12684/11990 (-694)
   2460   18.8% 19297/35971 (+16674)    34.5% 35342/35971 (+629)    34.2% 35125/35971 (+846)    12.5% 12792/11990 (-802)
   2490   18.8% 19406/35971 (+16565)    34.2% 35234/35971 (+737)     34.8% 35884/35971 (+87)    12.2% 12576/11990 (-586)
   2520   18.8% 19512/35971 (+16459)    34.4% 35663/35971 (+308)    34.5% 35772/35971 (+199)    12.3% 12791/11990 (-801)
   2550   18.7% 19406/35971 (+16565)     34.7% 35992/35971 (-22)    34.3% 35559/35971 (+412)    12.2% 12684/11990 (-694)
   2580   19.1% 19622/35971 (+16349)    34.4% 35342/35971 (+629)    34.2% 35234/35971 (+737)    12.3% 12684/11990 (-694)
   2610   18.8% 19512/35971 (+16459)     34.5% 35880/35971 (+91)     34.6% 35988/35971 (-18)    12.1% 12574/11990 (-584)
   2640   18.7% 19297/35971 (+16674)     34.8% 35992/35971 (-22)    34.2% 35342/35971 (+629)    12.3% 12684/11990 (-694)
   2670   19.0% 19618/35971 (+16353)    34.2% 35442/35971 (+528)    34.6% 35768/35971 (+203)    12.3% 12681/11990 (-691)
   2700   18.8% 19625/35971 (+16346)    34.8% 36213/35971 (-242)    34.2% 35671/35971 (+300)    12.2% 12686/11990 (-696)
   2730   18.8% 19255/35971 (+16716)    34.9% 35790/35971 (+181)   33.9% 34811/35971 (+1160)    12.4% 12728/11990 (-738)
   2760   18.8% 19428/35971 (+16543)     34.9% 36002/35971 (-31)    34.1% 35124/35971 (+847)    12.1% 12513/11990 (-523)
   2790   18.7% 19492/35971 (+16479)    34.3% 35826/35971 (+145)    34.7% 36153/35971 (-182)    12.3% 12850/11990 (-860)
   2820   19.1% 19449/35971 (+16522)    34.4% 35095/35971 (+876)    34.3% 34986/35971 (+985)    12.2% 12495/11990 (-505)
   2850   18.4% 19257/35971 (+16714)    35.2% 36782/35971 (-811)     34.3% 35917/35971 (+54)    12.1% 12657/11990 (-667)
   2880   18.6% 19297/35971 (+16674)    35.0% 36318/35971 (-347)    34.2% 35450/35971 (+521)    12.1% 12576/11990 (-586)
   2910   18.7% 19449/35971 (+16522)    33.8% 35095/35971 (+876)    35.3% 36616/35971 (-645)    12.2% 12712/11990 (-722)
   2940   18.8% 19555/35971 (+16416)    34.5% 35743/35971 (+228)    34.5% 35743/35971 (+228)    12.3% 12711/11990 (-721)
   2970   18.9% 19516/35971 (+16455)    34.1% 35129/35971 (+842)    34.7% 35780/35971 (+191)    12.2% 12577/11990 (-587)
   3000   18.8% 19523/35971 (+16448)    34.4% 35683/35971 (+288)    34.5% 35792/35971 (+180)    12.3% 12798/11990 (-808)

 + ACCOUNT MIGRATIONS (cumulative):
 Validator       Donated   Received
 0               206,400          0
 1                     0     86,431
 2                     0    100,906
 3                     0     19,063

 + TPS_TIMELINE_CSV:
timestamp_s,round,v0,v1,v2,v3,lat_mean,lat_p50,lat_p90,lat_p95
1775971990.841,30,3004.2,125.2,86.7,98.0,,,,
1775971999.862,60,29793.2,1119.5,1058.9,1067.9,,,,
1775972008.877,90,46389.6,2347.8,2252.3,2321.9,1650.4,1694.0,1795.0,1803.0
1775972017.892,120,44547.0,3589.2,3496.9,3532.1,1953.4,1950.0,2373.0,2468.0
1775972026.869,150,46110.5,6541.7,6557.6,4197.7,3372.3,2054.0,3180.0,15995.0
1775972035.903,180,45094.0,7262.7,7371.1,4193.9,5020.7,2228.0,19703.0,21206.0
1775972044.915,210,44773.7,12358.9,12250.4,4172.2,6340.2,2283.0,16287.0,24418.0
1775972053.915,240,42747.1,13995.9,13995.9,4197.7,5523.1,2027.0,29162.0,30567.0
1775972062.899,270,48259.0,19845.8,19954.3,4187.7,5744.5,2055.0,33524.0,36030.0
1775972071.909,300,44443.6,21788.2,22005.0,4193.9,5796.6,2061.0,2567.0,40542.0
1775972080.921,330,42054.1,26771.6,26554.8,5647.0,6272.0,2047.0,2627.0,46456.0
1775972089.932,360,39565.6,28183.7,28183.7,6278.6,7135.4,2066.0,48864.0,51570.0
1775972098.945,390,44556.9,29813.0,30029.8,6936.0,7693.1,2066.0,53576.0,55580.0
1775972107.960,420,46942.0,30463.5,30138.3,7155.1,8710.9,2085.0,58337.0,60544.0
1775972116.961,450,47262.0,32628.1,32411.3,8997.1,7769.8,2076.0,5476.0,63670.0
1775972125.973,480,40948.2,33345.1,33236.5,9666.8,8023.9,2096.0,3097.0,67918.0
1775972135.011,510,41879.2,33850.5,33742.0,10524.0,7993.2,2082.0,4261.0,71540.0
1775972144.019,540,44207.2,33913.8,34130.5,10726.7,11076.8,2057.0,75143.0,75916.0
1775972153.020,570,45149.1,34404.5,33644.7,11070.2,9636.7,2095.0,8275.0,78820.0
1775972162.032,600,42610.3,33936.4,34370.1,11276.0,11333.1,2107.0,80184.0,81330.0
1775972171.049,630,44980.6,33708.3,33816.7,11380.6,10206.4,2075.0,12983.0,83532.0
1775972180.055,660,43091.8,33648.5,34516.8,11505.6,11065.5,2033.0,15301.0,86081.0
1775972189.025,690,43184.7,34460.5,34242.4,11777.7,13855.8,2165.0,86859.0,87313.0
1775972198.035,720,45796.9,34104.1,33237.9,11692.8,11617.7,2156.0,20351.0,87988.0
1775972207.066,750,45225.5,34406.0,33865.0,12550.6,11652.4,2152.0,23018.0,89058.0
1775972216.085,780,43463.2,34358.7,33925.1,12681.3,11315.4,2151.0,25447.0,88701.0
1775972225.051,810,41414.9,34240.7,34349.4,12391.9,12503.4,2147.0,28051.0,87804.0
1775972234.064,840,46042.9,34423.6,33989.2,12596.6,12504.4,2088.0,30708.0,85610.0
1775972243.075,870,39331.4,34238.9,33372.1,12677.1,13154.0,2098.0,81576.0,83174.0
1775972252.087,900,41521.4,33932.6,33824.2,12684.1,14255.8,2171.0,77699.0,79863.0
1775972261.011,930,46503.0,34138.6,33919.8,12583.2,13063.8,2303.0,39181.0,74238.0
1775972270.023,960,40907.8,35032.7,34162.4,12620.5,12246.6,2164.0,41706.0,69436.0
1775972279.035,990,41367.1,34544.8,34219.9,12778.3,12006.1,2112.0,56395.0,60684.0
1775972287.941,1020,49954.0,33339.1,33885.7,12570.5,10921.3,2046.0,47902.0,52403.0
1775972297.001,1050,47204.3,34104.1,34753.7,12559.0,11769.8,2060.0,44562.0,48168.0
1775972306.011,1080,47803.9,35988.5,35988.5,12791.1,9960.9,2077.0,33533.0,50583.0
1775972315.022,1110,41742.9,36538.6,35454.3,12793.9,9221.2,2083.0,28559.0,53402.0
1775972324.035,1140,43463.2,36201.2,36092.9,12681.3,8296.6,2191.0,30524.0,55922.0
1775972333.050,1170,47050.4,35233.6,35775.6,12575.7,8432.8,2087.0,32140.0,58540.0
1775972342.061,1200,19501.0,35318.5,34993.5,12567.3,8844.7,2084.0,34007.0,61656.0
1775972351.072,1230,19290.7,36197.2,35872.1,12896.6,8887.6,2103.0,35470.0,63816.0
1775972360.072,1260,19331.5,35513.5,35730.7,12598.0,9058.1,2070.0,37402.0,66651.0
1775972369.084,1290,19540.0,34954.9,36149.0,12809.6,9196.8,2056.0,38815.0,68910.0
1775972378.075,1320,19730.8,35775.6,35667.2,12792.5,9671.0,2071.0,40684.0,72233.0
1775972387.061,1350,19587.9,35693.5,35693.5,12732.1,10546.3,2083.0,42351.0,74695.0
1775972396.072,1380,19405.6,35450.4,34799.9,12684.1,11012.5,2093.0,44308.0,77708.0
1775972405.084,1410,19403.4,35446.5,35771.7,12574.3,10673.8,2084.0,45871.0,80219.0
1775972414.097,1440,19405.6,35775.6,35884.0,12684.1,11388.8,2108.0,47384.0,83032.0
1775972423.109,1470,19514.0,36209.3,35342.0,12792.5,11493.3,2079.0,48943.0,85696.0
1775972432.108,1500,19459.6,36092.6,35114.2,12610.7,11430.3,2009.0,50766.0,88319.0
1775972441.121,1530,19442.2,35626.0,35517.4,12816.7,13160.6,2060.0,52456.0,91650.0
1775972450.017,1560,19568.4,35638.6,35529.3,12790.5,13531.3,2092.0,54116.0,94214.0
1775972459.028,1590,19726.4,35550.9,35334.1,12681.3,13719.8,2071.0,55679.0,96824.0
1775972468.041,1620,19514.0,35992.5,35125.2,12575.7,12715.9,2113.0,57000.0,99794.0
1775972477.009,1650,19611.9,35301.4,36282.0,12638.8,13373.9,2090.0,59058.0,102308.0
1775972486.025,1680,19407.7,35129.1,35020.6,12577.1,13477.6,2023.0,60679.0,105029.0
1775972495.027,1710,19679.2,35770.4,35770.4,12720.8,13325.2,1978.0,61989.0,107490.0
1775972504.039,1740,19297.2,35884.0,35016.8,12467.3,14170.3,2039.0,63883.0,110403.0
1775972512.983,1770,19127.0,35645.8,35537.2,12606.5,13672.5,2169.0,65689.0,113093.0
1775972521.993,1800,19650.7,35935.9,36044.4,12811.0,12548.0,2015.0,66989.0,67688.0
1775972530.989,1830,19333.6,35843.2,35191.6,12599.4,9763.6,1941.0,68243.0,69000.0
1775972540.002,1860,19403.4,35880.1,35554.9,12682.7,21940.9,2366.0,122641.0,126490.0
1775972548.932,1890,19480.9,35459.6,35569.1,12695.4,15336.1,2086.0,72539.0,124337.0
1775972557.945,1920,19470.4,35351.3,35568.8,12617.7,15813.4,2071.0,73934.0,127136.0
1775972566.953,1950,19563.9,35323.7,35323.7,12716.5,18023.5,2085.0,76004.0,129899.0
1775972575.921,1980,19307.9,36012.4,35795.5,12582.7,16685.5,2060.0,77512.0,132665.0
1775972584.934,2010,19622.4,35884.0,35233.6,12684.1,17471.6,2076.0,79338.0,135725.0
1775972593.984,2040,19479.4,35712.2,35495.8,12661.6,16950.8,2083.0,80795.0,138289.0
1775972602.967,2070,19429.3,35463.8,35602.3,12699.6,18656.9,2087.0,82605.0,140806.0
1775972611.933,2100,19511.7,34990.2,35426.2,12535.4,19974.6,2052.0,84236.0,143771.0
1775972620.944,2130,19726.4,36418.0,36526.4,12789.7,20257.1,2024.0,85952.0,146333.0
1775972629.956,2160,19297.2,35667.2,35992.5,12467.3,18343.4,2003.0,87508.0,148943.0
1775972638.967,2190,19516.1,35237.5,35996.4,12685.5,18385.7,2069.0,89077.0,151250.0
1775972647.919,2220,19285.0,35192.5,35846.2,12638.8,22134.6,2061.0,91137.0,154669.0
1775972656.932,2250,19624.6,35454.3,34912.2,12685.5,21851.5,2032.0,92664.0,157231.0
1775972665.921,2280,19683.5,35560.9,35452.1,12614.9,20569.3,2041.0,94252.0,159888.0
1775972674.849,2310,19557.5,35290.9,35946.4,12455.6,20430.9,2023.0,96036.0,162186.0
1775972683.864,2340,19412.0,35679.1,35679.1,12796.8,22414.1,2001.0,97882.0,165250.0
1775972692.891,2370,19390.5,35688.3,35639.5,12674.2,22010.9,2031.0,99534.0,167684.0
1775972701.893,2400,19416.3,35361.6,35687.0,12582.7,20251.0,2018.0,101042.0,170644.0
1775972710.906,2430,19514.0,35558.8,35884.0,12684.1,23540.0,2042.0,102954.0,173207.0
1775972719.919,2460,19297.2,35342.0,35125.2,12792.5,18832.0,2033.0,104062.0,175817.0
1775972728.930,2490,19405.6,35233.6,35884.0,12575.7,22800.8,2053.0,106384.0,178632.0
1775972737.944,2520,19511.8,35663.3,35771.7,12791.1,21453.8,2023.0,107796.0,181447.0
1775972746.956,2550,19405.6,35992.5,35558.8,12684.1,22454.0,2038.0,109608.0,184156.0
1775972755.967,2580,19622.4,35342.0,35233.6,12684.1,24830.1,2016.0,111268.0,187219.0
1775972764.982,2610,19511.8,35880.1,35988.5,12574.3,23591.7,2055.0,112736.0,189730.0
1775972773.995,2640,19297.2,35992.5,35342.0,12684.1,24028.7,2033.0,114494.0,192595.0
1775972783.007,2670,19618.0,35442.5,35767.7,12681.3,24705.2,2040.0,116110.0,195462.0
1775972792.017,2700,19624.6,36213.3,35671.2,12685.5,24865.2,2034.0,117748.0,198220.0
1775972800.940,2730,19255.0,35790.3,34811.3,12727.9,25129.7,2023.0,119094.0,200746.0
1775972809.895,2760,19428.0,36002.2,35124.1,12513.0,23834.0,2073.0,120699.0,203155.0
1775972818.881,2790,19492.1,35826.2,36152.9,12849.5,27149.8,2116.0,122525.0,206528.0
1775972827.892,2820,19448.7,35094.6,34986.0,12495.0,31384.5,2093.0,124740.0,209440.0
1775972836.905,2850,19256.6,36782.2,35916.7,12657.4,26811.6,2048.0,125548.0,211347.0
1775972845.916,2880,19297.2,36317.7,35450.4,12575.7,26793.7,2061.0,127424.0,214509.0
1775972854.928,2910,19448.7,35094.6,36615.8,12712.3,27703.8,2032.0,129083.0,217385.0
1775972863.933,2940,19555.2,35742.6,35742.6,12710.9,29170.1,2015.0,130693.0,219845.0
1775972872.947,2970,19516.1,35129.1,35779.6,12577.1,,,,
1775972881.888,3000,19522.6,35683.1,35791.5,12798.2,,,,

 + MIGRATION_EVENTS_CSV:
timestamp_s,round,n_migrations
1775971999.889,60,0
1775972018.304,120,14176
1775972036.345,180,30138
1775972054.288,240,34940
1775972072.238,300,33488
1775972090.222,360,11169
1775972108.225,420,18277
1775972126.249,480,20664
1775972144.248,540,12300
1775972162.260,600,7721
1775972180.274,660,5985
1775972198.224,720,4893
1775972216.256,780,3391
1775972234.217,840,2235
1775972252.231,900,2809
1775972270.186,960,1723
1775972288.114,1020,2491
1775972306.121,1080,0
1775972324.134,1140,0
1775972342.149,1200,0
1775972360.166,1260,0
1775972378.174,1320,0
1775972396.158,1380,0
1775972414.190,1440,0
1775972432.199,1500,0
1775972450.102,1560,0
1775972468.133,1620,0
1775972486.084,1680,0
1775972504.134,1740,0
1775972522.084,1800,0
1775972540.092,1860,0
1775972558.034,1920,0
1775972576.013,1980,0
1775972594.067,2040,0
1775972612.023,2100,0
1775972630.050,2160,0
1775972648.015,2220,0
1775972666.011,2280,0
1775972683.963,2340,0
1775972701.984,2400,0
1775972720.006,2460,0
1775972738.040,2520,0
1775972756.069,2580,0
1775972774.080,2640,0
1775972792.113,2700,0
1775972809.983,2760,0
1775972827.979,2820,0
1775972846.004,2880,0
1775972863.994,2940,0
1775972881.983,3000,0
-----------------------------------------
CMD: LABEL=n4_bw_f1_rate_imb90_r120000_run_1 LOCAL_ORCH=0 NODES=4 WORKER_BANDWIDTHS_MBPS=600,600,200,200 RATE_WEIGHTS=27,1,1,1 RATE=120000 DURATION=900 WARMUP=30 IN_MEMORY_STORE=1 fab cloudlab --manifest=manifest.xml --latency=100ms --primary-bw=300mbit --log-dir=/home/zpkhor/narwhal-validator/benchmark/exp/results/tps_timeline_lb_cloud_20260411_235843/n4_bw_f1_rate_imb90_r120000_run_1
No dedicated client nodes; using node-21 as client
[92mStarting CloudLab benchmark[0m
All SSH hosts: ['hp078.utah.cloudlab.us', 'hp026.utah.cloudlab.us', 'hp052.utah.cloudlab.us', 'hp091.utah.cloudlab.us', 'hp021.utah.cloudlab.us']
Killing previous processes...
Resetting TCP buffers...
Compiling...
Distributing binaries to 5 machines...
Generating configuration files...
Uploading config files...
Applying TC QoS shaping...
TC QoS applied: primary=300000kbps, worker_bws=[600000, 600000, 200000, 200000]kbps, client=600000kbps
Starting primaries and workers...
Waiting for workers to be ready...
All workers ready.
Starting client...
Running benchmark (900 sec)...
Stopping processes...
Downloading logs...
Parsing logs...
[1m[93mWARN[0m: Clients missed their target rate 14 time(s)

-----------------------------------------
 SUMMARY:
-----------------------------------------
 + CONFIG:
 Committee size: 4 node(s)
 Worker(s) per node: 1 worker(s)
 Input rate: 120,000 tx/s
 Transaction size: 512 B
 Benchmark duration: 900.0 s
 Consensus duration: 865.4 s
 Commit duration: 854.87 s


 + LAST COMMITTED PER VALIDATOR (from primary logs):
 Validator  Time            Round
 0          06:03:55.884     3010
 1          06:03:55.866     3010
 2          06:03:55.873     3010
 3          06:03:55.857     3010
 + RESULTS:
 f+1 Commit latency (workers) (mean): 45,025 ms
 f+1 Commit latency (workers) (p50): 3,095 ms
 f+1 Commit latency (workers) (p90): 93,323 ms
 f+1 Commit latency (workers) (p95): 265,939 ms
 f+1 Commit latency (workers) (p99): 427,392 ms

 Consensus TPS: 68,492 tx/s
 Consensus BPS: 35,068,116 B/s
 Committed TPS: 69,336 tx/s
 Committed BPS: 35,500,030 B/s

 + VALIDATOR LOAD DISTRIBUTION:
 Validator 0: 17,344,681 tx (29.3%)
 Validator 1: 15,537,283 tx (26.2%)
 Validator 2: 13,486,650 tx (22.8%)
 Validator 3: 12,904,927 tx (21.8%)

 + PER-VALIDATOR COMMIT METRICS:
 Validator    TPS (tx/s)    Mean (ms)    p95 (ms)    Misses
 0            20,289        267,308      497,822     14
 1            18,175        67,797       235,018     0
 2            15,776        9,000        69,217      0
 3            15,096        22,352       210,237     0
 Overall      69,336        102,906 (wtd) 268,800 (wtd) 14

 + PER-VALIDATOR QUORUM TIMING (ms):
                    mean            p95             std      
 Validator       delay    lat    delay    lat    delay    lat
 0              45,822     44   65,602    300   16,143    102
 1              45,573     50   66,419    307   19,858    106
 2                 565     57      869    299      213    104
 3               2,241     60   10,396    306    3,306    110

 + PER-STAGE LATENCY BREAKDOWN (mean, ms):
   Stage                            All
   Client -> Worker:             24,828
   Worker -> Batch seal:             57
   Batch seal -> Quorum:         25,966
   Quorum -> Processed:              19
   Processed -> Header:             159
   Header -> Certified:             209
   Certified -> Committed:        1,481
   Sum:                          52,718
   (n=)                          59,046

 + CERTIFIED TPS TIMELINE (actual/capacity (spare)):
   round                          V0                          V1                          V2                          V3
   30      87.3% 2409/35971 (+33562)     4.7% 129/35971 (+35842)     3.8% 104/11990 (+11886)     4.2% 116/11990 (+11874)
   60      89.5% 28922/35971 (+7049)    3.6% 1173/35971 (+34798)    3.3% 1071/11990 (+10919)    3.5% 1136/11990 (+10854)
   90      86.3% 44986/35971 (-9015)    4.7% 2427/35971 (+33544)     4.4% 2316/11990 (+9674)     4.6% 2408/11990 (+9582)
   120    81.3% 46498/35971 (-10527)    6.3% 3602/35971 (+32369)     6.2% 3549/11990 (+8441)     6.3% 3577/11990 (+8413)
   150     71.4% 45533/35971 (-9562)  15.7% 10021/35971 (+25950)     6.4% 4106/11990 (+7884)     6.4% 4084/11990 (+7906)
   180     67.3% 41468/35971 (-5497)  19.4% 11941/35971 (+24030)     6.6% 4089/11990 (+7901)     6.7% 4133/11990 (+7857)
   210    61.0% 46834/35971 (-10863)  28.2% 21682/35971 (+14289)     5.3% 4106/11990 (+7884)     5.5% 4194/11990 (+7796)
   240     56.7% 43581/35971 (-7610)  32.6% 25043/35971 (+10928)     5.4% 4130/11990 (+7860)     5.4% 4172/11990 (+7818)
   270    51.2% 46942/35971 (-10971)   32.8% 30030/35971 (+5941)     8.1% 7394/11990 (+4596)     7.9% 7277/11990 (+4713)
   300     46.4% 41982/35971 (-6011)   34.6% 31323/35971 (+4648)     9.5% 8592/11990 (+3398)     9.5% 8592/11990 (+3398)
   330     41.5% 40913/35971 (-4942)   33.8% 33385/35971 (+2586)   10.8% 10692/11990 (+1298)   13.8% 13638/11990 (-1648)
   360     40.9% 42497/35971 (-6526)   33.5% 34800/35971 (+1171)   10.5% 10950/11990 (+1040)   15.0% 15595/11990 (-3605)
   390     33.8% 27948/35971 (+8023)  26.8% 22207/35971 (+13764)   18.9% 15599/11990 (-3609)   20.5% 16980/11990 (-4990)
   420    26.5% 18219/35971 (+17752)  25.8% 17785/35971 (+18186)   21.9% 15043/11990 (-3053)   25.8% 17759/11990 (-5769)
   450    25.2% 14752/35971 (+21219)  23.5% 13776/35971 (+22195)   24.7% 14490/11990 (-2500)   26.6% 15572/11990 (-3582)
   480    26.8% 16819/35971 (+19152)  24.4% 15300/35971 (+20672)   23.8% 14899/11990 (-2909)   25.0% 15675/11990 (-3685)
   510    24.1% 14629/35971 (+21342)  27.0% 16363/35971 (+19608)   23.5% 14243/11990 (-2253)   25.5% 15474/11990 (-3484)
   540    23.5% 14631/35971 (+21340)  28.0% 17448/35971 (+18523)   22.8% 14213/11990 (-2223)   25.6% 15937/11990 (-3947)
   570    27.6% 18258/35971 (+17713)  27.6% 18258/35971 (+17713)   19.9% 13168/11990 (-1178)   24.8% 16405/11990 (-4415)
   600    23.5% 13846/35971 (+22125)  26.8% 15793/35971 (+20178)   26.0% 15300/11990 (-3310)   23.8% 14013/11990 (-2023)
   630    27.7% 16047/35971 (+19924)  24.0% 13878/35971 (+22093)    22.1% 12777/11990 (-787)   26.2% 15189/11990 (-3199)
   660    28.9% 17462/35971 (+18509)  22.1% 13340/35971 (+22630)   24.7% 14950/11990 (-2960)   24.3% 14718/11990 (-2728)
   690    26.5% 16532/35971 (+19439)  23.7% 14792/35971 (+21180)   25.5% 15910/11990 (-3920)   24.3% 15140/11990 (-3150)
   720    23.0% 12680/35971 (+23291)  22.4% 12355/35971 (+23616)   27.0% 14864/11990 (-2874)   27.6% 15224/11990 (-3234)
   750    27.4% 16370/35971 (+19601)  23.1% 13768/35971 (+22203)   24.6% 14683/11990 (-2693)   24.9% 14900/11990 (-2910)
   780    25.3% 14826/35971 (+21145)  24.4% 14285/35971 (+21686)   24.8% 14513/11990 (-2523)   25.5% 14953/11990 (-2963)
   810    27.1% 17454/35971 (+18517)  27.5% 17671/35971 (+18300)   23.1% 14852/11990 (-2862)   22.4% 14392/11990 (-2402)
   840    23.4% 14093/35971 (+21878)  26.7% 16045/35971 (+19926)   24.4% 14662/11990 (-2672)   25.5% 15316/11990 (-3326)
   870    24.5% 14634/35971 (+21337)  26.5% 15826/35971 (+20145)   24.5% 14611/11990 (-2621)   24.5% 14596/11990 (-2606)
   900    26.7% 15389/35971 (+20582)  22.0% 12680/35971 (+23291)   25.0% 14418/11990 (-2428)   26.3% 15196/11990 (-3206)
   930    23.4% 14205/35971 (+21766)  28.4% 17241/35971 (+18730)   24.2% 14691/11990 (-2701)   24.0% 14540/11990 (-2550)
   960    26.7% 17218/35971 (+18753)  25.3% 16352/35971 (+19619)   25.4% 16401/11990 (-4411)   22.6% 14597/11990 (-2607)
   990    29.5% 19694/35971 (+16276)  21.5% 14363/35971 (+21608)   28.7% 19142/11990 (-7152)   20.3% 13509/11990 (-1519)
   1020   31.6% 22978/35971 (+12993)  26.0% 18968/35971 (+17003)   25.3% 18426/11990 (-6436)    17.1% 12456/11990 (-466)
   1050   27.4% 19722/35971 (+16249)  26.5% 19072/35971 (+16899)   25.4% 18309/11990 (-6319)   20.7% 14949/11990 (-2959)
   1080   30.5% 20384/35971 (+15588)  24.0% 16047/35971 (+19924)   28.0% 18714/11990 (-6724)    17.6% 11759/11990 (+231)
   1110   28.2% 21567/35971 (+14404)  26.9% 20591/35971 (+15380)   24.7% 18856/11990 (-6866)   20.2% 15435/11990 (-3445)
   1140   24.1% 17462/35971 (+18509)  33.4% 24186/35971 (+11785)   25.5% 18426/11990 (-6436)    17.0% 12322/11990 (-332)
   1170   30.9% 22471/35971 (+13500)  29.1% 21168/35971 (+14803)   25.4% 18454/11990 (-6464)   14.6% 10631/11990 (+1359)
   1200   28.4% 20130/35971 (+15841)  30.5% 21670/35971 (+14301)   27.0% 19140/11990 (-7150)   14.2% 10053/11990 (+1937)
   1230   26.9% 19259/35971 (+16712)  31.5% 22504/35971 (+13466)   25.9% 18501/11990 (-6511)    15.7% 11233/11990 (+757)
   1260   25.8% 17929/35971 (+18042)  30.4% 21099/35971 (+14872)   26.7% 18566/11990 (-6576)    17.0% 11820/11990 (+170)
   1290   26.4% 17758/35971 (+18213)  28.8% 19392/35971 (+16579)   27.8% 18736/11990 (-6746)    17.1% 11490/11990 (+500)
   1320   29.2% 21393/35971 (+14578)  24.7% 18135/35971 (+17836)   25.5% 18723/11990 (-6733)   20.6% 15090/11990 (-3100)
   1350   25.9% 20262/35971 (+15709)  32.9% 25679/35971 (+10292)   23.7% 18528/11990 (-6538)   17.5% 13673/11990 (-1683)
   1380   24.9% 17776/35971 (+18196)  28.1% 20052/35971 (+15919)   25.7% 18306/11990 (-6316)   21.3% 15166/11990 (-3176)
   1410   27.7% 21468/35971 (+14503)  26.3% 20384/35971 (+15588)   23.7% 18324/11990 (-6334)   22.3% 17231/11990 (-5241)
   1440   31.0% 22945/35971 (+13026)  29.0% 21430/35971 (+14541)   25.1% 18608/11990 (-6618)    14.9% 11012/11990 (+978)
   1470   27.3% 21437/35971 (+14534)  26.0% 20354/35971 (+15617)   23.2% 18177/11990 (-6187)   23.5% 18438/11990 (-6448)
   1500   25.7% 17570/35971 (+18401)  25.0% 17136/35971 (+18834)   26.1% 17888/11990 (-5898)   23.2% 15859/11990 (-3869)
   1530   25.4% 19076/35971 (+16895)  24.4% 18317/35971 (+17654)   23.2% 17450/11990 (-5460)   27.1% 20345/11990 (-8355)
   1560   27.9% 21242/35971 (+14730)  27.0% 20588/35971 (+15383)   24.0% 18300/11990 (-6310)   21.1% 16098/11990 (-4108)
   1590   28.3% 21180/35971 (+14791)  27.7% 20746/35971 (+15225)   23.2% 17370/11990 (-5380)   20.8% 15613/11990 (-3623)
   1620   26.3% 19698/35971 (+16273)  24.8% 18616/35971 (+17355)   23.4% 17516/11990 (-5526)   25.6% 19182/11990 (-7192)
   1650   28.6% 21213/35971 (+14758)  25.5% 18929/35971 (+17042)   24.5% 18167/11990 (-6177)   21.4% 15836/11990 (-3846)
   1680   24.8% 18628/35971 (+17343)  23.9% 17978/35971 (+17993)   24.0% 18036/11990 (-6046)   27.4% 20584/11990 (-8594)
   1710   25.6% 17398/35971 (+18573)  25.3% 17182/35971 (+18789)   25.9% 17588/11990 (-5598)   23.1% 15666/11990 (-3676)
   1740   20.2% 17230/35971 (+18741)  25.1% 21456/35971 (+14515)   20.7% 17639/11990 (-5649)  34.0% 29034/11990 (-17044)
   1770   25.2% 17043/35971 (+18928)  23.0% 15523/35971 (+20448)   26.0% 17586/11990 (-5596)   25.8% 17413/11990 (-5423)
   1800   25.5% 17888/35971 (+18083)  23.2% 16262/35971 (+19709)   26.0% 18213/11990 (-6223)   25.3% 17751/11990 (-5761)
   1830   22.4% 15558/35971 (+20413)  27.8% 19366/35971 (+16605)   24.8% 17260/11990 (-5270)   25.0% 17386/11990 (-5396)
   1860   23.4% 17563/35971 (+18408)  29.6% 22224/35971 (+13747)   23.8% 17888/11990 (-5898)   23.1% 17345/11990 (-5355)
   1890   27.0% 21142/35971 (+14828)  27.6% 21576/35971 (+14395)   22.4% 17554/11990 (-5564)   23.0% 17967/11990 (-5977)
   1920   29.1% 21788/35971 (+14183)  23.9% 17886/35971 (+18085)   23.7% 17777/11990 (-5787)   23.3% 17444/11990 (-5454)
   1950   26.3% 19642/35971 (+16329)  26.1% 19534/35971 (+16438)   23.9% 17892/11990 (-5902)   23.6% 17653/11990 (-5663)
   1980   24.6% 16587/35971 (+19384)  22.4% 15069/35971 (+20902)   26.8% 18092/11990 (-6102)   26.2% 17671/11990 (-5681)
   2010   26.1% 19007/35971 (+16964)  24.9% 18133/35971 (+17838)   24.0% 17463/11990 (-5473)   24.9% 18133/11990 (-6143)
   2040   29.1% 21825/35971 (+14146)  24.3% 18224/35971 (+17747)   23.3% 17458/11990 (-5468)   23.4% 17569/11990 (-5579)
   2070   23.6% 17167/35971 (+18804)  27.4% 19883/35971 (+16088)   24.8% 18016/11990 (-6026)   24.2% 17562/11990 (-5572)
   2100   24.6% 18215/35971 (+17756)  26.8% 19841/35971 (+16130)   23.8% 17564/11990 (-5574)   24.8% 18315/11990 (-6325)
   2130   28.2% 21322/35971 (+14650)  25.5% 19265/35971 (+16706)   23.5% 17750/11990 (-5760)   22.9% 17292/11990 (-5302)
   2160   30.3% 21496/35971 (+14475)  20.2% 14331/35971 (+21640)   25.0% 17696/11990 (-5706)   24.5% 17342/11990 (-5352)
   2190   29.4% 21327/35971 (+14644)  21.1% 15342/35971 (+20629)   24.6% 17845/11990 (-5855)   24.9% 18062/11990 (-6072)
   2220   29.9% 22857/35971 (+13114)  23.9% 18307/35971 (+17664)   23.3% 17841/11990 (-5851)   22.9% 17501/11990 (-5511)
   2250   25.6% 18766/35971 (+17206)  26.7% 19525/35971 (+16446)   23.4% 17138/11990 (-5148)   24.3% 17772/11990 (-5782)
   2280   25.3% 18248/35971 (+17723)  25.8% 18576/35971 (+17395)   24.0% 17309/11990 (-5319)   24.9% 17906/11990 (-5916)
   2310   29.3% 22333/35971 (+13638)  25.1% 19189/35971 (+16782)   23.0% 17563/11990 (-5573)   22.6% 17236/11990 (-5246)
   2340   24.2% 19046/35971 (+16924)  31.5% 24782/35971 (+11189)   22.4% 17640/11990 (-5650)   21.9% 17188/11990 (-5198)
   2370   27.5% 22446/35971 (+13525)  29.5% 24073/35971 (+11898)   21.3% 17323/11990 (-5333)   21.7% 17674/11990 (-5684)
   2400   26.8% 19959/35971 (+16012)  26.5% 19742/35971 (+16229)   23.8% 17772/11990 (-5782)   22.9% 17108/11990 (-5118)
   2430   28.7% 21150/35971 (+14822)  23.4% 17245/35971 (+18726)   24.3% 17878/11990 (-5888)   23.7% 17443/11990 (-5453)
   2460   21.0% 15108/35971 (+20863)  29.2% 20977/35971 (+14994)   24.8% 17806/11990 (-5816)   25.0% 17930/11990 (-5940)
   2490   26.1% 19355/35971 (+16616)  26.7% 19795/35971 (+16176)   23.4% 17352/11990 (-5362)   23.7% 17588/11990 (-5598)
   2520   24.6% 17158/35971 (+18814)  25.4% 17700/35971 (+18270)   24.9% 17372/11990 (-5382)   25.0% 17451/11990 (-5461)
   2550   29.5% 21764/35971 (+14207)  23.7% 17433/35971 (+18538)   23.3% 17154/11990 (-5164)   23.5% 17325/11990 (-5335)
   2580   28.3% 20706/35971 (+15264)  23.5% 17237/35971 (+18734)   23.9% 17533/11990 (-5543)   24.3% 17779/11990 (-5789)
   2610   26.9% 18647/35971 (+17324)  22.5% 15611/35971 (+20360)   25.2% 17430/11990 (-5440)   25.4% 17561/11990 (-5571)
   2640   26.3% 18322/35971 (+17650)  23.2% 16153/35971 (+19818)   25.2% 17558/11990 (-5568)   25.4% 17739/11990 (-5749)
   2670   24.6% 17009/35971 (+18962)  24.6% 17009/35971 (+18962)   25.6% 17724/11990 (-5734)   25.3% 17479/11990 (-5489)
   2700   25.9% 18551/35971 (+17420)  25.4% 18225/35971 (+17746)   24.5% 17574/11990 (-5584)   24.2% 17357/11990 (-5367)
   2730   24.4% 17996/35971 (+17975)  27.5% 20273/35971 (+15698)   23.8% 17560/11990 (-5570)   24.3% 17958/11990 (-5968)
   2760   28.6% 20755/35971 (+15216)  22.7% 16494/35971 (+19476)   24.4% 17690/11990 (-5700)   24.2% 17584/11990 (-5594)
   2790   31.0% 23311/35971 (+12660)  21.3% 16047/35971 (+19924)   23.8% 17888/11990 (-5898)   23.9% 17982/11990 (-5992)
   2820   25.6% 18836/35971 (+17135)  25.8% 18945/35971 (+17026)   24.7% 18179/11990 (-6189)   23.9% 17534/11990 (-5544)
   2850   26.0% 19080/35971 (+16891)  26.5% 19406/35971 (+16565)   23.8% 17430/11990 (-5440)   23.8% 17430/11990 (-5440)
   2880   28.5% 21272/35971 (+14699)  23.7% 17691/35971 (+18280)   23.5% 17582/11990 (-5592)   24.3% 18125/11990 (-6135)
   2910   25.9% 18203/35971 (+17768)  24.2% 17011/35971 (+18960)   25.6% 17961/11990 (-5971)   24.3% 17108/11990 (-5118)
   2940   23.8% 16692/35971 (+19279)  26.2% 18426/35971 (+17545)   24.7% 17312/11990 (-5322)   25.3% 17776/11990 (-5786)
   2970   21.7% 16105/35971 (+19866)  30.1% 22374/35971 (+13597)   24.3% 18030/11990 (-6040)   24.0% 17803/11990 (-5813)
   3000   24.5% 19401/35971 (+16570)  31.0% 24496/35971 (+11476)   22.1% 17450/11990 (-5460)   22.5% 17776/11990 (-5786)

 + ACCOUNT MIGRATIONS (cumulative):
 Validator       Donated   Received
 0               152,708          0
 1                     0     69,413
 2                     0     34,266
 3                     0     49,029

 + TPS_TIMELINE_CSV:
timestamp_s,round,v0,v1,v2,v3,lat_mean,lat_p50,lat_p90,lat_p95
1775972940.696,30,2409.0,129.1,104.4,116.2,,,,
1775972949.674,60,28921.9,1173.3,1071.4,1136.5,,,,
1775972958.687,90,44985.6,2426.7,2316.0,2408.1,1762.0,1782.0,1946.0,1982.0
1775972967.698,120,46498.0,3601.7,3548.8,3576.7,2631.2,2293.0,4576.0,5677.0
1775972976.723,150,45532.6,10021.0,4105.5,4083.6,4671.5,2406.0,11792.0,14823.0
1775972985.686,180,41468.2,11941.1,4088.9,4133.3,4299.5,2027.0,18663.0,20669.0
1775972994.696,210,46833.6,21682.2,4105.6,4194.5,4424.2,2010.0,22923.0,25577.0
1775973003.707,240,43581.2,25042.9,4130.4,4172.2,5242.0,2035.0,28534.0,30790.0
1775973012.719,270,46942.0,30029.8,7393.8,7277.0,5534.4,2074.0,33047.0,36044.0
1775973021.734,300,41981.7,31323.2,8592.1,8592.1,5888.3,2110.0,3914.0,40054.0
1775973030.699,330,40912.9,33384.9,10691.9,13637.6,7056.4,2367.0,43768.0,46575.0
1775973039.710,360,42497.1,34799.9,10949.5,15595.4,6557.3,2444.0,10311.0,49866.0
1775973048.688,390,27948.3,22207.0,15599.1,16979.8,7279.0,2662.0,13372.0,55326.0
1775973057.710,420,18219.1,17785.3,15042.8,17758.7,7348.3,2703.0,14028.0,18640.0
1775973066.722,450,14752.1,13775.8,14490.4,15572.1,9423.8,2678.0,19640.0,24542.0
1775973075.720,480,16818.6,15299.5,14898.9,15674.7,11297.9,2629.0,24449.0,28905.0
1775973084.733,510,14629.0,16362.8,14243.1,15473.6,13494.5,2742.0,29268.0,33525.0
1775973093.747,540,14630.6,17448.4,14212.6,15937.3,15850.3,2754.0,33675.0,92680.0
1775973102.757,570,18257.6,18257.6,13168.1,16405.1,15772.2,3061.0,37592.0,39690.0
1775973111.769,600,13845.9,15793.0,15299.7,14012.6,17653.7,3014.0,43447.0,46256.0
1775973120.750,630,16046.6,13878.1,12777.3,15188.8,19126.1,3493.0,48608.0,51261.0
1775973129.762,660,17461.9,13340.5,14949.6,14718.0,19440.2,3022.0,53390.0,55794.0
1775973138.806,690,16531.7,14791.5,15909.9,15140.5,20669.5,2732.0,59258.0,60705.0
1775973147.791,720,12679.9,12354.7,14863.8,15224.2,23037.2,2753.0,64317.0,65922.0
1775973156.802,750,16370.1,13768.2,14682.6,14900.2,25938.4,2713.0,70633.0,71690.0
1775973165.818,780,14826.0,14284.9,14513.1,14953.4,33119.1,2875.0,72146.0,74845.0
1775973174.860,810,17454.2,17671.0,14852.0,14391.8,36644.5,2975.0,72603.0,79259.0
1775973183.843,840,14093.4,16044.8,14662.1,15315.5,35354.8,2991.0,71069.0,83469.0
1775973192.858,870,14633.9,15826.3,14610.8,14596.5,34754.7,2865.0,86283.0,171433.0
1775973201.870,900,15389.2,12679.9,14417.7,15195.8,37424.2,3134.0,71741.0,93205.0
1775973210.885,930,14205.0,17241.2,14690.8,14540.5,35564.6,3032.0,68350.0,97630.0
1775973219.916,960,17218.2,16351.9,16400.9,14597.4,38619.9,3122.0,67933.0,111711.0
1775973228.940,990,19694.5,14362.8,19142.2,13509.4,44924.7,4147.0,108161.0,198856.0
1775973237.908,1020,22978.0,18967.7,18425.8,12456.0,37635.3,4101.0,65824.0,117616.0
1775973246.956,1050,19722.0,19071.9,18308.9,14949.0,40894.1,4697.0,117307.0,207696.0
1775973255.969,1080,20383.5,16046.6,18714.2,11758.6,41788.5,4824.0,63999.0,131519.0
1775973264.981,1110,21566.6,20591.2,18855.9,15435.1,42064.5,55305.0,60100.0,135059.0
1775973273.959,1140,17461.9,24186.4,18425.6,12321.6,40915.1,5844.0,59381.0,223883.0
1775973282.972,1170,22471.0,21168.3,18454.4,10631.1,45903.5,49691.0,141333.0,226337.0
1775973291.866,1200,20129.6,21669.6,19139.6,10053.3,47256.1,49247.0,144311.0,231412.0
1775973300.896,1230,19258.7,22504.5,18500.8,11233.3,38989.7,11762.0,62327.0,152396.0
1775973309.808,1260,17928.6,21098.9,18566.3,11820.3,40229.9,14705.0,154013.0,156817.0
1775973318.800,1290,17757.7,19391.8,18736.2,11490.5,42360.1,14356.0,159335.0,247475.0
1775973327.812,1320,21392.6,18134.8,18723.4,15089.9,45740.4,14428.0,162340.0,167118.0
1775973336.833,1350,20261.6,25679.2,18528.0,13673.0,41317.0,14047.0,165269.0,169609.0
1775973345.851,1380,17775.5,20051.6,18305.5,15166.0,43137.9,12211.0,170485.0,174995.0
1775973354.813,1410,21467.8,20383.5,18323.5,17231.2,50694.4,12702.0,175974.0,266454.0
1775973363.837,1440,22944.9,21429.7,18608.3,11012.2,44698.7,12864.0,179166.0,185532.0
1775973372.840,1470,21436.8,20354.2,18176.6,18438.3,42538.3,10229.0,65548.0,189089.0
1775973381.854,1500,17570.4,17136.5,17888.5,15858.8,49638.5,9590.0,190552.0,280803.0
1775973390.855,1530,19076.1,18317.4,17450.3,20345.2,51184.7,9218.0,193258.0,285062.0
1775973399.870,1560,21241.5,20587.9,18300.4,16098.5,53013.2,9418.0,197281.0,290836.0
1775973408.862,1590,21180.1,20745.6,17370.4,15612.6,47664.7,10017.0,200342.0,203460.0
1775973417.875,1620,19698.0,18615.7,17516.1,19181.7,51089.2,9447.0,206206.0,299728.0
1775973426.850,1650,21213.1,18928.6,18167.1,15836.0,45760.4,9305.0,207948.0,212329.0
1775973435.909,1680,18628.1,17978.3,18036.1,20583.9,51606.4,8667.0,211941.0,221103.0
1775973444.920,1710,17398.2,17182.1,17587.9,15666.1,44558.6,8390.0,212862.0,220801.0
1775973453.913,1740,17229.7,21455.9,17638.6,29033.7,43255.2,2818.0,214862.0,225217.0
1775973462.927,1770,17043.2,15523.4,17586.0,17413.2,56488.7,2889.0,220316.0,326201.0
1775973471.939,1800,17887.8,16261.7,18213.0,17750.7,54066.4,56415.0,221067.0,235816.0
1775973480.952,1830,15558.0,19365.9,17260.1,17386.4,52174.0,2844.0,225209.0,241087.0
1775973489.965,1860,17562.6,22224.3,17887.8,17345.2,49797.4,3014.0,227741.0,245101.0
1775973498.978,1890,21142.5,21576.2,17554.3,17966.9,54379.3,2689.0,246757.0,346650.0
1775973507.962,1920,21788.2,17885.8,17777.4,17444.2,53418.4,2756.0,236192.0,255501.0
1775973516.982,1950,19642.0,19533.5,17892.0,17653.0,54173.1,2777.0,240258.0,356848.0
1775973525.994,1980,16586.9,15069.1,18091.7,17671.0,51602.6,2648.0,242217.0,361356.0
1775973534.901,2010,19006.9,18133.1,17463.3,18133.1,63659.0,2842.0,266924.0,367317.0
1775973543.879,2040,21825.1,18223.9,17458.1,17569.2,58213.8,2717.0,251105.0,275156.0
1775973552.892,2070,17167.0,19883.3,18015.9,17561.6,55121.0,2782.0,252560.0,278968.0
1775973561.905,2100,18215.1,19841.4,17564.5,18315.3,59220.1,2788.0,257076.0,381462.0
1775973570.918,2130,21321.5,19265.1,17749.9,17292.2,55723.3,2763.0,258429.0,289287.0
1775973579.932,2160,21496.4,14330.9,17696.5,17341.6,58132.3,2636.0,263203.0,391335.0
1775973588.885,2190,21326.7,15342.1,17844.7,18062.0,66094.0,2831.0,296269.0,395713.0
1775973597.910,2220,22857.0,18307.2,17841.1,17500.8,59152.5,2691.0,270151.0,304230.0
1775973606.909,2250,18765.5,19524.8,17138.4,17772.1,60133.0,2658.0,273023.0,307019.0
1775973615.853,2280,18248.4,18576.2,17309.2,17906.4,50091.8,2502.0,92085.0,311126.0
1775973624.866,2310,22332.7,19188.7,17562.6,17235.9,78173.9,55652.0,315890.0,417898.0
1775973633.891,2340,19046.5,24782.1,17639.7,17188.1,69488.6,49914.0,285320.0,419914.0
1775973642.904,2370,22446.1,24072.6,17322.9,17673.6,67969.5,2847.0,322661.0,424376.0
1775973651.905,2400,19958.7,19741.8,17772.1,17108.4,70255.4,2758.0,327380.0,430130.0
1775973660.910,2430,21149.5,17245.0,17878.3,17442.7,59890.9,2958.0,292894.0,335286.0
1775973669.906,2460,15107.7,20976.9,17805.8,17930.1,59027.9,2782.0,296386.0,339360.0
1775973678.793,2490,19355.2,19795.1,17351.6,17587.6,60689.2,2502.0,300416.0,344644.0
1775973687.803,2520,17157.5,17700.5,17371.6,17451.0,72902.0,2669.0,346228.0,450531.0
1775973696.816,2550,21764.0,17432.9,17154.1,17324.6,72762.3,2679.0,309247.0,454893.0
1775973705.828,2580,20706.5,17237.4,17533.2,17779.4,58534.0,2719.0,102763.0,358760.0
1775973714.841,2610,18646.7,15611.2,17429.5,17561.4,63786.2,2682.0,314464.0,362671.0
1775973723.854,2640,18321.5,16153.2,17558.5,17738.8,68597.6,2718.0,318878.0,369787.0
1775973732.866,2670,17009.2,17009.2,17724.1,17479.4,61320.7,2664.0,106300.0,372689.0
1775973741.878,2700,18550.6,18225.2,17574.3,17357.3,76461.7,2838.0,327107.0,379509.0
1775973750.891,2730,17996.2,20272.9,17559.7,17957.5,67751.9,2955.0,327862.0,383579.0
1775973759.853,2760,20754.7,16494.5,17690.0,17584.2,62925.4,2689.0,331505.0,490613.0
1775973768.866,2790,23311.0,16046.6,17888.4,17981.5,80260.1,60281.0,336076.0,398434.0
1775973777.880,2820,18836.3,18944.6,18179.2,17533.7,77100.3,3013.0,340193.0,499338.0
1775973786.893,2850,19080.3,19405.6,17430.1,17430.4,77604.2,3191.0,344004.0,504802.0
1775973795.906,2880,21272.2,17690.6,17582.1,18124.8,77810.2,2905.0,346815.0,509513.0
1775973804.929,2910,18202.9,17011.1,17961.3,17108.0,62576.0,2602.0,114278.0,412631.0
1775973813.942,2940,16691.6,18425.8,17311.5,17775.5,66431.7,2741.0,115457.0,417002.0
1775973822.957,2970,16105.0,22374.0,18029.5,17803.4,,,,
1775973831.979,3000,19401.3,24495.5,17450.3,17775.5,,,,

 + MIGRATION_EVENTS_CSV:
timestamp_s,round,n_migrations
1775972949.696,60,0
1775972968.107,120,17708
1775972986.089,180,29216
1775973004.035,240,34491
1775973022.114,300,51749
1775973039.971,360,19544
1775973057.783,420,0
1775973075.789,480,0
1775973093.815,540,0
1775973111.847,600,0
1775973129.825,660,0
1775973147.849,720,0
1775973165.880,780,0
1775973183.927,840,0
1775973201.935,900,0
1775973219.985,960,0
1775973237.979,1020,0
1775973256.041,1080,0
1775973274.032,1140,0
1775973291.935,1200,0
1775973309.893,1260,0
1775973327.885,1320,0
1775973345.918,1380,0
1775973363.909,1440,0
1775973381.933,1500,0
1775973399.944,1560,0
1775973417.957,1620,0
1775973435.982,1680,0
1775973453.990,1740,0
1775973472.010,1800,0
1775973490.012,1860,0
1775973508.035,1920,0
1775973526.069,1980,0
1775973543.950,2040,0
1775973561.978,2100,0
1775973579.985,2160,0
1775973597.982,2220,0
1775973615.901,2280,0
1775973633.971,2340,0
1775973651.984,2400,0
1775973669.978,2460,0
1775973687.877,2520,0
1775973705.902,2580,0
1775973723.893,2640,0
1775973741.950,2700,0
1775973759.923,2760,0
1775973777.969,2820,0
1775973795.969,2880,0
1775973814.000,2940,0
1775973832.067,3000,0
-----------------------------------------
