CMD: LABEL=n4_v_rate_imb90_r20000_run_1 LOCAL_ORCH=0 NODES=4 WORKER_BANDWIDTHS_MBPS=600,600,600,600 RATE_WEIGHTS=0.9,0.0333333,0.0333333,0.0333333 RATE=20000 DURATION=900 WARMUP=240 IN_MEMORY_STORE=1 fab cloudlab --manifest=manifest.xml --latency=100ms --primary-bw=300mbit --log-dir=/home/zpkhor/narwhal-validator/benchmark/exp/results/tps_timeline_lb_cloud_20260414_053849/n4_v_rate_imb90_r20000_run_1
[92mStarting CloudLab benchmark[0m
All SSH hosts: ['hp084.utah.cloudlab.us', 'hp091.utah.cloudlab.us', 'hp069.utah.cloudlab.us', 'hp021.utah.cloudlab.us']
Killing previous processes...
Resetting TCP buffers...
Compiling...
Distributing binaries to 4 machines...
Generating configuration files...
Uploading config files...
Applying TC QoS shaping...
TC QoS applied: primary=300000kbps, worker_bws=[600000, 600000, 600000, 600000]kbps
Starting primaries and workers...
Waiting for workers to be ready...
All workers ready.
Starting clients...
Running benchmark (900 sec)...
Stopping processes...
Downloading logs...
Parsing logs...

-----------------------------------------
 SUMMARY:
-----------------------------------------
 + CONFIG:
 Committee size: 4 node(s)
 Worker(s) per node: 1 worker(s)
 Input rate: 20,002 tx/s
 Transaction size: 512 B
 Benchmark duration: 900.0 s
 Consensus duration: 540.81 s
 Commit duration: 539.04 s


 + LAST COMMITTED PER VALIDATOR (from primary logs):
 Validator  Time            Round
 0          09:54:06.783     3016
 1          09:54:06.783     3016
 2          09:54:06.784     3016
 3          09:54:06.784     3016
 + RESULTS:
 f+1 Commit latency (workers) (mean): 2,530 ms
 f+1 Commit latency (workers) (p50): 2,036 ms
 f+1 Commit latency (workers) (p90): 2,750 ms
 f+1 Commit latency (workers) (p95): 5,849 ms
 f+1 Commit latency (workers) (p99): 14,542 ms

 Consensus TPS: 17,938 tx/s
 Consensus BPS: 9,184,241 B/s
 Committed TPS: 17,997 tx/s
 Committed BPS: 9,214,399 B/s

 + VALIDATOR LOAD DISTRIBUTION:
 Validator 0: 8,603,384 tx (88.7%)
 Validator 1: 363,172 tx (3.7%)
 Validator 2: 366,309 tx (3.8%)
 Validator 3: 368,223 tx (3.8%)

 + PER-VALIDATOR COMMIT METRICS:
 Validator    TPS (tx/s)    Mean (ms)    p95 (ms)    Misses
 0            15,960        4,121        13,999      0
 1            674           2,116        2,689       0
 2            680           2,103        2,695       0
 3            683           1,823        2,372       0
 Overall      17,997        3,883 (wtd)  12,707 (wtd) 0

 + PER-VALIDATOR QUORUM TIMING (ms):
                    mean            p95             std      
 Validator       delay    lat    delay    lat    delay    lat
 0                 163     50      195     96       22     42
 1                   0    103        0    110        0      3
 2                   0    103        0    110        0      3
 3                   0    103        0    109        0      3

 + PER-STAGE LATENCY BREAKDOWN (mean, ms):
   Stage                            All
   Client -> Worker:                  2
   Worker -> Batch seal:             87
   Batch seal -> Quorum:            164
   Quorum -> Processed:               5
   Processed -> Header:             153
   Header -> Certified:             199
   Certified -> Committed:        2,527
   Sum:                           3,137
   (n=)                          41,809

 + CERTIFIED TPS TIMELINE (actual/capacity (spare)):
   round                          V0                          V1                          V2                          V3
   30       48.1% 178/35971 (+35793)    30.8% 114/35971 (+35857)     15.8% 59/35971 (+35912)      5.3% 20/35971 (+35951)
   60      29.3% 1744/35971 (+34227)   26.6% 1581/35971 (+34390)   23.5% 1396/35971 (+34575)   20.7% 1232/35971 (+34739)
   90      27.2% 3723/35971 (+32248)   25.9% 3548/35971 (+32423)   24.1% 3300/35971 (+32671)   22.8% 3120/35971 (+32851)
   120     25.3% 5060/35971 (+30911)   25.2% 5024/35971 (+30947)   24.9% 4972/35971 (+30999)   24.6% 4912/35971 (+31059)
   150     25.2% 5196/35971 (+30776)   25.0% 5166/35971 (+30804)   24.6% 5082/35971 (+30888)   25.2% 5202/35971 (+30769)
   180     25.1% 5198/35971 (+30773)   25.1% 5187/35971 (+30784)   24.6% 5095/35971 (+30876)   25.2% 5203/35971 (+30768)
   210     25.0% 5203/35971 (+30768)   25.0% 5200/35971 (+30771)   25.0% 5203/35971 (+30768)   25.0% 5200/35971 (+30771)
   240     24.6% 5071/35971 (+30900)   25.1% 5191/35971 (+30780)   25.1% 5184/35971 (+30788)   25.2% 5201/35971 (+30770)
   270     25.2% 5184/35971 (+30787)   24.8% 5094/35971 (+30877)   25.3% 5200/35971 (+30771)   24.8% 5094/35971 (+30877)
   300     25.4% 5203/35971 (+30768)   24.9% 5090/35971 (+30881)   24.8% 5082/35971 (+30890)   24.8% 5083/35971 (+30888)
   330     25.0% 5201/35971 (+30770)   25.0% 5201/35971 (+30770)   25.0% 5196/35971 (+30775)   25.0% 5201/35971 (+30770)
   360     24.9% 5180/35971 (+30791)   25.0% 5191/35971 (+30780)   25.0% 5196/35971 (+30775)   25.0% 5197/35971 (+30774)
   390     24.6% 5091/35971 (+30880)   25.1% 5201/35971 (+30770)   25.1% 5200/35971 (+30771)   25.1% 5194/35971 (+30777)
   420     24.6% 5089/35971 (+30882)   25.1% 5202/35971 (+30769)   25.1% 5202/35971 (+30769)   25.1% 5192/35971 (+30780)
   450     25.3% 5198/35971 (+30773)   24.7% 5085/35971 (+30886)   24.8% 5090/35971 (+30881)   25.2% 5188/35971 (+30783)
   480     25.1% 5203/35971 (+30768)   25.1% 5188/35971 (+30783)   24.6% 5094/35971 (+30877)   25.1% 5203/35971 (+30768)
   510     25.0% 5202/35971 (+30769)   25.0% 5199/35971 (+30772)   25.0% 5200/35971 (+30771)   25.0% 5202/35971 (+30769)
   540     24.6% 5086/35971 (+30884)   25.1% 5198/35971 (+30773)   25.1% 5194/35971 (+30777)   25.2% 5201/35971 (+30770)
   570     24.6% 5094/35971 (+30877)   25.1% 5197/35971 (+30774)   25.1% 5198/35971 (+30773)   25.1% 5202/35971 (+30769)
   600     25.2% 5202/35971 (+30769)   24.6% 5077/35971 (+30894)   25.2% 5202/35971 (+30769)   25.1% 5196/35971 (+30775)
   630     25.1% 5199/35971 (+30772)   25.1% 5201/35971 (+30770)   25.1% 5201/35971 (+30770)   24.6% 5092/35971 (+30878)
   660     25.1% 5197/35971 (+30774)   25.1% 5194/35971 (+30777)   24.6% 5094/35971 (+30877)   25.1% 5197/35971 (+30774)
   690     25.1% 5192/35971 (+30779)   25.2% 5203/35971 (+30768)   24.6% 5090/35971 (+30881)   25.1% 5201/35971 (+30770)
   720     24.6% 5093/35971 (+30878)   25.1% 5201/35971 (+30770)   25.1% 5201/35971 (+30770)   25.1% 5201/35971 (+30770)
   750     24.6% 5094/35971 (+30877)   25.1% 5195/35971 (+30776)   25.1% 5202/35971 (+30769)   25.1% 5200/35971 (+30771)
   780     24.7% 5091/35971 (+30880)   24.7% 5094/35971 (+30877)   25.3% 5202/35971 (+30769)   25.2% 5196/35971 (+30775)
   810     25.1% 5198/35971 (+30773)   24.6% 5093/35971 (+30878)   25.1% 5191/35971 (+30780)   25.1% 5190/35971 (+30781)
   840    66.9% 15381/35971 (+20590)    9.5% 2172/35971 (+33799)   10.9% 2500/35971 (+33471)   12.7% 2925/35971 (+33046)
   870    90.0% 18640/35971 (+17330)     3.3% 688/35971 (+35283)     3.3% 688/35971 (+35283)     3.4% 702/35971 (+35269)
   900    90.0% 18528/35971 (+17443)     3.3% 684/35971 (+35287)     3.3% 688/35971 (+35283)     3.3% 688/35971 (+35283)
   930    90.0% 18634/35971 (+17337)     3.3% 688/35971 (+35283)     3.3% 684/35971 (+35287)     3.3% 688/35971 (+35283)
   960    90.0% 18532/35971 (+17439)     3.3% 688/35971 (+35283)     3.3% 688/35971 (+35283)     3.3% 688/35971 (+35283)
   990    90.0% 18532/35971 (+17439)     3.3% 688/35971 (+35283)     3.3% 688/35971 (+35283)     3.3% 688/35971 (+35283)
   1020   90.0% 18634/35971 (+17337)     3.3% 688/35971 (+35283)     3.3% 688/35971 (+35283)     3.3% 688/35971 (+35283)
   1050   90.0% 18643/35971 (+17328)     3.3% 688/35971 (+35283)     3.3% 688/35971 (+35283)     3.3% 688/35971 (+35283)
   1080   90.0% 18638/35971 (+17333)     3.3% 690/35971 (+35281)     3.3% 688/35971 (+35283)     3.3% 692/35971 (+35279)
   1110   90.0% 18528/35971 (+17443)     3.3% 688/35971 (+35283)     3.3% 684/35971 (+35287)     3.3% 688/35971 (+35283)
   1140   90.0% 18643/35971 (+17328)     3.3% 688/35971 (+35283)     3.3% 688/35971 (+35283)     3.3% 688/35971 (+35283)
   1170   90.0% 18534/35971 (+17437)     3.3% 688/35971 (+35283)     3.3% 688/35971 (+35283)     3.3% 688/35971 (+35283)
   1200   90.1% 18855/35971 (+17116)     3.3% 688/35971 (+35283)     3.3% 689/35971 (+35282)     3.3% 688/35971 (+35283)
   1230   89.9% 18532/35971 (+17439)     3.4% 703/35971 (+35268)     3.3% 688/35971 (+35283)     3.3% 690/35971 (+35282)
   1260   89.9% 18534/35971 (+17437)     3.3% 687/35971 (+35284)     3.3% 688/35971 (+35283)     3.4% 703/35971 (+35268)
   1290   90.0% 18528/35971 (+17443)     3.3% 688/35971 (+35283)     3.3% 688/35971 (+35283)     3.3% 688/35971 (+35283)
   1320   90.1% 18640/35971 (+17330)     3.3% 684/35971 (+35287)     3.3% 688/35971 (+35283)     3.3% 686/35971 (+35285)
   1350   90.1% 18859/35971 (+17112)     3.3% 688/35971 (+35283)     3.3% 688/35971 (+35283)     3.3% 688/35971 (+35283)
   1380   90.1% 18747/35971 (+17224)     3.3% 688/35971 (+35283)     3.3% 688/35971 (+35283)     3.3% 688/35971 (+35283)
   1410   89.9% 18532/35971 (+17439)     3.3% 688/35971 (+35283)     3.3% 688/35971 (+35283)     3.4% 702/35971 (+35269)
   1440   90.0% 18532/35971 (+17439)     3.3% 688/35971 (+35283)     3.3% 688/35971 (+35283)     3.3% 688/35971 (+35283)
   1470   90.0% 18534/35971 (+17437)     3.3% 688/35971 (+35283)     3.3% 689/35971 (+35282)     3.3% 688/35971 (+35283)
   1500   90.0% 18640/35971 (+17330)     3.3% 688/35971 (+35283)     3.3% 688/35971 (+35283)     3.3% 689/35971 (+35282)
   1530   90.1% 18747/35971 (+17224)     3.3% 688/35971 (+35283)     3.3% 688/35971 (+35283)     3.3% 688/35971 (+35283)
   1560   89.9% 18534/35971 (+17437)     3.3% 688/35971 (+35283)     3.3% 688/35971 (+35283)     3.4% 703/35971 (+35268)
   1590   90.1% 18580/35971 (+17392)     3.3% 675/35971 (+35296)     3.3% 690/35971 (+35281)     3.3% 686/35971 (+35285)
   1620   90.0% 18638/35971 (+17333)     3.3% 688/35971 (+35283)     3.3% 688/35971 (+35283)     3.3% 688/35971 (+35283)
   1650   89.9% 18640/35971 (+17330)     3.4% 702/35971 (+35269)     3.4% 703/35971 (+35268)     3.3% 688/35971 (+35283)
   1680   90.0% 18530/35971 (+17441)     3.3% 688/35971 (+35283)     3.3% 688/35971 (+35283)     3.3% 688/35971 (+35283)
   1710   90.0% 18636/35971 (+17335)     3.3% 689/35971 (+35282)     3.3% 688/35971 (+35283)     3.4% 703/35971 (+35268)
   1740   90.0% 18640/35971 (+17330)     3.3% 688/35971 (+35283)     3.3% 688/35971 (+35283)     3.3% 688/35971 (+35283)
   1770   90.0% 18638/35971 (+17333)     3.3% 688/35971 (+35283)     3.3% 688/35971 (+35283)     3.3% 687/35971 (+35284)
   1800   90.1% 18853/35971 (+17118)     3.3% 688/35971 (+35283)     3.3% 688/35971 (+35283)     3.3% 689/35971 (+35282)
   1830   90.0% 18532/35971 (+17439)     3.3% 688/35971 (+35283)     3.3% 688/35971 (+35283)     3.3% 688/35971 (+35283)
   1860   89.8% 18530/35971 (+17441)     3.4% 703/35971 (+35268)     3.3% 688/35971 (+35283)     3.4% 703/35971 (+35268)
   1890   90.0% 18638/35971 (+17333)     3.3% 688/35971 (+35283)     3.3% 688/35971 (+35283)     3.3% 688/35971 (+35283)
   1920   90.1% 18640/35971 (+17330)     3.3% 689/35971 (+35282)     3.3% 684/35971 (+35287)     3.3% 684/35971 (+35287)
   1950   90.0% 18640/35971 (+17330)     3.3% 688/35971 (+35283)     3.3% 688/35971 (+35283)     3.3% 688/35971 (+35283)
   1980   90.0% 18532/35971 (+17439)     3.3% 688/35971 (+35283)     3.3% 688/35971 (+35283)     3.3% 688/35971 (+35283)
   2010   89.9% 18530/35971 (+17441)     3.3% 688/35971 (+35283)     3.3% 688/35971 (+35283)     3.4% 703/35971 (+35268)
   2040   90.0% 18530/35971 (+17441)     3.3% 684/35971 (+35287)     3.3% 688/35971 (+35283)     3.3% 688/35971 (+35283)
   2070   90.1% 18747/35971 (+17224)     3.3% 688/35971 (+35283)     3.3% 688/35971 (+35283)     3.3% 688/35971 (+35283)
   2100   90.0% 18640/35971 (+17330)     3.3% 688/35971 (+35283)     3.4% 703/35971 (+35268)     3.3% 688/35971 (+35283)
   2130   90.0% 18608/35971 (+17364)     3.3% 688/35971 (+35283)     3.3% 688/35971 (+35283)     3.3% 688/35971 (+35283)
   2160   90.0% 18638/35971 (+17333)     3.4% 703/35971 (+35268)     3.3% 688/35971 (+35283)     3.3% 688/35971 (+35283)
   2190   90.0% 18530/35971 (+17441)     3.3% 688/35971 (+35283)     3.3% 684/35971 (+35287)     3.3% 688/35971 (+35283)
   2220   90.1% 18745/35971 (+17226)     3.3% 688/35971 (+35283)     3.3% 688/35971 (+35283)     3.3% 688/35971 (+35283)
   2250   90.0% 18749/35971 (+17222)     3.3% 688/35971 (+35283)     3.4% 704/35971 (+35267)     3.3% 688/35971 (+35283)
   2280   90.1% 18748/35971 (+17223)     3.3% 688/35971 (+35283)     3.3% 688/35971 (+35283)     3.3% 688/35971 (+35283)
   2310   89.9% 18422/35971 (+17549)     3.4% 688/35971 (+35283)     3.4% 688/35971 (+35283)     3.4% 688/35971 (+35283)
   2340   90.0% 18640/35971 (+17330)     3.3% 688/35971 (+35283)     3.3% 687/35971 (+35284)     3.3% 688/35971 (+35283)
   2370   90.0% 18557/35971 (+17414)     3.3% 688/35971 (+35283)     3.3% 688/35971 (+35283)     3.3% 688/35971 (+35283)
   2400   90.1% 18640/35971 (+17330)     3.3% 684/35971 (+35287)     3.3% 688/35971 (+35283)     3.3% 687/35971 (+35284)
   2430   90.0% 18532/35971 (+17439)     3.3% 688/35971 (+35283)     3.3% 689/35971 (+35282)     3.3% 688/35971 (+35283)
   2460   90.0% 18643/35971 (+17328)     3.3% 688/35971 (+35283)     3.3% 688/35971 (+35283)     3.3% 688/35971 (+35283)
   2490   90.0% 18534/35971 (+17437)     3.3% 688/35971 (+35283)     3.3% 688/35971 (+35283)     3.3% 688/35971 (+35283)
   2520   90.0% 18643/35971 (+17328)     3.3% 688/35971 (+35283)     3.3% 688/35971 (+35283)     3.3% 688/35971 (+35283)
   2550   90.0% 18536/35971 (+17435)     3.3% 688/35971 (+35283)     3.3% 688/35971 (+35283)     3.3% 688/35971 (+35283)
   2580   90.0% 18640/35971 (+17330)     3.3% 688/35971 (+35283)     3.3% 688/35971 (+35283)     3.3% 684/35971 (+35287)
   2610   89.8% 18532/35971 (+17439)     3.4% 703/35971 (+35268)     3.4% 703/35971 (+35268)     3.4% 692/35971 (+35279)
   2640   90.0% 18532/35971 (+17439)     3.3% 688/35971 (+35283)     3.3% 688/35971 (+35283)     3.4% 692/35971 (+35279)
   2670   89.9% 18534/35971 (+17437)     3.3% 688/35971 (+35283)     3.4% 703/35971 (+35268)     3.3% 686/35971 (+35285)
   2700   90.0% 18643/35971 (+17328)     3.3% 688/35971 (+35283)     3.3% 688/35971 (+35283)     3.3% 688/35971 (+35283)
   2730   90.1% 18749/35971 (+17222)     3.3% 688/35971 (+35283)     3.3% 688/35971 (+35283)     3.3% 688/35971 (+35283)
   2760   90.0% 18643/35971 (+17328)     3.3% 688/35971 (+35283)     3.3% 686/35971 (+35284)     3.3% 688/35971 (+35283)
   2790   90.0% 18532/35971 (+17439)     3.3% 688/35971 (+35283)     3.3% 688/35971 (+35283)     3.3% 688/35971 (+35283)
   2820   90.0% 18532/35971 (+17439)     3.3% 688/35971 (+35283)     3.3% 688/35971 (+35283)     3.3% 688/35971 (+35283)
   2850   90.0% 18640/35971 (+17330)     3.3% 688/35971 (+35283)     3.3% 688/35971 (+35283)     3.3% 688/35971 (+35283)
   2880   90.0% 18643/35971 (+17328)     3.3% 688/35971 (+35283)     3.3% 688/35971 (+35283)     3.3% 691/35971 (+35280)
   2910   90.0% 18530/35971 (+17441)     3.3% 688/35971 (+35283)     3.3% 688/35971 (+35283)     3.4% 692/35971 (+35279)
   2940   90.0% 18532/35971 (+17439)     3.3% 688/35971 (+35283)     3.3% 688/35971 (+35283)     3.3% 688/35971 (+35283)
   2970   89.9% 18426/35971 (+17545)     3.4% 688/35971 (+35283)     3.4% 688/35971 (+35283)     3.4% 688/35971 (+35283)
   3000   90.0% 18643/35971 (+17328)     3.3% 688/35971 (+35283)     3.3% 688/35971 (+35283)     3.3% 688/35971 (+35283)

 + TPS_TIMELINE_CSV:
timestamp_s,round,v0,v1,v2,v3,lat_mean,lat_p50,lat_p90,lat_p95
1776159548.634,30,178.3,114.1,58.6,19.7,,,,
1776159557.628,60,1743.9,1580.9,1396.1,1232.0,,,,
1776159566.651,90,3723.4,3548.4,3300.2,3120.2,,,,
1776159575.666,120,5060.2,5023.7,4972.3,4912.4,,,,
1776159584.680,150,5195.5,5166.5,5082.5,5202.0,,,,
1776159593.696,180,5198.2,5187.1,5094.8,5203.2,,,,
1776159602.710,210,5202.6,5199.6,5202.6,5200.0,,,,
1776159611.725,240,5071.4,5191.4,5183.5,5200.8,,,,
1776159620.742,270,5184.4,5093.6,5199.8,5093.6,,,,
1776159629.756,300,5202.6,5090.0,5081.5,5083.1,,,,
1776159638.769,330,5200.8,5200.8,5196.0,5200.8,,,,
1776159647.784,360,5179.9,5190.9,5195.6,5196.6,,,,
1776159656.799,390,5091.3,5200.8,5199.9,5193.7,,,,
1776159665.813,420,5089.0,5202.0,5202.0,5191.5,,,,
1776159674.826,450,5197.9,5085.0,5090.1,5188.2,,,,
1776159683.843,480,5202.6,5188.3,5094.2,5202.6,,,,
1776159692.856,510,5202.0,5199.2,5200.3,5202.0,,,,
1776159701.869,540,5086.5,5198.0,5193.7,5201.4,,,,
1776159710.885,570,5093.6,5196.9,5198.2,5202.0,,,,
1776159719.899,600,5202.0,5077.4,5202.0,5196.3,,,,
1776159728.913,630,5199.2,5200.8,5200.8,5092.5,,,,
1776159737.928,660,5196.6,5193.8,5093.6,5197.3,,,,
1776159746.943,690,5191.9,5202.6,5090.3,5200.6,,,,
1776159755.956,720,5093.1,5201.4,5201.4,5201.4,,,,
1776159764.969,750,5093.6,5195.0,5202.0,5200.2,,,,
1776159773.985,780,5090.8,5093.6,5202.0,5196.2,,,,
1776159782.999,810,5198.1,5093.1,5191.0,5190.3,2106.0,2108.0,2660.0,2758.0
1776159792.013,840,15381.1,2172.2,2500.4,2924.8,2082.6,2072.0,2617.0,2714.0
1776159801.029,870,18640.5,688.1,688.1,702.2,2136.5,2134.0,2638.0,2734.0
1776159810.044,900,18528.0,684.3,687.9,687.9,2128.1,2141.0,2656.0,2751.0
1776159819.058,930,18634.3,687.8,684.2,687.8,4655.1,2332.0,12780.0,15026.0
1776159828.072,960,18532.1,688.1,688.1,688.1,2062.1,2031.0,2535.0,2690.0
1776159837.088,990,18532.1,688.1,688.1,688.1,2105.8,2102.0,2644.0,2711.0
1776159846.103,1020,18634.3,687.8,687.8,687.8,4704.5,2317.0,12874.0,15024.0
1776159855.118,1050,18642.6,688.2,688.2,688.2,2139.7,2131.0,2681.0,2779.0
1776159864.135,1080,18638.4,690.0,688.0,691.7,2064.8,2054.0,2597.0,2695.0
1776159873.151,1110,18528.0,687.9,684.3,687.9,4608.2,2365.0,12763.0,15362.0
1776159882.165,1140,18642.6,688.2,688.2,688.2,1924.1,1924.0,2281.0,2420.0
1776159891.181,1170,18534.2,688.2,688.2,688.2,1916.7,1898.0,2337.0,2444.0
1776159900.198,1200,18855.1,688.0,688.9,688.0,1926.9,1913.0,2263.0,2400.0
1776159909.212,1230,18532.1,702.9,688.1,689.5,1903.4,1882.0,2278.0,2422.0
1776159918.227,1260,18534.2,686.8,688.2,703.0,1942.2,1939.0,2290.0,2396.0
1776159927.243,1290,18528.0,687.9,687.9,687.9,2088.5,1998.0,2556.0,3155.0
1776159936.258,1320,18640.5,684.4,688.1,685.6,1918.0,1915.0,2318.0,2425.0
1776159945.274,1350,18859.3,688.2,688.2,688.2,1930.1,1930.0,2279.0,2382.0
1776159954.290,1380,18746.8,688.0,688.0,688.0,1920.2,1903.0,2307.0,2448.0
1776159963.305,1410,18532.1,688.1,688.1,701.8,1925.9,1917.0,2268.0,2408.0
1776159972.319,1440,18532.1,688.1,688.1,688.1,1924.3,1924.0,2280.0,2420.0
1776159981.336,1470,18534.2,688.2,689.4,688.2,1926.1,1937.0,2337.0,2442.0
1776159990.351,1500,18640.5,688.1,688.1,688.6,1927.9,1912.0,2263.0,2402.0
1776159999.365,1530,18746.8,688.0,688.0,688.0,1910.0,1914.0,2322.0,2426.0
1776160008.381,1560,18534.2,688.2,688.2,703.0,1974.1,1951.0,2400.0,2547.0
1776160017.377,1590,18579.5,674.9,689.8,686.2,1910.6,1910.0,2317.0,2423.0
1776160026.393,1620,18638.4,688.0,688.0,688.0,1914.0,1928.0,2240.0,2340.0
1776160035.408,1650,18640.5,701.9,702.8,688.2,1916.6,1897.0,2298.0,2406.0
1776160044.423,1680,18530.1,688.0,688.0,688.0,1908.6,1916.0,2268.0,2373.0
1776160053.440,1710,18636.4,688.9,687.9,702.8,1913.7,1921.0,2278.0,2385.0
1776160062.455,1740,18640.5,688.1,688.1,688.1,1915.6,1903.0,2301.0,2405.0
1776160071.470,1770,18638.4,688.0,688.0,686.9,1924.7,1917.0,2266.0,2370.0
1776160080.487,1800,18853.1,687.9,687.9,689.3,1915.8,1887.0,2328.0,2435.0
1776160089.501,1830,18532.1,688.1,688.1,688.1,1915.3,1941.0,2254.0,2355.0
1776160098.516,1860,18530.1,702.8,688.0,702.9,2790.2,2305.0,5271.0,6921.0
1776160107.531,1890,18638.4,688.0,688.0,688.0,2329.7,2172.0,3129.0,4029.0
1776160116.546,1920,18640.5,689.2,684.4,684.3,2123.2,2136.0,2690.0,2752.0
1776160125.560,1950,18640.5,688.1,688.1,688.2,4454.2,2369.0,12007.0,14156.0
1776160134.574,1980,18532.1,688.1,688.2,688.1,2124.6,2127.0,2675.0,2777.0
1776160143.591,2010,18530.1,688.0,688.0,702.9,4666.8,2335.0,12998.0,15398.0
1776160152.604,2040,18530.1,684.3,688.1,688.0,2752.9,2263.0,5263.0,6863.0
1776160161.625,2070,18746.8,688.0,688.0,688.0,2126.9,2126.0,2682.0,2779.0
1776160170.646,2100,18640.5,688.1,702.9,688.1,4764.5,2442.0,12891.0,15041.0
1776160179.673,2130,18607.5,688.0,688.0,688.0,2116.2,2112.0,2658.0,2758.0
1776160188.690,2160,18638.4,702.9,688.0,688.0,4929.9,2432.0,13381.0,15581.0
1776160197.706,2190,18530.1,688.0,684.3,688.0,2352.0,2184.0,2940.0,4539.0
1776160206.721,2220,18744.7,688.0,688.0,687.9,3007.8,2309.0,6353.0,8053.0
1776160215.739,2250,18748.9,688.1,703.8,688.1,3384.6,2128.0,8629.0,10829.0
1776160224.754,2280,18748.1,688.2,688.2,688.1,1927.6,1943.0,2295.0,2398.0
1776160233.771,2310,18421.7,688.0,688.0,688.0,2520.0,2206.0,4208.0,5108.0
1776160242.788,2340,18640.5,688.2,687.2,688.1,2449.1,2119.0,3726.0,5525.0
1776160251.804,2370,18557.2,688.2,688.2,688.2,1926.0,1936.0,2282.0,2385.0
1776160260.821,2400,18640.5,684.4,688.1,687.0,1902.4,1898.0,2296.0,2402.0
1776160269.838,2430,18532.1,688.1,689.0,688.1,1918.1,1921.0,2271.0,2374.0
1776160278.852,2460,18642.6,688.3,688.2,688.2,1908.1,1890.0,2237.0,2378.0
1776160287.868,2490,18534.2,688.2,688.2,688.2,1924.2,1939.0,2298.0,2401.0
1776160296.884,2520,18642.6,688.3,688.2,688.2,2449.4,2156.0,3665.0,5313.0
1776160305.839,2550,18536.2,688.2,688.2,688.2,2092.7,2078.0,2615.0,2678.0
1776160314.855,2580,18640.5,688.2,688.1,684.3,2141.4,2138.0,2688.0,2786.0
1776160323.873,2610,18532.1,702.8,702.9,691.7,2140.6,2146.0,2646.0,2701.0
1776160332.891,2640,18532.1,688.2,688.1,691.8,,,,
1776160341.907,2670,18534.2,688.2,703.0,685.9,,,,
1776160350.923,2700,18642.6,688.3,688.2,688.2,,,,
1776160359.940,2730,18748.9,688.1,688.1,688.1,,,,
1776160368.955,2760,18642.6,688.3,686.5,688.2,,,,
1776160377.970,2790,18532.1,688.1,688.1,688.1,,,,
1776160386.985,2820,18532.1,688.1,688.1,688.1,,,,
1776160395.999,2850,18640.5,688.1,688.1,688.1,,,,
1776160405.014,2880,18642.6,688.2,688.2,690.9,,,,
1776160414.029,2910,18530.1,688.0,688.0,691.7,,,,
1776160423.044,2940,18532.1,688.1,688.1,688.1,,,,
1776160432.059,2970,18425.8,688.2,688.2,688.2,,,,
1776160441.073,3000,18642.6,688.2,688.2,688.2,,,,

 + MIGRATION_EVENTS_CSV:
timestamp_s,round,n_migrations
1776159557.637,60,0
1776159575.693,120,0
1776159593.727,180,0
1776159611.753,240,0
1776159629.783,300,0
1776159647.811,360,0
1776159665.830,420,0
1776159683.871,480,0
1776159701.902,540,0
1776159719.927,600,0
1776159737.955,660,0
1776159755.983,720,0
1776159774.014,780,0
1776159792.041,840,0
1776159810.081,900,0
1776159828.101,960,0
1776159846.142,1020,0
1776159864.164,1080,0
1776159882.190,1140,0
1776159900.233,1200,0
1776159918.257,1260,0
1776159936.294,1320,0
1776159954.324,1380,0
1776159972.349,1440,0
1776159990.376,1500,0
1776160008.413,1560,0
1776160026.422,1620,0
1776160044.443,1680,0
1776160062.482,1740,0
1776160080.521,1800,0
1776160098.549,1860,0
1776160116.576,1920,0
1776160134.591,1980,0
1776160152.631,2040,0
1776160170.681,2100,0
1776160188.722,2160,0
1776160206.748,2220,0
1776160224.779,2280,0
1776160242.810,2340,0
1776160260.856,2400,0
1776160278.881,2460,0
1776160296.931,2520,0
1776160314.895,2580,0
1776160332.925,2640,0
1776160350.952,2700,0
1776160368.983,2760,0
1776160387.015,2820,0
1776160405.051,2880,0
1776160423.079,2940,0
1776160441.108,3000,0
-----------------------------------------
CMD: LABEL=n4_v_rate_imb90_r50000_run_1 LOCAL_ORCH=0 NODES=4 WORKER_BANDWIDTHS_MBPS=600,600,600,600 RATE_WEIGHTS=0.9,0.0333333,0.0333333,0.0333333 RATE=50000 DURATION=900 WARMUP=240 IN_MEMORY_STORE=1 fab cloudlab --manifest=manifest.xml --latency=100ms --primary-bw=300mbit --log-dir=/home/zpkhor/narwhal-validator/benchmark/exp/results/tps_timeline_lb_cloud_20260414_053849/n4_v_rate_imb90_r50000_run_1
[92mStarting CloudLab benchmark[0m
All SSH hosts: ['hp084.utah.cloudlab.us', 'hp091.utah.cloudlab.us', 'hp069.utah.cloudlab.us', 'hp021.utah.cloudlab.us']
Killing previous processes...
Resetting TCP buffers...
Compiling...
Distributing binaries to 4 machines...
Generating configuration files...
Uploading config files...
Applying TC QoS shaping...
TC QoS applied: primary=300000kbps, worker_bws=[600000, 600000, 600000, 600000]kbps
Starting primaries and workers...
Waiting for workers to be ready...
All workers ready.
Starting clients...
Running benchmark (900 sec)...
Stopping processes...
Downloading logs...
Parsing logs...

-----------------------------------------
 SUMMARY:
-----------------------------------------
 + CONFIG:
 Committee size: 4 node(s)
 Worker(s) per node: 1 worker(s)
 Input rate: 50,002 tx/s
 Transaction size: 512 B
 Benchmark duration: 900.0 s
 Consensus duration: 541.43 s
 Commit duration: 539.9 s


 + LAST COMMITTED PER VALIDATOR (from primary logs):
 Validator  Time            Round
 0          10:09:45.991     3016
 1          10:09:46.005     3016
 2          10:09:45.999     3016
 3          10:09:45.999     3016
 + RESULTS:
 f+1 Commit latency (workers) (mean): 2,048 ms
 f+1 Commit latency (workers) (p50): 1,995 ms
 f+1 Commit latency (workers) (p90): 2,364 ms
 f+1 Commit latency (workers) (p95): 2,481 ms
 f+1 Commit latency (workers) (p99): 3,412 ms

 Consensus TPS: 49,921 tx/s
 Consensus BPS: 25,559,338 B/s
 Committed TPS: 50,062 tx/s
 Committed BPS: 25,631,770 B/s

 + VALIDATOR LOAD DISTRIBUTION:
 Validator 0: 19,267,417 tx (71.3%)
 Validator 1: 2,607,598 tx (9.6%)
 Validator 2: 2,590,366 tx (9.6%)
 Validator 3: 2,562,970 tx (9.5%)

 + PER-VALIDATOR COMMIT METRICS:
 Validator    TPS (tx/s)    Mean (ms)    p95 (ms)    Misses
 0            35,687        1,882        2,420       0
 1            4,830         1,965        2,402       0
 2            4,798         2,057        2,475       0
 3            4,747         2,101        2,507       0
 Overall      50,062        1,928 (wtd)  2,432 (wtd) 0

 + PER-VALIDATOR QUORUM TIMING (ms):
                    mean            p95             std      
 Validator       delay    lat    delay    lat    delay    lat
 0                 191     23      245    105       32     38
 1                   1    124        0    134        9      7
 2                   1    123        0    134       12      7
 3                   2    124        0    136       16      9

 + PER-STAGE LATENCY BREAKDOWN (mean, ms):
   Stage                            All
   Client -> Worker:                  9
   Worker -> Batch seal:             79
   Batch seal -> Quorum:            192
   Quorum -> Processed:              15
   Processed -> Header:             158
   Header -> Certified:             198
   Certified -> Committed:        1,318
   Sum:                           1,969
   (n=)                          43,062

 + CERTIFIED TPS TIMELINE (actual/capacity (spare)):
   round                          V0                          V1                          V2                          V3
   30       49.2% 448/35971 (+35523)    30.4% 277/35971 (+35694)    14.0% 127/35971 (+35844)      6.4% 58/35971 (+35913)
   60      29.7% 4356/35971 (+31615)   26.2% 3841/35971 (+32130)   23.5% 3443/35971 (+32528)   20.7% 3031/35971 (+32940)
   90      26.7% 8995/35971 (+26976)   25.4% 8562/35971 (+27409)   24.4% 8236/35971 (+27734)   23.5% 7911/35971 (+28060)
   120    25.4% 12681/35971 (+23290)  25.4% 12681/35971 (+23290)  24.8% 12356/35971 (+23615)  24.3% 12139/35971 (+23832)
   150    24.9% 12900/35971 (+23072)  24.9% 12900/35971 (+23072)  25.1% 13008/35971 (+22963)  25.1% 13008/35971 (+22963)
   180    25.2% 13043/35971 (+22928)  24.9% 12934/35971 (+23037)  25.2% 13043/35971 (+22928)  24.7% 12825/35971 (+23146)
   210    25.1% 13006/35971 (+22965)  25.3% 13115/35971 (+22856)  24.6% 12790/35971 (+23181)  25.1% 13006/35971 (+22965)
   240    24.9% 12897/35971 (+23074)  24.9% 12897/35971 (+23074)  24.9% 12897/35971 (+23074)  25.2% 13005/35971 (+22966)
   270    25.0% 12898/35971 (+23073)  25.0% 12898/35971 (+23073)  25.2% 13006/35971 (+22965)  24.8% 12790/35971 (+23181)
   300    25.1% 13002/35971 (+22969)  25.1% 13002/35971 (+22969)  24.8% 12894/35971 (+23077)  25.1% 13002/35971 (+22969)
   330    25.1% 13004/35971 (+22968)  25.1% 13004/35971 (+22968)  25.1% 13004/35971 (+22968)  24.8% 12895/35971 (+23076)
   360    25.2% 13008/35971 (+22963)  25.2% 13008/35971 (+22963)  24.7% 12791/35971 (+23180)  24.9% 12900/35971 (+23072)
   390    24.9% 12897/35971 (+23074)  25.2% 13005/35971 (+22966)  24.9% 12897/35971 (+23074)  24.9% 12897/35971 (+23074)
   420    25.0% 12898/35971 (+23073)  25.0% 12898/35971 (+23073)  25.0% 12898/35971 (+23073)  25.0% 12898/35971 (+23073)
   450    24.9% 12900/35971 (+23072)  24.9% 12900/35971 (+23072)  25.2% 13008/35971 (+22963)  24.9% 12900/35971 (+23072)
   480    25.0% 12900/35971 (+23072)  25.2% 13008/35971 (+22963)  24.8% 12791/35971 (+23180)  25.0% 12900/35971 (+23072)
   510    25.1% 12898/35971 (+23073)  25.1% 12898/35971 (+23073)  25.1% 12898/35971 (+23073)  24.8% 12790/35971 (+23181)
   540    24.9% 12897/35971 (+23074)  24.9% 12897/35971 (+23074)  25.2% 13005/35971 (+22966)  24.9% 12897/35971 (+23074)
   570    24.9% 12900/35971 (+23072)  24.9% 12900/35971 (+23072)  25.2% 13008/35971 (+22963)  24.9% 12900/35971 (+23072)
   600    25.2% 13008/35971 (+22963)  25.0% 12900/35971 (+23072)  25.0% 12900/35971 (+23072)  24.8% 12791/35971 (+23180)
   630    25.1% 12898/35971 (+23073)  25.1% 12898/35971 (+23073)  25.1% 12898/35971 (+23073)  24.8% 12790/35971 (+23181)
   660    24.9% 12898/35971 (+23073)  24.9% 12898/35971 (+23073)  24.9% 12898/35971 (+23073)  25.2% 13006/35971 (+22965)
   690    25.0% 12900/35971 (+23072)  25.0% 12900/35971 (+23072)  25.0% 12900/35971 (+23072)  25.0% 12900/35971 (+23072)
   720    24.8% 12792/35971 (+23178)  25.0% 12901/35971 (+23070)  25.0% 12901/35971 (+23070)  25.2% 13009/35971 (+22962)
   750    24.9% 12791/35971 (+23180)  25.1% 12900/35971 (+23072)  24.9% 12791/35971 (+23180)  25.1% 12900/35971 (+23072)
   780    24.7% 12790/35971 (+23181)  25.2% 13006/35971 (+22965)  25.2% 13006/35971 (+22965)  24.9% 12898/35971 (+23073)
   810    24.8% 12812/35971 (+23159)  25.2% 13030/35971 (+22941)  24.8% 12812/35971 (+23159)  25.2% 13030/35971 (+22941)
   840     65.9% 37935/35971 (-1964)    9.7% 5576/35971 (+30395)   11.5% 6604/35971 (+29366)   12.9% 7442/35971 (+28529)
   870     89.2% 45858/35971 (-9887)    4.0% 2045/35971 (+33926)    3.6% 1826/35971 (+34145)    3.3% 1702/35971 (+34269)
   900    88.9% 46384/35971 (-10414)    4.1% 2158/35971 (+33814)    3.6% 1898/35971 (+34073)    3.3% 1738/35971 (+34233)
   930     83.5% 43685/35971 (-7714)    5.9% 3069/35971 (+32902)    5.4% 2823/35971 (+33148)    5.3% 2754/35971 (+33217)
   960     81.2% 42054/35971 (-6083)    6.6% 3430/35971 (+32541)    6.1% 3168/35971 (+32803)    6.0% 3116/35971 (+32855)
   990     78.1% 40192/35971 (-4221)    7.7% 3940/35971 (+32031)    7.2% 3725/35971 (+32246)    7.1% 3638/35971 (+32333)
   1020    77.2% 40157/35971 (-4186)    7.9% 4094/35971 (+31877)    7.5% 3879/35971 (+32092)    7.4% 3872/35971 (+32098)
   1050    75.2% 38794/35971 (-2823)    8.5% 4399/35971 (+31572)    8.3% 4272/35971 (+31699)    8.0% 4139/35971 (+31832)
   1080    74.6% 38690/35971 (-2719)    8.7% 4499/35971 (+31472)    8.5% 4393/35971 (+31578)    8.3% 4279/35971 (+31692)
   1110    73.1% 37727/35971 (-1756)    9.1% 4688/35971 (+31283)    9.2% 4734/35971 (+31238)    8.7% 4497/35971 (+31474)
   1140    73.2% 38256/35971 (-2285)    9.2% 4812/35971 (+31159)    8.9% 4651/35971 (+31320)    8.7% 4557/35971 (+31414)
   1170    71.9% 37060/35971 (-1089)    9.4% 4856/35971 (+31115)    9.4% 4836/35971 (+31135)    9.3% 4784/35971 (+31187)
   1200    71.8% 37185/35971 (-1214)    9.5% 4930/35971 (+31041)    9.4% 4853/35971 (+31118)    9.3% 4810/35971 (+31161)
   1230     71.1% 36430/35971 (-459)    9.7% 4947/35971 (+31024)    9.7% 4958/35971 (+31014)    9.6% 4927/35971 (+31044)
   1260     70.9% 36739/35971 (-768)    9.8% 5082/35971 (+30889)    9.5% 4939/35971 (+31032)    9.7% 5030/35971 (+30941)
   1290     70.6% 36578/35971 (-607)    9.8% 5078/35971 (+30894)    9.8% 5083/35971 (+30888)    9.8% 5052/35971 (+30920)
   1320     70.6% 36462/35971 (-491)    9.8% 5053/35971 (+30918)    9.8% 5068/35971 (+30903)    9.8% 5043/35971 (+30928)
   1350     70.1% 35671/35971 (+300)   10.0% 5082/35971 (+30889)   10.0% 5086/35971 (+30886)   10.0% 5066/35971 (+30905)
   1380     70.7% 36856/35971 (-885)    9.8% 5090/35971 (+30880)    9.8% 5089/35971 (+30882)    9.7% 5063/35971 (+30908)
   1410     70.1% 36201/35971 (-230)   10.0% 5192/35971 (+30780)   10.1% 5196/35971 (+30775)    9.8% 5071/35971 (+30900)
   1440     70.0% 36318/35971 (-347)   10.0% 5193/35971 (+30778)   10.0% 5189/35971 (+30782)   10.0% 5176/35971 (+30795)
   1470      69.8% 35992/35971 (-22)   10.1% 5198/35971 (+30773)   10.0% 5172/35971 (+30798)   10.1% 5190/35971 (+30781)
   1500     69.6% 36089/35971 (-118)   10.2% 5294/35971 (+30677)   10.2% 5304/35971 (+30667)   10.0% 5189/35971 (+30782)
   1530      69.7% 35880/35971 (+91)   10.1% 5202/35971 (+30769)   10.2% 5245/35971 (+30726)   10.1% 5181/35971 (+30790)
   1560     69.9% 36101/35971 (-130)   10.0% 5190/35971 (+30780)   10.0% 5189/35971 (+30782)   10.1% 5196/35971 (+30775)
   1590      69.5% 35988/35971 (-18)   10.2% 5294/35971 (+30677)   10.0% 5201/35971 (+30770)   10.2% 5283/35971 (+30688)
   1620      69.3% 35880/35971 (+91)   10.2% 5306/35971 (+30665)   10.5% 5413/35971 (+30558)   10.0% 5182/35971 (+30789)
   1650      69.6% 36004/35971 (-33)   10.2% 5288/35971 (+30684)   10.2% 5272/35971 (+30698)   10.0% 5186/35971 (+30785)
   1680     69.8% 36193/35971 (-222)   10.0% 5192/35971 (+30779)   10.0% 5192/35971 (+30779)   10.2% 5304/35971 (+30666)
   1710     69.7% 36129/35971 (-158)   10.2% 5301/35971 (+30670)   10.0% 5208/35971 (+30763)   10.0% 5208/35971 (+30763)
   1740       69.3% 35968/35971 (+2)   10.2% 5301/35971 (+30670)   10.2% 5304/35971 (+30667)   10.2% 5307/35971 (+30664)
   1770     69.1% 35764/35971 (+207)   10.3% 5310/35971 (+30661)   10.4% 5394/35971 (+30577)   10.3% 5307/35971 (+30664)
   1800     70.0% 36310/35971 (-339)   10.0% 5194/35971 (+30777)   10.0% 5196/35971 (+30775)   10.0% 5186/35971 (+30785)
   1830     69.3% 35691/35971 (+280)   10.3% 5309/35971 (+30662)   10.3% 5314/35971 (+30657)   10.1% 5206/35971 (+30766)
   1860      69.3% 35876/35971 (+95)   10.2% 5298/35971 (+30672)   10.4% 5404/35971 (+30566)   10.0% 5203/35971 (+30768)
   1890      69.2% 35876/35971 (+95)   10.2% 5301/35971 (+30670)   10.4% 5395/35971 (+30576)   10.2% 5295/35971 (+30676)
   1920      69.3% 35872/35971 (+99)   10.2% 5297/35971 (+30674)   10.2% 5300/35971 (+30671)   10.2% 5305/35971 (+30666)
   1950     69.2% 35776/35971 (+195)   10.3% 5306/35971 (+30665)   10.3% 5304/35971 (+30667)   10.3% 5312/35971 (+30659)
   1980     69.0% 35655/35971 (+316)   10.4% 5391/35971 (+30580)   10.5% 5407/35971 (+30564)   10.1% 5199/35971 (+30772)
   2010     69.2% 35768/35971 (+203)   10.3% 5311/35971 (+30660)   10.2% 5294/35971 (+30678)   10.3% 5299/35971 (+30672)
   2040     69.4% 36101/35971 (-130)   10.2% 5300/35971 (+30671)   10.2% 5302/35971 (+30669)   10.2% 5307/35971 (+30664)
   2070     69.1% 35555/35971 (+416)   10.3% 5307/35971 (+30664)   10.3% 5312/35971 (+30660)   10.3% 5302/35971 (+30669)
   2100     69.2% 35659/35971 (+312)   10.3% 5286/35971 (+30685)   10.5% 5408/35971 (+30563)   10.1% 5200/35971 (+30771)
   2130      69.1% 35881/35971 (+90)   10.2% 5290/35971 (+30681)   10.4% 5404/35971 (+30567)   10.3% 5372/35971 (+30599)
   2160     68.8% 35350/35971 (+621)   10.3% 5313/35971 (+30658)   10.3% 5313/35971 (+30658)   10.5% 5400/35971 (+30571)
   2190     69.0% 35727/35971 (+244)   10.5% 5422/35971 (+30549)   10.3% 5319/35971 (+30652)   10.2% 5279/35971 (+30692)
   2220     69.0% 35431/35971 (+540)   10.3% 5309/35971 (+30662)   10.3% 5302/35971 (+30669)   10.3% 5283/35971 (+30688)
   2250      69.4% 35984/35971 (-14)   10.2% 5287/35971 (+30684)   10.2% 5311/35971 (+30660)   10.2% 5304/35971 (+30667)
   2280     69.2% 35655/35971 (+316)   10.3% 5310/35971 (+30661)   10.3% 5307/35971 (+30664)   10.3% 5285/35971 (+30686)
   2310     69.3% 35856/35971 (+115)   10.2% 5301/35971 (+30670)   10.2% 5269/35971 (+30702)   10.2% 5302/35971 (+30669)
   2340      69.3% 35880/35971 (+91)   10.3% 5311/35971 (+30660)   10.2% 5307/35971 (+30664)   10.2% 5277/35971 (+30694)
   2370      69.2% 35904/35971 (+67)   10.2% 5283/35971 (+30688)   10.4% 5408/35971 (+30563)   10.2% 5313/35971 (+30658)
   2400      69.5% 35984/35971 (-14)   10.3% 5310/35971 (+30661)   10.2% 5290/35971 (+30681)   10.0% 5199/35971 (+30772)
   2430     69.2% 35768/35971 (+203)   10.2% 5277/35971 (+30694)   10.3% 5307/35971 (+30664)   10.3% 5300/35971 (+30671)
   2460       69.4% 35972/35971 (-2)   10.2% 5309/35971 (+30662)   10.2% 5289/35971 (+30682)   10.2% 5298/35971 (+30672)
   2490     69.1% 35856/35971 (+115)   10.4% 5404/35971 (+30567)   10.2% 5307/35971 (+30664)   10.2% 5299/35971 (+30672)
   2520     68.8% 35547/35971 (+424)   10.5% 5401/35971 (+30570)   10.4% 5382/35971 (+30589)   10.3% 5302/35971 (+30669)
   2550      69.4% 35884/35971 (+87)   10.3% 5302/35971 (+30669)   10.2% 5284/35971 (+30687)   10.2% 5254/35971 (+30717)
   2580     69.1% 35663/35971 (+308)   10.3% 5311/35971 (+30660)   10.3% 5310/35971 (+30661)   10.3% 5296/35971 (+30675)
   2610     68.8% 35439/35971 (+532)   10.5% 5413/35971 (+30558)   10.5% 5407/35971 (+30564)   10.3% 5285/35971 (+30686)
   2640     69.2% 35764/35971 (+207)   10.5% 5413/35971 (+30558)   10.3% 5304/35971 (+30667)   10.1% 5196/35971 (+30775)
   2670      69.3% 35916/35971 (+55)   10.2% 5294/35971 (+30677)   10.2% 5300/35971 (+30671)   10.2% 5280/35971 (+30691)
   2700      69.5% 35984/35971 (-14)   10.3% 5310/35971 (+30661)   10.2% 5305/35971 (+30666)   10.0% 5178/35971 (+30793)
   2730     69.0% 35663/35971 (+308)   10.3% 5307/35971 (+30664)   10.4% 5400/35971 (+30572)   10.3% 5308/35971 (+30663)
   2760     69.4% 36093/35971 (-122)   10.4% 5418/35971 (+30554)   10.2% 5305/35971 (+30666)   10.0% 5187/35971 (+30784)
   2790     69.0% 35852/35971 (+119)   10.4% 5406/35971 (+30565)   10.4% 5406/35971 (+30565)   10.2% 5294/35971 (+30677)
   2820     69.1% 35777/35971 (+194)   10.2% 5288/35971 (+30683)   10.4% 5404/35971 (+30567)   10.2% 5296/35971 (+30675)
   2850     69.0% 35687/35971 (+284)   10.3% 5310/35971 (+30661)   10.2% 5279/35971 (+30692)   10.5% 5417/35971 (+30554)
   2880     69.2% 35651/35971 (+320)   10.5% 5418/35971 (+30553)   10.2% 5280/35971 (+30691)   10.1% 5198/35971 (+30773)
   2910     69.3% 35760/35971 (+211)   10.2% 5290/35971 (+30681)   10.2% 5281/35971 (+30690)   10.2% 5291/35971 (+30680)
   2940     69.4% 36097/35971 (-126)   10.2% 5312/35971 (+30660)   10.1% 5277/35971 (+30694)   10.2% 5309/35971 (+30662)
   2970     69.2% 35772/35971 (+199)   10.3% 5312/35971 (+30660)   10.3% 5348/35971 (+30623)   10.2% 5296/35971 (+30675)
   3000      69.1% 35988/35971 (-18)   10.2% 5301/35971 (+30670)   10.4% 5392/35971 (+30579)   10.3% 5389/35971 (+30582)

 + ACCOUNT MIGRATIONS (cumulative):
 Validator       Donated   Received
 0                58,194          0
 1                     0     19,498
 2                     0     19,458
 3                     0     19,238

 + TPS_TIMELINE_CSV:
timestamp_s,round,v0,v1,v2,v3,lat_mean,lat_p50,lat_p90,lat_p95
1776160488.206,30,448.0,277.2,127.3,58.0,,,,
1776160497.147,60,4355.8,3840.6,3442.6,3030.7,,,,
1776160506.162,90,8995.1,8561.6,8236.5,7911.4,,,,
1776160515.174,120,12681.3,12681.3,12356.1,12139.3,,,,
1776160524.187,150,12899.5,12899.5,13007.9,13007.9,,,,
1776160533.202,180,13042.6,12933.9,13042.6,12825.2,,,,
1776160542.215,210,13006.4,13114.8,12789.7,13006.4,,,,
1776160551.228,240,12896.6,12896.6,12896.6,13005.0,,,,
1776160560.242,270,12898.0,12898.0,13006.4,12789.7,,,,
1776160569.256,300,13002.1,13002.1,12893.8,13002.1,,,,
1776160578.269,330,13003.5,13003.5,13003.5,12895.2,,,,
1776160587.282,360,13007.9,13007.9,12791.1,12899.5,,,,
1776160596.297,390,12896.6,13005.0,12896.6,12896.6,,,,
1776160605.311,420,12898.0,12898.0,12898.0,12898.0,,,,
1776160614.323,450,12899.5,12899.5,13007.9,12899.5,,,,
1776160623.338,480,12899.5,13007.9,12791.1,12899.5,,,,
1776160632.353,510,12898.0,12898.0,12898.0,12789.7,,,,
1776160641.368,540,12896.6,12896.6,13005.0,12896.6,,,,
1776160650.382,570,12899.5,12899.5,13007.9,12899.5,,,,
1776160659.397,600,13007.9,12899.5,12899.5,12791.1,,,,
1776160668.410,630,12898.0,12898.0,12898.0,12789.7,,,,
1776160677.424,660,12898.0,12898.0,12898.0,13006.4,,,,
1776160686.438,690,12899.5,12899.5,12899.5,12899.5,,,,
1776160695.453,720,12792.5,12900.9,12900.9,13009.3,,,,
1776160704.466,750,12791.1,12899.5,12791.1,12899.5,,,,
1776160713.481,780,12789.7,13006.4,13006.4,12898.0,,,,
1776160722.496,810,12812.4,13029.6,12812.4,13029.6,2123.5,2080.0,2677.0,2820.0
1776160731.511,840,37935.4,5576.2,6604.5,7441.6,1944.2,1938.0,2294.0,2428.0
1776160740.525,870,45857.9,2045.4,1825.8,1701.7,1940.3,1944.0,2301.0,2400.0
1776160749.540,900,46384.5,2157.5,1897.7,1738.1,1963.5,1960.0,2316.0,2419.0
1776160758.555,930,43684.8,3069.3,2823.4,2754.0,1952.0,1962.0,2325.0,2430.0
1776160767.505,960,42054.1,3429.9,3167.6,3116.0,2637.7,1986.0,5422.0,7222.0
1776160776.520,990,40192.4,3939.8,3724.8,3638.1,1953.3,1964.0,2320.0,2424.0
1776160785.522,1020,40156.6,4094.2,3879.2,3872.5,1953.7,1940.0,2320.0,2436.0
1776160794.535,1050,38793.9,4399.3,4271.7,4139.1,1949.1,1949.0,2308.0,2439.0
1776160803.550,1080,38689.9,4498.6,4392.9,4278.8,1951.3,1960.0,2310.0,2415.0
1776160812.563,1110,37727.0,4687.6,4733.5,4497.0,1968.4,1975.0,2324.0,2429.0
1776160821.576,1140,38256.4,4811.6,4651.2,4557.1,1928.3,1902.0,2301.0,2444.0
1776160830.589,1170,37060.1,4856.1,4835.8,4783.8,1927.7,1910.0,2264.0,2406.0
1776160839.604,1200,37185.0,4929.9,4853.2,4810.3,1923.3,1916.0,2267.0,2371.0
1776160848.614,1230,36430.1,4947.2,4957.5,4926.8,1931.4,1927.0,2275.0,2378.0
1776160857.625,1260,36739.1,5082.2,4938.8,5030.3,1918.1,1915.0,2251.0,2382.0
1776160866.465,1290,36578.1,5077.5,5083.4,5051.5,1931.2,1913.0,2301.0,2404.0
1776160875.521,1320,36461.7,5053.3,5067.7,5042.9,1943.8,1956.0,2311.0,2413.0
1776160884.524,1350,35671.2,5081.6,5085.5,5066.0,1940.0,1932.0,2285.0,2387.0
1776160893.537,1380,36855.7,5090.5,5089.4,5062.6,1951.5,1942.0,2301.0,2436.0
1776160902.552,1410,36201.2,5191.5,5195.9,5071.1,1944.0,1952.0,2306.0,2413.0
1776160911.563,1440,36317.7,5193.2,5189.1,5175.8,1937.8,1924.0,2304.0,2416.0
1776160920.572,1470,35992.5,5197.8,5172.5,5190.4,1945.4,1933.0,2287.0,2426.0
1776160929.586,1500,36088.9,5293.6,5303.7,5188.6,1956.3,1947.0,2299.0,2402.0
1776160938.601,1530,35880.1,5202.3,5244.9,5181.3,1947.2,1954.0,2309.0,2409.0
1776160947.612,1560,36100.9,5190.5,5188.9,5195.6,1943.1,1959.0,2315.0,2415.0
1776160956.624,1590,35988.5,5294.2,5201.0,5283.0,1959.2,1975.0,2326.0,2425.0
1776160965.632,1620,35880.1,5305.8,5413.4,5182.2,1986.5,1985.0,2389.0,2492.0
1776160974.647,1650,36004.4,5287.5,5272.5,5185.9,1952.7,1953.0,2304.0,2403.0
1776160983.664,1680,36193.2,5192.3,5192.0,5304.5,2041.7,2011.0,2523.0,2760.0
1776160992.668,1710,36128.9,5300.7,5207.8,5207.8,1958.4,1970.0,2322.0,2425.0
1776161001.682,1740,35968.5,5301.3,5304.2,5307.4,1961.6,1982.0,2294.0,2392.0
1776161010.697,1770,35763.7,5310.4,5394.0,5307.4,1958.5,1958.0,2312.0,2409.0
1776161019.709,1800,36309.6,5193.7,5196.0,5185.7,1956.0,1965.0,2319.0,2421.0
1776161028.715,1830,35691.0,5308.6,5313.6,5205.5,1963.7,1972.0,2325.0,2429.0
1776161037.728,1860,35876.1,5298.5,5404.5,5202.6,1959.5,1980.0,2295.0,2396.0
1776161046.744,1890,35876.1,5301.0,5395.1,5295.0,1944.0,1951.0,2302.0,2405.0
1776161055.763,1920,35872.1,5297.4,5299.8,5304.9,1951.1,1966.0,2313.0,2415.0
1776161064.775,1950,35775.6,5306.1,5304.0,5311.8,1943.2,1935.0,2287.0,2427.0
1776161073.789,1980,35655.4,5391.1,5407.2,5198.6,1950.4,1950.0,2297.0,2395.0
1776161082.804,2010,35767.7,5311.0,5293.5,5299.2,1961.0,1960.0,2309.0,2409.0
1776161091.814,2040,36100.9,5299.7,5301.9,5307.4,1945.2,1958.0,2277.0,2413.0
1776161100.825,2070,35554.9,5307.0,5311.5,5302.1,1950.4,1937.0,2326.0,2429.0
1776161109.839,2100,35659.3,5285.6,5407.6,5199.6,1934.7,1940.0,2287.0,2393.0
1776161118.903,2130,35881.0,5289.8,5403.8,5371.9,1925.8,1925.0,2273.0,2373.0
1776161127.909,2160,35349.8,5313.3,5313.3,5400.2,1959.7,1967.0,2291.0,2428.0
1776161136.906,2190,35726.7,5421.6,5319.1,5279.4,1968.9,1959.0,2346.0,2446.0
1776161145.915,2220,35430.7,5308.9,5302.0,5283.1,1948.5,1959.0,2310.0,2412.0
1776161154.927,2250,35984.5,5287.4,5311.0,5304.2,1967.3,1972.0,2328.0,2433.0
1776161163.944,2280,35655.4,5310.4,5307.3,5285.4,1933.8,1942.0,2295.0,2397.0
1776161172.970,2310,35856.2,5300.9,5268.9,5301.6,1941.1,1955.0,2306.0,2406.0
1776161181.984,2340,35880.1,5311.3,5306.6,5277.2,1945.3,1963.0,2315.0,2413.0
1776161190.977,2370,35904.0,5283.4,5408.2,5312.9,1951.2,1939.0,2325.0,2431.0
1776161199.991,2400,35984.5,5310.4,5290.4,5198.9,1957.9,1948.0,2346.0,2449.0
1776161209.005,2430,35767.7,5277.3,5307.3,5300.2,1952.6,1956.0,2320.0,2455.0
1776161218.019,2460,35972.5,5309.2,5288.8,5298.5,2074.0,2069.0,2539.0,2687.0
1776161227.019,2490,35856.2,5404.4,5307.2,5299.3,3868.5,2437.0,9499.0,11198.0
1776161236.033,2520,35547.0,5401.0,5382.1,5302.1,2571.4,2107.0,4557.0,6401.0
1776161245.058,2550,35884.0,5301.8,5284.2,5253.9,1949.8,1960.0,2316.0,2418.0
1776161254.069,2580,35663.3,5311.4,5310.1,5296.2,1965.6,1977.0,2317.0,2391.0
1776161263.082,2610,35438.6,5413.3,5407.2,5285.3,1939.1,1941.0,2291.0,2390.0
1776161272.096,2640,35763.7,5413.1,5303.9,5196.1,,,,
1776161281.109,2670,35915.9,5293.6,5299.8,5280.1,,,,
1776161290.119,2700,35984.5,5310.1,5304.6,5178.3,,,,
1776161299.132,2730,35663.3,5307.4,5399.5,5307.6,,,,
1776161308.146,2760,36092.9,5417.5,5304.9,5186.9,,,,
1776161317.167,2790,35852.2,5405.7,5405.9,5293.6,,,,
1776161326.197,2820,35776.9,5288.3,5404.1,5296.3,,,,
1776161335.226,2850,35687.0,5310.2,5279.2,5416.7,,,,
1776161344.238,2880,35651.4,5417.6,5280.2,5198.4,,,,
1776161353.253,2910,35759.8,5290.2,5280.8,5290.7,,,,
1776161362.263,2940,36096.9,5311.5,5277.3,5309.3,,,,
1776161371.275,2970,35771.7,5311.5,5347.8,5296.3,,,,
1776161380.289,3000,35988.5,5300.6,5392.0,5388.9,,,,

 + MIGRATION_EVENTS_CSV:
timestamp_s,round,n_migrations
1776160497.170,60,0
1776160515.237,120,0
1776160533.266,180,0
1776160551.291,240,0
1776160569.318,300,0
1776160587.348,360,0
1776160605.342,420,0
1776160623.398,480,0
1776160641.429,540,0
1776160659.461,600,0
1776160677.482,660,0
1776160695.516,720,0
1776160713.544,780,0
1776160731.899,840,3377
1776160749.993,900,20990
1776160767.865,960,11547
1776160785.814,1020,7337
1776160803.871,1080,4493
1776160821.876,1140,3702
1776160839.899,1200,1800
1776160857.934,1260,1076
1776160875.804,1320,668
1776160893.828,1380,1258
1776160911.846,1440,454
1776160929.882,1500,137
1776160947.891,1560,157
1776160965.697,1620,0
1776160983.934,1680,275
1776161001.742,1740,0
1776161019.998,1800,428
1776161037.792,1860,0
1776161055.828,1920,0
1776161073.850,1980,0
1776161092.120,2040,152
1776161109.902,2100,0
1776161127.965,2160,0
1776161145.980,2220,0
1776161164.002,2280,0
1776161182.028,2340,0
1776161200.272,2400,14
1776161218.302,2460,2
1776161236.093,2520,0
1776161254.132,2580,0
1776161272.162,2640,0
1776161290.370,2700,14
1776161308.436,2760,144
1776161326.268,2820,0
1776161344.313,2880,0
1776161362.552,2940,150
1776161380.585,3000,19
-----------------------------------------
CMD: LABEL=n4_v_rate_imb90_r80000_run_1 LOCAL_ORCH=0 NODES=4 WORKER_BANDWIDTHS_MBPS=600,600,600,600 RATE_WEIGHTS=0.9,0.0333333,0.0333333,0.0333333 RATE=80000 DURATION=900 WARMUP=240 IN_MEMORY_STORE=1 fab cloudlab --manifest=manifest.xml --latency=100ms --primary-bw=300mbit --log-dir=/home/zpkhor/narwhal-validator/benchmark/exp/results/tps_timeline_lb_cloud_20260414_053849/n4_v_rate_imb90_r80000_run_1
[92mStarting CloudLab benchmark[0m
All SSH hosts: ['hp084.utah.cloudlab.us', 'hp091.utah.cloudlab.us', 'hp069.utah.cloudlab.us', 'hp021.utah.cloudlab.us']
Killing previous processes...
Resetting TCP buffers...
Compiling...
Distributing binaries to 4 machines...
Generating configuration files...
Uploading config files...
Applying TC QoS shaping...
TC QoS applied: primary=300000kbps, worker_bws=[600000, 600000, 600000, 600000]kbps
Starting primaries and workers...
Waiting for workers to be ready...
All workers ready.
Starting clients...
Running benchmark (900 sec)...
Stopping processes...
Downloading logs...
Parsing logs...

-----------------------------------------
 SUMMARY:
-----------------------------------------
 + CONFIG:
 Committee size: 4 node(s)
 Worker(s) per node: 1 worker(s)
 Input rate: 80,002 tx/s
 Transaction size: 512 B
 Benchmark duration: 900.0 s
 Consensus duration: 541.6 s
 Commit duration: 539.98 s


 + LAST COMMITTED PER VALIDATOR (from primary logs):
 Validator  Time            Round
 0          10:25:23.699     3016
 1          10:25:23.693     3016
 2          10:25:23.736     3016
 3          10:25:23.734     3016
 + RESULTS:
 f+1 Commit latency (workers) (mean): 2,639 ms
 f+1 Commit latency (workers) (p50): 2,029 ms
 f+1 Commit latency (workers) (p90): 2,406 ms
 f+1 Commit latency (workers) (p95): 2,564 ms
 f+1 Commit latency (workers) (p99): 24,960 ms

 Consensus TPS: 79,932 tx/s
 Consensus BPS: 40,925,213 B/s
 Committed TPS: 80,171 tx/s
 Committed BPS: 41,047,614 B/s

 + VALIDATOR LOAD DISTRIBUTION:
 Validator 0: 14,541,668 tx (33.6%)
 Validator 1: 9,621,492 tx (22.2%)
 Validator 2: 9,561,546 tx (22.1%)
 Validator 3: 9,566,256 tx (22.1%)

 + PER-VALIDATOR COMMIT METRICS:
 Validator    TPS (tx/s)    Mean (ms)    p95 (ms)    Misses
 0            26,930        8,698        25,750      0
 1            17,818        1,832        2,248       0
 2            17,707        2,121        2,515       0
 3            17,716        1,837        2,241       0
 Overall      80,171        4,203 (wtd)  10,200 (wtd) 0

 + PER-VALIDATOR QUORUM TIMING (ms):
                    mean            p95             std      
 Validator       delay    lat    delay    lat    delay    lat
 0               6,489     32   21,828     99    8,591     41
 1                 165     49      204    111       36     45
 2                 165     49      204    111       36     45
 3                 164     49      203    110       37     45

 + PER-STAGE LATENCY BREAKDOWN (mean, ms):
   Stage                            All
   Client -> Worker:                 44
   Worker -> Batch seal:             34
   Batch seal -> Quorum:          2,331
   Quorum -> Processed:              12
   Processed -> Header:             157
   Header -> Certified:             198
   Certified -> Committed:        1,359
   Sum:                           4,134
   (n=)                          43,071

 + CERTIFIED TPS TIMELINE (actual/capacity (spare)):
   round                          V0                          V1                          V2                          V3
   30       48.4% 608/35971 (+35363)    29.6% 372/35971 (+35598)    17.1% 215/35971 (+35756)      4.9% 62/35971 (+35909)
   60      29.4% 6784/35971 (+29187)   26.8% 6168/35971 (+29803)   23.5% 5422/35971 (+30549)   20.3% 4679/35971 (+31292)
   90     27.1% 14522/35971 (+21449)  25.7% 13764/35971 (+22207)  24.2% 13005/35971 (+22966)  23.0% 12355/35971 (+23616)
   120    25.3% 20164/35971 (+15807)  25.2% 20056/35971 (+15915)  25.1% 19948/35971 (+16023)  24.4% 19406/35971 (+16565)
   150    25.0% 20704/35971 (+15267)  25.1% 20813/35971 (+15158)  25.0% 20704/35971 (+15267)  25.0% 20704/35971 (+15267)
   180    25.2% 20921/35971 (+15050)  25.1% 20813/35971 (+15158)  24.9% 20704/35971 (+15267)  24.8% 20596/35971 (+15375)
   210    24.9% 20594/35971 (+15378)  24.9% 20594/35971 (+15378)  25.2% 20810/35971 (+15161)  24.9% 20594/35971 (+15378)
   240    24.8% 20487/35971 (+15484)  25.0% 20596/35971 (+15375)  24.8% 20487/35971 (+15484)  25.4% 20921/35971 (+15050)
   270    24.9% 20591/35971 (+15380)  25.0% 20700/35971 (+15271)  25.1% 20808/35971 (+15163)  25.0% 20700/35971 (+15271)
   300    25.2% 20704/35971 (+15267)  24.9% 20487/35971 (+15484)  24.9% 20487/35971 (+15484)  25.0% 20596/35971 (+15375)
   330    25.1% 20810/35971 (+15161)  24.9% 20594/35971 (+15378)  25.1% 20810/35971 (+15161)  24.9% 20594/35971 (+15378)
   360    24.9% 20589/35971 (+15382)  25.2% 20806/35971 (+15165)  24.8% 20481/35971 (+15490)  25.1% 20697/35971 (+15274)
   390    25.1% 20702/35971 (+15269)  25.1% 20702/35971 (+15269)  25.1% 20702/35971 (+15269)  24.8% 20485/35971 (+15486)
   420    25.1% 20700/35971 (+15271)  24.9% 20591/35971 (+15380)  24.9% 20591/35971 (+15380)  25.1% 20700/35971 (+15271)
   450    24.9% 20702/35971 (+15269)  24.9% 20702/35971 (+15269)  25.1% 20810/35971 (+15161)  25.1% 20810/35971 (+15161)
   480    25.0% 20702/35971 (+15269)  24.9% 20594/35971 (+15378)  25.0% 20702/35971 (+15269)  25.0% 20702/35971 (+15269)
   510    25.1% 20808/35971 (+15163)  25.2% 20916/35971 (+15055)  24.8% 20591/35971 (+15380)  24.9% 20700/35971 (+15271)
   540    25.0% 20690/35971 (+15281)  25.0% 20690/35971 (+15281)  24.9% 20582/35971 (+15389)  25.0% 20690/35971 (+15281)
   570    24.9% 20600/35971 (+15371)  25.1% 20709/35971 (+15262)  24.8% 20492/35971 (+15479)  25.2% 20817/35971 (+15154)
   600    25.0% 20704/35971 (+15267)  24.9% 20596/35971 (+15375)  25.0% 20704/35971 (+15267)  25.0% 20704/35971 (+15267)
   630    24.9% 20589/35971 (+15382)  24.9% 20589/35971 (+15382)  25.1% 20697/35971 (+15274)  25.1% 20697/35971 (+15274)
   660    25.1% 20697/35971 (+15274)  24.9% 20589/35971 (+15382)  25.2% 20806/35971 (+15165)  24.8% 20481/35971 (+15490)
   690    24.9% 20598/35971 (+15373)  24.9% 20598/35971 (+15373)  25.3% 20923/35971 (+15048)  25.0% 20706/35971 (+15264)
   720    25.2% 20813/35971 (+15158)  24.8% 20487/35971 (+15484)  24.9% 20596/35971 (+15375)  25.1% 20704/35971 (+15267)
   750    25.0% 20693/35971 (+15278)  25.0% 20693/35971 (+15278)  25.1% 20801/35971 (+15170)  24.9% 20584/35971 (+15387)
   780    25.1% 20706/35971 (+15264)  24.9% 20598/35971 (+15373)  24.8% 20490/35971 (+15481)  25.2% 20815/35971 (+15156)
   810    25.1% 20702/35971 (+15269)  25.1% 20702/35971 (+15269)  24.8% 20485/35971 (+15486)  25.0% 20594/35971 (+15378)
   840     55.4% 39236/35971 (-3265)   12.7% 8974/35971 (+26998)  14.9% 10593/35971 (+25378)  17.0% 12062/35971 (+23909)
   870    83.1% 47045/35971 (-11074)    6.5% 3656/35971 (+32315)    5.5% 3111/35971 (+32860)    4.9% 2794/35971 (+33177)
   900    82.6% 48124/35971 (-12153)    7.0% 4068/35971 (+31903)    5.6% 3276/35971 (+32696)    4.8% 2782/35971 (+33189)
   930     73.8% 45951/35971 (-9980)    9.6% 5954/35971 (+30017)    8.6% 5381/35971 (+30590)    7.9% 4945/35971 (+31026)
   960     70.9% 45220/35971 (-9250)   10.3% 6599/35971 (+29372)    9.7% 6166/35971 (+29805)    9.1% 5837/35971 (+30134)
   990    64.3% 47592/35971 (-11621)   12.3% 9106/35971 (+26864)   11.7% 8673/35971 (+27298)   11.7% 8673/35971 (+27298)
   1020   61.9% 48031/35971 (-12060)   12.8% 9975/35971 (+25996)   12.7% 9866/35971 (+26104)   12.6% 9758/35971 (+26213)
   1050    53.6% 43751/35971 (-7780)  15.6% 12747/35971 (+23224)  15.5% 12639/35971 (+23332)  15.2% 12423/35971 (+23548)
   1080   54.1% 48243/35971 (-12272)  15.6% 13877/35971 (+22094)  15.1% 13443/35971 (+22528)  15.2% 13551/35971 (+22420)
   1110    49.3% 45868/35971 (-9897)  17.0% 15832/35971 (+20140)  16.9% 15723/35971 (+20248)  16.8% 15615/35971 (+20356)
   1140   48.7% 46958/35971 (-10987)  17.2% 16592/35971 (+19379)  17.1% 16484/35971 (+19487)  17.0% 16376/35971 (+19596)
   1170    46.3% 45853/35971 (-9882)  18.1% 17886/35971 (+18085)  17.8% 17669/35971 (+18302)  17.8% 17669/35971 (+18302)
   1200   47.5% 49213/35971 (-13242)  17.6% 18211/35971 (+17760)  17.6% 18211/35971 (+17760)  17.4% 17994/35971 (+17977)
   1230   47.2% 50777/35971 (-14806)  17.5% 18838/35971 (+17133)  17.5% 18838/35971 (+17133)  17.8% 19163/35971 (+16808)
   1260   46.0% 49094/35971 (-13123)  18.1% 19291/35971 (+16680)  18.2% 19399/35971 (+16572)  17.7% 18857/35971 (+17114)
   1290    34.4% 31646/35971 (+4326)  22.0% 20266/35971 (+15705)  21.8% 20049/35971 (+15922)  21.9% 20158/35971 (+15813)
   1320   25.6% 21145/35971 (+14826)  24.7% 20386/35971 (+15585)  24.8% 20494/35971 (+15477)  24.8% 20494/35971 (+15477)
   1350   25.7% 21258/35971 (+14713)  24.9% 20607/35971 (+15364)  24.9% 20607/35971 (+15364)  24.6% 20390/35971 (+15581)
   1380   26.0% 21463/35971 (+14508)  24.9% 20596/35971 (+15375)  24.5% 20271/35971 (+15700)  24.6% 20379/35971 (+15592)
   1410   25.7% 21246/35971 (+14725)  24.9% 20596/35971 (+15375)  24.7% 20487/35971 (+15484)  24.7% 20487/35971 (+15484)
   1440   25.6% 21140/35971 (+14831)  24.8% 20490/35971 (+15481)  24.7% 20381/35971 (+15590)  24.8% 20490/35971 (+15481)
   1470   26.0% 21461/35971 (+14510)  25.0% 20702/35971 (+15269)  24.5% 20268/35971 (+15703)  24.5% 20268/35971 (+15703)
   1500   25.6% 21138/35971 (+14833)  24.9% 20596/35971 (+15375)  24.8% 20487/35971 (+15484)  24.8% 20487/35971 (+15484)
   1530   25.8% 21355/35971 (+14616)  25.0% 20704/35971 (+15267)  24.6% 20379/35971 (+15592)  24.6% 20379/35971 (+15592)
   1560   25.8% 21465/35971 (+14506)  24.8% 20598/35971 (+15373)  24.7% 20490/35971 (+15481)  24.7% 20490/35971 (+15481)
   1590   25.8% 21244/35971 (+14727)  25.1% 20702/35971 (+15269)  24.6% 20268/35971 (+15703)  24.6% 20268/35971 (+15703)
   1620   25.7% 21246/35971 (+14725)  25.0% 20704/35971 (+15267)  24.7% 20487/35971 (+15484)  24.6% 20379/35971 (+15592)
   1650   25.9% 21357/35971 (+14614)  24.8% 20490/35971 (+15481)  24.6% 20273/35971 (+15698)  24.7% 20381/35971 (+15590)
   1680   25.9% 21465/35971 (+14506)  24.8% 20598/35971 (+15373)  24.4% 20273/35971 (+15698)  24.8% 20598/35971 (+15373)
   1710   25.8% 21246/35971 (+14725)  24.9% 20487/35971 (+15484)  24.8% 20379/35971 (+15592)  24.5% 20162/35971 (+15809)
   1740   25.8% 21249/35971 (+14722)  24.8% 20490/35971 (+15481)  24.7% 20381/35971 (+15590)  24.7% 20381/35971 (+15590)
   1770   25.6% 21133/35971 (+14838)  25.1% 20700/35971 (+15271)  24.8% 20483/35971 (+15488)  24.5% 20266/35971 (+15705)
   1800   25.6% 21142/35971 (+14828)  25.1% 20709/35971 (+15262)  24.7% 20384/35971 (+15588)  24.6% 20275/35971 (+15696)
   1830   25.8% 21352/35971 (+14619)  24.8% 20485/35971 (+15486)  24.8% 20485/35971 (+15486)  24.6% 20377/35971 (+15594)
   1860   26.0% 21470/35971 (+14501)  25.0% 20711/35971 (+15260)  24.4% 20169/35971 (+15802)  24.6% 20386/35971 (+15585)
   1890   25.8% 21350/35971 (+14621)  24.6% 20374/35971 (+15596)  24.6% 20374/35971 (+15596)  24.9% 20591/35971 (+15380)
   1920   25.8% 21359/35971 (+14612)  24.8% 20492/35971 (+15479)  24.6% 20384/35971 (+15588)  24.8% 20492/35971 (+15479)
   1950   25.8% 21355/35971 (+14616)  25.1% 20813/35971 (+15158)  24.6% 20379/35971 (+15592)  24.6% 20379/35971 (+15592)
   1980   25.8% 21249/35971 (+14722)  24.7% 20381/35971 (+15590)  24.6% 20273/35971 (+15698)  24.9% 20490/35971 (+15481)
   2010   25.8% 21456/35971 (+14515)  24.8% 20589/35971 (+15382)  24.7% 20481/35971 (+15490)  24.7% 20481/35971 (+15490)
   2040   25.9% 21357/35971 (+14614)  24.7% 20381/35971 (+15590)  24.8% 20490/35971 (+15481)  24.7% 20381/35971 (+15590)
   2070   25.6% 21249/35971 (+14722)  24.8% 20598/35971 (+15373)  24.8% 20598/35971 (+15373)  24.7% 20490/35971 (+15481)
   2100   25.8% 21251/35971 (+14720)  25.0% 20600/35971 (+15371)  24.6% 20275/35971 (+15696)  24.7% 20384/35971 (+15588)
   2130   25.7% 21239/35971 (+14732)  24.8% 20481/35971 (+15490)  24.8% 20481/35971 (+15490)  24.8% 20481/35971 (+15490)
   2160   25.9% 21359/35971 (+14612)  24.8% 20492/35971 (+15479)  24.7% 20384/35971 (+15588)  24.7% 20384/35971 (+15588)
   2190   25.8% 21355/35971 (+14616)  24.7% 20487/35971 (+15484)  24.7% 20487/35971 (+15484)  24.7% 20487/35971 (+15484)
   2220   25.9% 21357/35971 (+14614)  24.9% 20598/35971 (+15373)  24.7% 20381/35971 (+15590)  24.5% 20273/35971 (+15698)
   2250   25.7% 21237/35971 (+14734)  24.9% 20587/35971 (+15384)  24.5% 20262/35971 (+15709)  24.8% 20478/35971 (+15493)
   2280   25.7% 21253/35971 (+14718)  25.1% 20711/35971 (+15260)  24.5% 20277/35971 (+15694)  24.7% 20386/35971 (+15585)
   2310   25.7% 21140/35971 (+14831)  24.8% 20381/35971 (+15590)  24.7% 20273/35971 (+15698)  24.8% 20381/35971 (+15590)
   2340   25.8% 21242/35971 (+14730)  24.7% 20374/35971 (+15596)  24.7% 20374/35971 (+15596)  24.8% 20483/35971 (+15488)
   2370   25.5% 21140/35971 (+14831)  24.7% 20490/35971 (+15481)  24.9% 20598/35971 (+15373)  24.9% 20598/35971 (+15373)
   2400   25.8% 21461/35971 (+14510)  24.9% 20702/35971 (+15269)  24.6% 20485/35971 (+15486)  24.6% 20485/35971 (+15486)
   2430   25.8% 21251/35971 (+14720)  24.7% 20384/35971 (+15588)  24.6% 20275/35971 (+15696)  24.9% 20492/35971 (+15479)
   2460   26.0% 21463/35971 (+14508)  24.7% 20379/35971 (+15592)  24.7% 20379/35971 (+15592)  24.7% 20379/35971 (+15592)
   2490   25.8% 21357/35971 (+14614)  24.7% 20490/35971 (+15481)  24.7% 20490/35971 (+15481)  24.7% 20490/35971 (+15481)
   2520   25.8% 21246/35971 (+14725)  24.7% 20379/35971 (+15592)  24.7% 20379/35971 (+15592)  24.7% 20379/35971 (+15592)
   2550   25.8% 21463/35971 (+14508)  24.7% 20596/35971 (+15375)  24.7% 20596/35971 (+15375)  24.7% 20596/35971 (+15375)
   2580   25.7% 21140/35971 (+14831)  24.9% 20490/35971 (+15481)  24.7% 20381/35971 (+15590)  24.7% 20381/35971 (+15590)
   2610   25.6% 21246/35971 (+14725)  24.8% 20596/35971 (+15375)  24.8% 20596/35971 (+15375)  24.7% 20487/35971 (+15484)
   2640   26.0% 21461/35971 (+14510)  24.9% 20594/35971 (+15378)  24.6% 20377/35971 (+15594)  24.5% 20268/35971 (+15703)
   2670   25.9% 21461/35971 (+14510)  24.6% 20377/35971 (+15594)  24.7% 20485/35971 (+15486)  24.7% 20485/35971 (+15486)
   2700   25.8% 21355/35971 (+14616)  24.9% 20596/35971 (+15375)  24.7% 20487/35971 (+15484)  24.6% 20379/35971 (+15592)
   2730   25.7% 21242/35971 (+14730)  24.8% 20483/35971 (+15488)  24.8% 20483/35971 (+15488)  24.8% 20483/35971 (+15488)
   2760   25.7% 21249/35971 (+14722)  24.9% 20598/35971 (+15373)  24.9% 20598/35971 (+15373)  24.6% 20381/35971 (+15590)
   2790   25.8% 21352/35971 (+14619)  24.7% 20485/35971 (+15486)  24.6% 20377/35971 (+15594)  24.9% 20594/35971 (+15378)
   2820   26.0% 21458/35971 (+14513)  24.9% 20591/35971 (+15380)  24.5% 20266/35971 (+15705)  24.5% 20266/35971 (+15705)
   2850   25.8% 21249/35971 (+14722)  24.8% 20381/35971 (+15590)  24.6% 20273/35971 (+15698)  24.8% 20381/35971 (+15590)
   2880   25.6% 21133/35971 (+14838)  25.0% 20591/35971 (+15380)  24.7% 20374/35971 (+15596)  24.7% 20374/35971 (+15596)
   2910   25.6% 21239/35971 (+14732)  24.8% 20589/35971 (+15382)  24.8% 20589/35971 (+15382)  24.7% 20481/35971 (+15490)
   2940   25.6% 21138/35971 (+14833)  25.0% 20596/35971 (+15375)  24.7% 20379/35971 (+15592)  24.7% 20379/35971 (+15592)
   2970   25.8% 21355/35971 (+14616)  24.8% 20487/35971 (+15484)  24.6% 20379/35971 (+15592)  24.8% 20487/35971 (+15484)
   3000   25.7% 21242/35971 (+14730)  25.0% 20700/35971 (+15271)  24.6% 20374/35971 (+15596)  24.6% 20374/35971 (+15596)

 + ACCOUNT MIGRATIONS (cumulative):
 Validator       Donated   Received
 0               178,437          0
 1                     0     59,727
 2                     0     59,330
 3                     0     59,380

 + TPS_TIMELINE_CSV:
timestamp_s,round,v0,v1,v2,v3,lat_mean,lat_p50,lat_p90,lat_p95
1776161425.701,30,608.2,372.5,214.8,61.8,,,,
1776161434.648,60,6784.0,6168.1,5421.6,4679.4,,,,
1776161443.662,90,14522.2,13763.6,13005.0,12354.7,,,,
1776161452.675,120,20164.4,20056.0,19947.6,19405.6,,,,
1776161461.688,150,20704.2,20812.6,20704.2,20704.2,,,,
1776161470.701,180,20921.0,20812.6,20704.2,20595.8,,,,
1776161479.715,210,20593.5,20593.5,20810.3,20593.5,,,,
1776161488.727,240,20487.4,20595.8,20487.4,20921.0,,,,
1776161497.739,270,20591.2,20699.6,20808.0,20699.6,,,,
1776161506.751,300,20704.2,20487.4,20487.4,20595.8,,,,
1776161515.765,330,20810.3,20593.5,20810.3,20593.5,,,,
1776161524.789,360,20589.0,20805.7,20480.6,20697.3,,,,
1776161533.801,390,20701.9,20701.9,20701.9,20485.1,,,,
1776161542.816,420,20699.6,20591.2,20591.2,20699.6,,,,
1776161551.829,450,20701.9,20701.9,20810.3,20810.3,,,,
1776161560.842,480,20701.9,20593.5,20701.9,20701.9,,,,
1776161569.855,510,20808.0,20916.4,20591.2,20699.6,,,,
1776161578.869,540,20690.4,20690.4,20582.1,20690.4,,,,
1776161587.882,570,20600.4,20708.8,20492.0,20817.2,,,,
1776161596.895,600,20704.2,20595.8,20704.2,20704.2,,,,
1776161605.910,630,20589.0,20589.0,20697.3,20697.3,,,,
1776161614.924,660,20697.3,20589.0,20805.7,20480.6,,,,
1776161623.937,690,20598.1,20598.1,20923.3,20706.5,,,,
1776161632.951,720,20812.6,20487.4,20595.8,20704.2,,,,
1776161641.965,750,20692.7,20692.7,20801.1,20584.4,,,,
1776161650.979,780,20706.5,20598.1,20489.7,20814.9,,,,
1776161659.992,810,20701.9,20701.9,20485.1,20593.5,2096.2,1945.0,2532.0,3942.0
1776161669.006,840,39236.1,8973.5,10592.7,12062.0,2653.0,2043.0,5750.0,6651.0
1776161678.021,870,47045.2,3656.1,3111.2,2794.0,3262.5,2053.0,9260.0,9963.0
1776161687.032,900,48123.8,4068.1,3275.5,2781.6,3651.0,2021.0,11926.0,12877.0
1776161696.044,930,45951.0,5954.2,5381.4,4945.0,4071.0,1960.0,15106.0,16211.0
1776161705.107,960,45220.5,6599.2,6166.4,5836.9,4566.8,1953.0,18166.0,18971.0
1776161714.119,990,47592.4,9106.5,8672.9,8672.9,5051.3,2020.0,20728.0,21685.0
1776161723.129,1020,48031.4,9974.9,9866.5,9758.1,5170.8,2037.0,22579.0,23832.0
1776161732.171,1050,43751.1,12747.2,12639.2,12423.2,5519.1,2037.0,25184.0,25390.0
1776161741.178,1080,48242.9,13876.6,13443.0,13551.4,5585.4,2016.0,25750.0,26149.0
1776161750.185,1110,45868.0,15831.5,15723.1,15614.7,5898.1,2023.0,26113.0,26508.0
1776161759.193,1140,46957.6,16592.4,16484.0,16375.5,5668.4,2081.0,25174.0,25525.0
1776161768.204,1170,45852.8,17885.8,17669.0,17669.0,5210.4,2091.0,22033.0,23631.0
1776161777.219,1200,49213.1,18211.0,18211.0,17994.2,4392.2,2052.0,15959.0,18638.0
1776161786.285,1230,50777.1,18838.4,18838.4,19163.2,3135.0,1987.0,8834.0,11418.0
1776161795.257,1260,49093.8,19290.7,19399.1,18857.2,2057.7,1947.0,2388.0,2543.0
1776161804.271,1290,31645.5,20266.1,20049.4,20157.7,1943.8,1941.0,2302.0,2450.0
1776161813.278,1320,21144.8,20385.8,20494.2,20494.2,1944.0,1945.0,2309.0,2414.0
1776161822.285,1350,21258.0,20607.2,20607.2,20390.3,1940.2,1925.0,2273.0,2417.0
1776161831.293,1380,21463.0,20595.8,20270.6,20379.0,1926.1,1923.0,2278.0,2384.0
1776161840.306,1410,21246.2,20595.8,20487.4,20487.4,1943.3,1938.0,2297.0,2440.0
1776161849.320,1440,21140.1,20489.7,20381.3,20489.7,1927.7,1909.0,2302.0,2454.0
1776161858.327,1470,21460.6,20701.9,20268.4,20268.4,1924.3,1917.0,2271.0,2412.0
1776161867.335,1500,21137.8,20595.8,20487.4,20487.4,1946.0,1930.0,2287.0,2435.0
1776161876.344,1530,21354.6,20704.2,20379.0,20379.0,1941.4,1933.0,2338.0,2443.0
1776161885.357,1560,21465.4,20598.1,20489.7,20489.7,1930.8,1916.0,2266.0,2406.0
1776161894.370,1590,21243.8,20701.9,20268.4,20268.4,1948.4,1929.0,2318.0,2459.0
1776161903.379,1620,21246.2,20704.2,20487.4,20379.0,1929.6,1926.0,2279.0,2387.0
1776161912.395,1650,21357.0,20489.7,20272.9,20381.3,1943.9,1938.0,2291.0,2436.0
1776161921.407,1680,21465.4,20598.1,20272.9,20598.1,1949.2,1944.0,2310.0,2455.0
1776161930.421,1710,21246.2,20487.4,20379.0,20162.2,1937.7,1926.0,2271.0,2373.0
1776161939.435,1740,21248.6,20489.7,20381.3,20381.3,1948.1,1937.0,2293.0,2441.0
1776161948.446,1770,21133.1,20699.6,20482.9,20266.1,1948.2,1942.0,2302.0,2443.0
1776161957.458,1800,21142.5,20708.8,20383.5,20275.1,1934.5,1922.0,2276.0,2415.0
1776161966.471,1830,21352.2,20485.1,20485.1,20376.7,1949.1,1935.0,2326.0,2431.0
1776161975.485,1860,21470.1,20711.1,20168.9,20385.8,1941.8,1941.0,2295.0,2401.0
1776161984.497,1890,21349.9,20374.5,20374.5,20591.2,1943.4,1939.0,2303.0,2413.0
1776161993.511,1920,21359.3,20492.0,20383.5,20492.0,1948.5,1953.0,2314.0,2422.0
1776162002.523,1950,21354.6,20812.6,20379.0,20379.0,1943.9,1934.0,2291.0,2431.0
1776162011.538,1980,21248.6,20381.3,20272.9,20489.7,1951.1,1941.0,2299.0,2449.0
1776162020.550,2010,21455.9,20589.0,20480.6,20480.6,1944.8,1950.0,2304.0,2411.0
1776162029.564,2040,21357.0,20381.3,20489.7,20381.3,1946.4,1952.0,2317.0,2419.0
1776162038.575,2070,21248.6,20598.1,20598.1,20489.7,1941.5,1932.0,2281.0,2422.0
1776162047.588,2100,21250.9,20600.4,20275.1,20383.5,1952.5,1943.0,2337.0,2450.0
1776162056.603,2130,21239.1,20480.6,20480.6,20480.6,1941.6,1942.0,2302.0,2409.0
1776162065.616,2160,21359.3,20492.0,20383.5,20383.5,1938.8,1949.0,2269.0,2366.0
1776162074.627,2190,21354.6,20487.4,20487.4,20487.4,1951.0,1936.0,2286.0,2418.0
1776162083.643,2220,21357.0,20598.1,20381.3,20272.9,1944.0,1937.0,2288.0,2398.0
1776162092.654,2250,21236.8,20586.7,20261.6,20478.3,1948.9,1946.0,2306.0,2443.0
1776162101.666,2280,21253.3,20711.1,20277.4,20385.8,1944.1,1924.0,2307.0,2420.0
1776162110.678,2310,21140.1,20381.3,20272.9,20381.3,1943.4,1930.0,2283.0,2383.0
1776162119.690,2340,21241.5,20374.5,20374.5,20482.9,1930.0,1927.0,2285.0,2391.0
1776162128.705,2370,21140.1,20489.7,20598.1,20598.1,1935.4,1913.0,2293.0,2407.0
1776162137.718,2400,21460.6,20701.9,20485.1,20485.1,1933.8,1921.0,2271.0,2400.0
1776162146.729,2430,21250.9,20383.5,20275.1,20492.0,1937.2,1928.0,2280.0,2427.0
1776162155.743,2460,21463.0,20379.0,20379.0,20379.0,1929.1,1931.0,2245.0,2345.0
1776162164.755,2490,21357.0,20489.7,20489.7,20489.7,1923.4,1906.0,2292.0,2400.0
1776162173.769,2520,21246.2,20379.0,20379.0,20379.0,1918.7,1913.0,2259.0,2365.0
1776162182.783,2550,21463.0,20595.8,20595.8,20595.8,1934.5,1924.0,2275.0,2419.0
1776162191.798,2580,21140.1,20489.7,20381.3,20381.3,1917.2,1919.0,2236.0,2378.0
1776162200.810,2610,21246.2,20595.8,20595.8,20487.4,1929.0,1930.0,2279.0,2344.0
1776162209.825,2640,21460.6,20593.5,20376.7,20268.4,,,,
1776162218.839,2670,21460.6,20376.7,20485.1,20485.1,,,,
1776162227.853,2700,21354.6,20595.8,20487.4,20379.0,,,,
1776162236.869,2730,21241.5,20482.9,20482.9,20482.9,,,,
1776162245.879,2760,21248.6,20598.1,20598.1,20381.3,,,,
1776162254.893,2790,21352.2,20485.1,20376.7,20593.5,,,,
1776162263.910,2820,21458.2,20591.2,20266.1,20266.1,,,,
1776162272.922,2850,21248.6,20381.3,20272.9,20381.3,,,,
1776162281.934,2880,21133.1,20591.2,20374.5,20374.5,,,,
1776162290.951,2910,21239.1,20589.0,20589.0,20480.6,,,,
1776162299.965,2940,21137.8,20595.8,20379.0,20379.0,,,,
1776162308.977,2970,21354.6,20487.4,20379.0,20487.4,,,,
1776162317.991,3000,21241.5,20699.6,20374.5,20374.5,,,,

 + MIGRATION_EVENTS_CSV:
timestamp_s,round,n_migrations
1776161434.667,60,0
1776161452.768,120,0
1776161470.814,180,0
1776161488.821,240,0
1776161506.856,300,0
1776161524.885,360,0
1776161542.907,420,0
1776161560.949,480,0
1776161578.958,540,0
1776161596.992,600,0
1776161615.020,660,0
1776161633.041,720,0
1776161651.077,780,0
1776161669.435,840,5751
1776161687.463,900,28797
1776161705.487,960,37425
1776161723.474,1020,37538
1776161741.431,1080,28319
1776161759.412,1140,17235
1776161777.442,1200,10330
1776161795.457,1260,13042
1776161813.355,1320,0
1776161831.369,1380,0
1776161849.405,1440,0
1776161867.408,1500,0
1776161885.431,1560,0
1776161903.457,1620,0
1776161921.483,1680,0
1776161939.513,1740,0
1776161957.548,1800,0
1776161975.563,1860,0
1776161993.595,1920,0
1776162011.620,1980,0
1776162029.645,2040,0
1776162047.667,2100,0
1776162065.695,2160,0
1776162083.723,2220,0
1776162101.741,2280,0
1776162119.742,2340,0
1776162137.803,2400,0
1776162155.818,2460,0
1776162173.848,2520,0
1776162191.848,2580,0
1776162209.893,2640,0
1776162227.921,2700,0
1776162245.958,2760,0
1776162263.980,2820,0
1776162282.018,2880,0
1776162300.047,2940,0
1776162318.072,3000,0
-----------------------------------------
CMD: LABEL=n4_v_rate_imb90_r110000_run_1 LOCAL_ORCH=0 NODES=4 WORKER_BANDWIDTHS_MBPS=600,600,600,600 RATE_WEIGHTS=0.9,0.0333333,0.0333333,0.0333333 RATE=110000 DURATION=900 WARMUP=240 IN_MEMORY_STORE=1 fab cloudlab --manifest=manifest.xml --latency=100ms --primary-bw=300mbit --log-dir=/home/zpkhor/narwhal-validator/benchmark/exp/results/tps_timeline_lb_cloud_20260414_053849/n4_v_rate_imb90_r110000_run_1
[92mStarting CloudLab benchmark[0m
All SSH hosts: ['hp084.utah.cloudlab.us', 'hp091.utah.cloudlab.us', 'hp069.utah.cloudlab.us', 'hp021.utah.cloudlab.us']
Killing previous processes...
Resetting TCP buffers...
Compiling...
Distributing binaries to 4 machines...
Generating configuration files...
Uploading config files...
Applying TC QoS shaping...
TC QoS applied: primary=300000kbps, worker_bws=[600000, 600000, 600000, 600000]kbps
Starting primaries and workers...
Waiting for workers to be ready...
All workers ready.
Starting clients...
Running benchmark (900 sec)...
Stopping processes...
Downloading logs...
Parsing logs...
[1m[93mWARN[0m: Clients missed their target rate 8 time(s)

-----------------------------------------
 SUMMARY:
-----------------------------------------
 + CONFIG:
 Committee size: 4 node(s)
 Worker(s) per node: 1 worker(s)
 Input rate: 110,002 tx/s
 Transaction size: 512 B
 Benchmark duration: 900.0 s
 Consensus duration: 554.67 s
 Commit duration: 539.62 s


 + LAST COMMITTED PER VALIDATOR (from primary logs):
 Validator  Time            Round
 0          10:41:05.538     3018
 1          10:41:05.541     3018
 2          10:41:05.533     3018
 3          10:41:05.538     3018
 + RESULTS:
 f+1 Commit latency (workers) (mean): 3,976 ms
 f+1 Commit latency (workers) (p50): 2,071 ms
 f+1 Commit latency (workers) (p90): 2,531 ms
 f+1 Commit latency (workers) (p95): 14,060 ms
 f+1 Commit latency (workers) (p99): 52,363 ms

 Consensus TPS: 104,662 tx/s
 Consensus BPS: 53,586,868 B/s
 Committed TPS: 107,580 tx/s
 Committed BPS: 55,081,009 B/s

 + VALIDATOR LOAD DISTRIBUTION:
 Validator 0: 15,832,213 tx (27.3%)
 Validator 1: 14,676,250 tx (25.3%)
 Validator 2: 12,874,331 tx (22.2%)
 Validator 3: 14,669,577 tx (25.3%)

 + PER-VALIDATOR COMMIT METRICS:
 Validator    TPS (tx/s)    Mean (ms)    p95 (ms)    Misses
 0            29,340        26,019       54,412      8
 1            27,197        1,896        2,428       0
 2            23,858        2,622        5,726       0
 3            27,185        1,874        2,357       0
 Overall      107,580       8,630 (wtd)  17,319 (wtd) 8

 + PER-VALIDATOR QUORUM TIMING (ms):
                    mean            p95             std      
 Validator       delay    lat    delay    lat    delay    lat
 0              12,523     30   22,388    109   10,014     42
 1                 186     31      235    111       33     42
 2                 188     30      239    112       34     42
 3                 186     31      236    111       33     42

 + PER-STAGE LATENCY BREAKDOWN (mean, ms):
   Stage                            All
   Client -> Worker:                804
   Worker -> Batch seal:             34
   Batch seal -> Quorum:          3,584
   Quorum -> Processed:              15
   Processed -> Header:             162
   Header -> Certified:             197
   Certified -> Committed:        1,594
   Sum:                           6,389
   (n=)                          41,242

 + CERTIFIED TPS TIMELINE (actual/capacity (spare)):
   round                          V0                          V1                          V2                          V3
   30       50.4% 859/35971 (+35112)    30.0% 511/35971 (+35460)    14.1% 240/35971 (+35731)      5.4% 93/35971 (+35878)
   60      29.5% 9265/35971 (+26706)   26.4% 8285/35971 (+27686)   23.5% 7399/35971 (+28572)   20.6% 6483/35971 (+29488)
   90     26.8% 19937/35971 (+16034)  25.6% 19070/35971 (+16901)  24.5% 18203/35971 (+17768)  23.1% 17228/35971 (+18743)
   120     25.5% 27874/35971 (+8097)   25.3% 27657/35971 (+8314)   24.8% 27115/35971 (+8856)   24.4% 26681/35971 (+9290)
   150     24.8% 28325/35971 (+7646)   25.2% 28758/35971 (+7213)   24.9% 28433/35971 (+7538)   25.2% 28758/35971 (+7213)
   180     25.3% 28767/35971 (+7204)   24.9% 28334/35971 (+7636)   24.9% 28334/35971 (+7636)   24.8% 28226/35971 (+7745)
   210     25.0% 28507/35971 (+7464)   25.0% 28507/35971 (+7464)   25.2% 28723/35971 (+7248)   24.9% 28399/35971 (+7572)
   240     24.9% 28292/35971 (+7679)   25.2% 28617/35971 (+7354)   25.0% 28400/35971 (+7570)   25.0% 28400/35971 (+7570)
   270     24.8% 28289/35971 (+7682)   25.0% 28506/35971 (+7465)   25.0% 28506/35971 (+7465)   25.1% 28614/35971 (+7357)
   300     25.0% 28515/35971 (+7456)   25.0% 28515/35971 (+7456)   25.0% 28515/35971 (+7456)   25.1% 28624/35971 (+7347)
   330     25.2% 28617/35971 (+7354)   24.9% 28292/35971 (+7679)   25.1% 28509/35971 (+7462)   24.9% 28292/35971 (+7679)
   360     24.9% 28267/35971 (+7704)   25.0% 28375/35971 (+7596)   24.8% 28159/35971 (+7812)   25.2% 28592/35971 (+7379)
   390     24.7% 28184/35971 (+7787)   25.0% 28509/35971 (+7462)   25.2% 28726/35971 (+7245)   25.1% 28617/35971 (+7354)
   420     24.9% 28506/35971 (+7465)   25.0% 28614/35971 (+7357)   25.0% 28614/35971 (+7357)   25.0% 28614/35971 (+7357)
   450     25.0% 28438/35971 (+7533)   24.6% 28004/35971 (+7967)   25.0% 28438/35971 (+7533)   25.4% 28873/35971 (+7098)
   480     25.0% 28420/35971 (+7552)   24.9% 28311/35971 (+7660)   25.2% 28636/35971 (+7335)   24.8% 28202/35971 (+7768)
   510     24.9% 28302/35971 (+7669)   25.1% 28518/35971 (+7453)   25.0% 28410/35971 (+7561)   25.1% 28518/35971 (+7453)
   540     24.9% 28286/35971 (+7685)   25.0% 28394/35971 (+7577)   25.1% 28503/35971 (+7468)   25.0% 28394/35971 (+7577)
   570     25.1% 28404/35971 (+7567)   25.1% 28404/35971 (+7567)   24.9% 28187/35971 (+7784)   24.9% 28187/35971 (+7784)
   600     25.0% 28400/35971 (+7570)   25.0% 28509/35971 (+7462)   25.0% 28509/35971 (+7462)   25.0% 28400/35971 (+7570)
   630     24.9% 28190/35971 (+7781)   25.3% 28624/35971 (+7347)   24.9% 28190/35971 (+7781)   24.9% 28190/35971 (+7781)
   660     25.0% 28400/35971 (+7570)   25.2% 28617/35971 (+7354)   25.0% 28400/35971 (+7570)   24.8% 28184/35971 (+7787)
   690     25.0% 28512/35971 (+7459)   24.8% 28295/35971 (+7676)   25.2% 28729/35971 (+7242)   24.9% 28404/35971 (+7567)
   720     24.9% 28400/35971 (+7570)   24.8% 28292/35971 (+7679)   25.2% 28726/35971 (+7245)   25.0% 28509/35971 (+7462)
   750     25.3% 28840/35971 (+7130)   24.9% 28407/35971 (+7564)   24.9% 28407/35971 (+7564)   24.9% 28407/35971 (+7564)
   780     25.1% 28614/35971 (+7357)   24.9% 28397/35971 (+7574)   25.0% 28506/35971 (+7465)   25.0% 28506/35971 (+7465)
   810     25.0% 28503/35971 (+7468)   25.2% 28719/35971 (+7252)   24.9% 28394/35971 (+7577)   24.9% 28394/35971 (+7577)
   840     48.4% 40078/35971 (-4107)  14.7% 12132/35971 (+23838)  17.3% 14296/35971 (+21675)  19.6% 16224/35971 (+19747)
   870     76.8% 44873/35971 (-8902)    9.3% 5456/35971 (+30515)    7.4% 4305/35971 (+31666)    6.5% 3793/35971 (+32178)
   900    77.3% 49316/35971 (-13345)    9.5% 6070/35971 (+29901)    7.1% 4540/35971 (+31431)    6.1% 3885/35971 (+32086)
   930    64.3% 47707/35971 (-11736)   12.7% 9453/35971 (+26518)   11.9% 8806/35971 (+27165)   11.2% 8281/35971 (+27690)
   960    60.8% 48410/35971 (-12439)  13.6% 10854/35971 (+25117)  13.1% 10420/35971 (+25551)   12.4% 9878/35971 (+26094)
   990    51.3% 47467/35971 (-11496)  16.5% 15242/35971 (+20729)  16.2% 15024/35971 (+20947)  16.0% 14806/35971 (+21165)
   1020    46.8% 44655/35971 (-8684)  18.0% 17234/35971 (+18738)  17.7% 16908/35971 (+19063)  17.5% 16692/35971 (+19279)
   1050   45.8% 49880/35971 (-13909)  18.2% 19844/35971 (+16127)  18.1% 19735/35971 (+16236)  17.8% 19410/35971 (+16561)
   1080   43.4% 48145/35971 (-12174)  19.0% 21145/35971 (+14826)  18.9% 21036/35971 (+14935)  18.7% 20711/35971 (+15260)
   1110   41.0% 47603/35971 (-11632)  19.8% 22988/35971 (+12983)  19.6% 22771/35971 (+13200)  19.6% 22771/35971 (+13200)
   1140   39.8% 46730/35971 (-10759)  20.0% 23419/35971 (+12552)  20.1% 23636/35971 (+12335)  20.1% 23528/35971 (+12443)
   1170   39.0% 47386/35971 (-11415)  20.4% 24832/35971 (+11139)  20.2% 24506/35971 (+11465)  20.4% 24723/35971 (+11248)
   1200    36.3% 42795/35971 (-6824)  21.4% 25199/35971 (+10772)  21.1% 24873/35971 (+11098)  21.3% 25090/35971 (+10881)
   1230   39.1% 50406/35971 (-14434)   20.2% 26016/35971 (+9955)   20.3% 26124/35971 (+9847)   20.4% 26341/35971 (+9630)
   1260    33.9% 40555/35971 (-4584)   22.0% 26241/35971 (+9730)   22.1% 26350/35971 (+9621)   22.1% 26350/35971 (+9621)
   1290   36.5% 46720/35971 (-10749)   21.4% 27316/35971 (+8654)   21.0% 26883/35971 (+9088)   21.1% 26991/35971 (+8980)
   1320   37.6% 48888/35971 (-12917)   20.8% 27100/35971 (+8871)   20.8% 27100/35971 (+8871)   20.7% 26991/35971 (+8980)
   1350   35.6% 46705/35971 (-10734)   21.5% 28240/35971 (+7731)   21.5% 28240/35971 (+7731)   21.4% 28023/35971 (+7948)
   1380   35.9% 47809/35971 (-11838)   21.6% 28729/35971 (+7242)   21.2% 28295/35971 (+7676)   21.3% 28404/35971 (+7567)
   1410   35.1% 47495/35971 (-11524)   21.6% 29169/35971 (+6802)   21.7% 29278/35971 (+6694)   21.7% 29278/35971 (+6694)
   1440   34.3% 46519/35971 (-10548)   22.0% 29820/35971 (+6151)   21.8% 29603/35971 (+6368)   22.0% 29820/35971 (+6151)
   1470    32.3% 43473/35971 (-7502)   22.4% 30247/35971 (+5724)   22.8% 30680/35971 (+5291)   22.5% 30355/35971 (+5616)
   1500   34.1% 47479/35971 (-11508)   22.1% 30785/35971 (+5186)   21.9% 30460/35971 (+5511)   22.0% 30677/35971 (+5294)
   1530   34.8% 50097/35971 (-14126)   21.8% 31446/35971 (+4525)   21.7% 31338/35971 (+4633)   21.7% 31229/35971 (+4742)
   1560    31.1% 43050/35971 (-7079)   22.9% 31744/35971 (+4227)   23.1% 31962/35971 (+4010)   22.9% 31635/35971 (+4336)
   1590    28.1% 37719/35971 (-1748)   23.8% 31873/35971 (+4098)   24.2% 32415/35971 (+3556)   23.9% 32090/35971 (+3881)
   1620   14.9% 17036/35971 (+18935)   28.2% 32227/35971 (+3744)   28.2% 32335/35971 (+3636)   28.7% 32878/35971 (+3093)
   1650   15.0% 17241/35971 (+18730)   28.3% 32422/35971 (+3549)   28.2% 32314/35971 (+3657)   28.5% 32639/35971 (+3332)
   1680   15.1% 17127/35971 (+18844)   28.3% 31978/35971 (+3993)   28.4% 32086/35971 (+3885)   28.3% 31978/35971 (+3993)
   1710   15.1% 17237/35971 (+18734)   28.2% 32198/35971 (+3773)   28.2% 32198/35971 (+3773)   28.4% 32415/35971 (+3556)
   1740   15.0% 17133/35971 (+18838)   28.1% 32097/35971 (+3874)   28.4% 32422/35971 (+3549)   28.4% 32422/35971 (+3549)
   1770   15.2% 17239/35971 (+18732)   28.2% 32093/35971 (+3878)   28.2% 32093/35971 (+3878)   28.3% 32202/35971 (+3769)
   1800   15.0% 17020/35971 (+18950)   28.6% 32415/35971 (+3556)   28.2% 31981/35971 (+3990)   28.3% 32090/35971 (+3881)
   1830   15.1% 17235/35971 (+18736)   28.4% 32411/35971 (+3560)   28.3% 32194/35971 (+3776)   28.2% 32086/35971 (+3885)
   1860   15.0% 17026/35971 (+18945)   28.4% 32209/35971 (+3762)   28.3% 32100/35971 (+3871)   28.2% 31992/35971 (+3979)
   1890   14.9% 17110/35971 (+18861)   28.5% 32596/35971 (+3376)   28.5% 32596/35971 (+3376)   28.1% 32162/35971 (+3809)
   1920   14.9% 17009/35971 (+18962)   28.2% 32177/35971 (+3794)   28.9% 32935/35971 (+3036)   28.0% 31960/35971 (+4011)
   1950   15.0% 17020/35971 (+18950)   28.1% 31873/35971 (+4098)   28.6% 32523/35971 (+3448)   28.3% 32198/35971 (+3773)
   1980   14.9% 16912/35971 (+19059)   28.1% 31873/35971 (+4098)   28.4% 32306/35971 (+3664)   28.6% 32523/35971 (+3448)
   2010   14.9% 17049/35971 (+18922)   28.2% 32252/35971 (+3719)   28.7% 32795/35971 (+3176)   28.2% 32252/35971 (+3719)
   2040   14.9% 17022/35971 (+18949)   28.3% 32310/35971 (+3661)   28.6% 32635/35971 (+3336)   28.3% 32310/35971 (+3661)
   2070   15.0% 17135/35971 (+18836)   28.4% 32426/35971 (+3545)   28.4% 32426/35971 (+3545)   28.3% 32317/35971 (+3654)
   2100   14.8% 16830/35971 (+19141)   28.6% 32465/35971 (+3506)   28.4% 32248/35971 (+3723)   28.2% 32031/35971 (+3940)
   2130   15.0% 17133/35971 (+18838)   28.4% 32314/35971 (+3657)   28.3% 32205/35971 (+3766)   28.4% 32314/35971 (+3657)
   2160   15.0% 17081/35971 (+18890)   28.6% 32530/35971 (+3441)   28.0% 31878/35971 (+4093)   28.4% 32313/35971 (+3658)
   2190   15.0% 17022/35971 (+18949)   28.1% 31985/35971 (+3986)   28.5% 32418/35971 (+3552)   28.5% 32418/35971 (+3552)
   2220   15.0% 17119/35971 (+18852)   28.4% 32505/35971 (+3466)   28.5% 32614/35971 (+3357)   28.1% 32072/35971 (+3899)
   2250   15.0% 16922/35971 (+19050)   28.2% 31890/35971 (+4080)   28.4% 32108/35971 (+3864)   28.4% 32108/35971 (+3864)
   2280   15.1% 17235/35971 (+18736)   28.3% 32303/35971 (+3668)   28.1% 32086/35971 (+3885)   28.4% 32411/35971 (+3560)
   2310   14.9% 17024/35971 (+18947)   28.4% 32422/35971 (+3549)   28.4% 32422/35971 (+3549)   28.3% 32314/35971 (+3657)
   2340   15.0% 17019/35971 (+18952)   28.4% 32303/35971 (+3668)   28.4% 32303/35971 (+3668)   28.1% 31978/35971 (+3993)
   2370   15.0% 17131/35971 (+18840)   28.5% 32527/35971 (+3444)   28.2% 32093/35971 (+3878)   28.3% 32202/35971 (+3769)
   2400   15.2% 17239/35971 (+18732)   28.3% 31985/35971 (+3986)   28.4% 32093/35971 (+3878)   28.1% 31768/35971 (+4203)
   2430   14.7% 16809/35971 (+19162)   28.1% 32100/35971 (+3871)   28.6% 32643/35971 (+3328)   28.6% 32643/35971 (+3328)
   2460   14.9% 16918/35971 (+19053)   28.2% 32100/35971 (+3871)   28.6% 32534/35971 (+3437)   28.3% 32209/35971 (+3762)
   2490   15.0% 17129/35971 (+18842)   28.4% 32415/35971 (+3556)   28.4% 32415/35971 (+3556)   28.3% 32306/35971 (+3664)
   2520   15.0% 17133/35971 (+18838)   28.4% 32314/35971 (+3657)   28.5% 32422/35971 (+3549)   28.1% 31988/35971 (+3983)
   2550   15.1% 17237/35971 (+18734)   28.4% 32306/35971 (+3664)   28.1% 31981/35971 (+3990)   28.4% 32306/35971 (+3664)
   2580   14.8% 16918/35971 (+19053)   28.2% 32209/35971 (+3762)   28.4% 32426/35971 (+3545)   28.6% 32643/35971 (+3328)
   2610   14.9% 16912/35971 (+19059)   28.4% 32198/35971 (+3773)   28.5% 32306/35971 (+3664)   28.2% 31981/35971 (+3990)
   2640   14.9% 16912/35971 (+19059)   28.2% 31981/35971 (+3990)   28.4% 32198/35971 (+3773)   28.5% 32306/35971 (+3664)
   2670   15.0% 17131/35971 (+18840)   28.0% 31876/35971 (+4095)   28.6% 32527/35971 (+3444)   28.4% 32310/35971 (+3661)
   2700   14.9% 17026/35971 (+18945)   28.4% 32317/35971 (+3654)   28.3% 32209/35971 (+3762)   28.4% 32426/35971 (+3545)
   2730   14.8% 16916/35971 (+19055)   28.6% 32747/35971 (+3224)   28.2% 32314/35971 (+3657)   28.3% 32422/35971 (+3549)
   2760   14.8% 16804/35971 (+19167)   28.4% 32306/35971 (+3664)   28.0% 31873/35971 (+4098)   28.9% 32848/35971 (+3122)
   2790   15.0% 17020/35971 (+18950)   28.1% 31873/35971 (+4098)   28.4% 32198/35971 (+3773)   28.6% 32415/35971 (+3556)
   2820   14.9% 16916/35971 (+19055)   28.3% 32205/35971 (+3766)   28.5% 32422/35971 (+3549)   28.4% 32314/35971 (+3657)
   2850   14.9% 17026/35971 (+18945)   28.4% 32426/35971 (+3545)   28.3% 32209/35971 (+3762)   28.4% 32317/35971 (+3654)
   2880   15.1% 17127/35971 (+18844)   28.1% 31869/35971 (+4102)   28.3% 32086/35971 (+3885)   28.5% 32303/35971 (+3668)
   2910   14.8% 16912/35971 (+19059)   28.2% 32198/35971 (+3773)   28.7% 32740/35971 (+3231)   28.2% 32198/35971 (+3773)
   2940   15.1% 17133/35971 (+18838)   28.4% 32314/35971 (+3657)   28.3% 32205/35971 (+3766)   28.2% 32097/35971 (+3874)
   2970   14.8% 16916/35971 (+19055)   28.1% 32097/35971 (+3874)   28.4% 32422/35971 (+3549)   28.7% 32747/35971 (+3224)
   3000   15.0% 17024/35971 (+18947)   28.3% 32097/35971 (+3874)   28.5% 32314/35971 (+3657)   28.3% 32097/35971 (+3874)

 + ACCOUNT MIGRATIONS (cumulative):
 Validator       Donated   Received
 0               208,453          0
 1                     0     69,377
 2                     0     69,593
 3                     0     69,483

 + TPS_TIMELINE_CSV:
timestamp_s,round,v0,v1,v2,v3,lat_mean,lat_p50,lat_p90,lat_p95
1776162367.364,30,859.4,511.4,240.0,92.7,,,,
1776162376.364,60,9265.0,8285.1,7399.4,6483.3,,,,
1776162385.377,90,19936.6,19069.8,18202.9,17227.8,,,,
1776162394.389,120,27874.0,27657.1,27114.8,26681.0,,,,
1776162403.412,150,28325.1,28757.6,28433.2,28757.6,,,,
1776162412.475,180,28767.1,28334.5,28334.5,28226.4,,,,
1776162421.507,210,28506.6,28506.6,28722.6,28398.7,,,,
1776162430.518,240,28292.1,28617.3,28400.5,28400.5,,,,
1776162439.529,270,28289.0,28505.8,28505.8,28614.2,,,,
1776162448.540,300,28515.3,28515.3,28515.3,28623.7,,,,
1776162457.551,330,28617.3,28292.1,28508.9,28292.1,,,,
1776162466.578,360,28267.0,28375.3,28158.7,28592.0,,,,
1776162475.575,390,28183.7,28508.9,28725.7,28617.3,,,,
1776162484.587,420,28505.8,28614.2,28614.2,28614.2,,,,
1776162493.601,450,28438.4,28004.2,28438.4,28872.6,,,,
1776162502.599,480,28419.5,28311.0,28636.4,28202.5,,,,
1776162511.610,510,28301.6,28518.4,28410.0,28518.4,,,,
1776162520.620,540,28285.9,28394.2,28502.6,28394.2,,,,
1776162529.636,570,28403.7,28403.7,28186.9,28186.9,,,,
1776162538.649,600,28400.5,28508.9,28508.9,28400.5,,,,
1776162547.660,630,28190.0,28623.7,28190.0,28190.0,,,,
1776162556.675,660,28400.5,28617.3,28400.5,28183.7,,,,
1776162565.687,690,28512.1,28295.3,28728.9,28403.7,,,,
1776162574.701,720,28400.5,28292.1,28725.7,28508.9,,,,
1776162583.711,750,28840.5,28406.8,28406.8,28406.8,,,,
1776162592.727,780,28614.2,28397.4,28505.8,28505.8,,,,
1776162601.742,810,28502.6,28719.4,28394.2,28394.2,1903.0,1896.0,2243.0,2342.0
1776162610.739,840,40077.6,12132.5,14295.6,16223.6,2520.1,1897.0,5997.0,7346.0
1776162619.715,870,44873.3,5456.0,4304.9,3792.6,1836.6,1846.0,2147.0,2197.0
1776162628.728,900,49316.1,6069.7,4540.3,3885.1,6486.0,2119.0,20214.0,22063.0
1776162637.606,930,47706.8,9453.4,8805.8,8280.6,3791.2,2031.0,2633.0,21246.0
1776162646.602,960,48410.4,10854.3,10420.2,9877.5,6104.9,2023.0,26104.0,27285.0
1776162655.606,990,47467.4,15241.8,15024.1,14806.3,6341.2,1925.0,30742.0,32089.0
1776162664.614,1020,44655.4,17233.5,16908.4,16691.6,7931.0,1897.0,35708.0,36811.0
1776162673.624,1050,49880.1,19843.6,19735.2,19409.9,8005.8,1901.0,39267.0,40168.0
1776162682.634,1080,48145.2,21144.8,21036.4,20711.1,8547.3,1903.0,42826.0,43929.0
1776162691.645,1110,47603.0,22988.2,22771.4,22771.4,9343.6,1878.0,46485.0,47037.0
1776162700.655,1140,46730.3,23419.4,23636.2,23527.8,9099.1,1887.0,48747.0,49749.0
1776162709.664,1170,47386.1,24831.6,24506.3,24723.2,8061.0,2215.0,15826.0,50683.0
1776162718.629,1200,42794.7,25198.9,24873.0,25090.3,8422.8,1974.0,53097.0,53397.0
1776162727.640,1230,50405.5,26015.8,26124.2,26341.0,6900.7,1985.0,2551.0,53605.0
1776162736.651,1260,40554.7,26241.3,26349.7,26349.7,7698.4,1962.0,54467.0,55020.0
1776162745.661,1290,46720.0,27316.5,26882.9,26991.3,7269.9,1970.0,2573.0,54781.0
1776162754.669,1320,48887.9,27099.7,27099.7,26991.3,8421.6,2109.0,52338.0,53381.0
1776162763.698,1350,46704.8,28240.1,28240.1,28022.9,8051.5,2067.0,50095.0,51135.0
1776162772.707,1380,47809.3,28728.9,28295.3,28403.7,6779.4,2046.0,46558.0,47905.0
1776162781.717,1410,47494.6,29169.0,29277.5,29277.5,6700.8,2052.0,43168.0,44310.0
1776162790.726,1440,46518.6,29819.6,29602.8,29819.6,5517.9,2066.0,2573.0,40473.0
1776162799.737,1470,43472.8,30246.7,30680.3,30355.1,5867.3,2033.0,33187.0,36536.0
1776162808.749,1500,47478.8,30785.3,30460.1,30676.9,4825.7,2043.0,23497.0,27585.0
1776162817.759,1530,50097.0,31446.2,31337.7,31229.3,3634.5,2049.0,13526.0,17802.0
1776162826.756,1560,43050.2,31744.1,31961.5,31635.4,2457.1,1979.0,2438.0,6180.0
1776162835.765,1590,37719.0,31872.8,32414.9,32089.7,1956.0,1943.0,2305.0,2402.0
1776162844.793,1620,17035.7,32226.7,32335.2,32877.7,1959.0,1948.0,2345.0,2446.0
1776162853.766,1650,17241.2,32422.1,32313.7,32639.0,1963.8,1956.0,2331.0,2441.0
1776162862.775,1680,17127.0,31977.7,32086.1,31977.7,1974.4,1976.0,2376.0,2474.0
1776162871.791,1710,17237.4,32198.1,32198.1,32414.9,1969.3,1981.0,2383.0,2481.0
1776162880.802,1740,17132.7,32096.8,32422.1,32422.1,1972.1,1992.0,2393.0,2492.0
1776162889.811,1770,17239.3,32093.2,32093.2,32201.6,1980.9,1993.0,2402.0,2472.0
1776162898.826,1800,17020.5,32414.9,31981.2,32089.7,1971.1,1973.0,2375.0,2467.0
1776162907.839,1830,17235.4,32411.3,32194.5,32086.1,1978.4,1983.0,2382.0,2481.0
1776162916.849,1860,17026.2,32208.8,32100.3,31991.9,1979.3,1991.0,2386.0,2486.0
1776162925.885,1890,17110.0,32595.5,32595.5,32162.4,1966.6,1967.0,2364.0,2464.0
1776162934.909,1920,17009.2,32176.6,32935.0,31960.0,1990.1,2011.0,2379.0,2476.0
1776162943.918,1950,17020.5,31872.8,32523.3,32198.1,1993.7,1998.0,2398.0,2490.0
1776162952.928,1980,16912.1,31872.8,32306.5,32523.3,1982.0,1994.0,2404.0,2496.0
1776162961.911,2010,17048.9,32251.8,32794.7,32251.8,1958.8,1909.0,2355.0,2609.0
1776162970.920,2040,17022.4,32310.1,32635.3,32310.1,1813.2,1811.0,2160.0,2212.0
1776162979.930,2070,17134.6,32425.7,32425.7,32317.2,4881.8,2161.0,13066.0,15116.0
1776162988.925,2100,16829.9,32465.3,32248.2,32031.0,1952.1,1956.0,2312.0,2418.0
1776162997.936,2130,17132.7,32313.7,32205.2,32313.7,1941.1,1932.0,2314.0,2412.0
1776163006.925,2160,17081.2,32530.4,31877.6,32312.8,1968.1,1963.0,2321.0,2459.0
1776163015.958,2190,17022.4,31984.8,32418.5,32418.5,1977.6,1975.0,2375.0,2477.0
1776163024.951,2220,17119.4,32505.3,32613.6,32071.9,1981.9,1985.0,2383.0,2487.0
1776163033.956,2250,16921.5,31890.5,32107.5,32107.5,1993.8,2001.0,2383.0,2454.0
1776163042.971,2280,17235.4,32302.9,32086.1,32411.3,1990.3,2005.0,2398.0,2499.0
1776163051.982,2310,17024.3,32422.1,32422.1,32313.7,1999.9,2017.0,2409.0,2511.0
1776163060.993,2340,17018.6,32302.9,32302.9,31977.7,1986.7,1987.0,2378.0,2472.0
1776163070.005,2370,17130.8,32526.9,32093.2,32201.6,1991.8,1995.0,2393.0,2494.0
1776163079.014,2400,17239.3,31984.8,32093.2,31768.0,1996.5,2003.0,2397.0,2496.0
1776163087.991,2430,16809.3,32100.3,32642.6,32642.6,1986.4,2005.0,2402.0,2467.0
1776163097.008,2460,16917.7,32100.3,32534.1,32208.8,1978.9,1974.0,2378.0,2472.0
1776163106.047,2490,17128.9,32414.9,32414.9,32306.5,1977.8,1981.0,2389.0,2485.0
1776163115.057,2520,17132.7,32313.7,32422.1,31988.3,1859.1,1850.0,2191.0,2244.0
1776163124.067,2550,17237.4,32306.5,31981.2,32306.5,1851.9,1853.0,2192.0,2249.0
1776163133.077,2580,16917.7,32208.8,32425.7,32642.6,1842.3,1852.0,2161.0,2215.0
1776163142.089,2610,16912.1,32198.1,32306.5,31981.2,1828.9,1826.0,2139.0,2216.0
1776163151.101,2640,16912.1,31981.2,32198.1,32306.5,,,,
1776163160.111,2670,17130.8,31876.4,32526.9,32310.1,,,,
1776163169.121,2700,17026.2,32317.2,32208.8,32425.7,,,,
1776163178.132,2730,16915.9,32747.4,32313.7,32422.1,,,,
1776163187.144,2760,16803.7,32306.5,31872.8,32848.5,,,,
1776163196.154,2790,17020.5,31872.8,32198.1,32414.9,,,,
1776163205.163,2820,16915.9,32205.2,32422.1,32313.7,,,,
1776163214.173,2850,17026.2,32425.7,32208.8,32317.2,,,,
1776163223.185,2880,17127.0,31869.3,32086.1,32302.9,,,,
1776163232.198,2910,16912.1,32198.1,32740.1,32198.1,,,,
1776163241.208,2940,17132.7,32313.7,32205.2,32096.8,,,,
1776163250.218,2970,16915.9,32096.8,32422.1,32747.4,,,,
1776163259.228,3000,17024.3,32096.8,32313.7,32096.8,,,,

 + MIGRATION_EVENTS_CSV:
timestamp_s,round,n_migrations
1776162376.413,60,0
1776162394.478,120,0
1776162412.590,180,0
1776162430.595,240,0
1776162448.652,300,0
1776162466.692,360,0
1776162484.692,420,0
1776162502.712,480,0
1776162520.731,540,0
1776162538.765,600,0
1776162556.785,660,0
1776162574.811,720,0
1776162592.812,780,0
1776162611.155,840,7273
1776162629.164,900,41473
1776162646.962,960,47115
1776162664.921,1020,29380
1776162682.892,1080,19339
1776162700.853,1140,11640
1776162718.850,1200,8744
1776162736.852,1260,5757
1776162754.841,1320,9302
1776162772.881,1380,9145
1776162790.927,1440,7617
1776162808.938,1500,7171
1776162826.908,1560,4497
1776162844.890,1620,0
1776162862.864,1680,0
1776162880.892,1740,0
1776162898.916,1800,0
1776162916.937,1860,0
1776162935.003,1920,0
1776162953.027,1980,0
1776162971.009,2040,0
1776162989.025,2100,0
1776163007.020,2160,0
1776163025.053,2220,0
1776163043.056,2280,0
1776163061.082,2340,0
1776163079.106,2400,0
1776163097.101,2460,0
1776163115.145,2520,0
1776163133.170,2580,0
1776163151.190,2640,0
1776163169.211,2700,0
1776163187.247,2760,0
1776163205.247,2820,0
1776163223.277,2880,0
1776163241.302,2940,0
1776163259.313,3000,0
-----------------------------------------
CMD: LABEL=n4_v_rate_imb99_r110000_run_1 LOCAL_ORCH=0 NODES=4 WORKER_BANDWIDTHS_MBPS=600,600,600,600 RATE_WEIGHTS=0.99,0.00333333,0.00333333,0.00333333 RATE=110000 DURATION=900 WARMUP=240 IN_MEMORY_STORE=1 fab cloudlab --manifest=manifest.xml --latency=100ms --primary-bw=300mbit --log-dir=/home/zpkhor/narwhal-validator/benchmark/exp/results/tps_timeline_lb_cloud_20260414_053849/n4_v_rate_imb99_r110000_run_1
[92mStarting CloudLab benchmark[0m
All SSH hosts: ['hp084.utah.cloudlab.us', 'hp091.utah.cloudlab.us', 'hp069.utah.cloudlab.us', 'hp021.utah.cloudlab.us']
Killing previous processes...
Resetting TCP buffers...
Compiling...
Distributing binaries to 4 machines...
Generating configuration files...
Uploading config files...
Applying TC QoS shaping...
TC QoS applied: primary=300000kbps, worker_bws=[600000, 600000, 600000, 600000]kbps
Starting primaries and workers...
Waiting for workers to be ready...
All workers ready.
Starting clients...
Running benchmark (900 sec)...
Stopping processes...
Downloading logs...
Parsing logs...
[1m[93mWARN[0m: Clients missed their target rate 25 time(s)

-----------------------------------------
 SUMMARY:
-----------------------------------------
 + CONFIG:
 Committee size: 4 node(s)
 Worker(s) per node: 1 worker(s)
 Input rate: 110,002 tx/s
 Transaction size: 512 B
 Benchmark duration: 900.0 s
 Consensus duration: 541.08 s
 Commit duration: 539.86 s


 + LAST COMMITTED PER VALIDATOR (from primary logs):
 Validator  Time            Round
 0          10:56:49.949     3016
 1          10:56:49.998     3016
 2          10:56:49.974     3016
 3          10:56:49.984     3016
 + RESULTS:
 f+1 Commit latency (workers) (mean): 4,639 ms
 f+1 Commit latency (workers) (p50): 2,144 ms
 f+1 Commit latency (workers) (p90): 2,561 ms
 f+1 Commit latency (workers) (p95): 14,907 ms
 f+1 Commit latency (workers) (p99): 67,807 ms

 Consensus TPS: 109,587 tx/s
 Consensus BPS: 56,108,445 B/s
 Committed TPS: 109,835 tx/s
 Committed BPS: 56,235,554 B/s

 + VALIDATOR LOAD DISTRIBUTION:
 Validator 0: 16,100,960 tx (27.2%)
 Validator 1: 14,434,198 tx (24.3%)
 Validator 2: 14,323,181 tx (24.2%)
 Validator 3: 14,437,110 tx (24.3%)

 + PER-VALIDATOR COMMIT METRICS:
 Validator    TPS (tx/s)    Mean (ms)    p95 (ms)    Misses
 0            29,824        36,099       69,877      25
 1            26,737        2,097        2,521       0
 2            26,531        2,361        2,635       0
 3            26,742        2,050        2,425       0
 Overall      109,835       11,382 (wtd) 20,815 (wtd) 25

 + PER-VALIDATOR QUORUM TIMING (ms):
                    mean            p95             std      
 Validator       delay    lat    delay    lat    delay    lat
 0              14,812     29   22,548    113    9,435     42
 1                 194     30      245    113       33     42
 2                 193     31      247    115       39     43
 3                 192     31      246    114       39     43

 + PER-STAGE LATENCY BREAKDOWN (mean, ms):
   Stage                            All
   Client -> Worker:              1,381
   Worker -> Batch seal:             34
   Batch seal -> Quorum:          4,183
   Quorum -> Processed:              15
   Processed -> Header:             163
   Header -> Certified:             197
   Certified -> Committed:        1,406
   Sum:                           7,378
   (n=)                          42,278

 + CERTIFIED TPS TIMELINE (actual/capacity (spare)):
   round                          V0                          V1                          V2                          V3
   30       49.0% 900/35971 (+35071)    28.2% 519/35971 (+35452)    15.9% 292/35971 (+35678)     6.9% 127/35971 (+35844)
   60      29.7% 9446/35971 (+26525)   26.6% 8442/35971 (+27529)   23.3% 7394/35971 (+28577)   20.5% 6512/35971 (+29459)
   90     26.8% 20156/35971 (+15816)  25.8% 19397/35971 (+16574)  24.2% 18205/35971 (+17766)  23.1% 17338/35971 (+18633)
   120     25.6% 28075/35971 (+7896)   25.3% 27750/35971 (+8221)   24.8% 27208/35971 (+8763)   24.4% 26774/35971 (+9196)
   150     25.1% 28624/35971 (+7347)   25.0% 28515/35971 (+7456)   24.7% 28190/35971 (+7781)   25.2% 28732/35971 (+7239)
   180     25.0% 28509/35971 (+7462)   25.0% 28509/35971 (+7462)   24.9% 28400/35971 (+7570)   25.1% 28617/35971 (+7354)
   210     25.2% 28735/35971 (+7236)   24.9% 28410/35971 (+7561)   24.7% 28193/35971 (+7778)   25.1% 28627/35971 (+7344)
   240     24.9% 28407/35971 (+7564)   24.9% 28407/35971 (+7564)   25.2% 28732/35971 (+7239)   24.9% 28407/35971 (+7564)
   270     24.9% 28509/35971 (+7462)   24.9% 28509/35971 (+7462)   25.2% 28834/35971 (+7137)   24.9% 28509/35971 (+7462)
   300     25.1% 28620/35971 (+7350)   25.1% 28620/35971 (+7350)   25.0% 28512/35971 (+7459)   24.8% 28295/35971 (+7676)
   330     24.9% 28407/35971 (+7564)   25.1% 28624/35971 (+7347)   25.2% 28732/35971 (+7239)   24.8% 28298/35971 (+7673)
   360     25.1% 28515/35971 (+7456)   25.2% 28624/35971 (+7347)   24.9% 28298/35971 (+7673)   24.9% 28298/35971 (+7673)
   390     25.0% 28407/35971 (+7564)   25.1% 28624/35971 (+7347)   25.0% 28515/35971 (+7456)   24.9% 28298/35971 (+7673)
   420     24.9% 28407/35971 (+7564)   25.0% 28515/35971 (+7456)   25.0% 28515/35971 (+7456)   25.0% 28515/35971 (+7456)
   450     25.3% 28949/35971 (+7022)   25.0% 28515/35971 (+7456)   24.9% 28407/35971 (+7564)   24.9% 28407/35971 (+7564)
   480     25.0% 28534/35971 (+7437)   25.0% 28426/35971 (+7545)   25.0% 28426/35971 (+7545)   25.0% 28534/35971 (+7437)
   510     25.1% 28834/35971 (+7137)   24.9% 28509/35971 (+7462)   25.0% 28726/35971 (+7245)   25.0% 28617/35971 (+7354)
   540     24.8% 28078/35971 (+7892)   25.0% 28295/35971 (+7676)   25.2% 28512/35971 (+7459)   25.0% 28295/35971 (+7676)
   570     25.0% 28522/35971 (+7449)   25.1% 28630/35971 (+7341)   24.9% 28413/35971 (+7558)   25.0% 28522/35971 (+7449)
   600     24.9% 28404/35971 (+7567)   25.1% 28620/35971 (+7350)   25.0% 28512/35971 (+7459)   25.0% 28512/35971 (+7459)
   630     24.9% 28506/35971 (+7465)   25.0% 28614/35971 (+7357)   25.0% 28614/35971 (+7357)   25.0% 28614/35971 (+7357)
   660     25.0% 28515/35971 (+7456)   25.0% 28407/35971 (+7564)   25.0% 28515/35971 (+7456)   25.0% 28407/35971 (+7564)
   690     25.1% 28512/35971 (+7459)   25.0% 28404/35971 (+7567)   25.2% 28620/35971 (+7350)   24.7% 28078/35971 (+7892)
   720     24.8% 28404/35971 (+7567)   25.0% 28620/35971 (+7350)   25.3% 28946/35971 (+7025)   24.8% 28404/35971 (+7567)
   750     25.0% 28480/35971 (+7490)   25.0% 28480/35971 (+7490)   25.3% 28805/35971 (+7166)   24.8% 28264/35971 (+7707)
   780     25.0% 28410/35971 (+7561)   25.3% 28844/35971 (+7127)   25.0% 28410/35971 (+7561)   24.8% 28193/35971 (+7778)
   810     25.2% 28831/35971 (+7140)   25.1% 28722/35971 (+7248)   24.8% 28397/35971 (+7574)   25.0% 28614/35971 (+7357)
   840     50.4% 38123/35971 (-2152)   13.0% 9822/35971 (+26149)  16.7% 12654/35971 (+23317)  19.9% 15053/35971 (+20918)
   870    93.9% 46617/35971 (-10646)    4.4% 2189/35971 (+33782)     0.9% 468/35971 (+35503)     0.8% 379/35971 (+35592)
   900    92.8% 47891/35971 (-11920)    5.5% 2852/35971 (+33119)     1.0% 499/35971 (+35472)     0.7% 378/35971 (+35592)
   930    72.5% 47278/35971 (-11307)   10.3% 6747/35971 (+29224)    8.7% 5646/35971 (+30325)    8.5% 5563/35971 (+30408)
   960     65.9% 45744/35971 (-9773)   11.9% 8238/35971 (+27733)   11.1% 7696/35971 (+28275)   11.1% 7696/35971 (+28275)
   990    56.5% 46964/35971 (-10993)  14.9% 12393/35971 (+23578)  14.3% 11850/35971 (+24121)  14.3% 11850/35971 (+24121)
   1020   53.8% 49051/35971 (-13080)  15.7% 14325/35971 (+21646)  15.4% 13999/35971 (+21972)  15.1% 13782/35971 (+22189)
   1050    45.9% 44251/35971 (-8280)  18.2% 17570/35971 (+18401)  17.9% 17245/35971 (+18726)  17.9% 17245/35971 (+18726)
   1080    44.5% 44996/35971 (-9025)  18.6% 18757/35971 (+17214)  18.3% 18540/35971 (+17431)  18.6% 18757/35971 (+17214)
   1110   42.8% 46524/35971 (-10553)  19.2% 20822/35971 (+15149)  19.2% 20822/35971 (+15149)  18.9% 20496/35971 (+15474)
   1140   45.2% 52913/35971 (-16942)  18.3% 21425/35971 (+14546)  18.3% 21425/35971 (+14546)  18.2% 21317/35971 (+14654)
   1170   41.5% 48530/35971 (-12559)  19.6% 22857/35971 (+13114)  19.5% 22749/35971 (+13222)  19.5% 22749/35971 (+13222)
   1200   42.1% 50628/35971 (-14657)  19.4% 23308/35971 (+12663)  19.2% 23092/35971 (+12880)  19.2% 23092/35971 (+12880)
   1230    37.4% 44335/35971 (-8364)  20.8% 24607/35971 (+11364)  21.0% 24823/35971 (+11148)  20.9% 24715/35971 (+11256)
   1260   39.9% 49983/35971 (-14012)  20.2% 25371/35971 (+10600)  20.0% 25046/35971 (+10925)  19.9% 24937/35971 (+11034)
   1290    34.4% 41305/35971 (-5334)   21.9% 26344/35971 (+9627)   21.8% 26236/35971 (+9736)   21.9% 26344/35971 (+9627)
   1320   38.5% 50086/35971 (-14115)   20.3% 26452/35971 (+9519)   20.6% 26778/35971 (+9194)   20.6% 26778/35971 (+9194)
   1350    34.6% 44345/35971 (-8374)   22.0% 28190/35971 (+7781)   21.7% 27865/35971 (+8106)   21.7% 27756/35971 (+8215)
   1380   35.2% 45975/35971 (-10004)   21.8% 28368/35971 (+7603)   21.3% 27824/35971 (+8147)   21.7% 28259/35971 (+7712)
   1410    34.5% 45646/35971 (-9675)   21.8% 28840/35971 (+7130)   21.9% 28949/35971 (+7022)   21.9% 28949/35971 (+7022)
   1440   35.2% 47500/35971 (-11529)   21.5% 29064/35971 (+6907)   21.6% 29172/35971 (+6799)   21.7% 29281/35971 (+6690)
   1470   35.8% 50228/35971 (-14257)   21.2% 29724/35971 (+6247)   21.7% 30375/35971 (+5596)   21.3% 29833/35971 (+6138)
   1500    32.3% 43152/35971 (-7181)   22.4% 29925/35971 (+6046)   22.7% 30358/35971 (+5612)   22.6% 30142/35971 (+5829)
   1530    31.7% 42931/35971 (-6960)   22.6% 30572/35971 (+5399)   22.6% 30572/35971 (+5399)   23.1% 31222/35971 (+4749)
   1560   35.1% 49852/35971 (-13882)   21.6% 30670/35971 (+5301)   21.6% 30670/35971 (+5301)   21.6% 30670/35971 (+5301)
   1590    32.1% 44877/35971 (-8906)   22.9% 31978/35971 (+3993)   22.7% 31761/35971 (+4210)   22.4% 31327/35971 (+4644)
   1620    30.0% 41364/35971 (-5393)   23.2% 31919/35971 (+4052)   23.6% 32462/35971 (+3509)   23.2% 32027/35971 (+3944)
   1650   35.2% 52694/35971 (-16723)   21.5% 32093/35971 (+3878)   21.8% 32527/35971 (+3444)   21.5% 32202/35971 (+3769)
   1680    29.9% 41418/35971 (-5447)   23.5% 32635/35971 (+3336)   23.1% 31985/35971 (+3986)   23.5% 32635/35971 (+3336)
   1710   32.1% 46395/35971 (-10424)   22.7% 32845/35971 (+3126)   22.8% 32953/35971 (+3018)   22.5% 32520/35971 (+3451)
   1740   13.6% 15504/35971 (+20466)   28.7% 32744/35971 (+3227)   28.6% 32635/35971 (+3336)   29.0% 33069/35971 (+2902)
   1770   13.4% 15289/35971 (+20682)   29.1% 33181/35971 (+2790)   28.9% 32964/35971 (+3007)   28.6% 32639/35971 (+3332)
   1800   13.4% 15178/35971 (+20794)   29.0% 32848/35971 (+3122)   28.8% 32632/35971 (+3339)   28.9% 32740/35971 (+3231)
   1830   13.4% 15288/35971 (+20683)   29.1% 33177/35971 (+2794)   28.6% 32527/35971 (+3444)   28.9% 32852/35971 (+3119)
   1860   13.6% 15567/35971 (+20404)   29.0% 33093/35971 (+2878)   28.7% 32766/35971 (+3205)   28.6% 32657/35971 (+3314)
   1890   13.6% 15393/35971 (+20578)   29.0% 32845/35971 (+3126)   28.6% 32411/35971 (+3560)   28.7% 32520/35971 (+3451)
   1920   13.6% 15523/35971 (+20448)   28.8% 32892/35971 (+3079)   29.0% 33109/35971 (+2862)   28.5% 32567/35971 (+3404)
   1950   13.6% 15436/35971 (+20536)   28.7% 32501/35971 (+3470)   28.8% 32610/35971 (+3361)   28.9% 32719/35971 (+3252)
   1980   13.5% 15394/35971 (+20577)   29.2% 33282/35971 (+2689)   28.7% 32632/35971 (+3339)   28.6% 32523/35971 (+3448)
   2010   13.4% 15174/35971 (+20797)   29.0% 32841/35971 (+3130)   29.1% 32950/35971 (+3021)   28.5% 32299/35971 (+3672)
   2040   13.4% 15288/35971 (+20683)   28.9% 32961/35971 (+3010)   29.1% 33177/35971 (+2794)   28.6% 32635/35971 (+3336)
   2070   13.4% 15281/35971 (+20690)   28.9% 33054/35971 (+2917)   28.7% 32838/35971 (+3133)   29.1% 33271/35971 (+2700)
   2100   13.5% 15413/35971 (+20558)   28.6% 32563/35971 (+3408)   28.8% 32780/35971 (+3191)   29.0% 32997/35971 (+2974)
   2130   13.6% 15508/35971 (+20463)   29.1% 33185/35971 (+2786)   28.8% 32860/35971 (+3112)   28.4% 32426/35971 (+3545)
   2160   13.5% 15501/35971 (+20470)   29.0% 33170/35971 (+2801)   28.7% 32845/35971 (+3126)   28.8% 32953/35971 (+3018)
   2190   13.6% 15501/35971 (+20470)   28.8% 32845/35971 (+3126)   28.7% 32736/35971 (+3234)   28.8% 32845/35971 (+3126)
   2220   13.6% 15394/35971 (+20577)   29.0% 32848/35971 (+3122)   28.8% 32632/35971 (+3339)   28.6% 32415/35971 (+3556)
   2250   13.7% 15391/35971 (+20580)   28.9% 32624/35971 (+3346)   28.7% 32299/35971 (+3672)   28.8% 32408/35971 (+3563)
   2280   13.5% 15386/35971 (+20585)   28.7% 32722/35971 (+3249)   29.0% 33155/35971 (+2816)   28.8% 32939/35971 (+3032)
   2310   13.5% 15389/35971 (+20582)   28.8% 32946/35971 (+3025)   28.8% 32946/35971 (+3025)   28.8% 32946/35971 (+3025)
   2340   13.5% 15393/35971 (+20578)   28.9% 32953/35971 (+3018)   28.7% 32736/35971 (+3234)   28.8% 32845/35971 (+3126)
   2370   13.5% 15398/35971 (+20573)   28.9% 32964/35971 (+3007)   28.9% 32964/35971 (+3007)   28.8% 32856/35971 (+3115)
   2400   13.5% 15391/35971 (+20580)   28.9% 33058/35971 (+2913)   28.7% 32733/35971 (+3238)   28.9% 33058/35971 (+2913)
   2430   13.5% 15396/35971 (+20575)   29.0% 33069/35971 (+2902)   28.9% 32852/35971 (+3119)   28.6% 32527/35971 (+3444)
   2460   13.4% 15412/35971 (+20560)   29.1% 33428/35971 (+2543)   28.6% 32885/35971 (+3086)   29.0% 33319/35971 (+2652)
   2490   13.6% 15620/35971 (+20351)   28.9% 33084/35971 (+2887)   28.8% 32975/35971 (+2996)   28.7% 32867/35971 (+3104)
   2520   13.5% 15394/35971 (+20577)   28.8% 32848/35971 (+3122)   29.2% 33391/35971 (+2580)   28.5% 32523/35971 (+3448)
   2550   13.5% 15396/35971 (+20575)   28.9% 32852/35971 (+3119)   28.9% 32852/35971 (+3119)   28.8% 32744/35971 (+3227)
   2580   13.7% 15501/35971 (+20470)   28.7% 32411/35971 (+3560)   28.8% 32520/35971 (+3451)   28.7% 32411/35971 (+3560)
   2610   13.4% 15284/35971 (+20687)   28.9% 32953/35971 (+3018)   28.7% 32736/35971 (+3234)   29.1% 33170/35971 (+2801)
   2640   13.5% 15394/35971 (+20577)   28.9% 33065/35971 (+2906)   28.9% 33065/35971 (+2906)   28.7% 32848/35971 (+3122)
   2670   13.6% 15499/35971 (+20472)   29.1% 33166/35971 (+2805)   28.8% 32841/35971 (+3130)   28.5% 32516/35971 (+3455)
   2700   13.6% 15501/35971 (+20470)   28.7% 32736/35971 (+3234)   28.7% 32845/35971 (+3126)   29.0% 33170/35971 (+2801)
   2730   13.5% 15288/35971 (+20683)   28.8% 32635/35971 (+3336)   29.1% 32961/35971 (+3010)   28.7% 32527/35971 (+3444)
   2760   13.5% 15396/35971 (+20575)   28.8% 32961/35971 (+3010)   28.5% 32635/35971 (+3336)   29.2% 33394/35971 (+2577)
   2790   13.6% 15501/35971 (+20470)   28.7% 32628/35971 (+3343)   29.0% 33062/35971 (+2909)   28.7% 32628/35971 (+3343)
   2820   13.4% 15388/35971 (+20584)   29.1% 33267/35971 (+2704)   28.8% 32942/35971 (+3029)   28.7% 32834/35971 (+3137)
   2850   13.5% 15499/35971 (+20472)   28.9% 33275/35971 (+2696)   29.1% 33492/35971 (+2479)   28.6% 32950/35971 (+3021)
   2880   13.6% 15499/35971 (+20472)   29.0% 33058/35971 (+2913)   28.7% 32733/35971 (+3238)   28.6% 32624/35971 (+3346)
   2910   13.4% 15283/35971 (+20688)   29.0% 32950/35971 (+3021)   28.9% 32841/35971 (+3130)   28.7% 32624/35971 (+3346)
   2940   13.6% 15499/35971 (+20472)   28.8% 32841/35971 (+3130)   28.9% 32950/35971 (+3021)   28.8% 32841/35971 (+3130)
   2970   13.6% 15396/35971 (+20575)   29.0% 32852/35971 (+3119)   28.7% 32527/35971 (+3444)   28.6% 32418/35971 (+3552)
   3000   13.4% 15284/35971 (+20687)   28.6% 32628/35971 (+3343)   28.9% 32953/35971 (+3018)   29.2% 33278/35971 (+2692)

 + ACCOUNT MIGRATIONS (cumulative):
 Validator       Donated   Received
 0               215,822          0
 1                     0     72,068
 2                     0     72,002
 3                     0     71,752

 + TPS_TIMELINE_CSV:
timestamp_s,round,v0,v1,v2,v3,lat_mean,lat_p50,lat_p90,lat_p95
1776163312.212,30,899.9,518.7,292.5,126.9,,,,
1776163321.226,60,9446.0,8442.3,7393.6,6512.0,,,,
1776163330.239,90,20155.5,19397.0,18205.0,17338.1,,,,
1776163339.250,120,28075.3,27750.1,27208.1,26774.5,,,,
1776163348.262,150,28623.7,28515.3,28190.0,28732.1,,,,
1776163357.274,180,28508.9,28508.9,28400.5,28617.3,,,,
1776163366.285,210,28735.3,28410.0,28193.1,28626.9,,,,
1776163375.296,240,28406.8,28406.8,28732.1,28406.8,,,,
1776163384.308,270,28508.9,28508.9,28834.1,28508.9,,,,
1776163393.319,300,28620.5,28620.5,28512.1,28295.3,,,,
1776163402.330,330,28406.8,28623.7,28732.1,28298.4,,,,
1776163411.341,360,28515.3,28623.7,28298.4,28298.4,,,,
1776163420.353,390,28406.8,28623.7,28515.3,28298.4,,,,
1776163429.364,420,28406.8,28515.3,28515.3,28515.3,,,,
1776163438.375,450,28949.0,28515.3,28406.8,28406.8,,,,
1776163447.369,480,28534.3,28425.8,28425.8,28534.3,,,,
1776163456.381,510,28834.1,28508.9,28725.7,28617.3,,,,
1776163465.394,540,28078.5,28295.3,28512.1,28295.3,,,,
1776163474.405,570,28521.6,28630.0,28413.1,28521.6,,,,
1776163483.417,600,28403.7,28620.5,28512.1,28512.1,,,,
1776163492.429,630,28505.8,28614.2,28614.2,28614.2,,,,
1776163501.442,660,28515.3,28406.8,28515.3,28406.8,,,,
1776163510.454,690,28512.1,28403.7,28620.5,28078.5,,,,
1776163519.471,720,28403.7,28620.5,28945.7,28403.7,,,,
1776163528.493,750,28480.5,28480.5,28805.4,28263.9,,,,
1776163537.505,780,28410.0,28843.7,28410.0,28193.1,,,,
1776163546.517,810,28830.9,28722.5,28397.4,28614.2,2174.5,2135.0,2681.0,2734.0
1776163555.531,840,38122.6,9822.4,12654.1,15052.9,3240.3,2346.0,7399.0,9555.0
1776163564.543,870,46616.7,2189.4,467.7,378.7,4134.0,2311.0,13111.0,14767.0
1776163573.556,900,47891.1,2852.4,498.8,378.5,5079.2,2322.0,18479.0,19983.0
1776163582.570,930,47277.7,6747.3,5646.3,5563.4,5664.0,2334.0,23335.0,24845.0
1776163591.580,960,45744.4,8238.3,7696.3,7696.3,7162.4,2635.0,16627.0,29166.0
1776163600.592,990,46963.8,12393.2,11849.7,11849.7,5952.5,2039.0,32799.0,34603.0
1776163609.602,1020,49050.8,14324.6,13999.0,13782.0,7547.3,1958.0,38097.0,40199.0
1776163618.614,1050,44251.3,17570.4,17245.0,17245.0,7972.8,1963.0,43048.0,45048.0
1776163627.625,1080,44995.6,18757.2,18540.3,18757.2,8483.6,2306.0,16461.0,48229.0
1776163636.568,1110,46523.8,20821.8,20821.8,20496.5,7672.2,2075.0,51975.0,53262.0
1776163645.671,1140,52913.2,21425.0,21425.0,21316.8,8005.5,2027.0,54971.0,56877.0
1776163654.685,1170,48530.4,22857.0,22748.6,22748.6,7825.9,2030.0,58035.0,59392.0
1776163663.689,1200,50627.9,23308.4,23091.5,23091.5,9021.6,2038.0,61002.0,62707.0
1776163672.700,1230,44335.2,24606.6,24823.4,24715.0,8883.3,2041.0,64265.0,65271.0
1776163681.711,1260,49983.0,25371.0,25045.7,24937.3,8737.8,2051.0,65523.0,66925.0
1776163690.722,1290,41304.6,26343.9,26235.5,26343.9,8550.8,2060.0,2614.0,68831.0
1776163699.732,1320,50085.9,26452.3,26777.5,26777.5,9056.6,2048.0,68993.0,69792.0
1776163708.697,1350,44345.0,28190.0,27864.7,27756.3,7671.5,2008.0,2510.0,69626.0
1776163717.727,1380,45975.2,28367.7,27824.2,28259.0,9225.7,2033.0,69596.0,70484.0
1776163726.736,1410,45646.1,28840.5,28949.0,28949.0,7639.3,2031.0,2535.0,69449.0
1776163735.745,1440,47499.8,29063.8,29172.3,29280.7,9754.9,2060.0,66713.0,68063.0
1776163744.755,1470,50227.7,29724.4,30375.3,29832.9,7876.6,2110.0,2610.0,65017.0
1776163753.767,1500,43152.4,29924.8,30358.5,30141.6,7708.4,2113.0,2567.0,62532.0
1776163762.777,1530,42930.8,30571.9,30571.9,31222.4,6829.4,2083.0,2534.0,57940.0
1776163771.787,1560,49852.5,30670.1,30670.1,30670.1,7048.8,2115.0,2657.0,52206.0
1776163780.777,1590,44877.2,31977.7,31760.9,31327.3,6069.6,2097.0,2635.0,45650.0
1776163789.787,1620,41364.3,31918.9,32461.7,32027.4,6384.3,2116.0,31855.0,38460.0
1776163798.796,1650,52693.6,32093.2,32526.9,32201.6,3954.3,2081.0,2559.0,23569.0
1776163807.806,1680,41417.6,32635.3,31984.8,32635.3,3076.9,2082.0,3076.0,13274.0
1776163816.819,1710,46394.8,32844.9,32953.3,32519.7,2041.6,2039.0,2426.0,2500.0
1776163825.830,1740,15504.5,32743.8,32635.3,33069.0,2047.5,2046.0,2398.0,2491.0
1776163834.839,1770,15289.3,33181.1,32964.3,32639.0,2014.7,2013.0,2372.0,2468.0
1776163843.848,1800,15177.5,32848.5,32631.7,32740.1,2051.7,2061.0,2410.0,2482.0
1776163852.859,1830,15287.6,33177.4,32526.9,32852.2,2019.2,2022.0,2360.0,2472.0
1776163861.832,1860,15566.7,33092.8,32766.2,32657.4,1979.1,1995.0,2299.0,2372.0
1776163870.849,1890,15392.7,32844.9,32411.3,32519.7,1972.2,1974.0,2291.0,2387.0
1776163879.842,1920,15523.4,32892.3,33109.4,32566.7,2027.5,2042.0,2393.0,2469.0
1776163888.858,1950,15435.5,32501.4,32610.1,32718.8,2045.6,2056.0,2403.0,2503.0
1776163897.871,1980,15394.4,33282.2,32631.7,32523.3,2050.7,2063.0,2424.0,2514.0
1776163906.881,2010,15174.2,32841.2,32949.6,32299.3,2048.7,2053.0,2435.0,2533.0
1776163915.890,2040,15287.6,32960.6,33177.4,32635.3,2063.4,2072.0,2451.0,2540.0
1776163924.898,2070,15280.9,33054.4,32837.6,33271.1,2033.8,2050.0,2400.0,2487.0
1776163933.903,2100,15413.2,32563.0,32780.1,32997.2,2035.4,2033.0,2377.0,2466.0
1776163942.913,2130,15507.9,33184.8,32859.5,32425.7,2045.6,2069.0,2379.0,2473.0
1776163951.923,2160,15501.1,33170.1,32844.9,32953.3,2036.3,2039.0,2389.0,2484.0
1776163960.933,2190,15501.1,32844.9,32736.5,32844.9,2033.6,2048.0,2388.0,2489.0
1776163969.925,2220,15394.4,32848.5,32631.7,32414.9,2034.3,2054.0,2380.0,2476.0
1776163978.939,2250,15390.9,32624.5,32299.3,32407.7,2048.9,2073.0,2420.0,2486.0
1776163987.948,2280,15385.8,32722.0,33155.4,32938.7,2060.1,2081.0,2441.0,2504.0
1776163996.963,2310,15389.2,32946.0,32946.0,32946.0,2052.8,2059.0,2413.0,2509.0
1776164005.974,2340,15392.7,32953.3,32736.5,32844.9,2027.0,2029.0,2378.0,2478.0
1776164014.986,2370,15397.8,32964.3,32964.3,32855.8,2032.5,2040.0,2387.0,2479.0
1776164023.997,2400,15390.9,33058.0,32732.9,33058.0,2030.0,2040.0,2387.0,2454.0
1776164033.012,2430,15396.1,33069.0,32852.2,32526.9,2035.2,2049.0,2396.0,2462.0
1776164042.041,2460,15411.5,33427.7,32885.0,33319.2,2097.7,2049.0,2500.0,2694.0
1776164051.042,2490,15619.9,33083.7,32975.2,32866.8,2044.6,2054.0,2406.0,2477.0
1776164060.052,2520,15394.4,32848.5,33390.6,32523.3,2052.8,2066.0,2423.0,2520.0
1776164069.065,2550,15396.1,32852.2,32852.2,32743.8,2045.8,2050.0,2406.0,2498.0
1776164078.077,2580,15501.1,32411.3,32519.7,32411.3,2048.3,2051.0,2409.0,2503.0
1776164087.088,2610,15284.3,32953.3,32736.5,33170.1,2040.7,2058.0,2410.0,2472.0
1776164096.102,2640,15394.4,33065.4,33065.4,32848.5,,,,
1776164105.113,2670,15499.3,33166.4,32841.2,32516.1,,,,
1776164114.132,2700,15501.1,32736.5,32844.9,33170.1,,,,
1776164123.140,2730,15287.6,32635.3,32960.6,32526.9,,,,
1776164132.149,2760,15396.1,32960.6,32635.3,33394.3,,,,
1776164141.162,2790,15501.1,32628.1,33061.7,32628.1,,,,
1776164150.172,2820,15387.5,33267.4,32942.3,32834.0,,,,
1776164159.182,2850,15499.3,33274.8,33491.6,32949.6,,,,
1776164168.196,2880,15499.3,33058.0,32732.9,32624.5,,,,
1776164177.207,2910,15282.6,32949.6,32841.2,32624.5,,,,
1776164186.219,2940,15499.3,32841.2,32949.6,32841.2,,,,
1776164195.231,2970,15396.1,32852.2,32526.9,32418.5,,,,
1776164204.242,3000,15284.3,32628.1,32953.3,33278.5,,,,

 + MIGRATION_EVENTS_CSV:
timestamp_s,round,n_migrations
1776163321.277,60,0
1776163339.359,120,0
1776163357.383,180,0
1776163375.406,240,0
1776163393.430,300,0
1776163411.461,360,0
1776163429.480,420,0
1776163447.476,480,0
1776163465.507,540,0
1776163483.542,600,0
1776163501.556,660,0
1776163519.582,720,0
1776163537.616,780,0
1776163555.950,840,5849
1776163573.971,900,44181
1776163591.924,960,40536
1776163609.942,1020,30711
1776163627.872,1080,18951
1776163645.901,1140,12136
1776163663.896,1200,12258
1776163681.915,1260,10293
1776163699.918,1320,9713
1776163717.905,1380,6709
1776163735.934,1440,7031
1776163753.926,1500,4480
1776163771.925,1560,7254
1776163789.923,1620,2810
1776163807.934,1680,2910
1776163825.929,1740,0
1776163843.945,1800,0
1776163861.924,1860,0
1776163879.933,1920,0
1776163897.963,1980,0
1776163915.988,2040,0
1776163933.982,2100,0
1776163952.010,2160,0
1776163970.012,2220,0
1776163988.040,2280,0
1776164006.071,2340,0
1776164024.100,2400,0
1776164042.137,2460,0
1776164060.133,2520,0
1776164078.173,2580,0
1776164096.203,2640,0
1776164114.215,2700,0
1776164132.239,2760,0
1776164150.270,2820,0
1776164168.291,2880,0
1776164186.305,2940,0
1776164204.325,3000,0
-----------------------------------------
CMD: LABEL=n4_v_rate_imb60_r110000_run_1 LOCAL_ORCH=0 NODES=4 WORKER_BANDWIDTHS_MBPS=600,600,600,600 RATE_WEIGHTS=0.6,0.133333,0.133333,0.133333 RATE=110000 DURATION=900 WARMUP=240 IN_MEMORY_STORE=1 fab cloudlab --manifest=manifest.xml --latency=100ms --primary-bw=300mbit --log-dir=/home/zpkhor/narwhal-validator/benchmark/exp/results/tps_timeline_lb_cloud_20260414_053849/n4_v_rate_imb60_r110000_run_1
[92mStarting CloudLab benchmark[0m
All SSH hosts: ['hp084.utah.cloudlab.us', 'hp091.utah.cloudlab.us', 'hp069.utah.cloudlab.us', 'hp021.utah.cloudlab.us']
Killing previous processes...
Resetting TCP buffers...
Compiling...
Distributing binaries to 4 machines...
Generating configuration files...
Uploading config files...
Applying TC QoS shaping...
TC QoS applied: primary=300000kbps, worker_bws=[600000, 600000, 600000, 600000]kbps
Starting primaries and workers...
Waiting for workers to be ready...
All workers ready.
Starting clients...
Running benchmark (900 sec)...
Stopping processes...
Downloading logs...
Parsing logs...

-----------------------------------------
 SUMMARY:
-----------------------------------------
 + CONFIG:
 Committee size: 4 node(s)
 Worker(s) per node: 1 worker(s)
 Input rate: 110,002 tx/s
 Transaction size: 512 B
 Benchmark duration: 900.0 s
 Consensus duration: 541.17 s
 Commit duration: 539.62 s


 + LAST COMMITTED PER VALIDATOR (from primary logs):
 Validator  Time            Round
 0          11:12:36.926     3018
 1          11:12:36.944     3018
 2          11:12:36.964     3018
 3          11:12:36.956     3018
 + RESULTS:
 f+1 Commit latency (workers) (mean): 2,800 ms
 f+1 Commit latency (workers) (p50): 2,081 ms
 f+1 Commit latency (workers) (p90): 2,608 ms
 f+1 Commit latency (workers) (p95): 8,375 ms
 f+1 Commit latency (workers) (p99): 19,544 ms

 Consensus TPS: 108,205 tx/s
 Consensus BPS: 55,400,966 B/s
 Committed TPS: 108,517 tx/s
 Committed BPS: 55,560,510 B/s

 + VALIDATOR LOAD DISTRIBUTION:
 Validator 0: 14,990,270 tx (25.6%)
 Validator 1: 14,837,699 tx (25.3%)
 Validator 2: 13,967,192 tx (23.9%)
 Validator 3: 14,762,470 tx (25.2%)

 + PER-VALIDATOR COMMIT METRICS:
 Validator    TPS (tx/s)    Mean (ms)    p95 (ms)    Misses
 0            27,779        6,768        19,986      0
 1            27,497        2,016        2,477       0
 2            25,883        2,447        3,235       0
 3            27,357        2,140        2,568       0
 Overall      108,517       3,367 (wtd)  7,163 (wtd) 0

 + PER-VALIDATOR QUORUM TIMING (ms):
                    mean            p95             std      
 Validator       delay    lat    delay    lat    delay    lat
 0               4,954     31   18,154    107    6,910     41
 1                 183     31      229    107       26     41
 2                 183     31      230    107       27     41
 3                 183     31      228    106       26     41

 + PER-STAGE LATENCY BREAKDOWN (mean, ms):
   Stage                            All
   Client -> Worker:                 14
   Worker -> Batch seal:             24
   Batch seal -> Quorum:          1,441
   Quorum -> Processed:              14
   Processed -> Header:             160
   Header -> Certified:             197
   Certified -> Committed:        1,539
   Sum:                           3,390
   (n=)                          42,318

 + CERTIFIED TPS TIMELINE (actual/capacity (spare)):
   round                          V0                          V1                          V2                          V3
   30       50.6% 864/35971 (+35107)    29.5% 503/35971 (+35468)    14.9% 255/35971 (+35716)      5.0% 85/35971 (+35886)
   60      29.5% 9259/35971 (+26712)   26.7% 8377/35971 (+27594)   23.2% 7296/35971 (+28676)   20.6% 6456/35971 (+29515)
   90     26.8% 19948/35971 (+16023)  25.5% 18972/35971 (+16999)  24.5% 18213/35971 (+17758)  23.2% 17237/35971 (+18734)
   120     25.5% 27951/35971 (+8020)   25.2% 27626/35971 (+8345)   24.8% 27193/35971 (+8778)   24.4% 26760/35971 (+9211)
   150     25.0% 28518/35971 (+7453)   24.9% 28410/35971 (+7561)   25.0% 28518/35971 (+7453)   25.1% 28627/35971 (+7344)
   180     24.8% 28199/35971 (+7772)   25.0% 28416/35971 (+7555)   25.2% 28742/35971 (+7229)   25.0% 28525/35971 (+7446)
   210     25.0% 28515/35971 (+7456)   24.9% 28298/35971 (+7673)   25.0% 28407/35971 (+7564)   25.1% 28624/35971 (+7347)
   240     25.2% 28831/35971 (+7140)   24.7% 28289/35971 (+7682)   25.3% 28939/35971 (+7032)   24.9% 28506/35971 (+7465)
   270     25.0% 28410/35971 (+7561)   25.1% 28518/35971 (+7453)   24.9% 28302/35971 (+7669)   24.9% 28302/35971 (+7669)
   300     24.9% 28512/35971 (+7459)   25.0% 28620/35971 (+7350)   25.2% 28837/35971 (+7134)   24.9% 28512/35971 (+7459)
   330     25.0% 28298/35971 (+7673)   25.0% 28298/35971 (+7673)   25.1% 28407/35971 (+7564)   24.9% 28190/35971 (+7781)
   360     24.9% 28614/35971 (+7357)   24.8% 28506/35971 (+7465)   25.2% 28939/35971 (+7032)   25.0% 28722/35971 (+7248)
   390     25.0% 28462/35971 (+7509)   25.1% 28570/35971 (+7401)   25.0% 28462/35971 (+7509)   24.8% 28245/35971 (+7726)
   420     25.2% 28802/35971 (+7169)   25.1% 28694/35971 (+7277)   24.8% 28369/35971 (+7602)   24.9% 28477/35971 (+7494)
   450     24.9% 28416/35971 (+7555)   25.0% 28525/35971 (+7446)   25.1% 28633/35971 (+7338)   25.1% 28633/35971 (+7338)
   480     25.1% 28471/35971 (+7500)   25.0% 28363/35971 (+7608)   25.1% 28471/35971 (+7500)   24.9% 28254/35971 (+7716)
   510     25.3% 28831/35971 (+7140)   25.1% 28614/35971 (+7357)   24.9% 28397/35971 (+7574)   24.8% 28289/35971 (+7682)
   540     24.9% 28295/35971 (+7676)   25.0% 28512/35971 (+7459)   25.0% 28512/35971 (+7459)   25.0% 28512/35971 (+7459)
   570     25.0% 28506/35971 (+7465)   25.1% 28614/35971 (+7357)   25.0% 28506/35971 (+7465)   25.0% 28506/35971 (+7465)
   600     24.9% 28509/35971 (+7462)   25.3% 28942/35971 (+7028)   24.8% 28400/35971 (+7570)   25.0% 28617/35971 (+7354)
   630     25.0% 28506/35971 (+7465)   24.9% 28397/35971 (+7574)   25.2% 28722/35971 (+7248)   25.0% 28506/35971 (+7465)
   660     25.2% 28729/35971 (+7242)   24.9% 28404/35971 (+7567)   25.0% 28512/35971 (+7459)   24.9% 28404/35971 (+7567)
   690     25.3% 28942/35971 (+7028)   24.8% 28400/35971 (+7570)   24.9% 28509/35971 (+7462)   24.9% 28509/35971 (+7462)
   720     24.9% 28289/35971 (+7682)   25.2% 28722/35971 (+7248)   25.0% 28506/35971 (+7465)   24.9% 28289/35971 (+7682)
   750     25.0% 28404/35971 (+7567)   24.9% 28295/35971 (+7676)   25.2% 28620/35971 (+7350)   25.0% 28404/35971 (+7567)
   780     25.0% 28617/35971 (+7354)   24.9% 28400/35971 (+7570)   25.0% 28509/35971 (+7462)   25.1% 28726/35971 (+7245)
   810     25.0% 28509/35971 (+7462)   25.1% 28617/35971 (+7354)   25.1% 28617/35971 (+7354)   24.8% 28292/35971 (+7679)
   840     38.6% 39245/35971 (-3274)  19.4% 19731/35971 (+16240)  20.2% 20598/35971 (+15373)  21.8% 22224/35971 (+13747)
   870    50.0% 46503/35971 (-10532)  16.9% 15718/35971 (+20253)  16.9% 15718/35971 (+20253)  16.2% 15068/35971 (+20904)
   900     48.8% 44769/35971 (-8798)  17.6% 16151/35971 (+19820)  17.1% 15718/35971 (+20253)  16.4% 15068/35971 (+20904)
   930    48.1% 48346/35971 (-12375)  17.6% 17669/35971 (+18302)  17.5% 17561/35971 (+18410)  16.8% 16910/35971 (+19061)
   960    46.2% 46503/35971 (-10532)  18.2% 18319/35971 (+17652)  18.0% 18103/35971 (+17868)  17.6% 17669/35971 (+18302)
   990     42.5% 44557/35971 (-8586)  19.3% 20273/35971 (+15698)  19.1% 20056/35971 (+15915)  19.1% 20056/35971 (+15915)
   1020   43.6% 49327/35971 (-13356)  19.0% 21465/35971 (+14506)  18.9% 21357/35971 (+14614)  18.6% 21032/35971 (+14939)
   1050    39.7% 45956/35971 (-9985)  19.9% 23086/35971 (+12885)  20.4% 23628/35971 (+12343)  19.9% 23086/35971 (+12885)
   1080    37.2% 42822/35971 (-6851)  21.0% 24176/35971 (+11795)  21.1% 24284/35971 (+11687)  20.7% 23850/35971 (+12121)
   1110   37.9% 47045/35971 (-11074)  20.9% 25907/35971 (+10064)  20.8% 25799/35971 (+10172)  20.5% 25474/35971 (+10497)
   1140    35.8% 44123/35971 (-8152)   21.5% 26452/35971 (+9519)   21.4% 26344/35971 (+9627)   21.4% 26344/35971 (+9627)
   1170    35.6% 45528/35971 (-9557)   21.4% 27425/35971 (+8546)   21.6% 27642/35971 (+8329)   21.4% 27316/35971 (+8654)
   1200    34.2% 43439/35971 (-7468)   22.0% 27948/35971 (+8023)   21.7% 27515/35971 (+8456)   22.1% 28057/35971 (+7914)
   1230    33.7% 43316/35971 (-7345)   22.3% 28589/35971 (+7382)   22.0% 28264/35971 (+7707)   22.0% 28264/35971 (+7707)
   1260   37.8% 52123/35971 (-16152)   20.8% 28707/35971 (+7264)   20.7% 28598/35971 (+7373)   20.7% 28598/35971 (+7373)
   1290   21.2% 24210/35971 (+11761)   25.9% 29553/35971 (+6418)   26.5% 30208/35971 (+5764)   26.3% 29989/35971 (+5982)
   1320   20.0% 22766/35971 (+13205)   26.7% 30355/35971 (+5616)   26.8% 30464/35971 (+5508)   26.6% 30247/35971 (+5724)
   1350   20.2% 23062/35971 (+12908)   26.8% 30569/35971 (+5402)   26.6% 30351/35971 (+5620)   26.3% 29916/35971 (+6055)
   1380   20.2% 22998/35971 (+12973)   26.7% 30484/35971 (+5487)   26.6% 30375/35971 (+5596)   26.5% 30158/35971 (+5813)
   1410   20.4% 23089/35971 (+12882)   26.5% 30026/35971 (+5944)   26.5% 30026/35971 (+5944)   26.7% 30243/35971 (+5728)
   1440   20.2% 22986/35971 (+12985)   26.6% 30142/35971 (+5829)   26.6% 30142/35971 (+5829)   26.6% 30250/35971 (+5721)
   1470   20.2% 22892/35971 (+13078)   26.5% 30053/35971 (+5918)   26.9% 30596/35971 (+5375)   26.5% 30053/35971 (+5918)
   1500   19.9% 22774/35971 (+13197)   26.8% 30582/35971 (+5389)   26.7% 30474/35971 (+5497)   26.7% 30474/35971 (+5497)
   1530   20.2% 22983/35971 (+12988)   26.4% 30030/35971 (+5941)   26.9% 30572/35971 (+5399)   26.5% 30138/35971 (+5833)
   1560   20.1% 22887/35971 (+13084)   26.5% 30155/35971 (+5816)   26.6% 30264/35971 (+5708)   26.7% 30372/35971 (+5599)
   1590   20.1% 22794/35971 (+13177)   26.5% 30066/35971 (+5904)   26.7% 30392/35971 (+5579)   26.7% 30392/35971 (+5579)
   1620   19.9% 22716/35971 (+13255)   26.7% 30396/35971 (+5575)   26.8% 30504/35971 (+5467)   26.7% 30396/35971 (+5575)
   1650   20.0% 22769/35971 (+13202)   26.6% 30250/35971 (+5721)   27.0% 30684/35971 (+5287)   26.4% 30033/35971 (+5938)
   1680   20.2% 23084/35971 (+12887)   26.4% 30237/35971 (+5734)   26.7% 30562/35971 (+5409)   26.7% 30562/35971 (+5409)
   1710   20.1% 22972/35971 (+12999)   26.6% 30375/35971 (+5596)   26.7% 30484/35971 (+5487)   26.6% 30375/35971 (+5596)
   1740   20.1% 22887/35971 (+13084)   26.7% 30480/35971 (+5491)   26.5% 30264/35971 (+5708)   26.6% 30372/35971 (+5599)
   1770   20.1% 22986/35971 (+12985)   26.4% 30142/35971 (+5829)   26.7% 30467/35971 (+5504)   26.8% 30575/35971 (+5396)
   1800   20.2% 22981/35971 (+12990)   26.6% 30243/35971 (+5728)   26.7% 30352/35971 (+5619)   26.6% 30243/35971 (+5728)
   1830   20.2% 22988/35971 (+12983)   26.4% 30036/35971 (+5934)   26.9% 30579/35971 (+5392)   26.6% 30253/35971 (+5718)
   1860   20.0% 22809/35971 (+13162)   26.6% 30304/35971 (+5667)   27.0% 30738/35971 (+5233)   26.5% 30195/35971 (+5776)
   1890   20.1% 22877/35971 (+13094)   26.6% 30250/35971 (+5721)   26.7% 30358/35971 (+5612)   26.5% 30142/35971 (+5829)
   1920   20.2% 22965/35971 (+13006)   26.7% 30292/35971 (+5679)   26.7% 30292/35971 (+5679)   26.5% 30073/35971 (+5898)
   1950   20.3% 23086/35971 (+12885)   26.5% 30240/35971 (+5731)   26.5% 30132/35971 (+5839)   26.7% 30457/35971 (+5514)
   1980   19.9% 22612/35971 (+13359)   26.7% 30331/35971 (+5640)   26.8% 30440/35971 (+5532)   26.7% 30331/35971 (+5640)
   2010   20.2% 22979/35971 (+12992)   26.5% 30167/35971 (+5804)   26.8% 30494/35971 (+5477)   26.4% 30058/35971 (+5913)
   2040   20.1% 22822/35971 (+13149)   26.7% 30321/35971 (+5650)   26.7% 30321/35971 (+5650)   26.5% 30103/35971 (+5868)
   2070   20.1% 22965/35971 (+13006)   26.8% 30548/35971 (+5423)   26.5% 30223/35971 (+5748)   26.6% 30332/35971 (+5640)
   2100   20.3% 23239/35971 (+12732)   26.4% 30188/35971 (+5782)   26.7% 30514/35971 (+5457)   26.6% 30406/35971 (+5565)
   2130   20.2% 22978/35971 (+12993)   26.8% 30457/35971 (+5514)   26.4% 30023/35971 (+5948)   26.5% 30132/35971 (+5839)
   2160   20.1% 22983/35971 (+12988)   26.9% 30789/35971 (+5182)   26.4% 30247/35971 (+5724)   26.5% 30355/35971 (+5616)
   2190   20.0% 22801/35971 (+13170)   26.6% 30258/35971 (+5713)   26.7% 30366/35971 (+5605)   26.7% 30366/35971 (+5605)
   2220   20.0% 22855/35971 (+13116)   26.7% 30473/35971 (+5498)   26.8% 30582/35971 (+5389)   26.4% 30147/35971 (+5824)
   2250   20.2% 22875/35971 (+13096)   26.6% 30138/35971 (+5833)   26.9% 30464/35971 (+5508)   26.3% 29813/35971 (+6158)
   2280   20.1% 22900/35971 (+13071)   26.7% 30389/35971 (+5582)   26.8% 30497/35971 (+5474)   26.5% 30172/35971 (+5799)
   2310   19.9% 22766/35971 (+13205)   26.9% 30680/35971 (+5291)   26.6% 30355/35971 (+5616)   26.6% 30355/35971 (+5616)
   2340   20.2% 22986/35971 (+12985)   26.6% 30250/35971 (+5721)   26.8% 30467/35971 (+5504)   26.5% 30142/35971 (+5829)
   2370   20.2% 22988/35971 (+12983)   26.6% 30253/35971 (+5718)   26.7% 30362/35971 (+5609)   26.5% 30145/35971 (+5826)
   2400   20.1% 22981/35971 (+12990)   26.6% 30460/35971 (+5511)   26.8% 30677/35971 (+5294)   26.4% 30243/35971 (+5728)
   2430   20.2% 22872/35971 (+13099)   26.7% 30243/35971 (+5728)   26.6% 30135/35971 (+5836)   26.6% 30135/35971 (+5836)
   2460   20.1% 22898/35971 (+13073)   26.4% 30168/35971 (+5803)   26.8% 30602/35971 (+5368)   26.7% 30494/35971 (+5477)
   2490   20.0% 22663/35971 (+13308)   26.6% 30253/35971 (+5718)   26.6% 30145/35971 (+5826)   26.8% 30470/35971 (+5501)
   2520   20.0% 22872/35971 (+13099)   26.6% 30352/35971 (+5619)   26.8% 30568/35971 (+5402)   26.7% 30460/35971 (+5511)
   2550   20.1% 22875/35971 (+13096)   26.8% 30464/35971 (+5508)   26.6% 30247/35971 (+5724)   26.4% 30030/35971 (+5941)
   2580   20.2% 23022/35971 (+12950)   26.6% 30297/35971 (+5674)   26.6% 30297/35971 (+5674)   26.6% 30297/35971 (+5674)
   2610   20.1% 22870/35971 (+13101)   26.5% 30132/35971 (+5839)   26.7% 30348/35971 (+5623)   26.6% 30240/35971 (+5731)
   2640   20.2% 22981/35971 (+12990)   26.7% 30460/35971 (+5511)   26.5% 30243/35971 (+5728)   26.5% 30243/35971 (+5728)
   2670   20.2% 22885/35971 (+13086)   26.5% 30043/35971 (+5928)   26.6% 30152/35971 (+5819)   26.8% 30369/35971 (+5602)
   2700   20.1% 22978/35971 (+12993)   26.8% 30565/35971 (+5406)   26.7% 30457/35971 (+5514)   26.4% 30132/35971 (+5839)
   2730   20.2% 23035/35971 (+12936)   26.5% 30281/35971 (+5690)   26.8% 30606/35971 (+5365)   26.5% 30281/35971 (+5690)
   2760   20.3% 23114/35971 (+12857)   26.8% 30528/35971 (+5443)   26.5% 30201/35971 (+5770)   26.4% 30092/35971 (+5879)
   2790   20.1% 22996/35971 (+12975)   26.5% 30372/35971 (+5599)   26.8% 30697/35971 (+5274)   26.6% 30480/35971 (+5491)
   2820   20.2% 23092/35971 (+12880)   26.4% 30247/35971 (+5724)   27.1% 31006/35971 (+4966)   26.4% 30247/35971 (+5724)
   2850   20.1% 22986/35971 (+12985)   26.5% 30358/35971 (+5612)   26.6% 30467/35971 (+5504)   26.7% 30575/35971 (+5396)
   2880   20.3% 23119/35971 (+12852)   26.8% 30535/35971 (+5436)   26.6% 30317/35971 (+5654)   26.3% 29989/35971 (+5982)
   2910   20.1% 22932/35971 (+13039)   26.6% 30248/35971 (+5723)   26.6% 30248/35971 (+5723)   26.7% 30466/35971 (+5505)
   2940   20.2% 23097/35971 (+12874)   26.6% 30470/35971 (+5501)   26.4% 30253/35971 (+5718)   26.7% 30579/35971 (+5392)
   2970   20.2% 23192/35971 (+12779)   26.4% 30237/35971 (+5734)   26.8% 30670/35971 (+5301)   26.6% 30453/35971 (+5518)
   3000   20.0% 22876/35971 (+13096)   26.7% 30501/35971 (+5470)   26.6% 30392/35971 (+5579)   26.8% 30610/35971 (+5362)

 + ACCOUNT MIGRATIONS (cumulative):
 Validator       Donated   Received
 0               166,000          0
 1                     0     55,397
 2                     0     55,582
 3                     0     55,021

 + TPS_TIMELINE_CSV:
timestamp_s,round,v0,v1,v2,v3,lat_mean,lat_p50,lat_p90,lat_p95
1776164258.917,30,864.3,503.3,254.7,85.3,,,,
1776164267.937,60,9258.7,8376.8,7295.5,6455.7,,,,
1776164276.950,90,19947.6,18971.9,18213.0,17237.4,,,,
1776164285.963,120,27951.4,27626.4,27193.1,26759.7,,,,
1776164294.974,150,28518.4,28410.0,28518.4,28626.9,,,,
1776164303.987,180,28199.4,28416.3,28741.7,28524.8,,,,
1776164312.999,210,28515.3,28298.4,28406.8,28623.7,,,,
1776164322.012,240,28830.9,28289.0,28939.3,28505.8,,,,
1776164331.023,270,28410.0,28518.4,28301.6,28301.6,,,,
1776164340.034,300,28512.1,28620.5,28837.3,28512.1,,,,
1776164349.047,330,28298.4,28298.4,28406.8,28190.0,,,,
1776164358.059,360,28614.2,28505.8,28939.3,28722.5,,,,
1776164367.083,390,28461.6,28569.8,28461.6,28245.1,,,,
1776164376.106,420,28802.2,28693.9,28369.1,28477.3,,,,
1776164385.131,450,28416.3,28524.8,28633.2,28633.2,,,,
1776164394.145,480,28471.0,28362.8,28471.0,28254.5,,,,
1776164403.159,510,28830.9,28614.2,28397.4,28289.0,,,,
1776164412.173,540,28295.3,28512.1,28512.1,28512.1,,,,
1776164421.186,570,28505.8,28614.2,28505.8,28505.8,,,,
1776164430.200,600,28508.9,28942.5,28400.5,28617.3,,,,
1776164439.214,630,28505.8,28397.4,28722.5,28505.8,,,,
1776164448.229,660,28728.9,28403.7,28512.1,28403.7,,,,
1776164457.242,690,28942.5,28400.5,28508.9,28508.9,,,,
1776164466.256,720,28289.0,28722.5,28505.8,28289.0,,,,
1776164475.270,750,28403.7,28295.3,28620.5,28403.7,,,,
1776164484.283,780,28617.3,28400.5,28508.9,28725.7,,,,
1776164493.296,810,28508.9,28617.3,28617.3,28292.1,2205.5,2031.0,3568.0,3866.0
1776164502.311,840,39244.8,19730.8,20598.1,22224.3,2669.1,2135.0,5377.0,5927.0
1776164511.325,870,46503.2,15717.9,15717.9,15067.5,3130.6,2100.0,8187.0,8789.0
1776164520.336,900,44768.8,16151.4,15717.9,15067.5,3678.0,2072.0,10801.0,11603.0
1776164529.349,930,48345.9,17669.0,17560.6,16910.2,4138.2,2082.0,13661.0,14215.0
1776164538.363,960,46503.2,18319.4,18102.6,17669.0,4492.8,2092.0,15718.0,16275.0
1776164547.374,990,44556.9,20272.9,20056.0,20056.0,4784.5,2055.0,17883.0,18390.0
1776164556.387,1020,49327.0,21465.4,21357.0,21031.7,5157.9,2069.0,19298.0,19547.0
1776164565.400,1050,45956.1,23086.4,23628.4,23086.4,4831.9,2035.0,19711.0,20112.0
1776164574.413,1080,42822.3,24175.7,24284.1,23850.4,5171.9,2083.0,20818.0,21322.0
1776164583.424,1110,47045.2,25907.4,25799.0,25473.8,4778.5,2055.0,19878.0,20083.0
1776164592.436,1140,44123.3,26452.3,26343.9,26343.9,4420.6,2057.0,18241.0,19088.0
1776164601.449,1170,45527.6,27424.9,27641.7,27316.5,3913.1,2018.0,15468.0,15958.0
1776164610.463,1200,43439.1,27948.3,27515.0,28056.7,3649.2,1963.0,11905.0,12852.0
1776164619.475,1230,43316.3,28588.8,28263.9,28263.9,3700.4,2099.0,9303.0,10103.0
1776164628.489,1260,52122.9,28706.6,28598.3,28598.3,1975.2,1953.0,2399.0,2534.0
1776164637.447,1290,24209.6,29553.2,30207.5,29989.4,1982.3,1989.0,2386.0,2488.0
1776164646.461,1320,22766.3,30355.1,30463.5,30246.7,1963.1,1960.0,2353.0,2451.0
1776164655.458,1350,23062.5,30568.6,30351.1,29915.9,1927.7,1930.0,2255.0,2341.0
1776164664.471,1380,22998.4,30483.8,30375.3,30158.3,1934.1,1937.0,2285.0,2398.0
1776164673.480,1410,23089.0,30026.5,30026.5,30243.3,1941.0,1939.0,2305.0,2440.0
1776164682.489,1440,22985.7,30141.6,30141.6,30250.0,2008.0,1959.0,2406.0,2573.0
1776164691.473,1470,22892.5,30053.2,30595.7,30053.2,2140.7,2033.0,2867.0,3281.0
1776164700.494,1500,22773.9,30582.1,30473.6,30473.6,1974.8,1979.0,2385.0,2486.0
1776164709.507,1530,22983.1,30029.8,30571.9,30138.3,2009.0,1990.0,2438.0,2587.0
1776164718.503,1560,22887.4,30155.0,30263.5,30371.9,1934.7,1932.0,2281.0,2380.0
1776164727.516,1590,22794.1,30066.5,30392.2,30392.2,1971.2,1947.0,2318.0,2438.0
1776164736.534,1620,22715.9,30396.0,30504.2,30396.0,1919.8,1914.0,2248.0,2325.0
1776164745.546,1650,22768.8,30250.0,30683.7,30033.2,1922.0,1912.0,2248.0,2305.0
1776164754.559,1680,23083.9,30236.6,30561.7,30561.7,1967.3,1956.0,2335.0,2477.0
1776164763.545,1710,22971.6,30374.7,30483.6,30374.7,2009.8,1979.0,2430.0,2543.0
1776164772.549,1740,22887.4,30480.4,30263.5,30371.9,1833.1,1841.0,2151.0,2207.0
1776164781.562,1770,22985.7,30141.6,30466.9,30575.3,1844.1,1852.0,2164.0,2212.0
1776164790.574,1800,22980.6,30243.3,30351.7,30243.3,1857.3,1863.0,2183.0,2256.0
1776164799.583,1830,22988.2,30036.5,30578.7,30253.4,5220.1,2424.0,13682.0,15482.0
1776164808.558,1860,22809.3,30303.8,30738.3,30195.2,4099.9,2393.0,10343.0,12044.0
1776164817.590,1890,22877.3,30250.0,30358.5,30141.6,2109.9,1995.0,2636.0,3386.0
1776164826.525,1920,22965.1,30292.0,30292.0,30073.3,2040.7,2024.0,2511.0,2629.0
1776164835.536,1950,23086.4,30240.0,30131.6,30456.7,2135.2,2131.0,2669.0,2769.0
1776164844.468,1980,22612.2,30330.8,30439.5,30330.8,4800.5,2325.0,12791.0,14790.0
1776164853.485,2010,22979.3,30167.1,30493.8,30058.2,2585.3,2179.0,4262.0,5862.0
1776164862.479,2040,22822.0,30320.7,30320.7,30103.3,1967.1,1970.0,2332.0,2437.0
1776164871.494,2070,22965.3,30548.2,30223.2,30331.5,1960.9,1948.0,2334.0,2436.0
1776164880.507,2100,23238.6,30188.5,30514.3,30405.7,1926.5,1914.0,2274.0,2376.0
1776164889.520,2130,22978.0,30456.7,30023.2,30131.6,1956.4,1949.0,2311.0,2433.0
1776164898.548,2160,22983.1,30788.7,30246.7,30355.1,1942.1,1939.0,2284.0,2398.0
1776164907.565,2190,22801.3,30257.7,30365.8,30365.8,1944.4,1933.0,2303.0,2407.0
1776164916.560,2220,22855.1,30473.4,30582.3,30146.9,1929.8,1930.0,2283.0,2382.0
1776164925.572,2250,22874.7,30138.3,30463.5,29813.0,1964.4,1957.0,2341.0,2454.0
1776164934.577,2280,22900.1,30388.8,30497.3,30171.7,1987.1,1997.0,2395.0,2471.0
1776164943.587,2310,22766.3,30680.3,30355.1,30355.1,1998.3,2010.0,2382.0,2478.0
1776164952.599,2340,22985.7,30250.0,30466.9,30141.6,1976.1,1975.0,2384.0,2482.0
1776164961.611,2370,22988.2,30253.4,30361.8,30145.0,1978.0,1990.0,2348.0,2449.0
1776164970.623,2400,22980.6,30460.1,30676.9,30243.3,1966.6,1963.0,2357.0,2457.0
1776164979.633,2430,22872.2,30243.3,30134.9,30134.9,1982.0,1972.0,2371.0,2472.0
1776164988.610,2460,22897.6,30168.4,30602.5,30493.9,1939.8,1928.0,2308.0,2419.0
1776164997.623,2490,22662.9,30253.4,30145.0,30470.3,1943.1,1937.0,2287.0,2414.0
1776165006.633,2520,22872.2,30351.7,30568.5,30460.1,1941.9,1940.0,2287.0,2379.0
1776165015.629,2550,22874.7,30463.5,30246.7,30029.8,1927.5,1914.0,2305.0,2433.0
1776165024.641,2580,23021.5,30297.1,30297.1,30297.1,1821.0,1829.0,2154.0,2214.0
1776165033.653,2610,22869.6,30131.6,30348.3,30240.0,1830.1,1817.0,2165.0,2238.0
1776165042.668,2640,22980.6,30460.1,30243.3,30243.3,,,,
1776165051.680,2670,22884.9,30043.2,30151.6,30368.6,,,,
1776165060.694,2700,22978.0,30565.1,30456.7,30131.6,,,,
1776165069.731,2730,23035.3,30281.2,30605.6,30281.2,,,,
1776165078.721,2760,23113.9,30527.8,30200.8,30091.7,,,,
1776165087.703,2790,22995.9,30371.9,30697.3,30480.4,,,,
1776165096.717,2820,23091.5,30246.7,31005.5,30246.7,,,,
1776165105.728,2850,22985.7,30358.5,30466.9,30575.3,,,,
1776165114.716,2880,23119.1,30534.7,30316.6,29989.4,,,,
1776165123.630,2910,22931.7,30248.0,30248.0,30466.4,,,,
1776165132.641,2940,23096.7,30470.3,30253.4,30578.7,,,,
1776165141.654,2970,23192.2,30236.6,30670.1,30453.4,,,,
1776165150.617,3000,22875.5,30500.6,30391.7,30609.5,,,,

 + MIGRATION_EVENTS_CSV:
timestamp_s,round,n_migrations
1776164267.990,60,0
1776164286.066,120,0
1776164304.103,180,0
1776164322.128,240,0
1776164340.157,300,0
1776164358.178,360,0
1776164376.208,420,0
1776164394.259,480,0
1776164412.289,540,0
1776164430.309,600,0
1776164448.348,660,0
1776164466.366,720,0
1776164484.401,780,0
1776164502.770,840,5807
1776164520.770,900,25164
1776164538.767,960,34116
1776164556.766,1020,33385
1776164574.752,1080,24547
1776164592.753,1140,15896
1776164610.735,1200,8815
1776164628.760,1260,18270
1776164646.579,1320,0
1776164664.589,1380,0
1776164682.602,1440,0
1776164700.606,1500,0
1776164718.610,1560,0
1776164736.649,1620,0
1776164754.671,1680,0
1776164772.651,1740,0
1776164790.702,1800,0
1776164808.681,1860,0
1776164826.634,1920,0
1776164844.588,1980,0
1776164862.585,2040,0
1776164880.623,2100,0
1776164898.656,2160,0
1776164916.662,2220,0
1776164934.693,2280,0
1776164952.711,2340,0
1776164970.734,2400,0
1776164988.723,2460,0
1776165006.752,2520,0
1776165024.757,2580,0
1776165042.776,2640,0
1776165060.822,2700,0
1776165078.835,2760,0
1776165096.826,2820,0
1776165114.823,2880,0
1776165132.736,2940,0
1776165150.736,3000,0
-----------------------------------------
CMD: LABEL=n4_bw_f_rate_imb90_r110000_run_1 LOCAL_ORCH=0 NODES=4 WORKER_BANDWIDTHS_MBPS=600,600,600,200 RATE_WEIGHTS=0.9,0.0333333,0.0333333,0.0333333 RATE=110000 DURATION=900 WARMUP=240 IN_MEMORY_STORE=1 fab cloudlab --manifest=manifest.xml --latency=100ms --primary-bw=300mbit --log-dir=/home/zpkhor/narwhal-validator/benchmark/exp/results/tps_timeline_lb_cloud_20260414_053849/n4_bw_f_rate_imb90_r110000_run_1
[92mStarting CloudLab benchmark[0m
All SSH hosts: ['hp084.utah.cloudlab.us', 'hp091.utah.cloudlab.us', 'hp069.utah.cloudlab.us', 'hp021.utah.cloudlab.us']
Killing previous processes...
Resetting TCP buffers...
Compiling...
Distributing binaries to 4 machines...
Generating configuration files...
Uploading config files...
Applying TC QoS shaping...
TC QoS applied: primary=300000kbps, worker_bws=[600000, 600000, 600000, 200000]kbps
Starting primaries and workers...
Waiting for workers to be ready...
All workers ready.
Starting clients...
Running benchmark (900 sec)...
Stopping processes...
Downloading logs...
Parsing logs...

-----------------------------------------
 SUMMARY:
-----------------------------------------
 + CONFIG:
 Committee size: 4 node(s)
 Worker(s) per node: 1 worker(s)
 Input rate: 110,002 tx/s
 Transaction size: 512 B
 Benchmark duration: 900.0 s
 Consensus duration: 282.96 s
 Commit duration: 281.45 s


 + LAST COMMITTED PER VALIDATOR (from primary logs):
 Validator  Time            Round
 0          11:22:03.518     1738
 1          11:22:03.435     1738
 2          11:22:03.485     1738
 3          11:17:20.105      811
 + RESULTS:
 f+1 Commit latency (workers) (mean): 7,206 ms
 f+1 Commit latency (workers) (p50): 2,073 ms
 f+1 Commit latency (workers) (p90): 23,115 ms
 f+1 Commit latency (workers) (p95): 48,802 ms
 f+1 Commit latency (workers) (p99): 62,543 ms

 Consensus TPS: 95,722 tx/s
 Consensus BPS: 49,009,516 B/s
 Committed TPS: 96,236 tx/s
 Committed BPS: 49,272,804 B/s

 + VALIDATOR LOAD DISTRIBUTION:
 Validator 0: 11,409,406 tx (42.1%)
 Validator 1: 7,596,306 tx (28.0%)
 Validator 2: 7,613,040 tx (28.1%)
 Validator 3: 466,855 tx (1.7%)

 + PER-VALIDATOR COMMIT METRICS:
 Validator    TPS (tx/s)    Mean (ms)    p95 (ms)    Misses
 0            40,538        32,200       62,564      0
 1            26,990        1,915        2,403       0
 2            27,049        1,916        2,398       0
 3            1,659         3,611        14,518      0
 Overall      96,236        14,701 (wtd) 27,952 (wtd) 0

 + PER-VALIDATOR QUORUM TIMING (ms):
                    mean            p95             std      
 Validator       delay    lat    delay    lat    delay    lat
 0              17,772     20   23,217    103    6,583     36
 1                 199     31      256    116       40     42
 2                 201     31      257    118       41     43
 3              13,902     73   31,712    229   13,033     82

 + PER-STAGE LATENCY BREAKDOWN (mean, ms):
   Stage                            All
   Client -> Worker:              2,244
   Worker -> Batch seal:             29
   Batch seal -> Quorum:          7,918
   Quorum -> Processed:              17
   Processed -> Header:             164
   Header -> Certified:             201
   Certified -> Committed:        1,305
   Sum:                          11,878
   (n=)                          20,187

 + CERTIFIED TPS TIMELINE (actual/capacity (spare)):
   round                          V0                          V1                          V2                          V3
   30       49.4% 938/35971 (+35034)    29.5% 560/35971 (+35412)    15.3% 290/35971 (+35681)     5.8% 110/11990 (+11880)
   60      29.5% 9401/35971 (+26570)   26.4% 8423/35971 (+27548)   23.7% 7556/35971 (+28415)    20.4% 6522/11990 (+5468)
   90     28.2% 20275/35971 (+15696)  26.5% 19082/35971 (+16888)  25.5% 18324/35971 (+17648)   19.8% 14203/11990 (-2213)
   120     28.1% 27893/35971 (+8078)   27.8% 27567/35971 (+8404)   27.5% 27241/35971 (+8730)   16.6% 16497/11990 (-4507)
   150     28.4% 28946/35971 (+7025)   28.5% 29054/35971 (+6917)   28.3% 28837/35971 (+7134)   14.9% 15178/11990 (-3188)
   180     28.6% 28952/35971 (+7019)   28.2% 28518/35971 (+7453)   28.6% 28952/35971 (+7019)   14.6% 14747/11990 (-2757)
   210     27.9% 29166/35971 (+6805)   27.9% 29166/35971 (+6805)   28.4% 29708/35971 (+6263)   15.9% 16589/11990 (-4599)
   240     28.5% 29596/35971 (+6375)   28.8% 29921/35971 (+6050)   29.0% 30138/35971 (+5833)   13.6% 14093/11990 (-2103)
   270     29.0% 30457/35971 (+5514)   28.8% 30240/35971 (+5731)   28.6% 30023/35971 (+5948)   13.5% 14199/11990 (-2209)
   300     28.2% 30460/35971 (+5511)   28.3% 30568/35971 (+5402)   28.0% 30243/35971 (+5728)   15.6% 16910/11990 (-4920)
   330     28.2% 31006/35971 (+4966)   28.4% 31222/35971 (+4749)   28.3% 31114/35971 (+4857)   15.2% 16695/11990 (-4705)
   360     28.5% 31761/35971 (+4210)   28.2% 31436/35971 (+4535)   28.3% 31544/35971 (+4427)   15.1% 16802/11990 (-4812)
   390     28.7% 31848/35971 (+4123)   28.8% 31956/35971 (+4015)   28.9% 32065/35971 (+3906)   13.7% 15166/11990 (-3176)
   420     28.4% 32291/35971 (+3680)   28.7% 32617/35971 (+3354)   28.8% 32726/35971 (+3245)   14.1% 16091/11990 (-4101)
   450     28.6% 33177/35971 (+2794)   28.6% 33177/35971 (+2794)   28.6% 33177/35971 (+2794)   14.1% 16372/11990 (-4382)
   480     29.5% 33712/35971 (+2259)   29.7% 33929/35971 (+2042)   29.5% 33712/35971 (+2259)    11.3% 12900/11990 (-910)
   510     29.3% 33604/35971 (+2367)   29.3% 33604/35971 (+2367)   29.3% 33604/35971 (+2367)   12.1% 13875/11990 (-1885)
   540     29.3% 33540/35971 (+2431)   29.2% 33431/35971 (+2540)   29.1% 33323/35971 (+2648)   12.3% 14111/11990 (-2121)
   570     28.8% 33536/35971 (+2435)   28.8% 33536/35971 (+2435)   29.1% 33970/35971 (+2001)   13.3% 15520/11990 (-3530)
   600     27.9% 33820/35971 (+2150)   28.3% 34362/35971 (+1608)   28.2% 34146/35971 (+1825)   15.6% 18970/11990 (-6980)
   630     28.8% 34254/35971 (+1717)   28.9% 34362/35971 (+1608)   28.7% 34146/35971 (+1825)   13.5% 16043/11990 (-4053)
   660     29.8% 34258/35971 (+1713)   29.8% 34258/35971 (+1713)   29.9% 34366/35971 (+1605)     10.4% 11925/11990 (+65)
   690     28.3% 34370/35971 (+1601)   27.9% 33936/35971 (+2035)   28.0% 34045/35971 (+1926)   15.7% 19082/11990 (-7092)
   720     29.7% 34370/35971 (+1601)   29.8% 34478/35971 (+1492)   29.3% 33936/35971 (+2035)   11.2% 13011/11990 (-1021)
   750     29.6% 34475/35971 (+1496)   29.4% 34150/35971 (+1822)   29.5% 34366/35971 (+1605)   11.5% 13335/11990 (-1345)
   780     29.4% 34463/35971 (+1508)   28.9% 33921/35971 (+2050)   29.5% 34572/35971 (+1399)   12.2% 14306/11990 (-2316)
   810     28.5% 34703/35971 (+1268)   28.6% 34812/35971 (+1160)   28.5% 34703/35971 (+1268)   14.3% 17352/11990 (-5362)
   840     46.8% 44847/35971 (-8876)  16.7% 15983/35971 (+19988)  18.7% 17931/35971 (+18040)   17.8% 17007/11990 (-5017)
   870    66.2% 53025/35971 (-17054)    5.9% 4711/35971 (+31260)    5.9% 4689/35971 (+31282)   22.1% 17675/11990 (-5685)
   900     65.9% 45951/35971 (-9980)    6.8% 4722/35971 (+31249)    6.7% 4655/35971 (+31316)   20.7% 14431/11990 (-2441)
   930    70.1% 51136/35971 (-15165)  14.1% 10315/35971 (+25656)  14.2% 10327/35971 (+25644)    1.6% 1146/11990 (+10844)
   960     63.0% 45838/35971 (-9866)  17.7% 12895/35971 (+23076)  17.7% 12895/35971 (+23076)    1.6% 1162/11990 (+10828)
   990    55.6% 47288/35971 (-11317)  21.5% 18330/35971 (+17641)  21.5% 18330/35971 (+17641)    1.4% 1174/11990 (+10816)
   1020    49.7% 44453/35971 (-8482)  24.5% 21902/35971 (+14070)  24.6% 22010/35971 (+13961)    1.3% 1156/11990 (+10834)
   1050   48.0% 49972/35971 (-14001)  24.5% 25474/35971 (+10497)  24.4% 25365/35971 (+10606)     3.1% 3250/11990 (+8740)
   1080    44.3% 44961/35971 (-8990)   26.5% 26868/35971 (+9103)   26.7% 27085/35971 (+8886)     2.5% 2509/11990 (+9481)
   1110    41.9% 41634/35971 (-5663)   29.0% 28840/35971 (+7130)   29.1% 28949/35971 (+7022)               0.0% 0/0 (+0)
   1140    42.6% 43831/35971 (-7860)   28.9% 29695/35971 (+6276)   28.6% 29390/35971 (+6581)               0.0% 0/0 (+0)
   1170   43.0% 46238/35971 (-10267)   28.7% 30897/35971 (+5074)   28.2% 30360/35971 (+5611)               0.0% 0/0 (+0)
   1200   43.2% 47204/35971 (-11233)   28.4% 31011/35971 (+4960)   28.4% 31011/35971 (+4960)               0.0% 0/0 (+0)
   1230   43.2% 47800/35971 (-11829)   28.3% 31339/35971 (+4632)   28.5% 31550/35971 (+4421)               0.0% 0/0 (+0)
   1260   43.6% 49110/35971 (-13139)   28.0% 31571/35971 (+4400)   28.3% 31890/35971 (+4081)               0.0% 0/0 (+0)
   1290   41.8% 46112/35971 (-10140)   29.3% 32365/35971 (+3606)   28.9% 31932/35971 (+4039)               0.0% 0/0 (+0)
   1320   43.6% 49650/35971 (-13680)   28.5% 32451/35971 (+3520)   27.9% 31694/35971 (+4277)               0.0% 0/0 (+0)
   1350   43.8% 50805/35971 (-14834)   28.0% 32498/35971 (+3473)   28.3% 32823/35971 (+3148)               0.0% 0/0 (+0)
   1380   42.8% 48504/35971 (-12532)   28.5% 32264/35971 (+3708)   28.7% 32588/35971 (+3383)               0.0% 0/0 (+0)
   1410   45.3% 54655/35971 (-18684)   27.6% 33324/35971 (+2647)   27.2% 32793/35971 (+3178)               0.0% 0/0 (+0)
   1440   43.7% 52048/35971 (-16077)   27.9% 33205/35971 (+2766)   28.4% 33816/35971 (+2155)               0.0% 0/0 (+0)
   1470   40.9% 46874/35971 (-10902)   29.7% 34021/35971 (+1950)   29.4% 33697/35971 (+2274)               0.0% 0/0 (+0)
   1500   43.1% 51399/35971 (-15428)   28.6% 34023/35971 (+1948)   28.3% 33711/35971 (+2260)               0.0% 0/0 (+0)
   1530   42.5% 51019/35971 (-15048)   28.4% 34152/35971 (+1819)   29.1% 34885/35971 (+1086)               0.0% 0/0 (+0)
   1560   40.9% 47754/35971 (-11782)   29.9% 34842/35971 (+1129)   29.2% 34124/35971 (+1847)               0.0% 0/0 (+0)
   1590    31.8% 31957/35971 (+4014)   34.0% 34168/35971 (+1803)   34.1% 34268/35971 (+1703)               0.0% 0/0 (+0)
   1620   16.0% 13168/35971 (+22803)   42.0% 34526/35971 (+1445)   42.0% 34526/35971 (+1445)               0.0% 0/0 (+0)
   1650   16.1% 13253/35971 (+22718)   41.8% 34435/35971 (+1536)   42.1% 34652/35971 (+1319)               0.0% 0/0 (+0)
   1680   15.8% 13004/35971 (+22968)   41.9% 34568/35971 (+1403)   42.3% 34893/35971 (+1078)               0.0% 0/0 (+0)
   1710   16.1% 13201/35971 (+22770)   41.8% 34387/35971 (+1584)   42.1% 34600/35971 (+1371)               0.0% 0/0 (+0)
   1740   16.0% 13134/35971 (+22837)   42.0% 34542/35971 (+1429)   42.1% 34645/35971 (+1326)               0.0% 0/0 (+0)

 + ACCOUNT MIGRATIONS (cumulative):
 Validator       Donated   Received
 0               219,900     53,494
 1                     0    134,001
 2                     0    131,007
 3               172,954     74,352

 + TPS_TIMELINE_CSV:
timestamp_s,round,v0,v1,v2,v3,lat_mean,lat_p50,lat_p90,lat_p95
1776165204.357,30,937.5,559.5,290.0,109.9,,,,
1776165213.370,60,9400.8,8423.4,7556.0,6521.6,,,,
1776165222.395,90,20275.1,19082.5,18323.5,14203.4,,,,
1776165231.406,120,27892.6,27567.0,27241.4,16496.8,,,,
1776165240.417,150,28945.7,29054.2,28837.3,15177.5,,,,
1776165249.430,180,28952.2,28518.4,28952.2,14747.2,,,,
1776165258.442,210,29165.8,29165.8,29707.9,16588.7,,,,
1776165267.455,240,29596.2,29921.4,30138.3,14093.4,,,,
1776165276.467,270,30456.7,30240.0,30023.2,14198.7,,,,
1776165285.480,300,30460.1,30568.5,30243.3,16910.2,,,,
1776165294.492,330,31005.5,31222.4,31114.0,16695.3,,,,
1776165303.504,360,31760.9,31435.7,31544.1,16801.8,,,,
1776165312.517,390,31848.1,31956.4,32064.8,15165.8,,,,
1776165321.529,420,32291.2,32617.4,32726.1,16091.3,,,,
1776165330.541,450,33177.4,33177.4,33177.4,16371.9,,,,
1776165339.553,480,33712.1,33928.9,33712.1,12899.5,,,,
1776165348.566,510,33603.7,33603.7,33603.7,13875.1,,,,
1776165357.549,540,33539.9,33431.4,33322.9,14110.7,,,,
1776165366.561,570,33536.2,33536.2,33970.3,15520.0,,,,
1776165375.576,600,33820.5,34362.5,34145.7,18969.8,,,,
1776165384.587,630,34254.1,34362.5,34145.7,16043.0,,,,
1776165393.597,660,34257.9,34257.9,34366.3,11925.2,,,,
1776165402.609,690,34370.1,33936.4,34044.8,19082.5,,,,
1776165411.621,720,34370.1,34478.5,33936.4,13010.8,,,,
1776165420.633,750,34474.7,34149.5,34366.3,13334.6,,,,
1776165429.648,780,34463.2,33921.4,34571.6,14305.5,,,,
1776165438.658,810,34703.1,34811.5,34703.1,17351.5,2047.9,1898.0,2397.0,2548.0
1776165447.671,840,44847.3,15983.3,17931.3,17007.3,3118.2,2141.0,7645.0,9042.0
1776165456.684,870,53024.8,4711.1,4689.1,17674.9,4570.9,2170.0,12917.0,14225.0
1776165465.682,900,45951.0,4721.9,4654.6,14431.4,4761.8,2085.0,16782.0,18588.0
1776165474.694,930,51136.0,10314.7,10326.8,1145.6,5099.3,2099.0,21096.0,22503.0
1776165483.705,960,45837.5,12895.2,12895.2,1162.2,6509.6,2118.0,25054.0,26708.0
1776165492.713,990,47288.2,18329.6,18329.6,1174.2,6504.2,2072.0,29712.0,31765.0
1776165501.727,1020,44453.4,21901.5,22009.9,1156.3,7453.1,2077.0,34820.0,36625.0
1776165510.739,1050,49971.9,25473.8,25365.4,3249.9,7347.8,2029.0,38430.0,40553.0
1776165519.775,1080,44960.6,26868.0,27084.7,2509.4,8101.4,1917.0,43160.0,44713.0
1776165528.786,1110,41634.4,28840.5,28949.0,0.0,9044.6,2061.0,48200.0,50016.0
1776165538.382,1140,43831.3,29695.4,29390.3,0.0,9074.7,1931.0,52346.0,53889.0
1776165547.489,1170,46237.7,30896.7,30360.3,0.0,10836.7,1972.0,55573.0,57135.0
1776165556.705,1200,47204.2,31010.8,31010.8,0.0,10924.1,1984.0,58521.0,59593.0
1776165565.978,1230,47800.1,31339.1,31550.2,0.0,9987.1,1952.0,60432.0,60802.0
1776165575.154,1260,49110.4,31571.0,31889.9,0.0,10269.6,1912.0,61912.0,62865.0
1776165584.236,1290,46111.5,32364.6,31931.6,0.0,11307.1,1921.0,62762.0,63007.0
1776165593.196,1320,49650.5,32451.3,31694.1,0.0,11525.4,1928.0,62367.0,62574.0
1776165602.243,1350,50805.3,32498.1,32823.0,0.0,10909.4,1932.0,60458.0,61401.0
1776165611.230,1380,48503.5,32263.5,32588.3,0.0,10214.7,1966.0,57768.0,59207.0
1776165620.516,1410,54655.1,33323.7,32793.1,0.0,10130.5,2031.0,53809.0,55606.0
1776165630.108,1440,52048.3,33205.0,33816.1,0.0,9762.1,1953.0,49190.0,50787.0
1776165639.072,1470,46873.5,34021.1,33697.1,0.0,9315.7,2005.0,43434.0,46395.0
1776165648.528,1500,51399.1,34023.3,33711.2,0.0,7193.3,1987.0,30357.0,35980.0
1776165657.807,1530,51018.6,34152.0,34885.4,0.0,5779.3,2043.0,20492.0,23505.0
1776165667.395,1560,47753.5,34841.6,34124.3,0.0,3186.8,2053.0,8353.0,11112.0
1776165677.107,1590,31957.0,34167.9,34268.4,0.0,1948.9,1947.0,2332.0,2402.0
1776165686.499,1620,13167.7,34526.3,34526.3,0.0,1881.3,1880.0,2214.0,2275.0
1776165695.486,1650,13252.6,34435.1,34652.3,0.0,1860.3,1856.0,2202.0,2253.0
1776165704.467,1680,13003.5,34567.8,34892.9,0.0,1896.0,1895.0,2242.0,2296.0
1776165713.639,1710,13201.3,34387.2,34600.1,0.0,1949.5,1949.0,2300.0,2357.0
1776165723.173,1740,13134.2,34542.0,34645.4,0.0,1983.8,1991.0,2390.0,2398.0

 + MIGRATION_EVENTS_CSV:
timestamp_s,round,n_migrations
1776165213.418,60,0
1776165231.847,120,14137
1776165249.840,180,20348
1776165267.871,240,16796
1776165285.870,300,29435
1776165303.818,360,25885
1776165321.813,420,22955
1776165339.773,480,4350
1776165357.792,540,10790
1776165375.841,600,11072
1776165393.707,660,0
1776165411.834,720,1755
1776165429.866,780,4766
1776165447.862,840,10665
1776165466.182,900,40149
1776165484.208,960,44190
1776165502.081,1020,32043
1776165520.102,1080,20491
1776165538.701,1140,15606
1776165557.007,1200,10219
1776165575.437,1260,10978
1776165593.459,1320,10615
1776165611.464,1380,9665
1776165630.358,1440,10973
1776165648.732,1500,8682
1776165667.602,1560,6289
1776165686.575,1620,0
1776165704.531,1680,0
1776165723.246,1740,0

 WARNINGS:
  - Consensus stalled the system
  - Commit stalled the system
-----------------------------------------
CMD: LABEL=n4_bw_f_rate_imb90_r90000_run_1 LOCAL_ORCH=0 NODES=4 WORKER_BANDWIDTHS_MBPS=600,600,600,200 RATE_WEIGHTS=0.9,0.0333333,0.0333333,0.0333333 RATE=90000 DURATION=900 WARMUP=240 IN_MEMORY_STORE=1 fab cloudlab --manifest=manifest.xml --latency=100ms --primary-bw=300mbit --log-dir=/home/zpkhor/narwhal-validator/benchmark/exp/results/tps_timeline_lb_cloud_20260414_074613/n4_bw_f_rate_imb90_r90000_run_1
[92mStarting CloudLab benchmark[0m
All SSH hosts: ['hp084.utah.cloudlab.us', 'hp091.utah.cloudlab.us', 'hp069.utah.cloudlab.us', 'hp021.utah.cloudlab.us']
Killing previous processes...
Resetting TCP buffers...
Compiling...
Distributing binaries to 4 machines...
Generating configuration files...
Uploading config files...
Applying TC QoS shaping...
TC QoS applied: primary=300000kbps, worker_bws=[600000, 600000, 600000, 200000]kbps
Starting primaries and workers...
Waiting for workers to be ready...
All workers ready.
Starting clients...
Running benchmark (900 sec)...
Stopping processes...
Downloading logs...
Parsing logs...

-----------------------------------------
 SUMMARY:
-----------------------------------------
 + CONFIG:
 Committee size: 4 node(s)
 Worker(s) per node: 1 worker(s)
 Input rate: 90,001 tx/s
 Transaction size: 512 B
 Benchmark duration: 900.0 s
 Consensus duration: 541.65 s
 Commit duration: 539.71 s


 + LAST COMMITTED PER VALIDATOR (from primary logs):
 Validator  Time            Round
 0          12:01:31.016     3018
 1          12:01:31.032     3018
 2          12:01:31.036     3018
 3          12:01:31.036     3018
 + RESULTS:
 f+1 Commit latency (workers) (mean): 3,694 ms
 f+1 Commit latency (workers) (p50): 2,165 ms
 f+1 Commit latency (workers) (p90): 2,961 ms
 f+1 Commit latency (workers) (p95): 15,824 ms
 f+1 Commit latency (workers) (p99): 34,873 ms

 Consensus TPS: 86,421 tx/s
 Consensus BPS: 44,247,632 B/s
 Committed TPS: 86,733 tx/s
 Committed BPS: 44,407,255 B/s

 + VALIDATOR LOAD DISTRIBUTION:
 Validator 0: 14,531,863 tx (31.0%)
 Validator 1: 15,140,915 tx (32.3%)
 Validator 2: 13,829,052 tx (29.5%)
 Validator 3: 3,308,621 tx (7.1%)

 + PER-VALIDATOR COMMIT METRICS:
 Validator    TPS (tx/s)    Mean (ms)    p95 (ms)    Misses
 0            26,925        11,719       36,399      0
 1            28,054        2,145        2,726       0
 2            25,623        2,511        6,845       0
 3            6,130         2,230        2,621       0
 Overall      86,733        5,231 (wtd)  14,389 (wtd) 0

 + PER-VALIDATOR QUORUM TIMING (ms):
                    mean            p95             std      
 Validator       delay    lat    delay    lat    delay    lat
 0               9,387     32   22,996    110    9,889     42
 1                 189     30      240    112       34     41
 2                 190     30      243    112       35     41
 3                 167    124      209    204       43     39

 + PER-STAGE LATENCY BREAKDOWN (mean, ms):
   Stage                            All
   Client -> Worker:                252
   Worker -> Batch seal:             32
   Batch seal -> Quorum:          3,068
   Quorum -> Processed:              14
   Processed -> Header:             159
   Header -> Certified:             197
   Certified -> Committed:        1,633
   Sum:                           5,356
   (n=)                          41,082

 + CERTIFIED TPS TIMELINE (actual/capacity (spare)):
   round                          V0                          V1                          V2                          V3
   30       49.3% 820/35971 (+35151)    29.9% 498/35971 (+35474)    15.0% 250/35971 (+35721)      5.8% 97/11990 (+11893)
   60      29.4% 7737/35971 (+28234)   26.7% 7020/35971 (+28950)   23.5% 6184/35971 (+29787)    20.4% 5373/11990 (+6617)
   90     27.1% 16386/35971 (+19585)  25.9% 15627/35971 (+20344)  25.0% 15084/35971 (+20887)   22.1% 13348/11990 (-1358)
   120    27.8% 23019/35971 (+12952)  27.4% 22693/35971 (+13278)  26.8% 22150/35971 (+13821)   18.0% 14875/11990 (-2885)
   150    27.7% 23414/35971 (+12557)  27.7% 23414/35971 (+12557)  27.8% 23523/35971 (+12448)   16.9% 14309/11990 (-2319)
   180    27.4% 23352/35971 (+12619)  27.2% 23244/35971 (+12727)  27.8% 23676/35971 (+12295)   17.6% 15027/11990 (-3037)
   210    26.8% 23856/35971 (+12115)  27.1% 24073/35971 (+11898)  26.8% 23856/35971 (+12115)   19.3% 17133/11990 (-5143)
   240    27.3% 24051/35971 (+11920)  27.3% 24051/35971 (+11920)  27.2% 23943/35971 (+12028)   18.2% 16034/11990 (-4044)
   270    27.6% 24238/35971 (+11733)  27.9% 24455/35971 (+11516)  27.6% 24238/35971 (+11733)   16.9% 14824/11990 (-2834)
   300    27.6% 24558/35971 (+11414)  27.8% 24666/35971 (+11305)  27.8% 24666/35971 (+11305)   16.8% 14929/11990 (-2939)
   330    27.9% 25171/35971 (+10800)  27.7% 25062/35971 (+10909)  27.6% 24954/35971 (+11017)   16.8% 15189/11990 (-3199)
   360    27.6% 25288/35971 (+10683)  27.9% 25505/35971 (+10466)  27.8% 25396/35971 (+10575)   16.7% 15303/11990 (-3313)
   390    26.9% 25548/35971 (+10423)  27.1% 25656/35971 (+10315)  27.3% 25873/35971 (+10098)   18.7% 17754/11990 (-5764)
   420    28.1% 25565/35971 (+10406)   28.9% 26323/35971 (+9648)   28.5% 25998/35971 (+9973)   14.5% 13216/11990 (-1226)
   450     27.5% 26461/35971 (+9510)   27.3% 26244/35971 (+9727)   27.3% 26244/35971 (+9727)   17.9% 17243/11990 (-5253)
   480     28.2% 26593/35971 (+9378)   28.0% 26376/35971 (+9595)   28.1% 26485/35971 (+9486)   15.7% 14762/11990 (-2772)
   510     28.4% 26552/35971 (+9419)   28.2% 26444/35971 (+9528)   28.2% 26444/35971 (+9528)   15.2% 14197/11990 (-2207)
   540     28.0% 27021/35971 (+8950)   27.6% 26587/35971 (+9384)   28.2% 27130/35971 (+8841)   16.2% 15627/11990 (-3637)
   570     27.7% 26895/35971 (+9076)   27.9% 27112/35971 (+8859)   27.9% 27112/35971 (+8859)   16.4% 15942/11990 (-3952)
   600     27.8% 27202/35971 (+8769)   27.8% 27202/35971 (+8769)   28.0% 27419/35971 (+8552)   16.5% 16148/11990 (-4158)
   630     28.1% 27611/35971 (+8360)   27.7% 27286/35971 (+8685)   27.8% 27394/35971 (+8576)   16.4% 16134/11990 (-4144)
   660     28.3% 27379/35971 (+8592)   28.4% 27488/35971 (+8483)   28.2% 27271/35971 (+8700)   15.1% 14610/11990 (-2620)
   690     29.2% 27582/35971 (+8389)   29.5% 27800/35971 (+8172)   29.6% 27908/35971 (+8063)    11.7% 11076/11990 (+914)
   720     28.3% 27766/35971 (+8206)   28.5% 27982/35971 (+7988)   28.3% 27766/35971 (+8206)   14.9% 14642/11990 (-2652)
   750     25.8% 27680/35971 (+8292)   25.8% 27680/35971 (+8292)   25.9% 27788/35971 (+8183)  22.5% 24111/11990 (-12121)
   780     29.9% 27976/35971 (+7995)   29.6% 27759/35971 (+8212)   29.9% 27976/35971 (+7995)    10.6% 9976/11990 (+2014)
   810     30.1% 28187/35971 (+7784)   29.7% 27862/35971 (+8109)   30.1% 28187/35971 (+7784)    10.2% 9540/11990 (+2450)
   840     55.7% 39624/35971 (-3653)  17.1% 12139/35971 (+23832)  19.6% 13913/35971 (+22058)     7.7% 5448/11990 (+6542)
   870    81.9% 46307/35971 (-10336)    8.6% 4857/35971 (+31114)    7.3% 4151/35971 (+31820)    2.2% 1260/11990 (+10730)
   900     80.5% 44665/35971 (-8694)    9.5% 5273/35971 (+30698)    7.7% 4287/35971 (+31684)    2.3% 1272/11990 (+10718)
   930    70.8% 46245/35971 (-10274)   14.1% 9213/35971 (+26758)   13.2% 8645/35971 (+27326)    1.9% 1256/11990 (+10734)
   960    67.3% 46839/35971 (-10868)  15.7% 10951/35971 (+25020)  15.1% 10517/35971 (+25454)    1.8% 1243/11990 (+10747)
   990    60.7% 48449/35971 (-12478)  19.2% 15283/35971 (+20688)  18.5% 14741/35971 (+21230)    1.6% 1280/11990 (+10710)
   1020   55.8% 47148/35971 (-11177)  21.7% 18317/35971 (+17654)  20.9% 17667/35971 (+18304)    1.5% 1294/11990 (+10696)
   1050   51.6% 48449/35971 (-12478)  23.2% 21786/35971 (+14185)  23.0% 21569/35971 (+14402)     2.2% 2097/11990 (+9893)
   1080   48.7% 46720/35971 (-10749)  24.5% 23523/35971 (+12448)  24.0% 22981/35971 (+12990)     2.8% 2660/11990 (+9330)
   1110    44.5% 43560/35971 (-7589)  26.0% 25419/35971 (+10552)  25.7% 25202/35971 (+10769)     3.8% 3708/11990 (+8282)
   1140    42.7% 42067/35971 (-6096)   26.7% 26306/35971 (+9666)   26.4% 25979/35971 (+9992)     4.3% 4212/11990 (+7778)
   1170    42.7% 45197/35971 (-9226)   26.2% 27747/35971 (+8224)   26.1% 27639/35971 (+8332)     4.9% 5227/11990 (+6763)
   1200   45.5% 51604/35971 (-15633)   24.8% 28187/35971 (+7784)   24.7% 28078/35971 (+7892)     5.0% 5622/11990 (+6368)
   1230   41.8% 46746/35971 (-10775)   25.9% 28918/35971 (+7054)   26.5% 29678/35971 (+6292)     5.8% 6523/11990 (+5467)
   1260    40.0% 44054/35971 (-8083)   26.8% 29514/35971 (+6457)   27.1% 29840/35971 (+6132)     6.1% 6721/11990 (+5269)
   1290    39.0% 43138/35971 (-7167)   27.3% 30132/35971 (+5839)   27.3% 30132/35971 (+5839)     6.5% 7154/11990 (+4836)
   1320    39.5% 44473/35971 (-8502)   27.1% 30514/35971 (+5457)   27.0% 30406/35971 (+5565)     6.3% 7142/11990 (+4848)
   1350   41.2% 48460/35971 (-12489)   26.2% 30789/35971 (+5182)   26.2% 30789/35971 (+5182)     6.5% 7589/11990 (+4401)
   1380   41.1% 48956/35971 (-12985)   26.1% 31123/35971 (+4848)   26.2% 31232/35971 (+4739)     6.5% 7726/11990 (+4264)
   1410    29.0% 29711/35971 (+6260)   31.1% 31880/35971 (+4091)   31.3% 32097/35971 (+3874)     8.6% 8783/11990 (+3207)
   1440   20.4% 18975/35971 (+16996)   35.0% 32498/35971 (+3473)   34.9% 32388/35971 (+3582)     9.7% 9051/11990 (+2939)
   1470   20.5% 19187/35971 (+16784)   34.8% 32628/35971 (+3343)   35.1% 32953/35971 (+3018)     9.6% 8997/11990 (+2993)
   1500   20.7% 19297/35971 (+16674)   34.8% 32415/35971 (+3556)   34.7% 32306/35971 (+3664)     9.8% 9106/11990 (+2884)
   1530   21.0% 19729/35971 (+16242)   34.5% 32411/35971 (+3560)   34.9% 32845/35971 (+3126)     9.6% 8997/11990 (+2993)
   1560   20.8% 19247/35971 (+16724)   34.6% 32042/35971 (+3929)   35.0% 32479/35971 (+3492)     9.7% 8967/11990 (+3023)
   1590   20.6% 19159/35971 (+16812)   34.7% 32331/35971 (+3640)   34.9% 32548/35971 (+3422)     9.8% 9144/11990 (+2846)
   1620   20.8% 19249/35971 (+16722)   34.7% 32190/35971 (+3781)   34.8% 32298/35971 (+3673)     9.7% 9026/11990 (+2964)
   1650   20.7% 19308/35971 (+16663)   34.8% 32433/35971 (+3538)   34.9% 32541/35971 (+3430)     9.7% 9003/11990 (+2987)
   1680   20.7% 19297/35971 (+16674)   34.7% 32306/35971 (+3664)   34.8% 32415/35971 (+3556)     9.8% 9106/11990 (+2884)
   1710   20.8% 19401/35971 (+16570)   34.7% 32408/35971 (+3563)   34.8% 32516/35971 (+3455)     9.6% 8996/11990 (+2994)
   1740   20.5% 19182/35971 (+16789)   34.7% 32512/35971 (+3458)   35.1% 32838/35971 (+3133)     9.7% 9104/11990 (+2886)
   1770   20.8% 19347/35971 (+16624)   34.6% 32129/35971 (+3842)   34.8% 32346/35971 (+3625)     9.7% 9050/11990 (+2940)
   1800   20.5% 19059/35971 (+16912)   35.2% 32704/35971 (+3267)   34.5% 32054/35971 (+3917)     9.7% 8988/11990 (+3002)
   1830   20.7% 19499/35971 (+16472)   35.0% 32931/35971 (+3040)   34.8% 32715/35971 (+3256)     9.6% 8991/11990 (+2999)
   1860   20.5% 19087/35971 (+16884)   34.7% 32209/35971 (+3762)   35.0% 32534/35971 (+3437)     9.8% 9098/11990 (+2892)
   1890   20.6% 19297/35971 (+16674)   34.7% 32523/35971 (+3448)   35.1% 32957/35971 (+3014)     9.6% 8998/11990 (+2992)
   1920   20.6% 19078/35971 (+16893)   35.0% 32411/35971 (+3560)   34.9% 32303/35971 (+3668)     9.6% 8870/11990 (+3120)
   1950   20.9% 19618/35971 (+16353)   34.9% 32841/35971 (+3130)   34.7% 32624/35971 (+3346)     9.5% 8888/11990 (+3102)
   1980   20.6% 19191/35971 (+16780)   35.0% 32635/35971 (+3336)   34.8% 32527/35971 (+3444)     9.6% 8999/11990 (+2991)
   2010   20.8% 19406/35971 (+16565)   34.8% 32415/35971 (+3556)   34.8% 32415/35971 (+3556)     9.7% 8998/11990 (+2992)
   2040   20.7% 19184/35971 (+16786)   35.0% 32408/35971 (+3563)   34.6% 32082/35971 (+3888)     9.7% 8996/11990 (+2994)
   2070   20.7% 19277/35971 (+16694)   34.8% 32408/35971 (+3563)   34.9% 32516/35971 (+3455)     9.7% 8996/11990 (+2994)
   2100   20.9% 19385/35971 (+16586)   34.7% 32236/35971 (+3735)   34.6% 32127/35971 (+3844)     9.7% 9039/11990 (+2951)
   2130   20.6% 19293/35971 (+16678)   34.9% 32733/35971 (+3238)   35.0% 32841/35971 (+3130)     9.6% 8996/11990 (+2994)
   2160   20.7% 19297/35971 (+16674)   34.8% 32523/35971 (+3448)   34.8% 32523/35971 (+3448)     9.6% 8998/11990 (+2992)
   2190   20.7% 19403/35971 (+16568)   34.8% 32520/35971 (+3451)   34.9% 32628/35971 (+3343)     9.6% 8997/11990 (+2993)
   2220   20.6% 19297/35971 (+16674)   34.9% 32632/35971 (+3339)   34.7% 32415/35971 (+3556)     9.7% 9106/11990 (+2884)
   2250   20.4% 19184/35971 (+16786)   34.9% 32733/35971 (+3238)   35.1% 32950/35971 (+3021)     9.6% 8996/11990 (+2994)
   2280   20.7% 19297/35971 (+16674)   34.9% 32523/35971 (+3448)   34.8% 32415/35971 (+3556)     9.7% 8998/11990 (+2992)
   2310   20.8% 19297/35971 (+16674)   34.9% 32415/35971 (+3556)   34.6% 32090/35971 (+3881)     9.7% 8998/11990 (+2992)
   2340   20.5% 19089/35971 (+16882)   34.7% 32212/35971 (+3759)   35.0% 32538/35971 (+3433)     9.8% 9111/11990 (+2879)
   2370   20.3% 18970/35971 (+17001)   35.0% 32628/35971 (+3343)   35.0% 32628/35971 (+3343)     9.8% 9106/11990 (+2884)
   2400   20.5% 19172/35971 (+16799)   34.8% 32570/35971 (+3401)   34.8% 32570/35971 (+3401)     9.8% 9150/11990 (+2840)
   2430   20.8% 19299/35971 (+16672)   34.7% 32093/35971 (+3878)   34.8% 32202/35971 (+3769)     9.7% 8999/11990 (+2991)
   2460   20.6% 19291/35971 (+16680)   35.1% 32838/35971 (+3133)   34.6% 32404/35971 (+3567)     9.6% 8995/11990 (+2995)
   2490   20.8% 19299/35971 (+16672)   34.7% 32202/35971 (+3769)   34.9% 32418/35971 (+3552)     9.7% 8999/11990 (+2991)
   2520   20.7% 19297/35971 (+16674)   34.7% 32306/35971 (+3664)   34.8% 32415/35971 (+3556)     9.7% 8998/11990 (+2992)
   2550   20.6% 19178/35971 (+16793)   34.9% 32505/35971 (+3466)   34.8% 32397/35971 (+3574)     9.7% 8991/11990 (+2999)
   2580   20.4% 19056/35971 (+16914)   35.1% 32777/35971 (+3194)   34.9% 32559/35971 (+3412)     9.6% 8929/11990 (+3061)
   2610   20.9% 19523/35971 (+16448)   34.7% 32429/35971 (+3542)   34.9% 32646/35971 (+3325)     9.5% 8894/11990 (+3096)
   2640   20.7% 19297/35971 (+16674)   34.8% 32415/35971 (+3556)   34.8% 32415/35971 (+3556)     9.7% 8998/11990 (+2992)
   2670   20.8% 19295/35971 (+16676)   34.8% 32303/35971 (+3668)   34.8% 32303/35971 (+3668)     9.7% 8997/11990 (+2993)
   2700   20.6% 19078/35971 (+16893)   35.1% 32411/35971 (+3560)   34.6% 31978/35971 (+3993)     9.7% 8997/11990 (+2993)
   2730   20.5% 19189/35971 (+16782)   35.2% 32848/35971 (+3122)   34.7% 32415/35971 (+3556)     9.6% 8998/11990 (+2992)
   2760   20.7% 19304/35971 (+16667)   34.6% 32209/35971 (+3762)   35.1% 32643/35971 (+3328)     9.6% 8893/11990 (+3097)
   2790   20.7% 19295/35971 (+16676)   34.8% 32520/35971 (+3451)   34.8% 32520/35971 (+3451)     9.6% 8997/11990 (+2993)
   2820   20.7% 19187/35971 (+16784)   34.7% 32194/35971 (+3776)   34.8% 32303/35971 (+3668)     9.8% 9106/11990 (+2884)
   2850   20.4% 19078/35971 (+16893)   35.0% 32736/35971 (+3234)   34.9% 32628/35971 (+3343)     9.6% 8997/11990 (+2993)
   2880   20.8% 19304/35971 (+16667)   34.9% 32426/35971 (+3545)   34.7% 32209/35971 (+3762)     9.7% 9001/11990 (+2989)
   2910   20.6% 19189/35971 (+16782)   34.8% 32415/35971 (+3556)   34.9% 32523/35971 (+3448)     9.7% 8998/11990 (+2992)
   2940   20.7% 19295/35971 (+16676)   34.9% 32520/35971 (+3451)   34.9% 32520/35971 (+3451)     9.5% 8889/11990 (+3101)
   2970   20.8% 19355/35971 (+16616)   34.9% 32512/35971 (+3459)   34.8% 32404/35971 (+3567)     9.6% 8916/11990 (+3074)
   3000   20.6% 19399/35971 (+16572)   34.9% 32838/35971 (+3133)   34.9% 32838/35971 (+3133)     9.5% 8887/11990 (+3103)

 + ACCOUNT MIGRATIONS (cumulative):
 Validator       Donated   Received
 0               194,382     49,166
 1                     0    134,308
 2                     0    135,065
 3               147,221     23,064

 + TPS_TIMELINE_CSV:
timestamp_s,round,v0,v1,v2,v3,lat_mean,lat_p50,lat_p90,lat_p95
1776167192.935,30,820.0,497.5,250.4,97.0,,,,
1776167201.938,60,7736.7,7020.5,6184.3,5372.8,,,,
1776167210.950,90,16386.4,15626.8,15084.2,13347.9,,,,
1776167219.975,120,23018.9,22693.2,22150.3,14875.4,,,,
1776167228.986,150,23414.2,23414.2,23522.6,14308.7,,,,
1776167237.998,180,23352.0,23243.9,23676.3,15027.4,,,,
1776167247.013,210,23855.7,24072.6,23855.7,17132.7,,,,
1776167256.028,240,24051.2,24051.2,23942.9,16034.2,,,,
1776167265.064,270,24238.3,24454.8,24238.3,14824.3,,,,
1776167274.093,300,24557.5,24665.7,24665.7,14929.2,,,,
1776167283.105,330,25170.9,25062.4,24953.9,15189.3,,,,
1776167292.119,360,25287.8,25504.9,25396.4,15302.9,,,,
1776167301.135,390,25548.1,25656.4,25872.9,17753.8,,,,
1776167310.146,420,25565.1,26323.4,25998.4,13215.9,,,,
1776167319.159,450,26461.1,26244.2,26244.2,17243.1,,,,
1776167328.174,480,26593.2,26376.1,26484.6,14761.9,,,,
1776167337.190,510,26551.9,26443.5,26443.5,14197.1,,,,
1776167346.202,540,27021.3,26587.2,27129.8,15626.8,,,,
1776167355.220,570,26894.9,27111.8,27111.8,15941.7,,,,
1776167364.238,600,27202.1,27202.1,27418.9,16147.9,,,,
1776167373.252,630,27611.1,27286.3,27394.5,16133.5,,,,
1776167382.266,660,27379.4,27487.6,27271.2,14609.5,,,,
1776167391.279,690,27582.3,27799.5,27908.1,11076.4,,,,
1776167400.291,720,27765.5,27982.5,27765.5,14642.0,,,,
1776167409.305,750,27679.5,27679.5,27787.6,24111.4,,,,
1776167418.291,780,27976.2,27759.4,27976.2,9976.0,,,,
1776167427.302,810,28186.9,27861.6,28186.9,9540.2,2119.7,1944.0,2461.0,4752.0
1776167436.271,840,39624.3,12139.1,13913.1,5448.0,3060.6,2161.0,7214.0,8057.0
1776167445.284,870,46306.9,4856.8,4151.4,1259.9,3691.9,2121.0,11216.0,11920.0
1776167454.296,900,44665.3,5273.1,4287.0,1271.7,4378.6,2098.0,15062.0,16164.0
1776167463.296,930,46244.7,9213.0,8645.2,1256.2,4861.6,2077.0,19122.0,20074.0
1776167472.308,960,46838.8,10950.7,10517.0,1243.0,5801.2,2050.0,22727.0,23687.0
1776167481.321,990,48449.0,15282.6,14740.6,1279.6,6233.3,2052.0,25246.0,26501.0
1776167490.338,1020,47148.3,18317.4,17667.1,1294.1,7208.1,2072.0,28410.0,29215.0
1776167499.350,1050,48449.0,21785.8,21569.0,2097.1,6763.9,2040.0,31272.0,32279.0
1776167508.362,1080,46720.0,23522.6,22980.6,2659.5,6907.2,2042.0,33882.0,34834.0
1776167517.374,1110,43559.8,25418.9,25201.7,3707.6,7505.6,2078.0,36285.0,37017.0
1776167526.328,1140,42067.1,26305.5,25979.4,4211.9,7433.2,2091.0,37823.0,38224.0
1776167535.338,1170,45197.4,27747.1,27638.7,5226.8,8223.5,2097.0,36885.0,37586.0
1776167544.350,1200,51603.6,28186.9,28078.5,5622.5,6924.0,2066.0,34901.0,35996.0
1776167553.361,1230,46746.4,28917.5,29678.5,6522.8,6478.3,1952.0,32934.0,33880.0
1776167562.372,1260,44054.0,29514.0,29839.5,6720.9,6445.7,2010.0,30196.0,31187.0
1776167571.383,1290,43138.0,30131.6,30131.6,7153.5,6703.5,2023.0,25607.0,28314.0
1776167580.421,1320,44473.0,30514.3,30406.1,7141.7,5927.1,2088.0,20678.0,22226.0
1776167589.433,1350,48459.7,30788.7,30788.7,7588.8,4469.4,2143.0,13285.0,14787.0
1776167598.393,1380,48955.8,31123.0,31231.8,7726.3,3240.0,2320.0,6615.0,7574.0
1776167607.402,1410,29711.2,31879.9,32096.8,8783.2,2215.8,2139.0,2834.0,3247.0
1776167616.389,1440,18975.1,32497.6,32388.5,9051.3,1993.3,2003.0,2354.0,2456.0
1776167625.399,1470,19186.6,32628.1,32953.3,8997.1,2000.8,2008.0,2365.0,2469.0
1776167634.410,1500,19297.2,32414.9,32306.5,9106.5,1991.9,1985.0,2333.0,2431.0
1776167643.424,1530,19728.6,32411.3,32844.9,8997.1,1971.1,1977.0,2332.0,2435.0
1776167652.299,1560,19246.9,32041.8,32479.2,8967.3,2000.7,1988.0,2377.0,2486.0
1776167661.313,1590,19159.0,32330.8,32548.5,9144.1,2021.3,2007.0,2428.0,2528.0
1776167670.300,1620,19248.6,32189.7,32298.4,9026.2,2458.8,2282.0,3323.0,4125.0
1776167679.311,1650,19307.9,32432.9,32541.4,9003.1,2230.7,2236.0,2737.0,2831.0
1776167688.325,1680,19297.2,32306.5,32414.9,9106.5,2256.9,2254.0,2753.0,2842.0
1776167697.341,1710,19401.3,32407.7,32516.1,8996.1,2265.3,2265.0,2770.0,2858.0
1776167706.337,1740,19182.4,32512.5,32837.6,9103.5,5213.6,2365.0,13710.0,15622.0
1776167715.364,1770,19346.7,32128.9,32346.0,9050.2,2066.6,2045.0,2492.0,2711.0
1776167724.345,1800,19059.2,32703.8,32054.1,8988.1,2104.5,2096.0,2599.0,2713.0
1776167733.396,1830,19498.8,32931.4,32714.7,8991.1,2143.8,2132.0,2664.0,2770.0
1776167742.406,1860,19086.7,32208.8,32534.1,9098.0,2140.6,2137.0,2669.0,2767.0
1776167751.418,1890,19297.2,32523.3,32956.9,8998.1,2151.7,2153.0,2655.0,2784.0
1776167760.430,1920,19078.2,32411.3,32302.9,8870.4,2153.2,2162.0,2652.0,2749.0
1776167769.445,1950,19618.0,32841.2,32624.5,8887.7,2158.0,2162.0,2704.0,2778.0
1776167778.455,1980,19190.9,32635.3,32526.9,8999.1,2151.2,2145.0,2665.0,2771.0
1776167787.466,2010,19405.6,32414.9,32414.9,8998.1,2158.7,2154.0,2684.0,2777.0
1776167796.480,2040,19184.5,32407.7,32082.5,8996.1,2145.4,2153.0,2688.0,2770.0
1776167805.495,2070,19276.9,32407.7,32516.1,8996.1,3349.3,2185.0,7903.0,12302.0
1776167814.464,2100,19385.4,32236.3,32127.4,9039.2,1970.0,1985.0,2304.0,2404.0
1776167823.477,2130,19292.9,32732.9,32841.2,8996.1,2001.0,2009.0,2364.0,2459.0
1776167832.492,2160,19297.2,32523.3,32523.3,8998.1,2000.8,2018.0,2362.0,2435.0
1776167841.506,2190,19403.4,32519.7,32628.1,8997.1,2013.9,2033.0,2385.0,2472.0
1776167850.518,2220,19297.2,32631.7,32414.9,9106.5,1983.5,1996.0,2343.0,2434.0
1776167859.530,2250,19184.5,32732.9,32949.6,8996.1,1991.2,2005.0,2361.0,2461.0
1776167868.543,2280,19297.2,32523.3,32414.9,8998.1,1988.8,2008.0,2355.0,2419.0
1776167877.559,2310,19297.2,32414.9,32089.7,8998.1,1997.7,2014.0,2371.0,2465.0
1776167886.571,2340,19088.8,32212.4,32537.7,9110.6,2001.7,2026.0,2374.0,2445.0
1776167895.583,2370,18969.8,32628.1,32628.1,9105.5,2084.4,2060.0,2560.0,2717.0
1776167904.540,2400,19171.8,32570.3,32570.3,9150.2,2243.2,2227.0,2727.0,2818.0
1776167913.553,2430,19299.3,32093.2,32201.6,8999.1,2253.1,2240.0,2736.0,2824.0
1776167922.564,2460,19290.7,32837.6,32404.1,8995.1,2273.6,2286.0,2751.0,2832.0
1776167931.577,2490,19299.3,32201.6,32418.5,8999.1,2270.2,2271.0,2763.0,2845.0
1776167940.595,2520,19297.2,32306.5,32414.9,8998.1,5446.1,2419.0,14264.0,16181.0
1776167949.619,2550,19178.1,32505.3,32396.9,8990.6,2021.0,2036.0,2381.0,2453.0
1776167958.553,2580,19056.5,32777.2,32559.4,8929.3,2025.5,2041.0,2399.0,2489.0
1776167967.564,2610,19522.6,32429.3,32646.2,8893.7,2042.8,2067.0,2419.0,2518.0
1776167976.576,2640,19297.2,32414.9,32414.9,8998.1,,,,
1776167985.591,2670,19295.0,32302.9,32302.9,8997.1,,,,
1776167994.603,2700,19078.2,32411.3,31977.7,8997.1,,,,
1776168003.614,2730,19188.7,32848.5,32414.9,8998.1,,,,
1776168012.626,2760,19303.6,32208.8,32642.6,8892.7,,,,
1776168021.643,2790,19295.0,32519.7,32519.7,8997.1,,,,
1776168030.654,2820,19186.6,32194.5,32302.9,9105.5,,,,
1776168039.665,2850,19078.2,32736.5,32628.1,8997.1,,,,
1776168048.677,2880,19303.6,32425.7,32208.8,9001.1,,,,
1776168057.697,2910,19188.7,32414.9,32523.3,8998.1,,,,
1776168066.705,2940,19295.0,32519.7,32519.7,8888.7,,,,
1776168075.696,2970,19355.1,32512.3,32403.6,8916.4,,,,
1776168084.707,3000,19399.1,32837.6,32837.6,8886.7,,,,

 + MIGRATION_EVENTS_CSV:
timestamp_s,round,n_migrations
1776167201.979,60,0
1776167220.392,120,9354
1776167238.415,180,15941
1776167256.371,240,19876
1776167274.445,300,20994
1776167292.442,360,22140
1776167310.425,420,9329
1776167328.455,480,16937
1776167346.474,540,11179
1776167364.459,600,9044
1776167382.500,660,6206
1776167400.516,720,6221
1776167418.372,780,0
1776167436.782,840,6663
1776167454.776,900,35422
1776167472.804,960,43750
1776167490.758,1020,35600
1776167508.698,1080,21219
1776167526.626,1140,16499
1776167544.611,1200,11443
1776167562.623,1260,6340
1776167580.654,1320,6322
1776167598.654,1380,11124
1776167616.470,1440,0
1776167634.493,1500,0
1776167652.380,1560,0
1776167670.387,1620,0
1776167688.414,1680,0
1776167706.416,1740,0
1776167724.419,1800,0
1776167742.488,1860,0
1776167760.511,1920,0
1776167778.535,1980,0
1776167796.560,2040,0
1776167814.550,2100,0
1776167832.572,2160,0
1776167850.605,2220,0
1776167868.630,2280,0
1776167886.653,2340,0
1776167904.626,2400,0
1776167922.645,2460,0
1776167940.682,2520,0
1776167958.636,2580,0
1776167976.663,2640,0
1776167994.696,2700,0
1776168012.712,2760,0
1776168030.741,2820,0
1776168048.763,2880,0
1776168066.791,2940,0
1776168084.787,3000,0
-----------------------------------------
CMD: LABEL=n4_bw_f1_rate_imb90_r60000_run_1 LOCAL_ORCH=0 NODES=4 WORKER_BANDWIDTHS_MBPS=600,600,200,200 RATE_WEIGHTS=0.9,0.0333333,0.0333333,0.0333333 RATE=60000 DURATION=900 WARMUP=240 IN_MEMORY_STORE=1 fab cloudlab --manifest=manifest.xml --latency=100ms --primary-bw=300mbit --log-dir=/home/zpkhor/narwhal-validator/benchmark/exp/results/tps_timeline_lb_cloud_20260414_074613/n4_bw_f1_rate_imb90_r60000_run_1
[92mStarting CloudLab benchmark[0m
All SSH hosts: ['hp084.utah.cloudlab.us', 'hp091.utah.cloudlab.us', 'hp069.utah.cloudlab.us', 'hp021.utah.cloudlab.us']
Killing previous processes...
Resetting TCP buffers...
Compiling...
Distributing binaries to 4 machines...
Generating configuration files...
Uploading config files...
Applying TC QoS shaping...
TC QoS applied: primary=300000kbps, worker_bws=[600000, 600000, 200000, 200000]kbps
Starting primaries and workers...
Waiting for workers to be ready...
All workers ready.
Starting clients...
Running benchmark (900 sec)...
Stopping processes...
Downloading logs...
Parsing logs...

-----------------------------------------
 SUMMARY:
-----------------------------------------
 + CONFIG:
 Committee size: 4 node(s)
 Worker(s) per node: 1 worker(s)
 Input rate: 60,001 tx/s
 Transaction size: 512 B
 Benchmark duration: 900.0 s
 Consensus duration: 542.4 s
 Commit duration: 539.99 s


 + LAST COMMITTED PER VALIDATOR (from primary logs):
 Validator  Time            Round
 0          12:17:12.668     3016
 1          12:17:12.644     3016
 2          12:17:12.625     3016
 3          12:17:12.642     3016
 + RESULTS:
 f+1 Commit latency (workers) (mean): 2,337 ms
 f+1 Commit latency (workers) (p50): 2,019 ms
 f+1 Commit latency (workers) (p90): 2,490 ms
 f+1 Commit latency (workers) (p95): 4,386 ms
 f+1 Commit latency (workers) (p99): 9,777 ms

 Consensus TPS: 59,904 tx/s
 Consensus BPS: 30,670,700 B/s
 Committed TPS: 60,171 tx/s
 Committed BPS: 30,807,471 B/s

 + VALIDATOR LOAD DISTRIBUTION:
 Validator 0: 19,768,423 tx (60.8%)
 Validator 1: 10,178,912 tx (31.3%)
 Validator 2: 1,267,177 tx (3.9%)
 Validator 3: 1,277,201 tx (3.9%)

 + PER-VALIDATOR COMMIT METRICS:
 Validator    TPS (tx/s)    Mean (ms)    p95 (ms)    Misses
 0            36,609        3,637        9,620       0
 1            18,850        2,016        2,510       0
 2            2,347         1,901        2,402       0
 3            2,365         2,057        2,507       0
 Overall      60,171        2,999 (wtd)  6,831 (wtd) 0

 + PER-VALIDATOR QUORUM TIMING (ms):
                    mean            p95             std      
 Validator       delay    lat    delay    lat    delay    lat
 0               1,496     23    7,377    102    2,509     37
 1                 166     46      202    106       34     44
 2                   2    132        0    146       20     10
 3                   3    134        0    148       25     12

 + PER-STAGE LATENCY BREAKDOWN (mean, ms):
   Stage                            All
   Client -> Worker:                 13
   Worker -> Batch seal:             71
   Batch seal -> Quorum:            939
   Quorum -> Processed:              14
   Processed -> Header:             156
   Header -> Certified:             198
   Certified -> Committed:        1,620
   Sum:                           3,011
   (n=)                          43,070

 + CERTIFIED TPS TIMELINE (actual/capacity (spare)):
   round                          V0                          V1                          V2                          V3
   30       50.3% 497/35971 (+35474)    29.4% 290/35971 (+35681)    14.7% 145/11990 (+11845)      5.6% 55/11990 (+11935)
   60      29.5% 5111/35971 (+30860)   26.6% 4617/35971 (+31354)    23.6% 4090/11990 (+7900)    20.4% 3534/11990 (+8456)
   90     27.3% 10950/35971 (+25022)  25.7% 10299/35971 (+25672)    24.3% 9757/11990 (+2233)    22.7% 9106/11990 (+2884)
   120    25.5% 15179/35971 (+20792)  25.1% 14962/35971 (+21009)   24.9% 14854/11990 (-2864)   24.5% 14637/11990 (-2647)
   150    25.1% 15501/35971 (+20470)  24.9% 15393/35971 (+20578)   25.1% 15501/11990 (-3511)   24.9% 15393/11990 (-3403)
   180    24.7% 15394/35971 (+20577)  25.4% 15828/35971 (+20143)   24.9% 15503/11990 (-3513)   24.9% 15503/11990 (-3513)
   210    25.2% 15720/35971 (+20251)  24.9% 15503/35971 (+20468)   25.0% 15611/11990 (-3621)   24.9% 15503/11990 (-3513)
   240    25.1% 15499/35971 (+20472)  25.1% 15499/35971 (+20472)   25.1% 15499/11990 (-3509)   24.7% 15283/11990 (-3293)
   270    24.9% 15499/35971 (+20472)  25.3% 15716/35971 (+20255)   24.9% 15499/11990 (-3509)   24.9% 15499/11990 (-3509)
   300    25.1% 15610/35971 (+20362)  25.3% 15718/35971 (+20253)   24.8% 15393/11990 (-3403)   24.8% 15393/11990 (-3403)
   330    25.1% 15608/35971 (+20363)  25.1% 15608/35971 (+20363)   25.0% 15499/11990 (-3509)   24.8% 15391/11990 (-3401)
   360    24.9% 15393/35971 (+20578)  25.3% 15610/35971 (+20362)   25.1% 15501/11990 (-3511)   24.7% 15284/11990 (-3294)
   390    25.1% 15610/35971 (+20362)  25.1% 15610/35971 (+20362)   24.9% 15501/11990 (-3511)   24.9% 15501/11990 (-3511)
   420    25.1% 15611/35971 (+20360)  24.6% 15286/35971 (+20685)   25.3% 15720/11990 (-3730)   25.0% 15503/11990 (-3513)
   450    25.1% 15611/35971 (+20360)  25.0% 15503/35971 (+20468)   24.6% 15286/11990 (-3296)   25.3% 15720/11990 (-3730)
   480    25.0% 15498/35971 (+20473)  25.0% 15498/35971 (+20473)   25.2% 15606/11990 (-3616)   24.8% 15389/11990 (-3399)
   510    24.7% 15174/35971 (+20797)  24.9% 15283/35971 (+20688)   24.9% 15283/11990 (-3293)   25.4% 15608/11990 (-3618)
   540    24.8% 15503/35971 (+20468)  25.1% 15720/35971 (+20251)   25.1% 15720/11990 (-3730)   25.0% 15611/11990 (-3621)
   570    25.0% 15499/35971 (+20472)  25.0% 15499/35971 (+20472)   25.0% 15499/11990 (-3509)   24.9% 15391/11990 (-3401)
   600    24.6% 15174/35971 (+20797)  25.2% 15499/35971 (+20472)   25.0% 15391/11990 (-3401)   25.2% 15499/11990 (-3509)
   630    25.0% 15393/35971 (+20578)  24.8% 15284/35971 (+20687)   25.3% 15610/11990 (-3620)   25.0% 15393/11990 (-3403)
   660    24.6% 15284/35971 (+20687)  25.0% 15501/35971 (+20470)   25.1% 15610/11990 (-3620)   25.3% 15718/11990 (-3728)
   690    25.1% 15501/35971 (+20470)  24.8% 15284/35971 (+20687)   25.1% 15501/11990 (-3511)   25.0% 15393/11990 (-3403)
   720    25.1% 15716/35971 (+20255)  25.0% 15608/35971 (+20363)   25.1% 15716/11990 (-3726)   24.8% 15499/11990 (-3509)
   750    25.0% 15503/35971 (+20468)  24.7% 15286/35971 (+20685)   25.0% 15503/11990 (-3513)   25.2% 15611/11990 (-3621)
   780    24.8% 15394/35971 (+20577)  25.3% 15720/35971 (+20251)   25.0% 15503/11990 (-3513)   25.0% 15503/11990 (-3513)
   810    24.9% 15499/35971 (+20472)  24.9% 15499/35971 (+20472)   25.1% 15608/11990 (-3618)   25.1% 15608/11990 (-3618)
   840      59.5% 35009/35971 (+962)   11.5% 6784/35971 (+29187)    13.4% 7892/11990 (+4098)    15.6% 9187/11990 (+2803)
   870    88.4% 47614/35971 (-11643)    3.9% 2087/35971 (+33884)     3.9% 2098/11990 (+9892)     3.8% 2034/11990 (+9956)
   900    88.3% 47024/35971 (-11052)    3.9% 2075/35971 (+33896)     3.9% 2095/11990 (+9895)     3.9% 2081/11990 (+9909)
   930    84.0% 47907/35971 (-11936)    8.7% 4962/35971 (+31009)     3.7% 2086/11990 (+9904)     3.7% 2086/11990 (+9904)
   960    82.1% 47489/35971 (-11518)   10.7% 6171/35971 (+29800)     3.6% 2084/11990 (+9906)     3.6% 2086/11990 (+9904)
   990     77.4% 45321/35971 (-9350)   15.6% 9108/35971 (+26864)     3.5% 2042/11990 (+9948)     3.6% 2086/11990 (+9904)
   1020   77.0% 48563/35971 (-12592)  16.5% 10406/35971 (+25565)     3.3% 2086/11990 (+9904)     3.2% 2031/11990 (+9959)
   1050    70.4% 41521/35971 (-5550)  22.6% 13335/35971 (+22636)     3.5% 2042/11990 (+9948)     3.5% 2084/11990 (+9906)
   1080   73.1% 51062/35971 (-15091)  21.0% 14636/35971 (+21336)     3.0% 2075/11990 (+9915)     3.0% 2075/11990 (+9915)
   1110   68.3% 47598/35971 (-11627)  25.4% 17673/35971 (+18298)     3.2% 2204/11990 (+9786)     3.2% 2218/11990 (+9772)
   1140    65.9% 45099/35971 (-9128)  27.5% 18864/35971 (+17108)     3.3% 2264/11990 (+9726)     3.3% 2257/11990 (+9733)
   1170   66.8% 52076/35971 (-16105)  26.9% 21004/35971 (+14967)     3.1% 2437/11990 (+9553)     3.1% 2422/11990 (+9568)
   1200    60.6% 40993/35971 (-5022)  32.0% 21689/35971 (+14282)     3.7% 2512/11990 (+9478)     3.7% 2493/11990 (+9497)
   1230     57.2% 35450/35971 (+521)  34.8% 21574/35971 (+14397)     4.0% 2478/11990 (+9512)     4.0% 2492/11990 (+9498)
   1260     57.3% 35647/35971 (+324)  34.7% 21562/35971 (+14409)     4.0% 2498/11990 (+9492)     4.0% 2493/11990 (+9497)
   1290     57.3% 35559/35971 (+412)  34.6% 21465/35971 (+14506)     4.0% 2505/11990 (+9485)     4.0% 2486/11990 (+9504)
   1320      57.7% 35887/35971 (+84)  34.4% 21424/35971 (+14548)     4.0% 2492/11990 (+9498)     3.9% 2435/11990 (+9555)
   1350     57.1% 35391/35971 (+580)  35.0% 21670/35971 (+14301)     4.0% 2450/11990 (+9540)     4.0% 2464/11990 (+9526)
   1380     57.0% 35330/35971 (+641)  35.0% 21675/35971 (+14296)     4.0% 2464/11990 (+9526)     4.0% 2487/11990 (+9503)
   1410     57.2% 35659/35971 (+312)  34.8% 21677/35971 (+14294)     4.0% 2492/11990 (+9498)     4.0% 2486/11990 (+9504)
   1440     57.1% 35336/35971 (+636)  34.9% 21636/35971 (+14335)     3.9% 2437/11990 (+9553)     4.1% 2509/11990 (+9481)
   1470     57.0% 35470/35971 (+501)  35.0% 21803/35971 (+14168)     3.9% 2445/11990 (+9545)     4.0% 2493/11990 (+9497)
   1500     57.3% 35752/35971 (+219)  34.8% 21668/35971 (+14303)     3.9% 2429/11990 (+9561)     4.0% 2492/11990 (+9498)
   1530     57.1% 35551/35971 (+420)  35.0% 21786/35971 (+14185)     3.9% 2444/11990 (+9546)     4.0% 2482/11990 (+9508)
   1560      57.6% 35945/35971 (+26)  34.5% 21545/35971 (+14426)     3.9% 2435/11990 (+9555)     4.0% 2502/11990 (+9488)
   1590     56.8% 35222/35971 (+749)  35.3% 21892/35971 (+14079)     3.9% 2434/11990 (+9556)     4.0% 2480/11990 (+9510)
   1620     57.2% 35446/35971 (+524)  34.8% 21571/35971 (+14400)     3.9% 2421/11990 (+9569)     4.0% 2494/11990 (+9496)
   1650     57.3% 35675/35971 (+296)  34.8% 21687/35971 (+14284)     3.9% 2436/11990 (+9554)     4.0% 2501/11990 (+9489)
   1680     57.5% 35663/35971 (+308)  34.6% 21463/35971 (+14508)     3.9% 2444/11990 (+9546)     4.0% 2483/11990 (+9507)
   1710     57.2% 35547/35971 (+424)  34.9% 21675/35971 (+14296)     3.9% 2453/11990 (+9537)     4.0% 2489/11990 (+9501)
   1740      57.5% 35904/35971 (+67)  34.6% 21586/35971 (+14385)     3.9% 2435/11990 (+9555)     4.0% 2504/11990 (+9486)
   1770     57.4% 35780/35971 (+191)  34.6% 21576/35971 (+14395)     3.9% 2436/11990 (+9554)     4.0% 2505/11990 (+9485)
   1800     57.3% 35504/35971 (+467)  34.8% 21540/35971 (+14431)     3.9% 2420/11990 (+9570)     4.0% 2497/11990 (+9493)
   1830     57.1% 35388/35971 (+583)  34.9% 21644/35971 (+14327)     4.0% 2472/11990 (+9518)     4.0% 2480/11990 (+9510)
   1860     57.2% 35651/35971 (+320)  34.8% 21673/35971 (+14298)     3.9% 2450/11990 (+9540)     4.0% 2499/11990 (+9491)
   1890     57.3% 35807/35971 (+164)  34.8% 21702/35971 (+14270)     4.0% 2487/11990 (+9503)     3.9% 2443/11990 (+9547)
   1920     57.1% 35555/35971 (+416)  35.0% 21788/35971 (+14183)     4.0% 2485/11990 (+9505)     3.9% 2442/11990 (+9548)
   1950     57.5% 35715/35971 (+256)  34.6% 21494/35971 (+14477)     4.0% 2484/11990 (+9506)     3.9% 2450/11990 (+9540)
   1980     57.1% 35600/35971 (+371)  35.0% 21858/35971 (+14113)     4.0% 2492/11990 (+9498)     3.9% 2423/11990 (+9567)
   2010     57.2% 35559/35971 (+412)  34.9% 21682/35971 (+14289)     4.0% 2482/11990 (+9508)     3.9% 2426/11990 (+9564)
   2040     57.1% 35462/35971 (+509)  34.9% 21689/35971 (+14282)     4.0% 2481/11990 (+9509)     3.9% 2438/11990 (+9552)
   2070     57.1% 35446/35971 (+524)  34.9% 21680/35971 (+14291)     4.0% 2493/11990 (+9497)     3.9% 2430/11990 (+9560)
   2100     57.0% 35338/35971 (+633)  35.1% 21788/35971 (+14183)     4.0% 2480/11990 (+9510)     3.9% 2426/11990 (+9564)
   2130     57.5% 35659/35971 (+312)  34.6% 21461/35971 (+14510)     4.0% 2450/11990 (+9540)     3.9% 2436/11990 (+9554)
   2160     57.1% 35338/35971 (+633)  35.0% 21680/35971 (+14291)     3.9% 2442/11990 (+9548)     3.9% 2434/11990 (+9556)
   2190     57.1% 35338/35971 (+633)  35.0% 21680/35971 (+14291)     3.9% 2437/11990 (+9553)     4.0% 2484/11990 (+9506)
   2220     57.3% 35555/35971 (+416)  34.8% 21571/35971 (+14400)     3.9% 2435/11990 (+9555)     4.0% 2478/11990 (+9512)
   2250    56.4% 34695/35971 (+1276)  35.6% 21902/35971 (+14070)     3.9% 2427/11990 (+9563)     4.0% 2440/11990 (+9550)
   2280     57.1% 35338/35971 (+633)  35.0% 21680/35971 (+14291)     3.9% 2427/11990 (+9563)     4.0% 2491/11990 (+9499)
   2310     57.1% 35563/35971 (+408)  35.0% 21793/35971 (+14178)     3.9% 2429/11990 (+9561)     4.0% 2481/11990 (+9509)
   2340     57.3% 35551/35971 (+420)  34.8% 21569/35971 (+14402)     3.9% 2436/11990 (+9554)     4.0% 2490/11990 (+9500)
   2370     57.1% 35498/35971 (+473)  34.9% 21711/35971 (+14260)     3.9% 2438/11990 (+9552)     4.0% 2506/11990 (+9484)
   2400     57.2% 35647/35971 (+324)  34.9% 21778/35971 (+14192)     3.9% 2441/11990 (+9549)     4.0% 2483/11990 (+9507)
   2430     57.4% 35667/35971 (+304)  34.7% 21574/35971 (+14397)     3.9% 2430/11990 (+9560)     3.9% 2441/11990 (+9549)
   2460     57.0% 35330/35971 (+641)  35.1% 21783/35971 (+14188)     3.9% 2445/11990 (+9545)     3.9% 2437/11990 (+9553)
   2490     57.2% 35551/35971 (+420)  34.9% 21677/35971 (+14294)     3.9% 2439/11990 (+9551)     3.9% 2452/11990 (+9538)
   2520     57.3% 35535/35971 (+436)  34.9% 21668/35971 (+14303)     3.9% 2430/11990 (+9560)     3.9% 2429/11990 (+9561)
   2550     57.1% 35454/35971 (+517)  35.1% 21793/35971 (+14178)     3.9% 2440/11990 (+9550)     3.9% 2441/11990 (+9549)
   2580     57.4% 35772/35971 (+199)  34.8% 21680/35971 (+14291)     3.9% 2422/11990 (+9568)     3.9% 2453/11990 (+9537)
   2610     57.0% 35403/35971 (+568)  35.1% 21762/35971 (+14209)     3.9% 2446/11990 (+9544)     4.0% 2453/11990 (+9537)
   2640     57.1% 35442/35971 (+528)  35.1% 21786/35971 (+14185)     3.9% 2444/11990 (+9546)     3.9% 2426/11990 (+9564)
   2670     57.4% 35776/35971 (+195)  34.8% 21682/35971 (+14289)     3.9% 2436/11990 (+9554)     3.9% 2441/11990 (+9549)
   2700     56.9% 35342/35971 (+629)  35.3% 21899/35971 (+14072)     3.9% 2443/11990 (+9547)     3.9% 2436/11990 (+9554)
   2730     57.3% 35407/35971 (+564)  34.8% 21548/35971 (+14424)     3.9% 2437/11990 (+9553)     3.9% 2440/11990 (+9550)
   2760     57.4% 35551/35971 (+420)  34.6% 21461/35971 (+14510)     4.0% 2463/11990 (+9527)     4.0% 2463/11990 (+9527)
   2790     57.1% 35446/35971 (+524)  34.9% 21680/35971 (+14291)     4.0% 2485/11990 (+9505)     4.0% 2490/11990 (+9500)
   2820     56.8% 35129/35971 (+842)  35.1% 21685/35971 (+14286)     4.0% 2494/11990 (+9496)     4.0% 2489/11990 (+9501)
   2850     57.0% 35299/35971 (+672)  35.0% 21656/35971 (+14315)     4.0% 2502/11990 (+9488)     4.0% 2495/11990 (+9495)
   2880     56.9% 35265/35971 (+706)  35.2% 21810/35971 (+14161)     4.0% 2497/11990 (+9493)     3.9% 2439/11990 (+9551)
   2910     57.2% 35823/35971 (+148)  34.8% 21820/35971 (+14151)     4.0% 2491/11990 (+9499)     4.0% 2527/11990 (+9463)
   2940     57.2% 35582/35971 (+388)  34.9% 21697/35971 (+14274)     4.0% 2481/11990 (+9509)     3.9% 2440/11990 (+9550)
   2970     57.1% 35354/35971 (+617)  34.8% 21581/35971 (+14390)     4.1% 2508/11990 (+9482)     4.0% 2485/11990 (+9505)
   3000     57.0% 35337/35971 (+634)  35.0% 21721/35971 (+14250)     4.0% 2478/11990 (+9512)     4.0% 2495/11990 (+9495)

 + ACCOUNT MIGRATIONS (cumulative):
 Validator       Donated   Received
 0                91,379          0
 1                     0     87,820
 2                     0      1,774
 3                     0      1,785

 + TPS_TIMELINE_CSV:
timestamp_s,round,v0,v1,v2,v3,lat_mean,lat_p50,lat_p90,lat_p95
1776168134.687,30,496.9,289.9,145.1,55.2,,,,
1776168143.706,60,5110.8,4617.3,4090.0,3534.5,,,,
1776168152.719,90,10949.5,10299.0,9757.0,9106.5,,,,
1776168161.732,120,15179.2,14962.4,14854.0,14637.1,,,,
1776168170.745,150,15501.1,15392.7,15501.1,15392.7,,,,
1776168179.758,180,15394.4,15828.0,15502.8,15502.8,,,,
1776168188.771,210,15719.6,15502.8,15611.2,15502.8,,,,
1776168197.785,240,15499.3,15499.3,15499.3,15282.6,,,,
1776168206.799,270,15499.3,15716.1,15499.3,15499.3,,,,
1776168215.812,300,15609.5,15717.9,15392.7,15392.7,,,,
1776168224.825,330,15607.7,15607.7,15499.3,15390.9,,,,
1776168233.839,360,15392.7,15609.5,15501.1,15284.3,,,,
1776168242.851,390,15609.5,15609.5,15501.1,15501.1,,,,
1776168251.863,420,15611.2,15286.0,15719.6,15502.8,,,,
1776168260.876,450,15611.2,15502.8,15286.0,15719.6,,,,
1776168269.891,480,15497.6,15497.6,15606.0,15389.2,,,,
1776168278.905,510,15174.2,15282.6,15282.6,15607.7,,,,
1776168287.917,540,15502.8,15719.6,15719.6,15611.2,,,,
1776168296.934,570,15499.3,15499.3,15499.3,15390.9,,,,
1776168305.947,600,15174.2,15499.3,15390.9,15499.3,,,,
1776168314.960,630,15392.7,15284.3,15609.5,15392.7,,,,
1776168323.973,660,15284.3,15501.1,15609.5,15717.9,,,,
1776168332.987,690,15501.1,15284.3,15501.1,15392.7,,,,
1776168342.000,720,15716.1,15607.7,15716.1,15499.3,,,,
1776168351.013,750,15502.8,15286.0,15502.8,15611.2,,,,
1776168360.027,780,15394.4,15719.6,15502.8,15502.8,,,,
1776168369.041,810,15499.3,15499.3,15607.7,15607.7,1844.8,1842.0,2192.0,2246.0
1776168378.063,840,35009.0,6783.7,7892.1,9187.0,3861.9,1959.0,10579.0,12427.0
1776168387.059,870,47613.6,2087.0,2098.1,2034.1,2717.9,1915.0,6120.0,6471.0
1776168396.072,900,47023.5,2074.8,2095.3,2081.4,3064.3,1928.0,7334.0,7632.0
1776168405.086,930,47907.0,4961.6,2085.6,2086.4,3225.5,1934.0,8290.0,8456.0
1776168414.098,960,47489.3,6171.2,2083.8,2086.3,3364.0,1947.0,9162.0,9362.0
1776168423.110,990,45320.8,9107.5,2041.9,2086.3,3565.3,1960.0,9471.0,9625.0
1776168432.122,1020,48562.7,10406.3,2085.9,2031.4,3378.5,1964.0,9634.0,9840.0
1776168441.135,1050,41521.4,13334.6,2041.7,2084.3,3609.1,1935.0,10404.0,10644.0
1776168450.148,1080,51061.6,14635.5,2075.0,2075.0,3296.7,1944.0,8815.0,9063.0
1776168459.159,1110,47597.7,17673.0,2204.5,2218.0,2981.0,1917.0,7721.0,8119.0
1776168468.171,1140,45099.0,18863.5,2263.9,2257.1,2757.4,1971.0,6086.0,6579.0
1776168477.192,1170,52076.4,21003.8,2436.7,2421.7,2143.2,2000.0,2850.0,3398.0
1776168486.203,1200,40993.0,21689.4,2512.5,2493.1,1939.2,1946.0,2302.0,2407.0
1776168495.207,1230,35450.4,21573.8,2478.5,2491.6,2081.9,2056.0,2619.0,2819.0
1776168504.228,1260,35647.4,21561.8,2497.5,2492.6,2380.3,2231.0,3238.0,4172.0
1776168513.242,1290,35558.8,21465.4,2505.3,2486.4,3988.8,2281.0,10108.0,11907.0
1776168522.248,1320,35887.1,21423.5,2492.3,2434.6,1946.3,1945.0,2285.0,2378.0
1776168531.200,1350,35390.7,21670.0,2449.6,2464.0,1959.4,1949.0,2351.0,2458.0
1776168540.215,1380,35330.2,21675.0,2463.8,2486.7,1958.7,1956.0,2363.0,2468.0
1776168549.229,1410,35659.3,21677.4,2492.0,2486.1,1948.7,1945.0,2334.0,2455.0
1776168558.242,1440,35335.5,21636.2,2437.0,2508.6,1944.2,1951.0,2276.0,2400.0
1776168567.225,1470,35470.1,21802.7,2445.4,2493.3,1937.2,1930.0,2282.0,2384.0
1776168576.202,1500,35751.8,21667.8,2428.7,2492.2,1954.2,1954.0,2311.0,2410.0
1776168585.261,1530,35550.9,21785.8,2444.2,2482.1,2093.5,2040.0,2640.0,2914.0
1776168594.272,1560,35944.6,21545.1,2435.4,2502.5,1953.4,1961.0,2334.0,2438.0
1776168603.288,1590,35221.9,21891.7,2434.2,2479.9,1951.0,1939.0,2304.0,2447.0
1776168612.302,1620,35446.5,21571.4,2420.8,2494.0,1954.7,1949.0,2310.0,2435.0
1776168621.308,1650,35675.1,21687.0,2436.5,2501.2,1966.9,1959.0,2353.0,2456.0
1776168630.320,1680,35663.3,21463.0,2443.8,2483.2,1957.2,1966.0,2318.0,2419.0
1776168639.334,1710,35547.0,21675.0,2452.9,2489.2,2038.8,2001.0,2522.0,2650.0
1776168648.353,1740,35904.0,21585.8,2435.2,2503.5,2612.1,2053.0,4954.0,7053.0
1776168657.377,1770,35779.6,21576.2,2436.0,2504.7,1933.9,1932.0,2293.0,2407.0
1776168666.393,1800,35503.7,21540.3,2420.3,2497.3,2019.6,1980.0,2449.0,2651.0
1776168675.430,1830,35387.6,21643.8,2472.4,2480.0,2335.0,2009.0,3686.0,4564.0
1776168684.443,1860,35651.4,21672.6,2450.4,2499.1,1999.6,1974.0,2422.0,2570.0
1776168693.455,1890,35807.4,21701.5,2487.1,2443.0,1954.2,1944.0,2298.0,2401.0
1776168702.469,1920,35554.9,21788.2,2485.4,2442.1,1923.2,1923.0,2246.0,2391.0
1776168711.479,1950,35714.8,21494.0,2484.3,2449.9,1946.1,1954.0,2312.0,2424.0
1776168720.493,1980,35600.1,21857.8,2491.7,2423.0,1962.5,1971.0,2367.0,2465.0
1776168729.505,2010,35558.8,21682.2,2482.2,2426.3,1945.5,1932.0,2298.0,2455.0
1776168738.517,2040,35462.2,21689.4,2480.7,2437.5,1941.8,1946.0,2268.0,2360.0
1776168747.530,2070,35446.5,21679.8,2493.3,2429.8,1937.7,1950.0,2272.0,2371.0
1776168756.545,2100,35338.1,21788.2,2480.4,2425.8,1934.6,1927.0,2277.0,2336.0
1776168765.557,2130,35659.3,21460.6,2450.5,2435.8,1932.7,1936.0,2281.0,2394.0
1776168774.570,2160,35338.1,21679.8,2441.9,2434.3,1925.6,1914.0,2263.0,2361.0
1776168783.583,2190,35338.1,21679.8,2436.9,2484.5,1938.4,1924.0,2274.0,2414.0
1776168792.598,2220,35554.9,21571.4,2434.9,2478.1,2076.5,1929.0,2383.0,3402.0
1776168801.591,2250,34695.4,21901.5,2427.3,2439.9,1997.1,1979.0,2406.0,2590.0
1776168810.603,2280,35338.1,21679.8,2426.6,2491.3,1930.7,1921.0,2281.0,2399.0
1776168819.636,2310,35562.8,21793.0,2429.1,2481.3,2000.0,1980.0,2457.0,2557.0
1776168828.623,2340,35550.9,21569.0,2436.1,2490.1,1982.5,1971.0,2372.0,2506.0
1776168837.644,2370,35497.7,21711.1,2438.2,2505.6,1993.5,1975.0,2390.0,2539.0
1776168846.675,2400,35647.4,21778.5,2441.3,2482.8,1940.3,1940.0,2295.0,2410.0
1776168855.689,2430,35667.2,21573.8,2429.8,2441.4,1946.5,1951.0,2277.0,2414.0
1776168864.715,2460,35330.2,21783.4,2444.7,2436.7,1938.3,1929.0,2279.0,2380.0
1776168873.714,2490,35550.9,21677.4,2439.3,2452.2,1945.0,1937.0,2302.0,2433.0
1776168882.727,2520,35535.2,21667.8,2429.9,2428.7,1924.5,1937.0,2257.0,2359.0
1776168891.742,2550,35454.3,21793.0,2439.9,2441.3,1935.1,1921.0,2302.0,2413.0
1776168900.754,2580,35771.7,21679.8,2422.3,2453.1,1954.8,1937.0,2328.0,2468.0
1776168909.766,2610,35403.3,21761.6,2445.7,2453.2,1913.1,1898.0,2246.0,2346.0
1776168918.777,2640,35442.5,21785.8,2443.5,2426.2,,,,
1776168927.792,2670,35775.6,21682.2,2436.5,2441.2,,,,
1776168936.804,2700,35342.0,21899.0,2443.4,2436.1,,,,
1776168945.824,2730,35407.2,21547.5,2436.7,2439.8,,,,
1776168954.838,2760,35550.9,21460.6,2463.3,2463.4,,,,
1776168963.849,2790,35446.5,21679.8,2485.0,2489.6,,,,
1776168972.859,2820,35129.1,21684.6,2494.3,2489.2,,,,
1776168981.863,2850,35298.9,21655.8,2501.9,2494.7,,,,
1776168990.877,2880,35264.9,21810.0,2497.2,2438.8,,,,
1776168999.893,2910,35823.3,21819.7,2490.9,2526.8,,,,
1776169008.904,2940,35582.5,21696.6,2480.8,2440.4,,,,
1776169017.923,2970,35353.8,21581.0,2508.3,2485.2,,,,
1776169026.959,3000,35336.7,21720.7,2478.5,2495.0,,,,

 + MIGRATION_EVENTS_CSV:
timestamp_s,round,n_migrations
1776168143.733,60,0
1776168161.802,120,0
1776168179.823,180,0
1776168197.832,240,0
1776168215.878,300,0
1776168233.907,360,0
1776168251.932,420,0
1776168269.961,480,0
1776168287.985,540,0
1776168306.022,600,0
1776168324.035,660,0
1776168342.072,720,0
1776168360.096,780,0
1776168378.135,840,0
1776168396.476,900,18253
1776168414.540,960,18991
1776168432.463,1020,18297
1776168450.475,1080,21114
1776168468.470,1140,14724
1776168486.243,1200,0
1776168504.287,1260,0
1776168522.322,1320,0
1776168540.254,1380,0
1776168558.309,1440,0
1776168576.272,1500,0
1776168594.348,1560,0
1776168612.344,1620,0
1776168630.398,1680,0
1776168648.396,1740,0
1776168666.462,1800,0
1776168684.513,1860,0
1776168702.532,1920,0
1776168720.556,1980,0
1776168738.590,2040,0
1776168756.603,2100,0
1776168774.642,2160,0
1776168792.676,2220,0
1776168810.669,2280,0
1776168828.697,2340,0
1776168846.746,2400,0
1776168864.781,2460,0
1776168882.810,2520,0
1776168900.823,2580,0
1776168918.847,2640,0
1776168936.873,2700,0
1776168954.901,2760,0
1776168972.904,2820,0
1776168990.949,2880,0
1776169008.949,2940,0
1776169027.027,3000,0
-----------------------------------------
