timestamp,size
1775337277819,6144
1775337277820,38400
1775337277820,1536
1775337277820,6144
1775337277820,89600
1775337278435,51200
1775337278435,102400
1775337278436,102400
1775337278436,51200
1775337278438,174592
1775337278438,140800
1775337278439,192000
1775337278440,153600
1775337278442,204800
1775337278443,243200
1775337278444,268800
1775337279037,256000
1775337279039,243200
1775337279041,320000
1775337279043,307200
1775337279044,294400
1775337279046,384512
1775337279050,464896
1775337279640,422400
1775337279643,371200
1775337279646,422400
1775337279652,456192
1775337279657,500224
1775337279662,460800
1775337279667,473600
1775337279672,500224
1775337279676,473600
1775337279680,500224
1775337279684,500224
1775337280242,500224
1775337280245,500224
1775337280248,500224
1775337280250,500224
1775337280253,500224
1775337280256,500224
1775337280258,500224
1775337280261,500224
1775337280263,500224
1775337280266,500224
1775337280269,500224
1775337280848,500224
1775337280851,500224
1775337280855,500224
1775337280859,500224
1775337280863,500224
1775337280867,500224
1775337280872,500224
1775337280876,500224
1775337280880,500224
1775337280883,500224
1775337280885,500224
1775337280888,500224
1775337280891,500224
1775337280895,500224
1775337281445,500224
1775337281448,500224
1775337281451,500224
1775337281454,500224
1775337281456,500224
1775337281459,500224
1775337281462,500224
1775337281465,500224
1775337281468,500224
1775337281471,500224
1775337281475,500224
1775337281477,500224
1775337281480,500224
1775337281483,500224
1775337281485,500224
1775337281488,500224
1775337282045,500224
1775337282048,500224
1775337282051,500224
1775337282054,500224
1775337282057,500224
1775337282059,500224
1775337282062,500224
1775337282066,500224
1775337282069,500224
1775337282071,500224
1775337282074,500224
1775337282080,500224
1775337282084,500224
1775337282088,500224
1775337282092,500224
1775337282096,500224
1775337282098,500224
1775337282100,500224
1775337282647,500224
1775337282651,500224
1775337282654,500224
1775337282658,500224
1775337282661,500224
1775337282665,500224
1775337282668,500224
1775337282671,500224
1775337282676,500224
1775337282679,500224
1775337282682,500224
1775337282684,500224
1775337282688,500224
1775337282693,500224
1775337282697,500224
1775337282701,500224
1775337282705,500224
1775337282709,500224
1775337282712,500224
1775337282716,500224
1775337283249,500224
1775337283252,500224
1775337283254,500224
1775337283258,500224
1775337283262,500224
1775337283265,500224
1775337283267,500224
1775337283270,500224
1775337283272,500224
1775337283275,500224
1775337283278,500224
1775337283281,500224
1775337283285,500224
1775337283289,500224
1775337283292,500224
1775337283295,500224
1775337283298,500224
1775337283303,500224
1775337283315,500224
1775337283319,500224
1775337283322,500224
1775337283324,500224
1775337283329,500224
1775337283332,500224
1775337283336,500224
1775337283339,500224
1775337283853,500224
1775337283858,500224
1775337283861,500224
1775337283864,500224
1775337283873,500224
1775337283877,500224
1775337283880,500224
1775337283883,500224
1775337283886,500224
1775337283889,500224
1775337283891,500224
1775337283897,500224
1775337283901,500224
1775337283904,500224
1775337283907,500224
1775337283911,500224
1775337283915,500224
1775337283920,500224
1775337283925,500224
1775337283932,500224
1775337283936,500224
1775337283939,500224
1775337283941,500224
1775337283944,500224
1775337283948,500224
1775337283952,500224
1775337283956,500224
1775337283961,500224
1775337283964,500224
1775337284453,500224
1775337284459,500224
1775337284464,500224
1775337284468,500224
1775337284472,500224
1775337284476,500224
1775337284480,500224
1775337284483,500224
1775337284488,500224
1775337284492,500224
1775337284495,500224
1775337284498,500224
1775337284501,500224
1775337284504,500224
1775337284506,500224
1775337284509,500224
1775337284511,500224
1775337284513,500224
1775337284515,500224
1775337284517,500224
1775337284519,500224
1775337284521,500224
1775337284523,500224
1775337284525,500224
1775337284526,500224
1775337284528,500224
1775337284529,500224
1775337284530,500224
1775337284532,500224
1775337285053,500224
1775337285057,500224
1775337285060,500224
1775337285063,500224
1775337285066,500224
1775337285069,500224
1775337285072,500224
1775337285075,500224
1775337285079,500224
1775337285082,500224
1775337285085,500224
1775337285087,500224
1775337285090,500224
1775337285092,500224
1775337285095,500224
1775337285097,500224
1775337285099,500224
1775337285104,500224
1775337285106,500224
1775337285107,500224
1775337285110,500224
1775337285113,500224
1775337285116,500224
1775337285118,500224
1775337285121,500224
1775337285123,500224
1775337285126,500224
1775337285129,500224
1775337285131,500224
1775337285134,500224
1775337285136,500224
1775337285137,500224
1775337285139,500224
1775337285140,500224
1775337285141,500224
1775337285654,500224
1775337285657,500224
1775337285660,500224
1775337285664,500224
1775337285666,500224
1775337285669,500224
1775337285673,500224
1775337285682,500224
1775337285684,500224
1775337285687,500224
1775337285690,500224
1775337285693,500224
1775337285695,500224
1775337285698,500224
1775337285701,500224
1775337285704,500224
1775337285706,500224
1775337285708,500224
1775337285710,500224
1775337285712,500224
1775337285714,500224
1775337285716,500224
1775337285718,500224
1775337285719,500224
1775337285721,500224
1775337285723,500224
1775337285725,500224
1775337285726,500224
1775337285728,500224
1775337285729,500224
1775337285731,500224
1775337285732,500224
1775337285734,500224
1775337285735,500224
1775337286256,500224
1775337286259,500224
1775337286262,500224
1775337286266,500224
1775337286270,500224
1775337286272,500224
1775337286275,500224
1775337286278,500224
1775337286280,500224
1775337286283,500224
1775337286285,500224
1775337286288,500224
1775337286291,500224
1775337286294,500224
1775337286296,500224
1775337286299,500224
1775337286302,500224
1775337286304,500224
1775337286308,500224
1775337286316,500224
1775337286319,500224
1775337286321,500224
1775337286324,500224
1775337286325,500224
1775337286327,500224
1775337286328,500224
1775337286331,500224
1775337286333,500224
1775337286335,500224
1775337286337,500224
1775337286339,500224
1775337286340,500224
1775337286344,500224
1775337286346,500224
1775337286348,500224
1775337286351,500224
1775337286353,500224
1775337286355,500224
1775337286357,500224
1775337286858,500224
1775337286862,500224
1775337286864,500224
1775337286867,500224
1775337286870,500224
1775337286872,500224
1775337286875,500224
1775337286878,500224
1775337286881,500224
1775337286883,500224
1775337286886,500224
1775337286889,500224
1775337286891,500224
1775337286894,500224
1775337286897,500224
1775337286899,500224
1775337286902,500224
1775337286905,500224
1775337286910,500224
1775337286913,500224
1775337286916,500224
1775337286918,500224
1775337286921,500224
1775337286924,500224
1775337286926,500224
1775337286929,500224
1775337286931,500224
1775337286935,500224
1775337286938,500224
1775337286941,500224
1775337286945,500224
1775337286947,500224
1775337286949,500224
1775337286951,500224
1775337286953,500224
1775337286954,500224
1775337286956,500224
1775337286958,500224
1775337286959,500224
1775337286961,500224
1775337286963,500224
1775337286965,500224
1775337287461,500224
1775337287465,500224
1775337287468,500224
1775337287471,500224
1775337287474,500224
1775337287477,500224
1775337287479,500224
1775337287482,500224
1775337287485,500224
1775337287488,500224
1775337287490,500224
1775337287493,500224
1775337287495,500224
1775337287498,500224
1775337287500,500224
1775337287501,500224
1775337287503,500224
1775337287505,500224
1775337287507,500224
1775337287509,500224
1775337287510,500224
1775337287512,500224
1775337287513,500224
1775337287515,500224
1775337287517,500224
1775337287518,500224
1775337287519,500224
1775337287521,500224
1775337287522,500224
1775337287524,500224
1775337287527,500224
1775337287529,500224
1775337287532,500224
1775337287534,500224
1775337287537,500224
1775337287539,500224
1775337287540,500224
1775337287542,500224
1775337287543,500224
1775337287544,500224
1775337287545,500224
1775337287547,500224
1775337287548,500224
1775337287549,500224
1775337287550,500224
1775337287552,500224
1775337288062,500224
1775337288067,500224
1775337288070,500224
1775337288073,500224
1775337288076,500224
1775337288079,500224
1775337288080,500224
1775337288082,500224
1775337288086,500224
1775337288089,500224
1775337288092,500224
1775337288094,500224
1775337288097,500224
1775337288099,500224
1775337288102,500224
1775337288105,500224
1775337288107,500224
1775337288110,500224
1775337288113,500224
1775337288115,500224
1775337288117,500224
1775337288119,500224
1775337288121,500224
1775337288123,500224
1775337288127,500224
1775337288128,500224
1775337288130,500224
1775337288134,500224
1775337288139,500224
1775337288142,500224
1775337288145,500224
1775337288146,500224
1775337288150,500224
1775337288154,500224
1775337288158,500224
1775337288161,500224
1775337288167,500224
1775337288170,500224
1775337288172,500224
1775337288174,500224
1775337288176,500224
1775337288659,25600
1775337288660,76800
1775337288661,128000
1775337288662,179200
1775337288664,236032
1775337288668,354304
1775337288670,345600
1775337288673,396800
1775337288677,448000
1775337288681,499200
1775337288684,500224
1775337288690,500224
1775337288694,500224
1775337288699,500224
1775337288703,500224
1775337288707,500224
1775337288711,500224
1775337288715,500224
1775337288718,500224
1775337288724,500224
1775337288729,500224
1775337288736,500224
1775337288740,500224
1775337288752,500224
1775337288756,500224
1775337288759,500224
1775337288761,500224
1775337288764,500224
1775337288766,500224
1775337288769,500224
1775337288771,500224
1775337288773,500224
1775337288776,500224
1775337288777,500224
1775337288780,500224
1775337288784,500224
1775337288786,500224
1775337288788,500224
1775337288792,500224
1775337288796,500224
1775337288799,500224
1775337288802,500224
1775337288806,500224
1775337288812,500224
1775337288814,500224
1775337288816,500224
1775337288819,500224
1775337288821,500224
1775337288823,500224
1775337288825,500224
1775337288828,500224
1775337288832,500224
1775337288837,500224
1775337288841,500224
1775337288845,500224
1775337288848,500224
1775337288851,500224
1775337288853,500224
1775337288855,500224
1775337288858,500224
1775337288861,500224
1775337288864,500224
1775337288866,500224
1775337288868,500224
1775337288871,500224
1775337288875,500224
1775337288878,500224
1775337288881,500224
1775337288884,500224
1775337288888,500224
1775337288891,500224
1775337288893,500224
1775337288896,500224
1775337288899,500224
1775337288903,500224
1775337288905,500224
1775337288908,500224
1775337288910,500224
1775337288912,500224
1775337288915,500224
1775337288917,500224
1775337288919,500224
1775337288921,500224
1775337288924,500224
1775337288926,500224
1775337288928,500224
1775337288930,500224
1775337288932,500224
1775337288934,500224
1775337288936,500224
1775337288938,500224
1775337288940,500224
1775337288942,500224
1775337288945,500224
1775337288950,500224
1775337288952,500224
1775337288967,500224
1775337288971,500224
1775337288975,500224
1775337288977,500224
1775337288979,500224
1775337288980,500224
1775337288982,500224
1775337288984,500224
1775337288993,500224
1775337288995,500224
1775337288997,500224
1775337288998,500224
1775337289000,500224
1775337289001,500224
1775337289003,500224
1775337289004,500224
1775337289006,500224
1775337289007,500224
1775337289013,500224
1775337289016,500224
1775337289018,500224
1775337289020,500224
1775337289024,500224
1775337289027,500224
1775337289028,500224
1775337289030,500224
1775337289032,500224
1775337289034,500224
1775337289036,500224
1775337289037,500224
1775337289039,500224
1775337289041,500224
1775337289042,500224
1775337289044,500224
1775337289046,500224
1775337289050,500224
1775337289052,500224
1775337289053,500224
1775337289055,500224
1775337289057,500224
1775337289059,500224
1775337289060,500224
1775337289065,500224
1775337289067,500224
1775337289071,500224
1775337289075,500224
1775337289079,500224
1775337289084,500224
1775337289089,500224
1775337289094,500224
1775337289097,500224
1775337289098,500224
1775337289099,500224
1775337289105,500224
1775337289109,500224
1775337289113,500224
1775337289117,500224
1775337289119,500224
1775337289122,500224
1775337289125,500224
1775337289127,500224
1775337289128,500224
1775337289129,500224
1775337289132,500224
1775337289134,500224
1775337289136,500224
1775337289138,500224
1775337289139,500224
1775337289141,500224
1775337289142,500224
1775337289144,500224
1775337289145,500224
1775337289146,500224
1775337289147,500224
1775337289149,500224
1775337289150,500224
1775337289152,500224
1775337289153,500224
1775337289154,500224
1775337289156,500224
1775337289157,500224
1775337289158,500224
1775337289160,500224
1775337289161,500224
1775337289162,500224
1775337289164,500224
1775337289165,500224
1775337289168,500224
1775337289170,500224
1775337289171,500224
1775337289174,500224
1775337289177,500224
1775337289179,500224
1775337289182,500224
1775337289185,500224
1775337289188,500224
1775337289190,500224
1775337289193,500224
1775337289196,500224
1775337289198,500224
1775337289200,500224
1775337289202,500224
1775337289263,500224
1775337289266,500224
1775337289269,500224
1775337289272,500224
1775337289275,500224
1775337289280,500224
1775337289283,500224
1775337289285,500224
1775337289288,500224
1775337289290,500224
1775337289293,500224
1775337289296,500224
1775337289299,500224
1775337289301,500224
1775337289304,500224
1775337289307,500224
1775337289309,500224
1775337289311,500224
1775337289315,500224
1775337289319,500224
1775337289322,500224
1775337289326,500224
1775337289331,500224
1775337289337,500224
1775337289342,500224
1775337289347,500224
1775337289352,500224
1775337289356,500224
1775337289359,500224
1775337289361,500224
1775337289364,500224
1775337289366,500224
1775337289370,500224
1775337289372,500224
1775337289376,500224
1775337289380,500224
1775337289383,500224
1775337289385,500224
1775337289389,500224
1775337289391,500224
1775337289393,500224
1775337289395,500224
1775337289396,500224
1775337289398,500224
1775337289400,500224
1775337289402,500224
1775337289404,500224
1775337289405,500224
1775337289407,500224
1775337289408,500224
1775337289410,500224
1775337289414,500224
1775337289419,500224
1775337289424,500224
1775337289427,500224
1775337289429,500224
1775337289433,500224
1775337289436,500224
1775337289438,500224
1775337289446,500224
1775337289451,500224
1775337289454,500224
1775337289866,500224
1775337289869,500224
1775337289874,500224
1775337289878,500224
1775337289881,500224
1775337289887,500224
1775337289890,500224
1775337289893,500224
1775337289896,500224
1775337289899,500224
1775337289903,500224
1775337289906,500224
1775337289909,500224
1775337289912,500224
1775337289916,500224
1775337289918,500224
1775337289924,500224
1775337289929,500224
1775337289932,500224
1775337289936,500224
1775337289939,500224
1775337289943,500224
1775337289946,500224
1775337289951,500224
1775337289953,500224
1775337289957,500224
1775337289959,500224
1775337289962,500224
1775337289964,500224
1775337289967,500224
1775337289970,500224
1775337289971,500224
1775337289974,500224
1775337289977,500224
1775337289978,500224
1775337289980,500224
1775337289984,500224
1775337289985,500224
1775337289991,500224
1775337289994,500224
1775337289996,500224
1775337290000,500224
1775337290002,500224
1775337290005,500224
1775337290007,500224
1775337290011,500224
1775337290013,500224
1775337290015,500224
1775337290017,500224
1775337290019,500224
1775337290021,500224
1775337290024,500224
1775337290026,500224
1775337290028,500224
1775337290030,500224
1775337290032,500224
1775337290034,500224
1775337290037,500224
1775337290039,500224
1775337290041,500224
1775337290043,500224
1775337290466,500224
1775337290469,500224
1775337290472,500224
1775337290478,500224
1775337290484,500224
1775337290486,500224
1775337290489,500224
1775337290491,500224
1775337290494,500224
1775337290496,500224
1775337290499,500224
1775337290501,500224
1775337290503,500224
1775337290506,500224
1775337290508,500224
1775337290510,500224
1775337290512,500224
1775337290515,500224
1775337290517,500224
1775337290518,500224
1775337290520,500224
1775337290522,500224
1775337290524,500224
1775337290526,500224
1775337290527,500224
1775337290529,500224
1775337290530,500224
1775337290532,500224
1775337290536,500224
1775337290538,500224
1775337290540,500224
1775337290542,500224
1775337290544,500224
1775337290545,500224
1775337290547,500224
1775337290549,500224
1775337290551,500224
1775337290555,500224
1775337290557,500224
1775337290559,500224
1775337290562,500224
1775337290563,500224
1775337290565,500224
1775337290567,500224
1775337290573,500224
1775337290574,500224
1775337290576,500224
1775337290578,500224
1775337290579,500224
1775337290581,500224
1775337290582,500224
1775337290584,500224
1775337290585,500224
1775337290587,500224
1775337290589,500224
1775337290591,500224
1775337290592,500224
1775337290593,500224
1775337290595,500224
1775337290596,500224
1775337290597,500224
1775337290599,500224
1775337290601,500224
1775337291069,500224
1775337291073,500224
1775337291077,500224
1775337291080,500224
1775337291084,500224
1775337291088,500224
1775337291092,500224
1775337291096,500224
1775337291100,500224
1775337291103,500224
1775337291106,500224
1775337291111,500224
1775337291114,500224
1775337291117,500224
1775337291120,500224
1775337291123,500224
1775337291125,500224
1775337291129,500224
1775337291131,500224
1775337291133,500224
1775337291134,500224
1775337291136,500224
1775337291140,500224
1775337291143,500224
1775337291147,500224
1775337291152,500224
1775337291155,500224
1775337291159,500224
1775337291160,500224
1775337291162,500224
1775337291164,500224
1775337291166,500224
1775337291167,500224
1775337291169,500224
1775337291170,500224
1775337291171,500224
1775337291172,500224
1775337291174,500224
1775337291176,500224
1775337291177,500224
1775337291179,500224
1775337291180,500224
1775337291182,500224
1775337291183,500224
1775337291185,500224
1775337291187,500224
1775337291189,500224
1775337291191,500224
1775337291194,500224
1775337291196,500224
1775337291198,500224
1775337291199,500224
1775337291201,500224
1775337291202,500224
1775337291205,500224
1775337291207,500224
1775337291208,500224
1775337291210,500224
1775337291211,500224
1775337291213,500224
1775337291682,500224
1775337291686,500224
1775337291689,500224
1775337291691,500224
1775337291693,500224
1775337291698,500224
1775337291701,500224
1775337291710,500224
1775337291712,500224
1775337291714,500224
1775337291716,500224
1775337291718,500224
1775337291720,500224
1775337291722,500224
1775337291724,500224
1775337291727,500224
1775337291730,500224
1775337291732,500224
1775337291735,500224
1775337291737,500224
1775337291740,500224
1775337291742,500224
1775337291744,500224
1775337291746,500224
1775337291748,500224
1775337291751,500224
1775337291753,500224
1775337291756,500224
1775337291758,500224
1775337291760,500224
1775337291763,500224
1775337291765,500224
1775337291767,500224
1775337291769,500224
1775337291770,500224
1775337291775,500224
1775337291777,500224
1775337291780,500224
1775337291783,500224
1775337291786,500224
1775337291788,500224
1775337291791,500224
1775337291793,500224
1775337291795,500224
1775337291797,500224
1775337291799,500224
1775337291802,500224
1775337291805,500224
1775337291808,500224
1775337291813,500224
1775337291817,500224
1775337291820,500224
1775337291822,500224
1775337291825,500224
1775337292286,500224
1775337292290,500224
1775337292294,500224
1775337292296,500224
1775337292299,500224
1775337292301,500224
1775337292305,500224
1775337292308,500224
1775337292310,500224
1775337292313,500224
1775337292315,500224
1775337292316,500224
1775337292320,500224
1775337292323,500224
1775337292326,500224
1775337292329,500224
1775337292332,500224
1775337292334,500224
1775337292336,500224
1775337292338,500224
1775337292340,500224
1775337292343,500224
1775337292344,500224
1775337292346,500224
1775337292348,500224
1775337292350,500224
1775337292352,500224
1775337292353,500224
1775337292355,500224
1775337292356,500224
1775337292360,500224
1775337292363,500224
1775337292364,500224
1775337292366,500224
1775337292368,500224
1775337292369,500224
1775337292373,500224
1775337292375,500224
1775337292378,500224
1775337292384,500224
1775337292386,500224
1775337292387,500224
1775337292389,500224
1775337292391,500224
1775337292393,500224
1775337292395,500224
1775337292397,500224
1775337292399,500224
1775337292403,500224
1775337292406,500224
1775337292409,500224
1775337292411,500224
1775337292414,500224
1775337292417,500224
1775337292419,500224
1775337292422,500224
1775337292424,500224
1775337292426,500224
1775337292429,500224
1775337292431,500224
1775337292433,500224
1775337292435,500224
1775337292437,500224
1775337292887,500224
1775337292891,500224
1775337292895,500224
1775337292898,500224
1775337292901,500224
1775337292904,500224
1775337292907,500224
1775337292916,500224
1775337292919,500224
1775337292922,500224
1775337292925,500224
1775337292927,500224
1775337292930,500224
1775337292932,500224
1775337292935,500224
1775337292938,500224
1775337292941,500224
1775337292943,500224
1775337292946,500224
1775337292948,500224
1775337292952,500224
1775337292954,500224
1775337292958,500224
1775337292960,500224
1775337292964,500224
1775337292970,500224
1775337292971,500224
1775337292975,500224
1775337292978,500224
1775337292981,500224
1775337292984,500224
1775337292986,500224
1775337292991,500224
1775337292993,500224
1775337292994,500224
1775337292997,500224
1775337292999,500224
1775337293001,500224
1775337293002,500224
1775337293003,500224
1775337293004,500224
1775337293005,500224
1775337293007,500224
1775337293009,500224
1775337293010,500224
1775337293013,500224
1775337293015,500224
1775337293016,500224
1775337293019,500224
1775337293020,500224
1775337293021,500224
1775337293024,500224
1775337293026,500224
1775337293028,500224
1775337293030,500224
1775337293031,500224
1775337293033,500224
1775337293035,500224
1775337293036,500224
1775337293038,500224
1775337293040,500224
1775337293042,500224
1775337293043,500224
1775337293045,500224
1775337293046,500224
1775337293048,500224
1775337293049,500224
1775337293514,500224
1775337293518,500224
1775337293522,500224
1775337293525,500224
1775337293527,500224
1775337293529,500224
1775337293531,500224
1775337293534,500224
1775337293535,500224
1775337293537,500224
1775337293539,500224
1775337293541,500224
1775337293544,500224
1775337293547,500224
1775337293549,500224
1775337293551,500224
1775337293552,500224
1775337293554,500224
1775337293556,500224
1775337293557,500224
1775337293558,500224
1775337293559,500224
1775337293561,500224
1775337293562,500224
1775337293563,500224
1775337293564,500224
1775337293569,500224
1775337293571,500224
1775337293575,500224
1775337293578,500224
1775337293581,500224
1775337293584,500224
1775337293587,500224
1775337293589,500224
1775337293592,500224
1775337293594,500224
1775337293597,500224
1775337293599,500224
1775337293601,500224
1775337293603,500224
1775337293605,500224
1775337293606,500224
1775337293608,500224
1775337293610,500224
1775337293612,500224
1775337293613,500224
1775337293615,500224
1775337293617,500224
1775337293619,500224
1775337293621,500224
1775337293623,500224
1775337293625,500224
1775337293627,500224
1775337293629,500224
1775337293630,500224
1775337293632,500224
1775337293633,500224
1775337293636,500224
1775337293638,500224
1775337293639,500224
1775337294045,500224
1775337294048,500224
1775337294051,500224
1775337294054,500224
1775337294056,500224
1775337294059,500224
1775337294061,500224
1775337294064,500224
1775337294067,500224
1775337294069,500224
1775337294071,500224
1775337294073,500224
1775337294075,500224
1775337294078,500224
1775337294081,500224
1775337294085,500224
1775337294087,500224
1775337294089,500224
1775337294091,500224
1775337294093,500224
1775337294094,500224
1775337294096,500224
1775337294097,500224
1775337294099,500224
1775337294100,500224
1775337294103,500224
1775337294106,500224
1775337294108,500224
1775337294111,500224
1775337294114,500224
1775337294116,500224
1775337294123,500224
1775337294127,500224
1775337294130,500224
1775337294132,500224
1775337294134,500224
1775337294137,500224
1775337294139,500224
1775337294142,500224
1775337294144,500224
1775337294146,500224
1775337294148,500224
1775337294150,500224
1775337294152,500224
1775337294154,500224
1775337294156,500224
1775337294158,500224
1775337294159,500224
1775337294162,500224
1775337294165,500224
1775337294168,500224
1775337294170,500224
1775337294172,500224
1775337294175,500224
1775337294178,500224
1775337294183,500224
1775337294187,500224
1775337294188,500224
1775337294190,500224
1775337294191,500224
1775337294651,500224
1775337294653,500224
1775337294655,500224
1775337294658,500224
1775337294660,500224
1775337294664,500224
1775337294666,500224
1775337294669,500224
1775337294672,500224
1775337294674,500224
1775337294677,500224
1775337294680,500224
1775337294682,500224
1775337294685,500224
1775337294689,500224
1775337294692,500224
1775337294695,500224
1775337294698,500224
1775337294700,500224
1775337294703,500224
1775337294712,500224
1775337294714,500224
1775337294716,500224
1775337294718,500224
1775337294719,500224
1775337294721,500224
1775337294722,500224
1775337294724,500224
1775337294726,500224
1775337294727,500224
1775337294729,500224
1775337294730,500224
1775337294731,500224
1775337294733,500224
1775337294734,500224
1775337294735,500224
1775337294738,500224
1775337294741,500224
1775337294744,500224
1775337294746,500224
1775337294749,500224
1775337294752,500224
1775337294754,500224
1775337294756,500224
1775337294758,500224
1775337294760,500224
1775337294763,500224
1775337294766,500224
1775337294768,500224
1775337294770,500224
1775337294772,500224
1775337294774,500224
1775337294775,500224
1775337294777,500224
1775337294779,500224
1775337294781,500224
1775337294782,500224
1775337294784,500224
1775337294786,500224
1775337294788,500224
1775337294790,500224
1775337294792,500224
1775337294793,500224
1775337294795,500224
1775337294797,500224
1775337294798,500224
1775337295251,500224
1775337295254,500224
1775337295256,500224
1775337295259,500224
1775337295262,500224
1775337295264,500224
1775337295267,500224
1775337295270,500224
1775337295272,500224
1775337295280,500224
1775337295283,500224
1775337295285,500224
1775337295287,500224
1775337295290,500224
1775337295292,500224
1775337295295,500224
1775337295298,500224
1775337295300,500224
1775337295303,500224
1775337295305,500224
1775337295307,500224
1775337295309,500224
1775337295311,500224
1775337295313,500224
1775337295314,500224
1775337295316,500224
1775337295319,500224
1775337295322,500224
1775337295324,500224
1775337295326,500224
1775337295328,500224
1775337295330,500224
1775337295331,500224
1775337295332,500224
1775337295334,500224
1775337295335,500224
1775337295336,500224
1775337295338,500224
1775337295339,500224
1775337295340,500224
1775337295342,500224
1775337295343,500224
1775337295344,500224
1775337295345,500224
1775337295347,500224
1775337295348,500224
1775337295349,500224
1775337295350,500224
1775337295352,500224
1775337295353,500224
1775337295354,500224
1775337295355,500224
1775337295357,500224
1775337295358,500224
1775337295359,500224
1775337295360,500224
1775337295362,500224
1775337295365,500224
1775337295368,500224
1775337295847,500224
1775337295850,500224
1775337295852,500224
1775337295855,500224
1775337295858,500224
1775337295860,500224
1775337295863,500224
1775337295866,500224
1775337295869,500224
1775337295872,500224
1775337295874,500224
1775337295877,500224
1775337295880,500224
1775337295884,500224
1775337295888,500224
1775337295891,500224
1775337295893,500224
1775337295896,500224
1775337295898,500224
1775337295901,500224
1775337295904,500224
1775337295907,500224
1775337295911,500224
1775337295914,500224
1775337295916,500224
1775337295922,500224
1775337295925,500224
1775337295928,500224
1775337295932,500224
1775337295936,500224
1775337295940,500224
1775337295944,500224
1775337295947,500224
1775337295949,500224
1775337295952,500224
1775337295954,500224
1775337295957,500224
1775337295960,500224
1775337295963,500224
1775337295965,500224
1775337295967,500224
1775337295969,500224
1775337295971,500224
1775337295973,500224
1775337295974,500224
1775337295976,500224
1775337295978,500224
1775337295979,500224
1775337295981,500224
1775337295983,500224
1775337295984,500224
1775337295986,500224
1775337295987,500224
1775337295989,500224
1775337295990,500224
1775337295992,500224
1775337295994,500224
1775337295997,500224
1775337295998,500224
1775337296000,500224
1775337296001,500224
1775337296002,500224
1775337296450,500224
1775337296453,500224
1775337296456,500224
1775337296460,500224
1775337296463,500224
1775337296466,500224
1775337296469,500224
1775337296472,500224
1775337296475,500224
1775337296477,500224
1775337296480,500224
1775337296482,500224
1775337296484,500224
1775337296487,500224
1775337296489,500224
1775337296492,500224
1775337296494,500224
1775337296496,500224
1775337296498,500224
1775337296499,500224
1775337296501,500224
1775337296503,500224
1775337296506,500224
1775337296509,500224
1775337296512,500224
1775337296514,500224
1775337296517,500224
1775337296519,500224
1775337296522,500224
1775337296525,500224
1775337296528,500224
1775337296532,500224
1775337296535,500224
1775337296538,500224
1775337296540,500224
1775337296543,500224
1775337296545,500224
1775337296547,500224
1775337296549,500224
1775337296550,500224
1775337296554,500224
1775337296556,500224
1775337296559,500224
1775337296562,500224
1775337296564,500224
1775337296566,500224
1775337296568,500224
1775337296570,500224
1775337296571,500224
1775337296574,500224
1775337296577,500224
1775337296580,500224
1775337296583,500224
1775337296586,500224
1775337296589,500224
1775337296591,500224
1775337296594,500224
1775337296597,500224
1775337297048,500224
1775337297051,500224
1775337297054,500224
1775337297057,500224
1775337297061,500224
1775337297069,500224
1775337297072,500224
1775337297075,500224
1775337297077,500224
1775337297080,500224
1775337297083,500224
1775337297086,500224
1775337297088,500224
1775337297091,500224
1775337297093,500224
1775337297096,500224
1775337297098,500224
1775337297100,500224
1775337297102,500224
1775337297104,500224
1775337297107,500224
1775337297109,500224
1775337297111,500224
1775337297113,500224
1775337297114,500224
1775337297116,500224
1775337297117,500224
1775337297119,500224
1775337297121,500224
1775337297122,500224
1775337297124,500224
1775337297126,500224
1775337297127,500224
1775337297129,500224
1775337297130,500224
1775337297131,500224
1775337297135,500224
1775337297137,500224
1775337297139,500224
1775337297141,500224
1775337297143,500224
1775337297145,500224
1775337297149,500224
1775337297152,500224
1775337297153,500224
1775337297155,500224
1775337297156,500224
1775337297158,500224
1775337297159,500224
1775337297160,500224
1775337297162,500224
1775337297167,500224
1775337297168,500224
1775337297170,500224
1775337297171,500224
1775337297172,500224
1775337297174,500224
1775337297175,500224
1775337297176,500224
1775337297178,500224
1775337297179,500224
1775337297180,500224
1775337297653,500224
1775337297657,500224
1775337297660,500224
1775337297663,500224
1775337297665,500224
1775337297668,500224
1775337297675,500224
1775337297677,500224
1775337297680,500224
1775337297682,500224
1775337297685,500224
1775337297687,500224
1775337297690,500224
1775337297692,500224
1775337297694,500224
1775337297698,500224
1775337297702,500224
1775337297706,500224
1775337297709,500224
1775337297711,500224
1775337297713,500224
1775337297715,500224
1775337297717,500224
1775337297719,500224
1775337297721,500224
1775337297723,500224
1775337297725,500224
1775337297727,500224
1775337297729,500224
1775337297731,500224
1775337297734,500224
1775337297736,500224
1775337297738,500224
1775337297740,500224
1775337297742,500224
1775337297745,500224
1775337297748,500224
1775337297751,500224
1775337297753,500224
1775337297756,500224
1775337297758,500224
1775337297760,500224
1775337297763,500224
1775337297771,500224
1775337297776,500224
1775337297779,500224
1775337297782,500224
1775337297785,500224
1775337297787,500224
1775337297790,500224
1775337297792,500224
1775337297794,500224
1775337297797,500224
1775337297799,500224
1775337297801,500224
1775337297802,500224
1775337297805,500224
1775337297807,500224
1775337297809,500224
1775337297811,500224
1775337297812,500224
1775337297814,500224
1775337297816,500224
1775337297817,500224
1775337297819,500224
1775337297820,500224
1775337298251,500224
1775337298254,500224
1775337298257,500224
1775337298260,500224
1775337298262,500224
1775337298264,500224
1775337298266,500224
1775337298268,500224
1775337298270,500224
1775337298272,500224
1775337298273,500224
1775337298275,500224
1775337298279,500224
1775337298282,500224
1775337298283,500224
1775337298285,500224
1775337298286,500224
1775337298287,500224
1775337298290,500224
1775337298293,500224
1775337298296,500224
1775337298298,500224
1775337298301,500224
1775337298303,500224
1775337298310,500224
1775337298314,500224
1775337298317,500224
1775337298320,500224
1775337298326,500224
1775337298328,500224
1775337298331,500224
1775337298333,500224
1775337298335,500224
1775337298336,500224
1775337298338,500224
1775337298340,500224
1775337298342,500224
1775337298344,500224
1775337298347,500224
1775337298351,500224
1775337298354,500224
1775337298357,500224
1775337298359,500224
1775337298362,500224
1775337298365,500224
1775337298367,500224
1775337298370,500224
1775337298372,500224
1775337298374,500224
1775337298378,500224
1775337298380,500224
1775337298382,500224
1775337298383,500224
1775337298385,500224
1775337298387,500224
1775337298389,500224
1775337298390,500224
1775337298392,500224
1775337298394,500224
1775337298396,500224
1775337298852,500224
1775337298854,500224
1775337298859,500224
1775337298861,500224
1775337298864,500224
1775337298867,500224
1775337298869,500224
1775337298872,500224
1775337298875,500224
1775337298877,500224
1775337298881,500224
1775337298884,500224
1775337298886,500224
1775337298889,500224
1775337298892,500224
1775337298895,500224
1775337298898,500224
1775337298900,500224
1775337298903,500224
1775337298908,500224
1775337298911,500224
1775337298915,500224
1775337298917,500224
1775337298922,500224
1775337298924,500224
1775337298927,500224
1775337298930,500224
1775337298932,500224
1775337298936,500224
1775337298938,500224
1775337298941,500224
1775337298945,500224
1775337298947,500224
1775337298950,500224
1775337298952,500224
1775337298954,500224
1775337298956,500224
1775337298958,500224
1775337298960,500224
1775337298962,500224
1775337298964,500224
1775337298965,500224
1775337298967,500224
1775337298971,500224
1775337298974,500224
1775337298977,500224
1775337298980,500224
1775337298982,500224
1775337298985,500224
1775337298987,500224
1775337298989,500224
1775337298991,500224
1775337298993,500224
1775337298995,500224
1775337298997,500224
1775337299457,500224
1775337299461,500224
1775337299463,500224
1775337299466,500224
1775337299469,500224
1775337299471,500224
1775337299474,500224
1775337299477,500224
1775337299479,500224
1775337299483,500224
1775337299486,500224
1775337299489,500224
1775337299491,500224
1775337299494,500224
1775337299497,500224
1775337299500,500224
1775337299503,500224
1775337299505,500224
1775337299507,500224
1775337299509,500224
1775337299510,500224
1775337299512,500224
1775337299514,500224
1775337299515,500224
1775337299517,500224
1775337299518,500224
1775337299520,500224
1775337299522,500224
1775337299523,500224
1775337299524,500224
1775337299528,500224
1775337299530,500224
1775337299533,500224
1775337299536,500224
1775337299538,500224
1775337299541,500224
1775337299544,500224
1775337299547,500224
1775337299550,500224
1775337299553,500224
1775337299554,500224
1775337299558,500224
1775337299562,500224
1775337299566,500224
1775337299570,500224
1775337299574,500224
1775337299578,500224
1775337299581,500224
1775337299583,500224
1775337299584,500224
1775337299586,500224
1775337299588,500224
1775337299590,500224
1775337299591,500224
1775337299593,500224
1775337299595,500224
1775337299596,500224
1775337299598,500224
1775337299599,500224
1775337299601,500224
1775337299602,500224
1775337299604,500224
1775337299605,500224
1775337299607,500224
1775337299608,500224
1775337299610,500224
1775337300070,500224
1775337300073,500224
1775337300075,500224
1775337300078,500224
1775337300083,500224
1775337300087,500224
1775337300089,500224
1775337300098,500224
1775337300101,500224
1775337300104,500224
1775337300108,500224
1775337300117,500224
1775337300121,500224
1775337300124,500224
1775337300127,500224
1775337300129,500224
1775337300132,500224
1775337300135,500224
1775337300137,500224
1775337300140,500224
1775337300142,500224
1775337300144,500224
1775337300150,500224
1775337300152,500224
1775337300154,500224
1775337300156,500224
1775337300158,500224
1775337300160,500224
1775337300161,500224
1775337300162,500224
1775337300164,500224
1775337300165,500224
1775337300166,500224
1775337300167,500224
1775337300169,500224
1775337300170,500224
1775337300171,500224
1775337300173,500224
1775337300174,500224
1775337300175,500224
1775337300178,500224
1775337300183,500224
1775337300186,500224
1775337300189,500224
1775337300191,500224
1775337300194,500224
1775337300197,500224
1775337300200,500224
1775337300202,500224
1775337300206,500224
1775337300209,500224
1775337300211,500224
1775337300214,500224
1775337300216,500224
1775337300221,500224
1775337300225,500224
1775337300228,500224
1775337300233,500224
1775337300237,500224
1775337300241,500224
1775337300244,500224
1775337300597,500224
1775337300600,500224
1775337300602,500224
1775337300605,500224
1775337300608,500224
1775337300610,500224
1775337300618,500224
1775337300621,500224
1775337300623,500224
1775337300626,500224
1775337300628,500224
1775337300631,500224
1775337300634,500224
1775337300636,500224
1775337300639,500224
1775337300642,500224
1775337300644,500224
1775337300650,500224
1775337300658,500224
1775337300661,500224
1775337300664,500224
1775337300667,500224
1775337300670,500224
1775337300673,500224
1775337300675,500224
1775337300678,500224
1775337300683,500224
1775337300686,500224
1775337300689,500224
1775337300692,500224
1775337300693,500224
1775337300700,500224
1775337300718,500224
1775337300720,500224
1775337300722,500224
1775337300724,500224
1775337300725,500224
1775337300727,500224
1775337300729,500224
1775337300733,500224
1775337300735,500224
1775337300738,500224
1775337300740,500224
1775337300742,500224
1775337300743,500224
1775337300745,500224
1775337300746,500224
1775337300748,500224
1775337300750,500224
1775337300753,500224
1775337300755,500224
1775337300756,500224
1775337300757,500224
1775337300759,500224
1775337300760,500224
1775337300761,500224
1775337300763,500224
1775337300764,500224
1775337300766,500224
1775337300767,500224
1775337300769,500224
1775337300770,500224
1775337300771,500224
1775337300773,500224
1775337301192,500224
1775337301195,500224
1775337301198,500224
1775337301201,500224
1775337301204,500224
1775337301208,500224
1775337301211,500224
1775337301214,500224
1775337301216,500224
1775337301219,500224
1775337301222,500224
1775337301224,500224
1775337301228,500224
1775337301232,500224
1775337301235,500224
1775337301239,500224
1775337301242,500224
1775337301244,500224
1775337301247,500224
1775337301250,500224
1775337301252,500224
1775337301255,500224
1775337301257,500224
1775337301259,500224
1775337301262,500224
1775337301265,500224
1775337301268,500224
1775337301270,500224
1775337301273,500224
1775337301275,500224
1775337301279,500224
1775337301282,500224
1775337301285,500224
1775337301288,500224
1775337301290,500224
1775337301293,500224
1775337301296,500224
1775337301298,500224
1775337301301,500224
1775337301303,500224
1775337301306,500224
1775337301308,500224
1775337301312,500224
1775337301314,500224
1775337301315,500224
1775337301317,500224
1775337301319,500224
1775337301320,500224
1775337301323,500224
1775337301324,500224
1775337301326,500224
1775337301327,500224
1775337301329,500224
1775337301330,500224
1775337301332,500224
1775337301333,500224
1775337301335,500224
1775337301337,500224
1775337301794,500224
1775337301797,500224
1775337301800,500224
1775337301803,500224
1775337301806,500224
1775337301808,500224
1775337301812,500224
1775337301814,500224
1775337301817,500224
1775337301819,500224
1775337301821,500224
1775337301823,500224
1775337301826,500224
1775337301831,500224
1775337301836,500224
1775337301839,500224
1775337301843,500224
1775337301847,500224
1775337301849,500224
1775337301852,500224
1775337301856,500224
1775337301858,500224
1775337301861,500224
1775337301868,500224
1775337301870,500224
1775337301873,500224
1775337301876,500224
1775337301879,500224
1775337301881,500224
1775337301884,500224
1775337301886,500224
1775337301888,500224
1775337301890,500224
1775337301892,500224
1775337301901,500224
1775337301903,500224
1775337301905,500224
1775337301907,500224
1775337301909,500224
1775337301911,500224
1775337301914,500224
1775337301916,500224
1775337301918,500224
1775337301921,500224
1775337301923,500224
1775337301926,500224
1775337301929,500224
1775337301930,500224
1775337301934,500224
1775337301937,500224
1775337301939,500224
1775337301942,500224
1775337301944,500224
1775337301946,500224
1775337301949,500224
1775337301951,500224
1775337301953,500224
1775337301955,500224
1775337302395,500224
1775337302399,500224
1775337302402,500224
1775337302405,500224
1775337302409,500224
1775337302412,500224
1775337302415,500224
1775337302418,500224
1775337302421,500224
1775337302424,500224
1775337302427,500224
1775337302430,500224
1775337302432,500224
1775337302435,500224
1775337302438,500224
1775337302440,500224
1775337302443,500224
1775337302446,500224
1775337302449,500224
1775337302452,500224
1775337302455,500224
1775337302457,500224
1775337302459,500224
1775337302460,500224
1775337302462,500224
1775337302466,500224
1775337302468,500224
1775337302471,500224
1775337302474,500224
1775337302480,500224
1775337302486,500224
1775337302488,500224
1775337302490,500224
1775337302492,500224
1775337302494,500224
1775337302499,500224
1775337302500,500224
1775337302501,500224
1775337302504,500224
1775337302506,500224
1775337302507,500224
1775337302508,500224
1775337302509,500224
1775337302511,500224
1775337302513,500224
1775337302515,500224
1775337302517,500224
1775337302519,500224
1775337302520,500224
1775337302522,500224
1775337302524,500224
1775337302526,500224
1775337302528,500224
1775337302531,500224
1775337302534,500224
1775337302537,500224
1775337302539,500224
1775337302542,500224
1775337302544,500224
1775337302547,500224
1775337302549,500224
1775337302551,500224
1775337302996,500224
1775337303000,500224
1775337303002,500224
1775337303005,500224
1775337303008,500224
1775337303010,500224
1775337303013,500224
1775337303016,500224
1775337303019,500224
1775337303021,500224
1775337303024,500224
1775337303027,500224
1775337303029,500224
1775337303032,500224
1775337303035,500224
1775337303037,500224
1775337303040,500224
1775337303043,500224
1775337303045,500224
1775337303048,500224
1775337303051,500224
1775337303052,500224
1775337303053,500224
1775337303055,500224
1775337303056,500224
1775337303057,500224
1775337303059,500224
1775337303062,500224
1775337303064,500224
1775337303068,500224
1775337303071,500224
1775337303073,500224
1775337303075,500224
1775337303078,500224
1775337303081,500224
1775337303083,500224
1775337303086,500224
1775337303089,500224
1775337303091,500224
1775337303094,500224
1775337303097,500224
1775337303098,500224
1775337303100,500224
1775337303103,500224
1775337303105,500224
1775337303108,500224
1775337303111,500224
1775337303119,500224
1775337303122,500224
1775337303125,500224
1775337303127,500224
1775337303130,500224
1775337303133,500224
1775337303136,500224
1775337303138,500224
1775337303141,500224
1775337303144,500224
1775337303146,500224
1775337303602,500224
1775337303605,500224
1775337303608,500224
1775337303612,500224
1775337303616,500224
1775337303619,500224
1775337303624,500224
1775337303628,500224
1775337303632,500224
1775337303635,500224
1775337303639,500224
1775337303642,500224
1775337303645,500224
1775337303647,500224
1775337303650,500224
1775337303652,500224
1775337303654,500224
1775337303657,500224
1775337303659,500224
1775337303668,500224
1775337303672,500224
1775337303676,500224
1775337303678,500224
1775337303680,500224
1775337303684,500224
1775337303688,500224
1775337303689,500224
1775337303691,500224
1775337303694,500224
1775337303695,500224
1775337303697,500224
1775337303700,500224
1775337303702,500224
1775337303705,500224
1775337303708,500224
1775337303711,500224
1775337303714,500224
1775337303716,500224
1775337303723,500224
1775337303728,500224
1775337303729,500224
1775337303732,500224
1775337303733,500224
1775337303735,500224
1775337303736,500224
1775337303737,500224
1775337303739,500224
1775337303740,500224
1775337303741,500224
1775337303743,500224
1775337303747,500224
1775337303751,500224
1775337303755,500224
1775337303759,500224
1775337303762,500224
1775337303765,500224
1775337303768,500224
1775337303770,500224
1775337303772,500224
1775337303774,500224
1775337303776,500224
1775337304202,500224
1775337304205,500224
1775337304208,500224
1775337304211,500224
1775337304214,500224
1775337304217,500224
1775337304220,500224
1775337304224,500224
1775337304226,500224
1775337304229,500224
1775337304232,500224
1775337304234,500224
1775337304237,500224
1775337304240,500224
1775337304242,500224
1775337304245,500224
1775337304248,500224
1775337304250,500224
1775337304254,500224
1775337304256,500224
1775337304258,500224
1775337304260,500224
1775337304262,500224
1775337304264,500224
1775337304266,500224
1775337304268,500224
1775337304270,500224
1775337304272,500224
1775337304273,500224
1775337304275,500224
1775337304277,500224
1775337304279,500224
1775337304281,500224
1775337304283,500224
1775337304284,500224
1775337304286,500224
1775337304287,500224
1775337304289,500224
1775337304290,500224
1775337304291,500224
1775337304293,500224
1775337304294,500224
1775337304296,500224
1775337304297,500224
1775337304299,500224
1775337304301,500224
1775337304302,500224
1775337304304,500224
1775337304305,500224
1775337304306,500224
1775337304308,500224
1775337304309,500224
1775337304312,500224
1775337304315,500224
1775337304317,500224
1775337304320,500224
1775337304323,500224
1775337304325,500224
1775337304326,500224
1775337304327,500224
1775337304328,500224
1775337304330,500224
1775337304331,500224
1775337304332,500224
1775337304336,500224
1775337304338,500224
1775337304341,500224
1775337304344,500224
1775337304806,500224
1775337304809,500224
1775337304812,500224
1775337304815,500224
1775337304817,500224
1775337304820,500224
1775337304822,500224
1775337304825,500224
1775337304827,500224
1775337304829,500224
1775337304832,500224
1775337304834,500224
1775337304837,500224
1775337304840,500224
1775337304842,500224
1775337304844,500224
1775337304846,500224
1775337304848,500224
1775337304850,500224
1775337304852,500224
1775337304853,500224
1775337304855,500224
1775337304858,500224
1775337304860,500224
1775337304863,500224
1775337304866,500224
1775337304868,500224
1775337304871,500224
1775337304874,500224
1775337304877,500224
1775337304880,500224
1775337304883,500224
1775337304885,500224
1775337304888,500224
1775337304892,500224
1775337304895,500224
1775337304898,500224
1775337304900,500224
1775337304903,500224
1775337304907,500224
1775337304909,500224
1775337304911,500224
1775337304914,500224
1775337304917,500224
1775337304919,500224
1775337304922,500224
1775337304925,500224
1775337304928,500224
1775337304930,500224
1775337304933,500224
1775337304935,500224
1775337304937,500224
1775337305406,500224
1775337305409,500224
1775337305413,500224
1775337305416,500224
1775337305419,500224
1775337305421,500224
1775337305424,500224
1775337305429,500224
1775337305432,500224
1775337305434,500224
1775337305437,500224
1775337305440,500224
1775337305442,500224
1775337305446,500224
1775337305449,500224
1775337305452,500224
1775337305457,500224
1775337305460,500224
1775337305463,500224
1775337305465,500224
1775337305467,500224
1775337305469,500224
1775337305471,500224
1775337305474,500224
1775337305476,500224
1775337305478,500224
1775337305480,500224
1775337305482,500224
1775337305484,500224
1775337305485,500224
1775337305487,500224
1775337305488,500224
1775337305490,500224
1775337305491,500224
1775337305492,500224
1775337305494,500224
1775337305498,500224
1775337305501,500224
1775337305504,500224
1775337305507,500224
1775337305508,500224
1775337305510,500224
1775337305511,500224
1775337305513,500224
1775337305516,500224
1775337305519,500224
1775337305521,500224
1775337305524,500224
1775337305527,500224
1775337305529,500224
1775337305531,500224
1775337306005,500224
1775337306008,500224
1775337306009,500224
1775337306011,500224
1775337306013,500224
1775337306015,500224
1775337306016,500224
1775337306018,500224
1775337306019,500224
1775337306023,500224
1775337306025,500224
1775337306028,500224
1775337306031,500224
1775337306033,500224
1775337306036,500224
1775337306039,500224
1775337306042,500224
1775337306043,500224
1775337306044,500224
1775337306046,500224
1775337306047,500224
1775337306050,500224
1775337306054,500224
1775337306056,500224
1775337306059,500224
1775337306062,500224
1775337306065,500224
1775337306068,500224
1775337306071,500224
1775337306073,500224
1775337306076,500224
1775337306079,500224
1775337306081,500224
1775337306084,500224
1775337306087,500224
1775337306089,500224
1775337306091,500224
1775337306092,500224
1775337306094,500224
1775337306096,500224
1775337306097,500224
1775337306099,500224
1775337306100,500224
1775337306102,500224
1775337306103,500224
1775337306106,500224
1775337306606,500224
1775337306609,500224
1775337306611,500224
1775337306617,500224
1775337306619,500224
1775337306622,500224
1775337306624,500224
1775337306626,500224
1775337306627,500224
1775337306629,500224
1775337306631,500224
1775337306632,500224
1775337306634,500224
1775337306635,500224
1775337306638,500224
1775337306641,500224
1775337306644,500224
1775337306646,500224
1775337306649,500224
1775337306651,500224
1775337306654,500224
1775337306657,500224
1775337306659,500224
1775337306662,500224
1775337306664,500224
1775337306667,500224
1775337306669,500224
1775337306670,500224
1775337306672,500224
1775337306674,500224
1775337306677,500224
1775337306678,500224
1775337306681,500224
1775337306683,500224
1775337306684,500224
1775337306686,500224
1775337306688,500224
1775337306690,500224
1775337306692,500224
1775337306693,500224
1775337306695,500224
1775337306696,500224
1775337306698,500224
1775337306701,500224
1775337306703,500224
1775337306704,500224
1775337306705,500224
1775337306707,500224
1775337306708,500224
1775337306709,500224
1775337306711,500224
1775337306714,500224
1775337306716,500224
1775337306717,500224
1775337306719,500224
1775337306721,500224
1775337306722,500224
1775337306723,500224
1775337306725,500224
1775337306727,500224
1775337306729,500224
1775337306733,500224
1775337306735,500224
1775337306738,500224
1775337306741,500224
1775337306743,500224
1775337306746,500224
1775337306752,500224
1775337306756,500224
1775337306759,500224
1775337306762,500224
1775337306765,500224
1775337306767,500224
1775337306770,500224
1775337306773,500224
1775337306775,500224
1775337306778,500224
1775337306781,500224
1775337306784,500224
1775337306786,500224
1775337306789,500224
1775337306791,500224
1775337306792,500224
1775337306793,500224
1775337306794,500224
1775337306796,500224
1775337306797,500224
1775337306798,500224
1775337306800,500224
1775337306801,500224
1775337306802,500224
1775337307207,500224
1775337307219,500224
1775337307222,500224
1775337307225,500224
1775337307227,500224
1775337307230,500224
1775337307233,500224
1775337307236,500224
1775337307238,500224
1775337307241,500224
1775337307244,500224
1775337307246,500224
1775337307249,500224
1775337307252,500224
1775337307254,500224
1775337307257,500224
1775337307259,500224
1775337307261,500224
1775337307264,500224
1775337307266,500224
1775337307268,500224
1775337307270,500224
1775337307272,500224
1775337307273,500224
1775337307275,500224
1775337307277,500224
1775337307279,500224
1775337307280,500224
1775337307283,500224
1775337307286,500224
1775337307289,500224
1775337307291,500224
1775337307293,500224
1775337307295,500224
1775337307298,500224
1775337307300,500224
1775337307303,500224
1775337307305,500224
1775337307308,500224
1775337307311,500224
1775337307313,500224
1775337307316,500224
1775337307318,500224
1775337307320,500224
1775337307322,500224
1775337307324,500224
1775337307326,500224
1775337307330,500224
1775337307332,500224
1775337307337,500224
1775337307340,500224
1775337307342,500224
1775337307345,500224
1775337307348,500224
1775337307353,500224
1775337307356,500224
1775337307358,500224
1775337307361,500224
1775337307364,500224
1775337307367,500224
1775337307809,500224
1775337307812,500224
1775337307816,500224
1775337307819,500224
1775337307822,500224
1775337307826,500224
1775337307829,500224
1775337307832,500224
1775337307835,500224
1775337307838,500224
1775337307841,500224
1775337307844,500224
1775337307847,500224
1775337307850,500224
1775337307853,500224
1775337307855,500224
1775337307857,500224
1775337307860,500224
1775337307863,500224
1775337307866,500224
1775337307869,500224
1775337307871,500224
1775337307874,500224
1775337307878,500224
1775337307880,500224
1775337307884,500224
1775337307886,500224
1775337307888,500224
1775337307890,500224
1775337307892,500224
1775337307894,500224
1775337307897,500224
1775337307901,500224
1775337307904,500224
1775337307907,500224
1775337307909,500224
1775337307912,500224
1775337307915,500224
1775337307918,500224
1775337307920,500224
1775337307923,500224
1775337307926,500224
1775337307929,500224
1775337307932,500224
1775337307934,500224
1775337307936,500224
1775337307938,500224
1775337307941,500224
1775337307944,500224
1775337307946,500224
1775337307949,500224
1775337307951,500224
1775337307953,500224
1775337307955,500224
1775337307958,500224
1775337307960,500224
1775337307962,500224
1775337307964,500224
1775337307966,500224
1775337307968,500224
1775337307970,500224
1775337308408,500224
1775337308409,500224
1775337308411,500224
1775337308412,500224
1775337308414,500224
1775337308415,500224
1775337308417,500224
1775337308422,500224
1775337308425,500224
1775337308428,500224
1775337308432,500224
1775337308434,500224
1775337308437,500224
1775337308440,500224
1775337308442,500224
1775337308444,500224
1775337308446,500224
1775337308448,500224
1775337308450,500224
1775337308451,500224
1775337308455,500224
1775337308457,500224
1775337308459,500224
1775337308461,500224
1775337308463,500224
1775337308464,500224
1775337308467,500224
1775337308469,500224
1775337308472,500224
1775337308477,500224
1775337308479,500224
1775337308482,500224
1775337308484,500224
1775337308486,500224
1775337308488,500224
1775337308489,500224
1775337308491,500224
1775337308493,500224
1775337308494,500224
1775337308496,500224
1775337308499,500224
1775337308501,500224
1775337308504,500224
1775337308507,500224
1775337308509,500224
1775337308511,500224
1775337308514,500224
1775337308516,500224
1775337308517,500224
1775337308519,500224
1775337308521,500224
1775337308522,500224
1775337308524,500224
1775337308529,500224
1775337308532,500224
1775337308535,500224
1775337308537,500224
1775337308539,500224
1775337308540,500224
1775337309012,500224
1775337309014,500224
1775337309017,500224
1775337309020,500224
1775337309023,500224
1775337309025,500224
1775337309029,500224
1775337309031,500224
1775337309033,500224
1775337309035,500224
1775337309037,500224
1775337309039,500224
1775337309043,500224
1775337309046,500224
1775337309053,500224
1775337309056,500224
1775337309059,500224
1775337309061,500224
1775337309063,500224
1775337309065,500224
1775337309068,500224
1775337309071,500224
1775337309074,500224
1775337309076,500224
1775337309079,500224
1775337309081,500224
1775337309083,500224
1775337309086,500224
1775337309089,500224
1775337309091,500224
1775337309092,500224
1775337309094,500224
1775337309095,500224
1775337309096,500224
1775337309098,500224
1775337309099,500224
1775337309100,500224
1775337309101,500224
1775337309103,500224
1775337309104,500224
1775337309105,500224
1775337309107,500224
1775337309108,500224
1775337309109,500224
1775337309111,500224
1775337309112,500224
1775337309113,500224
1775337309114,500224
1775337309116,500224
1775337309117,500224
1775337309118,500224
1775337309119,500224
1775337309121,500224
1775337309122,500224
1775337309123,500224
1775337309124,500224
1775337309126,500224
1775337309127,500224
1775337309128,500224
1775337309129,500224
1775337309131,500224
1775337309132,500224
1775337309610,500224
1775337309615,500224
1775337309618,500224
1775337309620,500224
1775337309623,500224
1775337309626,500224
1775337309628,500224
1775337309631,500224
1775337309633,500224
1775337309635,500224
1775337309637,500224
1775337309639,500224
1775337309642,500224
1775337309645,500224
1775337309647,500224
1775337309649,500224
1775337309656,500224
1775337309660,500224
1775337309663,500224
1775337309666,500224
1775337309669,500224
1775337309672,500224
1775337309675,500224
1775337309677,500224
1775337309679,500224
1775337309680,500224
1775337309682,500224
1775337309683,500224
1775337309685,500224
1775337309686,500224
1775337309687,500224
1775337309689,500224
1775337309690,500224
1775337309692,500224
1775337309693,500224
1775337309694,500224
1775337309695,500224
1775337309697,500224
1775337309698,500224
1775337309701,500224
1775337309703,500224
1775337309706,500224
1775337309709,500224
1775337309712,500224
1775337309714,500224
1775337309717,500224
1775337309720,500224
1775337309722,500224
1775337309727,500224
1775337309730,500224
1775337309733,500224
1775337309735,500224
1775337309738,500224
1775337309744,500224
1775337309745,500224
1775337309746,500224
1775337309748,500224
1775337309749,500224
1775337309750,500224
1775337309752,500224
1775337309753,500224
1775337309754,500224
1775337309756,500224
1775337310211,500224
1775337310213,500224
1775337310215,500224
1775337310217,500224
1775337310220,500224
1775337310222,500224
1775337310224,500224
1775337310226,500224
1775337310229,500224
1775337310232,500224
1775337310235,500224
1775337310239,500224
1775337310243,500224
1775337310247,500224
1775337310252,500224
1775337310256,500224
1775337310260,500224
1775337310262,500224
1775337310264,500224
1775337310266,500224
1775337310267,500224
1775337310269,500224
1775337310271,500224
1775337310273,500224
1775337310275,500224
1775337310277,500224
1775337310279,500224
1775337310281,500224
1775337310282,500224
1775337310283,500224
1775337310285,500224
1775337310286,500224
1775337310288,500224
1775337310289,500224
1775337310291,500224
1775337310292,500224
1775337310294,500224
1775337310295,500224
1775337310299,500224
1775337310302,500224
1775337310305,500224
1775337310307,500224
1775337310310,500224
1775337310313,500224
1775337310320,500224
1775337310323,500224
1775337310325,500224
1775337310328,500224
1775337310331,500224
1775337310333,500224
1775337310336,500224
1775337310339,500224
1775337310341,500224
1775337310343,500224
1775337310345,500224
1775337310347,500224
1775337310349,500224
1775337310351,500224
1775337310353,500224
1775337310355,500224
1775337310356,500224
1775337310358,500224
1775337310360,500224
1775337310361,500224
1775337310363,500224
1775337310364,500224
1775337310813,500224
1775337310816,500224
1775337310818,500224
1775337310821,500224
1775337310824,500224
1775337310826,500224
1775337310829,500224
1775337310832,500224
1775337310834,500224
1775337310836,500224
1775337310838,500224
1775337310840,500224
1775337310842,500224
1775337310844,500224
1775337310845,500224
1775337310847,500224
1775337310850,500224
1775337310859,500224
1775337310861,500224
1775337310864,500224
1775337310867,500224
1775337310870,500224
1775337310873,500224
1775337310876,500224
1775337310878,500224
1775337310881,500224
1775337310884,500224
1775337310886,500224
1775337310891,500224
1775337310893,500224
1775337310895,500224
1775337310897,500224
1775337310899,500224
1775337310901,500224
1775337310903,500224
1775337310905,500224
1775337310907,500224
1775337310909,500224
1775337310910,500224
1775337310912,500224
1775337310914,500224
1775337311413,500224
1775337311416,500224
1775337311426,500224
1775337311430,500224
1775337311433,500224
1775337311436,500224
1775337311439,500224
1775337311442,500224
1775337311444,500224
1775337311446,500224
1775337311448,500224
1775337311450,500224
1775337311453,500224
1775337311457,500224
1775337311461,500224
1775337311464,500224
1775337311469,500224
1775337311472,500224
1775337311475,500224
1775337311478,500224
1775337311481,500224
1775337311483,500224
1775337311485,500224
1775337311489,500224
1775337311490,500224
1775337311492,500224
1775337311494,500224
1775337311496,500224
1775337311497,500224
1775337311499,500224
1775337311501,500224
1775337311503,500224
1775337311506,500224
1775337311509,500224
1775337311512,500224
1775337311514,500224
1775337311517,500224
1775337311520,500224
1775337311522,500224
1775337311524,500224
1775337311525,500224
1775337311526,500224
1775337311528,500224
1775337311531,500224
1775337311534,500224
1775337311537,500224
1775337311539,500224
1775337311541,500224
1775337311543,500224
1775337311545,500224
1775337311547,500224
1775337311549,500224
1775337311551,500224
1775337311553,500224
1775337311555,500224
1775337311564,500224
1775337311567,500224
1775337311570,500224
1775337311573,500224
1775337311575,500224
1775337311578,500224
1775337311580,500224
1775337311582,500224
1775337311583,500224
1775337311586,500224
1775337311588,500224
1775337311591,500224
1775337311593,500224
1775337311595,500224
1775337311597,500224
1775337311599,500224
1775337311601,500224
1775337311603,500224
1775337311604,500224
1775337311606,500224
1775337311608,500224
1775337311609,500224
1775337311611,500224
1775337311612,500224
1775337312014,500224
1775337312018,500224
1775337312020,500224
1775337312023,500224
1775337312026,500224
1775337312028,500224
1775337312031,500224
1775337312034,500224
1775337312038,500224
1775337312040,500224
1775337312045,500224
1775337312048,500224
1775337312051,500224
1775337312053,500224
1775337312056,500224
1775337312058,500224
1775337312062,500224
1775337312064,500224
1775337312066,500224
1775337312068,500224
1775337312070,500224
1775337312072,500224
1775337312074,500224
1775337312076,500224
1775337312077,500224
1775337312079,500224
1775337312081,500224
1775337312085,500224
1775337312088,500224
1775337312090,500224
1775337312093,500224
1775337312096,500224
1775337312098,500224
1775337312101,500224
1775337312104,500224
1775337312106,500224
1775337312109,500224
1775337312112,500224
1775337312114,500224
1775337312117,500224
1775337312119,500224
1775337312121,500224
1775337312124,500224
1775337312126,500224
1775337312129,500224
1775337312132,500224
1775337312134,500224
1775337312137,500224
1775337312139,500224
1775337312140,500224
1775337312142,500224
1775337312144,500224
1775337312152,500224
1775337312154,500224
1775337312157,500224
1775337312159,500224
1775337312162,500224
1775337312165,500224
1775337312168,500224
1775337312171,500224
1775337312173,500224
1775337312614,500224
1775337312618,500224
1775337312621,500224
1775337312624,500224
1775337312627,500224
1775337312630,500224
1775337312634,500224
1775337312637,500224
1775337312641,500224
1775337312643,500224
1775337312646,500224
1775337312648,500224
1775337312653,500224
1775337312661,500224
1775337312664,500224
1775337312667,500224
1775337312669,500224
1775337312672,500224
1775337312675,500224
1775337312677,500224
1775337312680,500224
1775337312683,500224
1775337312686,500224
1775337312688,500224
1775337312690,500224
1775337312693,500224
1775337312696,500224
1775337312704,500224
1775337312710,500224
1775337312712,500224
1775337312715,500224
1775337312717,500224
1775337312719,500224
1775337312723,500224
1775337312726,500224
1775337312728,500224
1775337312730,500224
1775337312733,500224
1775337312734,500224
1775337312736,500224
1775337312738,500224
1775337312739,500224
1775337312741,500224
1775337312742,500224
1775337312743,500224
1775337312745,500224
1775337312746,500224
1775337312748,500224
1775337312749,500224
1775337312750,500224
1775337312752,500224
1775337312753,500224
1775337312754,500224
1775337312755,500224
1775337312758,500224
1775337312759,500224
1775337312761,500224
1775337312762,500224
1775337312763,500224
1775337312765,500224
1775337312766,500224
1775337312767,500224
1775337313216,500224
1775337313220,500224
1775337313223,500224
1775337313225,500224
1775337313227,500224
1775337313229,500224
1775337313232,500224
1775337313235,500224
1775337313239,500224
1775337313242,500224
1775337313246,500224
1775337313252,500224
1775337313255,500224
1775337313257,500224
1775337313260,500224
1775337313267,500224
1775337313270,500224
1775337313276,500224
1775337313279,500224
1775337313282,500224
1775337313285,500224
1775337313287,500224
1775337313290,500224
1775337313293,500224
1775337313296,500224
1775337313298,500224
1775337313301,500224
1775337313304,500224
1775337313306,500224
1775337313309,500224
1775337313312,500224
1775337313315,500224
1775337313318,500224
1775337313321,500224
1775337313323,500224
1775337313326,500224
1775337313328,500224
1775337313330,500224
1775337313332,500224
1775337313334,500224
1775337313337,500224
1775337313339,500224
1775337313341,500224
1775337313343,500224
1775337313345,500224
1775337313347,500224
1775337313817,500224
1775337313820,500224
1775337313823,500224
1775337313825,500224
1775337313827,500224
1775337313830,500224
1775337313832,500224
1775337313835,500224
1775337313838,500224
1775337313840,500224
1775337313843,500224
1775337313846,500224
1775337313848,500224
1775337313851,500224
1775337313854,500224
1775337313857,500224
1775337313860,500224
1775337313863,500224
1775337313866,500224
1775337313869,500224
1775337313872,500224
1775337313875,500224
1775337313877,500224
1775337313882,500224
1775337313885,500224
1775337313888,500224
1775337313890,500224
1775337313893,500224
1775337313895,500224
1775337313898,500224
1775337313901,500224
1775337313907,500224
1775337313909,500224
1775337313912,500224
1775337313915,500224
1775337313917,500224
1775337313920,500224
1775337313922,500224
1775337313924,500224
1775337313925,500224
1775337313929,500224
1775337313932,500224
1775337313934,500224
1775337313936,500224
1775337313938,500224
1775337313940,500224
1775337313942,500224
1775337313944,500224
1775337313946,500224
1775337313947,500224
1775337313949,500224
1775337313951,500224
1775337313953,500224
1775337313954,500224
1775337313956,500224
1775337313958,500224
1775337313961,500224
1775337313963,500224
1775337313964,500224
1775337313967,500224
1775337313970,500224
1775337313973,500224
1775337313976,500224
1775337313977,500224
1775337313978,500224
1775337313980,500224
1775337313981,500224
1775337313982,500224
1775337313983,500224
1775337313985,500224
1775337313986,500224
1775337313987,500224
1775337313989,500224
1775337313990,500224
1775337313991,500224
1775337313993,500224
1775337313994,500224
1775337313995,500224
1775337313996,500224
1775337313998,500224
1775337313999,500224
1775337314418,500224
1775337314422,500224
1775337314424,500224
1775337314427,500224
1775337314429,500224
1775337314431,500224
1775337314432,500224
1775337314434,500224
1775337314437,500224
1775337314439,500224
1775337314442,500224
1775337314445,500224
1775337314447,500224
1775337314450,500224
1775337314453,500224
1775337314455,500224
1775337314458,500224
1775337314461,500224
1775337314462,500224
1775337314465,500224
1775337314467,500224
1775337314470,500224
1775337314472,500224
1775337314474,500224
1775337314478,500224
1775337314481,500224
1775337314484,500224
1775337314487,500224
1775337314490,500224
1775337314494,500224
1775337314495,500224
1775337314497,500224
1775337314500,500224
1775337314501,500224
1775337314502,500224
1775337314504,500224
1775337314505,500224
1775337314506,500224
1775337314508,500224
1775337314509,500224
1775337314510,500224
1775337315019,500224
1775337315022,500224
1775337315025,500224
1775337315027,500224
1775337315030,500224
1775337315032,500224
1775337315035,500224
1775337315038,500224
1775337315040,500224
1775337315042,500224
1775337315045,500224
1775337315047,500224
1775337315049,500224
1775337315051,500224
1775337315056,500224
1775337315058,500224
1775337315064,500224
1775337315067,500224
1775337315071,500224
1775337315074,500224
1775337315076,500224
1775337315079,500224
1775337315082,500224
1775337315085,500224
1775337315087,500224
1775337315090,500224
1775337315093,500224
1775337315095,500224
1775337315098,500224
1775337315100,500224
1775337315103,500224
1775337315105,500224
1775337315109,500224
1775337315111,500224
1775337315113,500224
1775337315116,500224
1775337315118,500224
1775337315120,500224
1775337315123,500224
1775337315126,500224
1775337315128,500224
1775337315131,500224
1775337315134,500224
1775337315137,500224
1775337315139,500224
1775337315142,500224
1775337315145,500224
1775337315147,500224
1775337315150,500224
1775337315152,500224
1775337315157,500224
1775337315166,500224
1775337315169,500224
1775337315173,500224
1775337315177,500224
1775337315180,500224
1775337315181,500224
1775337315183,500224
1775337315184,500224
1775337315188,500224
1775337315191,500224
1775337315194,500224
1775337315195,500224
1775337315197,500224
1775337315198,500224
1775337315200,500224
1775337315201,500224
1775337315203,500224
1775337315204,500224
1775337315206,500224
1775337315209,500224
1775337315212,500224
1775337315215,500224
1775337315218,500224
1775337315219,500224
1775337315222,500224
1775337315225,500224
1775337315227,500224
1775337315230,500224
1775337315232,500224
1775337315235,500224
1775337315238,500224
1775337315619,500224
1775337315621,500224
1775337315623,500224
1775337315627,500224
1775337315630,500224
1775337315632,500224
1775337315635,500224
1775337315639,500224
1775337315641,500224
1775337315644,500224
1775337315647,500224
1775337315649,500224
1775337315652,500224
1775337315658,500224
1775337315661,500224
1775337315664,500224
1775337315671,500224
1775337315674,500224
1775337315677,500224
1775337315680,500224
1775337315682,500224
1775337315685,500224
1775337315688,500224
1775337315690,500224
1775337315693,500224
1775337315695,500224
1775337315699,500224
1775337315702,500224
1775337315704,500224
1775337315707,500224
1775337315709,500224
1775337315711,500224
1775337315712,500224
1775337315714,500224
1775337315716,500224
1775337315717,500224
1775337315721,500224
1775337315722,500224
1775337315725,500224
1775337315728,500224
1775337315730,500224
1775337315733,500224
1775337315736,500224
1775337315738,500224
1775337315741,500224
1775337315743,500224
1775337315745,500224
1775337315747,500224
1775337315750,500224
1775337315752,500224
1775337315755,500224
1775337315761,500224
1775337315762,500224
1775337315764,500224
1775337315766,500224
1775337315768,500224
1775337315770,500224
1775337315771,500224
1775337316221,500224
1775337316225,500224
1775337316228,500224
1775337316231,500224
1775337316233,500224
1775337316236,500224
1775337316239,500224
1775337316243,500224
1775337316245,500224
1775337316248,500224
1775337316251,500224
1775337316253,500224
1775337316256,500224
1775337316258,500224
1775337316261,500224
1775337316264,500224
1775337316270,500224
1775337316273,500224
1775337316276,500224
1775337316279,500224
1775337316282,500224
1775337316285,500224
1775337316291,500224
1775337316293,500224
1775337316296,500224
1775337316299,500224
1775337316302,500224
1775337316304,500224
1775337316307,500224
1775337316310,500224
1775337316312,500224
1775337316315,500224
1775337316318,500224
1775337316324,500224
1775337316326,500224
1775337316328,500224
1775337316329,500224
1775337316334,500224
1775337316337,500224
1775337316340,500224
1775337316343,500224
1775337316346,500224
1775337316349,500224
1775337316351,500224
1775337316354,500224
1775337316356,500224
1775337316359,500224
1775337316361,500224
1775337316363,500224
1775337316365,500224
1775337316367,500224
1775337316369,500224
1775337316371,500224
1775337316374,500224
1775337316376,500224
1775337316378,500224
1775337316380,500224
1775337316382,500224
1775337316386,500224
1775337316389,500224
1775337316391,500224
1775337316394,500224
1775337316397,500224
1775337316823,500224
1775337316826,500224
1775337316828,500224
1775337316831,500224
1775337316834,500224
1775337316837,500224
1775337316840,500224
1775337316842,500224
1775337316845,500224
1775337316848,500224
1775337316850,500224
1775337316853,500224
1775337316856,500224
1775337316858,500224
1775337316863,500224
1775337316865,500224
1775337316868,500224
1775337316870,500224
1775337316873,500224
1775337316875,500224
1775337316878,500224
1775337316884,500224
1775337316888,500224
1775337316890,500224
1775337316892,500224
1775337316895,500224
1775337316897,500224
1775337316899,500224
1775337316901,500224
1775337316903,500224
1775337316905,500224
1775337316906,500224
1775337316908,500224
1775337316910,500224
1775337316912,500224
1775337316914,500224
1775337316916,500224
1775337316917,500224
1775337316919,500224
1775337316921,500224
1775337316922,500224
1775337316924,500224
1775337316925,500224
1775337316926,500224
1775337316928,500224
1775337316929,500224
1775337316931,500224
1775337316932,500224
1775337316933,500224
1775337316935,500224
1775337316936,500224
1775337316938,500224
1775337316939,500224
1775337316941,500224
1775337316942,500224
1775337316943,500224
1775337316947,500224
1775337316952,500224
1775337316954,500224
1775337316955,500224
1775337316956,500224
1775337316957,500224
1775337317422,500224
1775337317426,500224
1775337317428,500224
1775337317430,500224
1775337317432,500224
1775337317434,500224
1775337317436,500224
1775337317438,500224
1775337317440,500224
1775337317442,500224
1775337317445,500224
1775337317448,500224
1775337317450,500224
1775337317453,500224
1775337317457,500224
1775337317463,500224
1775337317466,500224
1775337317470,500224
1775337317473,500224
1775337317474,500224
1775337317476,500224
1775337317478,500224
1775337317479,500224
1775337317483,500224
1775337317487,500224
1775337317492,500224
1775337317496,500224
1775337317499,500224
1775337317505,500224
1775337317508,500224
1775337317510,500224
1775337317513,500224
1775337317516,500224
1775337317517,500224
1775337317519,500224
1775337317521,500224
1775337317523,500224
1775337317524,500224
1775337317525,500224
1775337317530,500224
1775337317532,500224
1775337317534,500224
1775337317536,500224
1775337317538,500224
1775337317541,500224
1775337317544,500224
1775337317546,500224
1775337317549,500224
1775337317551,500224
1775337318025,500224
1775337318027,500224
1775337318030,500224
1775337318035,500224
1775337318036,500224
1775337318037,500224
1775337318039,500224
1775337318040,500224
1775337318042,500224
1775337318043,500224
1775337318046,500224
1775337318050,500224
1775337318052,500224
1775337318054,500224
1775337318057,500224
1775337318061,500224
1775337318066,500224
1775337318069,500224
1775337318072,500224
1775337318075,500224
1775337318079,500224
1775337318086,500224
1775337318089,500224
1775337318091,500224
1775337318092,500224
1775337318093,500224
1775337318094,500224
1775337318097,500224
1775337318099,500224
1775337318102,500224
1775337318103,500224
1775337318104,500224
1775337318106,500224
1775337318108,500224
1775337318110,500224
1775337318112,500224
1775337318113,500224
1775337318115,500224
1775337318118,500224
1775337318119,500224
1775337318121,500224
1775337318123,500224
1775337318125,500224
1775337318128,500224
1775337318132,500224
1775337318134,500224
1775337318136,500224
1775337318138,500224
1775337318139,500224
1775337318141,500224
1775337318142,500224
1775337318143,500224
1775337318145,500224
1775337318146,500224
1775337318148,500224
1775337318149,500224
1775337318151,500224
1775337318152,500224
1775337318154,500224
1775337318155,500224
1775337318157,500224
1775337318159,500224
1775337318161,500224
1775337318164,500224
1775337318166,500224
1775337318167,500224
1775337318169,500224
1775337318171,500224
1775337318173,500224
1775337318174,500224
1775337318176,500224
1775337318178,500224
1775337318180,500224
1775337318183,500224
1775337318634,500224
1775337318638,500224
1775337318644,500224
1775337318649,500224
1775337318653,500224
1775337318657,500224
1775337318659,500224
1775337318662,500224
1775337318667,500224
1775337318670,500224
1775337318673,500224
1775337318678,500224
1775337318683,500224
1775337318687,500224
1775337318691,500224
1775337318695,500224
1775337318697,500224
1775337318699,500224
1775337318700,500224
1775337318703,500224
1775337318706,500224
1775337318708,500224
1775337318711,500224
1775337318714,500224
1775337318716,500224
1775337318719,500224
1775337318722,500224
1775337318726,500224
1775337318729,500224
1775337318732,500224
1775337318735,500224
1775337318738,500224
1775337318740,500224
1775337318743,500224
1775337318746,500224
1775337318748,500224
1775337318751,500224
1775337318754,500224
1775337318756,500224
1775337318761,500224
1775337318766,500224
1775337318768,500224
1775337318771,500224
1775337318773,500224
1775337318776,500224
1775337318778,500224
1775337318785,500224
1775337318788,500224
1775337318790,500224
1775337318793,500224
1775337318795,500224
1775337318797,500224
1775337318799,500224
1775337318803,500224
1775337318806,500224
1775337318810,500224
1775337318812,500224
1775337319229,500224
1775337319232,500224
1775337319235,500224
1775337319237,500224
1775337319241,500224
1775337319245,500224
1775337319250,500224
1775337319253,500224
1775337319263,500224
1775337319266,500224
1775337319272,500224
1775337319277,500224
1775337319281,500224
1775337319285,500224
1775337319289,500224
1775337319295,500224
1775337319298,500224
1775337319301,500224
1775337319303,500224
1775337319307,500224
1775337319311,500224
1775337319314,500224
1775337319317,500224
1775337319319,500224
1775337319321,500224
1775337319324,500224
1775337319327,500224
1775337319329,500224
1775337319332,500224
1775337319336,500224
1775337319340,500224
1775337319344,500224
1775337319346,500224
1775337319349,500224
1775337319350,500224
1775337319352,500224
1775337319353,500224
1775337319354,500224
1775337319357,500224
1775337319361,500224
1775337319363,500224
1775337319366,500224
1775337319369,500224
1775337319371,500224
1775337319374,500224
1775337319377,500224
1775337319379,500224
1775337319382,500224
1775337319384,500224
1775337319387,500224
1775337319389,500224
1775337319392,500224
1775337319394,500224
1775337319396,500224
1775337319398,500224
1775337319400,500224
1775337319402,500224
1775337319405,500224
1775337319408,500224
1775337319411,500224
1775337319414,500224
1775337319416,500224
1775337319419,500224
1775337319422,500224
1775337319424,500224
1775337319427,500224
1775337319827,500224
1775337319831,500224
1775337319835,500224
1775337319838,500224
1775337319841,500224
1775337319844,500224
1775337319846,500224
1775337319850,500224
1775337319852,500224
1775337319855,500224
1775337319857,500224
1775337319860,500224
1775337319862,500224
1775337319864,500224
1775337319868,500224
1775337319872,500224
1775337319875,500224
1775337319877,500224
1775337319880,500224
1775337319883,500224
1775337319886,500224
1775337319889,500224
1775337319892,500224
1775337319894,500224
1775337319897,500224
1775337319899,500224
1775337319901,500224
1775337319903,500224
1775337319906,500224
1775337319909,500224
1775337319911,500224
1775337319914,500224
1775337319917,500224
1775337319919,500224
1775337319922,500224
1775337319924,500224
1775337319927,500224
1775337319929,500224
1775337319931,500224
1775337319933,500224
1775337319935,500224
1775337319936,500224
1775337319938,500224
1775337319940,500224
1775337319942,500224
1775337319944,500224
1775337319946,500224
1775337319949,500224
1775337319952,500224
1775337319954,500224
1775337319957,500224
1775337319960,500224
1775337319962,500224
1775337319965,500224
1775337319967,500224
1775337319970,500224
1775337319973,500224
1775337319975,500224
1775337320432,500224
1775337320434,500224
1775337320437,500224
1775337320440,500224
1775337320442,500224
1775337320445,500224
1775337320449,500224
1775337320453,500224
1775337320457,500224
1775337320461,500224
1775337320464,500224
1775337320466,500224
1775337320469,500224
1775337320473,500224
1775337320476,500224
1775337320477,500224
1775337320479,500224
1775337320481,500224
1775337320483,500224
1775337320485,500224
1775337320486,500224
1775337320488,500224
1775337320489,500224
1775337320491,500224
1775337320493,500224
1775337320494,500224
1775337320495,500224
1775337320499,500224
1775337320501,500224
1775337320502,500224
1775337320506,500224
1775337320509,500224
1775337320513,500224
1775337320516,500224
1775337320519,500224
1775337320522,500224
1775337320524,500224
1775337320527,500224
1775337320533,500224
1775337320536,500224
1775337320539,500224
1775337320541,500224
1775337320544,500224
1775337320547,500224
1775337320549,500224
1775337320552,500224
1775337320554,500224
1775337320556,500224
1775337320559,500224
1775337320561,500224
1775337321029,500224
1775337321032,500224
1775337321035,500224
1775337321038,500224
1775337321041,500224
1775337321045,500224
1775337321050,500224
1775337321061,500224
1775337321064,500224
1775337321067,500224
1775337321069,500224
1775337321073,500224
1775337321077,500224
1775337321083,500224
1775337321085,500224
1775337321088,500224
1775337321091,500224
1775337321093,500224
1775337321096,500224
1775337321098,500224
1775337321101,500224
1775337321104,500224
1775337321106,500224
1775337321107,500224
1775337321110,500224
1775337321113,500224
1775337321116,500224
1775337321119,500224
1775337321123,500224
1775337321124,500224
1775337321126,500224
1775337321127,500224
1775337321130,500224
1775337321134,500224
1775337321138,500224
1775337321141,500224
1775337321144,500224
1775337321148,500224
1775337321153,500224
1775337321157,500224
1775337321160,500224
1775337321162,500224
1775337321165,500224
1775337321169,500224
1775337321173,500224
1775337321175,500224
1775337321178,500224
1775337321181,500224
1775337321186,500224
1775337321633,500224
1775337321641,500224
1775337321645,500224
1775337321650,500224
1775337321653,500224
1775337321657,500224
1775337321660,500224
1775337321663,500224
1775337321666,500224
1775337321671,500224
1775337321674,500224
1775337321677,500224
1775337321681,500224
1775337321683,500224
1775337321686,500224
1775337321690,500224
1775337321692,500224
1775337321697,500224
1775337321704,500224
1775337321706,500224
1775337321709,500224
1775337321712,500224
1775337321716,500224
1775337321719,500224
1775337321723,500224
1775337321727,500224
1775337321731,500224
1775337321734,500224
1775337321738,500224
1775337321741,500224
1775337321744,500224
1775337321747,500224
1775337321750,500224
1775337321753,500224
1775337321757,500224
1775337321760,500224
1775337321764,500224
1775337321766,500224
1775337321768,500224
1775337321770,500224
1775337321772,500224
1775337321773,500224
1775337321777,500224
1775337321779,500224
1775337321781,500224
1775337321782,500224
1775337321784,500224
1775337321785,500224
1775337321786,500224
1775337321787,500224
1775337322231,500224
1775337322237,500224
1775337322239,500224
1775337322242,500224
1775337322246,500224
1775337322251,500224
1775337322254,500224
1775337322257,500224
1775337322260,500224
1775337322262,500224
1775337322263,500224
1775337322265,500224
1775337322267,500224
1775337322270,500224
1775337322275,500224
1775337322280,500224
1775337322284,500224
1775337322287,500224
1775337322290,500224
1775337322293,500224
1775337322296,500224
1775337322299,500224
1775337322303,500224
1775337322307,500224
1775337322310,500224
1775337322312,500224
1775337322315,500224
1775337322316,500224
1775337322318,500224
1775337322320,500224
1775337322321,500224
1775337322323,500224
1775337322324,500224
1775337322327,500224
1775337322329,500224
1775337322332,500224
1775337322335,500224
1775337322338,500224
1775337322339,500224
1775337322340,500224
1775337322342,500224
1775337322343,500224
1775337322344,500224
1775337322348,500224
1775337322832,500224
1775337322836,500224
1775337322841,500224
1775337322845,500224
1775337322847,500224
1775337322850,500224
1775337322853,500224
1775337322855,500224
1775337322860,500224
1775337322864,500224
1775337322868,500224
1775337322872,500224
1775337322876,500224
1775337322880,500224
1775337322884,500224
1775337322888,500224
1775337322890,500224
1775337322893,500224
1775337322896,500224
1775337322899,500224
1775337322901,500224
1775337322904,500224
1775337322906,500224
1775337322910,500224
1775337322912,500224
1775337322915,500224
1775337322917,500224
1775337322919,500224
1775337322921,500224
1775337322926,500224
1775337322927,500224
1775337322929,500224
1775337322932,500224
1775337322934,500224
1775337322935,500224
1775337322938,500224
1775337322942,500224
1775337322945,500224
1775337322948,500224
1775337322951,500224
1775337322954,500224
1775337322956,500224
1775337322959,500224
1775337322961,500224
1775337322963,500224
1775337322965,500224
1775337322968,500224
1775337322972,500224
1775337322975,500224
1775337322978,500224
1775337322982,500224
1775337322987,500224
1775337322990,500224
1775337322993,500224
1775337322995,500224
1775337322998,500224
1775337323002,500224
1775337323005,500224
1775337323009,500224
1775337323011,500224
1775337323013,500224
1775337323016,500224
1775337323019,500224
1775337323021,500224
1775337323023,500224
1775337323029,500224
1775337323032,500224
1775337323035,500224
1775337323037,500224
1775337323039,500224
1775337323041,500224
1775337323042,500224
1775337323046,500224
1775337323050,500224
1775337323052,500224
1775337323053,500224
1775337323055,500224
1775337323058,500224
1775337323061,500224
1775337323064,500224
1775337323066,500224
1775337323070,500224
1775337323073,500224
1775337323075,500224
1775337323077,500224
1775337323081,500224
1775337323083,500224
1775337323084,500224
1775337323087,500224
1775337323090,500224
1775337323091,500224
1775337323094,500224
1775337323096,500224
1775337323098,500224
1775337323100,500224
1775337323102,500224
1775337323104,500224
1775337323106,500224
1775337323107,500224
1775337323108,500224
1775337323110,500224
1775337323114,500224
1775337323116,500224
1775337323119,500224
1775337323121,500224
1775337323123,500224
1775337323124,500224
1775337323125,500224
1775337323127,500224
1775337323128,500224
1775337323129,500224
1775337323132,500224
1775337323133,500224
1775337323134,500224
1775337323136,500224
1775337323137,500224
1775337323140,500224
1775337323436,500224
1775337323440,500224
1775337323444,500224
1775337323448,500224
1775337323453,500224
1775337323456,500224
1775337323460,500224
1775337323462,500224
1775337323465,500224
1775337323468,500224
1775337323472,500224
1775337323476,500224
1775337323478,500224
1775337323481,500224
1775337323487,500224
1775337323493,500224
1775337323497,500224
1775337323501,500224
1775337323504,500224
1775337323506,500224
1775337323510,500224
1775337323513,500224
1775337323516,500224
1775337323520,500224
1775337323523,500224
1775337323528,500224
1775337323530,500224
1775337323533,500224
1775337323535,500224
1775337323537,500224
1775337323539,500224
1775337323541,500224
1775337323542,500224
1775337323543,500224
1775337323551,500224
1775337323553,500224
1775337323558,500224
1775337323561,500224
1775337323564,500224
1775337323567,500224
1775337323571,500224
1775337323576,500224
1775337323580,500224
1775337323583,500224
1775337323585,500224
1775337323588,500224
1775337323590,500224
1775337323593,500224
1775337323595,500224
1775337323597,500224
1775337323598,500224
1775337323601,500224
1775337323603,500224
1775337323605,500224
1775337323607,500224
1775337323609,500224
1775337323611,500224
1775337323613,500224
1775337323615,500224
1775337323617,500224
1775337323618,500224
1775337323620,500224
1775337324033,500224
1775337324036,500224
1775337324039,500224
1775337324043,500224
1775337324047,500224
1775337324050,500224
1775337324058,500224
1775337324061,500224
1775337324070,500224
1775337324074,500224
1775337324078,500224
1775337324081,500224
1775337324085,500224
1775337324090,500224
1775337324095,500224
1775337324098,500224
1775337324107,500224
1775337324110,500224
1775337324113,500224
1775337324116,500224
1775337324118,500224
1775337324120,500224
1775337324122,500224
1775337324124,500224
1775337324126,500224
1775337324128,500224
1775337324129,500224
1775337324131,500224
1775337324134,500224
1775337324135,500224
1775337324138,500224
1775337324140,500224
1775337324143,500224
1775337324146,500224
1775337324148,500224
1775337324151,500224
1775337324152,500224
1775337324154,500224
1775337324157,500224
1775337324159,500224
1775337324161,500224
1775337324163,500224
1775337324165,500224
1775337324167,500224
1775337324169,500224
1775337324172,500224
1775337324173,500224
1775337324175,500224
1775337324177,500224
1775337324178,500224
1775337324181,500224
1775337324185,500224
1775337324188,500224
1775337324191,500224
1775337324193,500224
1775337324196,500224
1775337324199,500224
1775337324201,500224
1775337324203,500224
1775337324206,500224
1775337324207,500224
1775337324210,500224
1775337324212,500224
1775337324215,500224
1775337324635,500224
1775337324639,500224
1775337324643,500224
1775337324648,500224
1775337324657,500224
1775337324661,500224
1775337324664,500224
1775337324667,500224
1775337324669,500224
1775337324672,500224
1775337324675,500224
1775337324677,500224
1775337324680,500224
1775337324684,500224
1775337324687,500224
1775337324689,500224
1775337324692,500224
1775337324695,500224
1775337324698,500224
1775337324700,500224
1775337324703,500224
1775337324705,500224
1775337324708,500224
1775337324709,500224
1775337324713,500224
1775337324715,500224
1775337324717,500224
1775337324720,500224
1775337324723,500224
1775337324725,500224
1775337324726,500224
1775337324728,500224
1775337324729,500224
1775337324731,500224
1775337324732,500224
1775337324735,500224
1775337324738,500224
1775337324741,500224
1775337324744,500224
1775337324747,500224
1775337324748,500224
1775337324750,500224
1775337324752,500224
1775337324754,500224
1775337324756,500224
1775337324759,500224
1775337324762,500224
1775337324766,500224
1775337325235,500224
1775337325238,500224
1775337325241,500224
1775337325249,500224
1775337325252,500224
1775337325255,500224
1775337325258,500224
1775337325262,500224
1775337325266,500224
1775337325270,500224
1775337325272,500224
1775337325274,500224
1775337325276,500224
1775337325279,500224
1775337325281,500224
1775337325283,500224
1775337325286,500224
1775337325290,500224
1775337325293,500224
1775337325296,500224
1775337325298,500224
1775337325301,500224
1775337325304,500224
1775337325305,500224
1775337325307,500224
1775337325311,500224
1775337325314,500224
1775337325316,500224
1775337325318,500224
1775337325320,500224
1775337325322,500224
1775337325324,500224
1775337325326,500224
1775337325328,500224
1775337325329,500224
1775337325332,500224
1775337325335,500224
1775337325338,500224
1775337325340,500224
1775337325341,500224
1775337325344,500224
1775337325346,500224
1775337325349,500224
1775337325352,500224
1775337325354,500224
1775337325357,500224
1775337325359,500224
1775337325361,500224
1775337325362,500224
1775337325363,500224
1775337325364,500224
1775337325366,500224
1775337325367,500224
1775337325368,500224
1775337325371,500224
1775337325373,500224
1775337325376,500224
1775337325379,500224
1775337325381,500224
1775337325383,500224
1775337325385,500224
1775337325386,500224
1775337325388,500224
1775337325390,500224
1775337325392,500224
1775337325394,500224
1775337325396,500224
1775337325398,500224
1775337325399,500224
1775337325401,500224
1775337325403,500224
1775337325840,500224
1775337325845,500224
1775337325849,500224
1775337325851,500224
1775337325854,500224
1775337325856,500224
1775337325859,500224
1775337325861,500224
1775337325864,500224
1775337325866,500224
1775337325868,500224
1775337325870,500224
1775337325872,500224
1775337325874,500224
1775337325877,500224
1775337325879,500224
1775337325881,500224
1775337325885,500224
1775337325887,500224
1775337325889,500224
1775337325891,500224
1775337325893,500224
1775337325894,500224
1775337325898,500224
1775337325901,500224
1775337325905,500224
1775337325907,500224
1775337325909,500224
1775337325914,500224
1775337325917,500224
1775337325919,500224
1775337325920,500224
1775337325923,500224
1775337325925,500224
1775337325926,500224
1775337325928,500224
1775337325929,500224
1775337325930,500224
1775337325932,500224
1775337325933,500224
1775337325935,500224
1775337325936,500224
1775337325938,500224
1775337325939,500224
1775337325942,500224
1775337325945,500224
1775337325947,500224
1775337325948,500224
1775337325949,500224
1775337325951,500224
1775337325952,500224
1775337325953,500224
1775337325955,500224
1775337325956,500224
1775337325957,500224
1775337325959,500224
1775337325960,500224
1775337326437,500224
1775337326442,500224
1775337326445,500224
1775337326447,500224
1775337326450,500224
1775337326452,500224
1775337326454,500224
1775337326456,500224
1775337326460,500224
1775337326463,500224
1775337326465,500224
1775337326467,500224
1775337326473,500224
1775337326475,500224
1775337326480,500224
1775337326483,500224
1775337326487,500224
1775337326488,500224
1775337326492,500224
1775337326495,500224
1775337326497,500224
1775337326500,500224
1775337326503,500224
1775337326506,500224
1775337326508,500224
1775337326511,500224
1775337326513,500224
1775337326516,500224
1775337326519,500224
1775337326520,500224
1775337326525,500224
1775337326528,500224
1775337326531,500224
1775337326534,500224
1775337326536,500224
1775337326539,500224
1775337326542,500224
1775337326545,500224
1775337326548,500224
1775337326550,500224
1775337326554,500224
1775337326557,500224
1775337326559,500224
1775337326561,500224
1775337326564,500224
1775337326566,500224
1775337326568,500224
1775337326571,500224
1775337326573,500224
1775337326575,500224
1775337326577,500224
1775337326583,500224
1775337326585,500224
1775337327041,500224
1775337327048,500224
1775337327054,500224
1775337327057,500224
1775337327065,500224
1775337327068,500224
1775337327071,500224
1775337327075,500224
1775337327078,500224
1775337327081,500224
1775337327084,500224
1775337327087,500224
1775337327090,500224
1775337327093,500224
1775337327096,500224
1775337327098,500224
1775337327101,500224
1775337327103,500224
1775337327105,500224
1775337327107,500224
1775337327108,500224
1775337327110,500224
1775337327112,500224
1775337327114,500224
1775337327117,500224
1775337327120,500224
1775337327122,500224
1775337327125,500224
1775337327128,500224
1775337327130,500224
1775337327133,500224
1775337327135,500224
1775337327138,500224
1775337327140,500224
1775337327142,500224
1775337327144,500224
1775337327146,500224
1775337327639,500224
1775337327641,500224
1775337327644,500224
1775337327646,500224
1775337327649,500224
1775337327653,500224
1775337327656,500224
1775337327659,500224
1775337327662,500224
1775337327664,500224
1775337327667,500224
1775337327671,500224
1775337327674,500224
1775337327677,500224
1775337327681,500224
1775337327684,500224
1775337327686,500224
1775337327687,500224
1775337327690,500224
1775337327692,500224
1775337327693,500224
1775337327697,500224
1775337327700,500224
1775337327704,500224
1775337327707,500224
1775337327709,500224
1775337327712,500224
1775337327715,500224
1775337327717,500224
1775337327719,500224
1775337327721,500224
1775337327722,500224
1775337327724,500224
1775337327725,500224
1775337327727,500224
1775337327728,500224
1775337327730,500224
1775337327731,500224
1775337327733,500224
1775337327734,500224
1775337327736,500224
1775337327741,500224
1775337327743,500224
1775337327745,500224
1775337327747,500224
1775337327749,500224
1775337327752,500224
1775337327755,500224
1775337327757,500224
1775337327759,500224
1775337327760,500224
1775337327762,500224
1775337328244,500224
1775337328247,500224
1775337328250,500224
1775337328251,500224
1775337328258,500224
1775337328261,500224
1775337328263,500224
1775337328266,500224
1775337328268,500224
1775337328272,500224
1775337328275,500224
1775337328277,500224
1775337328278,500224
1775337328280,500224
1775337328281,500224
1775337328283,500224
1775337328284,500224
1775337328285,500224
1775337328287,500224
1775337328289,500224
1775337328290,500224
1775337328291,500224
1775337328293,500224
1775337328296,500224
1775337328302,500224
1775337328305,500224
1775337328308,500224
1775337328311,500224
1775337328318,500224
1775337328323,500224
1775337328327,500224
1775337328330,500224
1775337328332,500224
1775337328334,500224
1775337328336,500224
1775337328338,500224
1775337328344,500224
1775337328347,500224
1775337328351,500224
1775337328353,500224
1775337328355,500224
1775337328357,500224
1775337328359,500224
1775337328362,500224
1775337328365,500224
1775337328841,500224
1775337328844,500224
1775337328847,500224
1775337328850,500224
1775337328852,500224
1775337328855,500224
1775337328858,500224
1775337328863,500224
1775337328866,500224
1775337328868,500224
1775337328872,500224
1775337328875,500224
1775337328877,500224
1775337328879,500224
1775337328881,500224
1775337328884,500224
1775337328887,500224
1775337328889,500224
1775337328891,500224
1775337328893,500224
1775337328895,500224
1775337328896,500224
1775337328901,500224
1775337328905,500224
1775337328907,500224
1775337328910,500224
1775337328912,500224
1775337328915,500224
1775337328917,500224
1775337328919,500224
1775337328921,500224
1775337328923,500224
1775337328926,500224
1775337328928,500224
1775337328930,500224
1775337328932,500224
1775337328933,500224
1775337328935,500224
1775337328937,500224
1775337328941,500224
1775337328944,500224
1775337328946,500224
1775337328949,500224
1775337328952,500224
1775337328954,500224
1775337328957,500224
1775337328960,500224
1775337328962,500224
1775337328965,500224
1775337329441,500224
1775337329447,500224
1775337329452,500224
1775337329461,500224
1775337329463,500224
1775337329465,500224
1775337329471,500224
1775337329474,500224
1775337329476,500224
1775337329477,500224
1775337329480,500224
1775337329482,500224
1775337329484,500224
1775337329485,500224
1775337329487,500224
1775337329489,500224
1775337329492,500224
1775337329493,500224
1775337329495,500224
1775337329498,500224
1775337329500,500224
1775337329505,500224
1775337329507,500224
1775337329509,500224
1775337329512,500224
1775337329515,500224
1775337329517,500224
1775337329522,500224
1775337329525,500224
1775337329528,500224
1775337329531,500224
1775337329534,500224
1775337329537,500224
1775337329539,500224
1775337329541,500224
1775337329542,500224
1775337329546,500224
1775337329553,500224
1775337329556,500224
1775337329559,500224
1775337329561,500224
1775337329563,500224
1775337329571,500224
1775337329574,500224
1775337329577,500224
1775337330042,500224
1775337330045,500224
1775337330047,500224
1775337330050,500224
1775337330053,500224
1775337330056,500224
1775337330059,500224
1775337330062,500224
1775337330065,500224
1775337330067,500224
1775337330070,500224
1775337330072,500224
1775337330074,500224
1775337330077,500224
1775337330079,500224
1775337330081,500224
1775337330083,500224
1775337330085,500224
1775337330088,500224
1775337330091,500224
1775337330093,500224
1775337330095,500224
1775337330098,500224
1775337330100,500224
1775337330102,500224
1775337330104,500224
1775337330105,500224
1775337330107,500224
1775337330109,500224
1775337330110,500224
1775337330112,500224
1775337330115,500224
1775337330121,500224
1775337330124,500224
1775337330127,500224
1775337330130,500224
1775337330133,500224
1775337330135,500224
1775337330141,500224
1775337330145,500224
1775337330149,500224
1775337330152,500224
1775337330157,500224
1775337330160,500224
1775337330163,500224
1775337330166,500224
1775337330646,500224
1775337330650,500224
1775337330653,500224
1775337330660,500224
1775337330663,500224
1775337330665,500224
1775337330667,500224
1775337330676,500224
1775337330680,500224
1775337330683,500224
1775337330688,500224
1775337330691,500224
1775337330694,500224
1775337330697,500224
1775337330700,500224
1775337330707,500224
1775337330709,500224
1775337330712,500224
1775337330714,500224
1775337330717,500224
1775337330720,500224
1775337330726,500224
1775337330730,500224
1775337330732,500224
1775337330734,500224
1775337330735,500224
1775337330737,500224
1775337330739,500224
1775337330741,500224
1775337330743,500224
1775337330745,500224
1775337330747,500224
1775337330748,500224
1775337330752,500224
1775337330755,500224
1775337330757,500224
1775337330760,500224
1775337330763,500224
1775337330766,500224
1775337330768,500224
1775337330770,500224
1775337330771,500224
1775337330774,500224
1775337330777,500224
1775337330780,500224
1775337330782,500224
1775337331246,500224
1775337331251,500224
1775337331257,500224
1775337331262,500224
1775337331264,500224
1775337331268,500224
1775337331273,500224
1775337331282,500224
1775337331286,500224
1775337331292,500224
1775337331294,500224
1775337331296,500224
1775337331299,500224
1775337331300,500224
1775337331303,500224
1775337331306,500224
1775337331309,500224
1775337331311,500224
1775337331312,500224
1775337331313,500224
1775337331314,500224
1775337331316,500224
1775337331317,500224
1775337331322,500224
1775337331325,500224
1775337331327,500224
1775337331330,500224
1775337331332,500224
1775337331335,500224
1775337331339,500224
1775337331342,500224
1775337331344,500224
1775337331347,500224
1775337331349,500224
1775337331352,500224
1775337331354,500224
1775337331356,500224
1775337331358,500224
1775337331360,500224
1775337331361,500224
1775337331363,500224
1775337331365,500224
1775337331367,500224
1775337331369,500224
1775337331371,500224
1775337331372,500224
1775337331850,500224
1775337331854,500224
1775337331859,500224
1775337331862,500224
1775337331867,500224
1775337331870,500224
1775337331878,500224
1775337331881,500224
1775337331885,500224
1775337331888,500224
1775337331891,500224
1775337331894,500224
1775337331897,500224
1775337331900,500224
1775337331904,500224
1775337331909,500224
1775337331913,500224
1775337331916,500224
1775337331919,500224
1775337331923,500224
1775337331926,500224
1775337331929,500224
1775337331932,500224
1775337331935,500224
1775337331937,500224
1775337331939,500224
1775337331941,500224
1775337331946,500224
1775337331948,500224
1775337331950,500224
1775337331952,500224
1775337331955,500224
1775337331958,500224
1775337331961,500224
1775337331963,500224
1775337331965,500224
1775337331967,500224
1775337331971,500224
1775337331974,500224
1775337331976,500224
1775337331978,500224
1775337331981,500224
1775337331982,500224
1775337331983,500224
1775337331985,500224
1775337331986,500224
1775337331987,500224
1775337331989,500224
1775337332446,500224
1775337332449,500224
1775337332452,500224
1775337332455,500224
1775337332458,500224
1775337332461,500224
1775337332464,500224
1775337332467,500224
1775337332470,500224
1775337332472,500224
1775337332475,500224
1775337332478,500224
1775337332481,500224
1775337332483,500224
1775337332486,500224
1775337332489,500224
1775337332493,500224
1775337332496,500224
1775337332499,500224
1775337332502,500224
1775337332504,500224
1775337332512,500224
1775337332517,500224
1775337332520,500224
1775337332523,500224
1775337332526,500224
1775337332528,500224
1775337332530,500224
1775337332533,500224
1775337332535,500224
1775337332538,500224
1775337332540,500224
1775337332542,500224
1775337332544,500224
1775337332546,500224
1775337332548,500224
1775337332550,500224
1775337332551,500224
1775337332553,500224
1775337332554,500224
1775337332556,500224
1775337332557,500224
1775337332559,500224
1775337332560,500224
1775337332561,500224
1775337332563,500224
1775337332564,500224
1775337333055,500224
1775337333057,500224
1775337333061,500224
1775337333064,500224
1775337333067,500224
1775337333070,500224
1775337333073,500224
1775337333076,500224
1775337333079,500224
1775337333082,500224
1775337333084,500224
1775337333086,500224
1775337333087,500224
1775337333090,500224
1775337333093,500224
1775337333095,500224
1775337333096,500224
1775337333098,500224
1775337333099,500224
1775337333101,500224
1775337333105,500224
1775337333108,500224
1775337333111,500224
1775337333114,500224
1775337333117,500224
1775337333118,500224
1775337333119,500224
1775337333121,500224
1775337333122,500224
1775337333123,500224
1775337333125,500224
1775337333126,500224
1775337333127,500224
1775337333128,500224
1775337333130,500224
1775337333132,500224
1775337333134,500224
1775337333136,500224
1775337333650,500224
1775337333653,500224
1775337333656,500224
1775337333659,500224
1775337333662,500224
1775337333664,500224
1775337333667,500224
1775337333670,500224
1775337333672,500224
1775337333675,500224
1775337333678,500224
1775337333682,500224
1775337333689,500224
1775337333692,500224
1775337333694,500224
1775337333700,500224
1775337333703,500224
1775337333706,500224
1775337333709,500224
1775337333712,500224
1775337333714,500224
1775337333717,500224
1775337333719,500224
1775337333722,500224
1775337333726,500224
1775337333729,500224
1775337333732,500224
1775337333735,500224
1775337333738,500224
1775337333741,500224
1775337333746,500224
1775337333749,500224
1775337333750,500224
1775337333752,500224
1775337333753,500224
1775337333755,500224
1775337333756,500224
1775337333757,500224
1775337333759,500224
1775337333760,500224
1775337333761,500224
1775337333763,500224
1775337333764,500224
1775337333767,500224
1775337333770,500224
1775337333773,500224
1775337333776,500224
1775337333778,500224
1775337333781,500224
1775337333784,500224
1775337333786,500224
1775337333789,500224
1775337333791,500224
1775337333792,500224
1775337333794,500224
1775337333796,500224
1775337333798,500224
1775337334251,500224
1775337334256,500224
1775337334258,500224
1775337334261,500224
1775337334266,500224
1775337334274,500224
1775337334277,500224
1775337334279,500224
1775337334282,500224
1775337334285,500224
1775337334288,500224
1775337334290,500224
1775337334293,500224
1775337334296,500224
1775337334298,500224
1775337334302,500224
1775337334306,500224
1775337334309,500224
1775337334312,500224
1775337334314,500224
1775337334317,500224
1775337334320,500224
1775337334322,500224
1775337334324,500224
1775337334327,500224
1775337334330,500224
1775337334333,500224
1775337334335,500224
1775337334338,500224
1775337334342,500224
1775337334343,500224
1775337334345,500224
1775337334348,500224
1775337334351,500224
1775337334353,500224
1775337334356,500224
1775337334359,500224
1775337334361,500224
1775337334364,500224
1775337334366,500224
1775337334369,500224
1775337334852,500224
1775337334858,500224
1775337334862,500224
1775337334867,500224
1775337334870,500224
1775337334873,500224
1775337334876,500224
1775337334878,500224
1775337334881,500224
1775337334884,500224
1775337334887,500224
1775337334890,500224
1775337334893,500224
1775337334897,500224
1775337334900,500224
1775337334902,500224
1775337334904,500224
1775337334908,500224
1775337334911,500224
1775337334913,500224
1775337334916,500224
1775337334920,500224
1775337334923,500224
1775337334925,500224
1775337334931,500224
1775337334934,500224
1775337334936,500224
1775337334938,500224
1775337334940,500224
1775337334944,500224
1775337334947,500224
1775337334950,500224
1775337334952,500224
1775337334955,500224
1775337334958,500224
1775337334965,500224
1775337334968,500224
1775337334971,500224
1775337334974,500224
1775337334977,500224
1775337334979,500224
1775337334982,500224
1775337334985,500224
1775337334988,500224
1775337334990,500224
1775337334993,500224
1775337334995,500224
1775337334998,500224
1775337335000,500224
1775337335006,500224
1775337335008,500224
1775337335013,500224
1775337335016,500224
1775337335017,500224
1775337335020,500224
1775337335023,500224
1775337335025,500224
1775337335028,500224
1775337335030,500224
1775337335032,500224
1775337335035,500224
1775337335037,500224
1775337335040,500224
1775337335042,500224
1775337335045,500224
1775337335048,500224
1775337335051,500224
1775337335052,500224
1775337335054,500224
1775337335055,500224
1775337335057,500224
1775337335059,500224
1775337335061,500224
1775337335063,500224
1775337335066,500224
1775337335069,500224
1775337335074,500224
1775337335076,500224
1775337335079,500224
1775337335081,500224
1775337335083,500224
1775337335085,500224
1775337335087,500224
1775337335090,500224
1775337335094,500224
1775337335096,500224
1775337335097,500224
1775337335100,500224
1775337335102,500224
1775337335103,500224
1775337335105,500224
1775337335106,500224
1775337335107,500224
1775337335110,500224
1775337335113,500224
1775337335116,500224
1775337335118,500224
1775337335121,500224
1775337335126,500224
1775337335128,500224
1775337335131,500224
1775337335133,500224
1775337335140,500224
1775337335146,500224
1775337335148,500224
1775337335151,500224
1775337335155,500224
1775337335158,500224
1775337335159,500224
1775337335161,500224
1775337335164,500224
1775337335166,500224
1775337335168,500224
1775337335170,500224
1775337335171,500224
1775337335175,500224
1775337335178,500224
1775337335182,500224
1775337335185,500224
1775337335187,500224
1775337335188,500224
1775337335189,500224
1775337335192,500224
1775337335194,500224
1775337335196,500224
1775337335198,500224
1775337335200,500224
1775337335202,500224
1775337335204,500224
1775337335205,500224
1775337335207,500224
1775337335208,500224
1775337335210,500224
1775337335213,500224
1775337335216,500224
1775337335219,500224
1775337335221,500224
1775337335223,500224
1775337335224,500224
1775337335226,500224
1775337335228,500224
1775337335229,500224
1775337335230,500224
1775337335231,500224
1775337335235,500224
1775337335237,500224
1775337335239,500224
1775337335241,500224
1775337335243,500224
1775337335244,500224
1775337335246,500224
1775337335248,500224
1775337335250,500224
1775337335256,500224
1775337335260,500224
1775337335265,500224
1775337335268,500224
1775337335270,500224
1775337335273,500224
1775337335276,500224
1775337335278,500224
1775337335280,500224
1775337335285,500224
1775337335288,500224
1775337335290,500224
1775337335292,500224
1775337335295,500224
1775337335297,500224
1775337335299,500224
1775337335301,500224
1775337335303,500224
1775337335306,500224
1775337335308,500224
1775337335310,500224
1775337335313,500224
1775337335315,500224
1775337335317,500224
1775337335319,500224
1775337335324,500224
1775337335326,500224
1775337335327,500224
1775337335329,500224
1775337335331,500224
1775337335333,500224
1775337335336,500224
1775337335339,500224
1775337335341,500224
1775337335343,500224
1775337335346,500224
1775337335348,500224
1775337335350,500224
1775337335353,500224
1775337335357,500224
1775337335359,500224
1775337335361,500224
1775337335368,500224
1775337335374,500224
1775337335377,500224
1775337335379,500224
1775337335381,500224
1775337335383,500224
1775337335384,500224
1775337335386,500224
1775337335388,500224
1775337335390,500224
1775337335391,500224
1775337335393,500224
1775337335395,500224
1775337335398,500224
1775337335401,500224
1775337335403,500224
1775337335404,500224
1775337335406,500224
1775337335408,500224
1775337335411,500224
1775337335414,500224
1775337335419,500224
1775337335422,500224
1775337335425,500224
1775337335429,500224
1775337335431,500224
1775337335434,500224
1775337335436,500224
1775337335438,500224
1775337335439,500224
1775337335441,500224
1775337335443,500224
1775337335444,500224
1775337335446,500224
1775337335448,500224
1775337335450,500224
1775337335451,500224
1775337335455,500224
1775337335457,500224
1775337335459,500224
1775337335461,500224
1775337335462,500224
1775337335464,500224
1775337335465,500224
1775337335467,500224
1775337335468,500224
1775337335470,500224
1775337335471,500224
1775337335473,500224
1775337335474,500224
1775337335477,500224
1775337335479,500224
1775337335481,500224
1775337335482,500224
1775337335483,500224
1775337335485,500224
1775337335486,500224
1775337335487,500224
1775337335489,500224
1775337335491,500224
1775337335493,500224
1775337335495,500224
1775337335496,500224
1775337335498,500224
1775337335501,500224
1775337335503,500224
1775337335504,500224
1775337335506,500224
1775337335507,500224
1775337335509,500224
1775337335510,500224
1775337335512,500224
1775337335513,500224
1775337335515,500224
1775337335518,500224
1775337335521,500224
1775337335523,500224
1775337335525,500224
1775337335527,500224
1775337335528,500224
1775337335530,500224
1775337335531,500224
1775337335533,500224
1775337335534,500224
1775337335535,500224
1775337335537,500224
1775337335538,500224
1775337335539,500224
1775337335541,500224
1775337335545,500224
1775337335548,500224
1775337335551,500224
1775337335554,500224
1775337335556,500224
1775337335559,500224
1775337335562,500224
1775337335564,500224
1775337335565,500224
1775337335566,500224
1775337335567,500224
1775337335569,500224
1775337335570,500224
1775337335575,500224
1775337335577,500224
1775337335580,500224
1775337335585,500224
1775337335587,500224
1775337335590,500224
1775337335592,500224
1775337335594,500224
1775337335596,500224
1775337335598,500224
1775337335600,500224
1775337335602,500224
1775337335603,500224
1775337335605,500224
1775337335607,500224
1775337335609,500224
1775337335611,500224
1775337335613,500224
1775337335614,500224
1775337335616,500224
1775337335620,500224
1775337335622,500224
1775337335625,500224
1775337335629,500224
1775337335631,500224
1775337335635,500224
1775337335636,500224
1775337335638,500224
1775337335639,500224
1775337335641,500224
1775337335642,500224
1775337335644,500224
1775337335645,500224
1775337335647,500224
1775337335650,500224
1775337335653,500224
1775337335655,500224
1775337335658,500224
1775337335662,500224
1775337335665,500224
1775337335667,500224
1775337335670,500224
1775337335672,500224
1775337335674,500224
1775337336053,500224
1775337336056,500224
1775337336059,500224
1775337336061,500224
1775337336064,500224
1775337336067,500224
1775337336069,500224
1775337336074,500224
1775337336077,500224
1775337336080,500224
1775337336084,500224
1775337336087,500224
1775337336093,500224
1775337336096,500224
1775337336098,500224
1775337336099,500224
1775337336100,500224
1775337336102,500224
1775337336103,500224
1775337336104,500224
1775337336105,500224
1775337336107,500224
1775337336108,500224
1775337336109,500224
1775337336112,500224
1775337336116,500224
1775337336119,500224
1775337336122,500224
1775337336124,500224
1775337336127,500224
1775337336129,500224
1775337336130,500224
1775337336133,500224
1775337336135,500224
1775337336138,500224
1775337336139,500224
1775337336140,500224
1775337336141,500224
1775337336143,500224
1775337336144,500224
1775337336145,500224
1775337336147,500224
1775337336148,500224
1775337336149,500224
1775337336154,500224
1775337336161,500224
1775337336164,500224
1775337336165,500224
1775337336166,500224
1775337336167,500224
1775337336169,500224
1775337336170,500224
1775337336172,500224
1775337336173,500224
1775337336175,500224
1775337336177,500224
1775337336178,500224
1775337336180,500224
1775337336181,500224
1775337336183,500224
1775337336659,500224
1775337336662,500224
1775337336664,500224
1775337336666,500224
1775337336669,500224
1775337336672,500224
1775337336677,500224
1775337336679,500224
1775337336683,500224
1775337336686,500224
1775337336689,500224
1775337336692,500224
1775337336695,500224
1775337336698,500224
1775337336700,500224
1775337336703,500224
1775337336705,500224
1775337336707,500224
1775337336709,500224
1775337336711,500224
1775337336712,500224
1775337336714,500224
1775337336716,500224
1775337336717,500224
1775337336720,500224
1775337336723,500224
1775337336725,500224
1775337336727,500224
1775337336731,500224
1775337336734,500224
1775337336735,500224
1775337336737,500224
1775337336738,500224
1775337336741,500224
1775337336743,500224
1775337336744,500224
1775337336746,500224
1775337336748,500224
1775337336750,500224
1775337336751,500224
1775337336754,500224
1775337336757,500224
1775337336759,500224
1775337336761,500224
1775337336762,500224
1775337336765,500224
1775337336767,500224
1775337336770,500224
1775337336772,500224
1775337336774,500224
1775337337253,500224
1775337337258,500224
1775337337262,500224
1775337337264,500224
1775337337268,500224
1775337337270,500224
1775337337275,500224
1775337337277,500224
1775337337281,500224
1775337337284,500224
1775337337287,500224
1775337337289,500224
1775337337292,500224
1775337337295,500224
1775337337297,500224
1775337337300,500224
1775337337301,500224
1775337337303,500224
1775337337305,500224
1775337337306,500224
1775337337309,500224
1775337337311,500224
1775337337314,500224
1775337337317,500224
1775337337320,500224
1775337337323,500224
1775337337326,500224
1775337337328,500224
1775337337331,500224
1775337337333,500224
1775337337336,500224
1775337337338,500224
1775337337340,500224
1775337337342,500224
1775337337345,500224
1775337337347,500224
1775337337854,500224
1775337337859,500224
1775337337862,500224
1775337337865,500224
1775337337869,500224
1775337337873,500224
1775337337876,500224
1775337337879,500224
1775337337882,500224
1775337337885,500224
1775337337888,500224
1775337337890,500224
1775337337894,500224
1775337337897,500224
1775337337900,500224
1775337337906,500224
1775337337909,500224
1775337337911,500224
1775337337914,500224
1775337337916,500224
1775337337919,500224
1775337337921,500224
1775337337924,500224
1775337337926,500224
1775337337928,500224
1775337337930,500224
1775337337932,500224
1775337337935,500224
1775337337936,500224
1775337337938,500224
1775337337940,500224
1775337337941,500224
1775337337942,500224
1775337337944,500224
1775337337946,500224
1775337337947,500224
1775337337948,500224
1775337337950,500224
1775337337951,500224
1775337337952,500224
1775337337953,500224
1775337337955,500224
1775337337956,500224
1775337337957,500224
1775337337959,500224
1775337337961,500224
1775337337964,500224
1775337337967,500224
1775337337970,500224
1775337337972,500224
1775337337975,500224
1775337337978,500224
1775337337980,500224
1775337337983,500224
1775337338456,500224
1775337338457,500224
1775337338462,500224
1775337338464,500224
1775337338467,500224
1775337338470,500224
1775337338473,500224
1775337338475,500224
1775337338476,500224
1775337338482,500224
1775337338485,500224
1775337338489,500224
1775337338491,500224
1775337338492,500224
1775337338494,500224
1775337338495,500224
1775337338496,500224
1775337338498,500224
1775337338501,500224
1775337338504,500224
1775337338506,500224
1775337338509,500224
1775337338512,500224
1775337338514,500224
1775337338529,500224
1775337338532,500224
1775337338534,500224
1775337338537,500224
1775337338539,500224
1775337338541,500224
1775337338543,500224
1775337338545,500224
1775337338547,500224
1775337338549,500224
1775337338552,500224
1775337338554,500224
1775337338557,500224
1775337338559,500224
1775337338562,500224
1775337338564,500224
1775337338567,500224
1775337338570,500224
1775337338573,500224
1775337338575,500224
1775337338578,500224
1775337338581,500224
1775337338584,500224
1775337338586,500224
1775337338589,500224
1775337338591,500224
1775337338593,500224
1775337339058,500224
1775337339063,500224
1775337339067,500224
1775337339071,500224
1775337339081,500224
1775337339084,500224
1775337339086,500224
1775337339090,500224
1775337339094,500224
1775337339098,500224
1775337339102,500224
1775337339105,500224
1775337339108,500224
1775337339112,500224
1775337339115,500224
1775337339118,500224
1775337339121,500224
1775337339123,500224
1775337339133,500224
1775337339136,500224
1775337339138,500224
1775337339142,500224
1775337339145,500224
1775337339149,500224
1775337339152,500224
1775337339156,500224
1775337339158,500224
1775337339159,500224
1775337339160,500224
1775337339162,500224
1775337339163,500224
1775337339164,500224
1775337339165,500224
1775337339167,500224
1775337339171,500224
1775337339174,500224
1775337339176,500224
1775337339179,500224
1775337339182,500224
1775337339184,500224
1775337339187,500224
1775337339190,500224
1775337339193,500224
1775337339195,500224
1775337339198,500224
1775337339201,500224
1775337339204,500224
1775337339657,500224
1775337339659,500224
1775337339662,500224
1775337339664,500224
1775337339667,500224
1775337339670,500224
1775337339672,500224
1775337339675,500224
1775337339678,500224
1775337339680,500224
1775337339686,500224
1775337339690,500224
1775337339694,500224
1775337339697,500224
1775337339700,500224
1775337339704,500224
1775337339707,500224
1775337339709,500224
1775337339712,500224
1775337339716,500224
1775337339718,500224
1775337339720,500224
1775337339723,500224
1775337339725,500224
1775337339727,500224
1775337339730,500224
1775337339732,500224
1775337339734,500224
1775337339736,500224
1775337339738,500224
1775337339739,500224
1775337339744,500224
1775337339746,500224
1775337339749,500224
1775337339752,500224
1775337339754,500224
1775337339758,500224
1775337339760,500224
1775337339762,500224
1775337339764,500224
1775337339767,500224
1775337339769,500224
1775337339772,500224
1775337339774,500224
1775337339777,500224
1775337339779,500224
1775337339781,500224
1775337339783,500224
1775337340258,500224
1775337340261,500224
1775337340264,500224
1775337340267,500224
1775337340269,500224
1775337340272,500224
1775337340274,500224
1775337340276,500224
1775337340277,500224
1775337340284,500224
1775337340287,500224
1775337340291,500224
1775337340295,500224
1775337340298,500224
1775337340300,500224
1775337340303,500224
1775337340306,500224
1775337340308,500224
1775337340316,500224
1775337340319,500224
1775337340322,500224
1775337340325,500224
1775337340328,500224
1775337340330,500224
1775337340333,500224
1775337340336,500224
1775337340338,500224
1775337340341,500224
1775337340343,500224
1775337340345,500224
1775337340350,500224
1775337340353,500224
1775337340358,500224
1775337340361,500224
1775337340363,500224
1775337340368,500224
1775337340372,500224
1775337340374,500224
1775337340377,500224
1775337340379,500224
1775337340382,500224
1775337340385,500224
1775337340388,500224
1775337340390,500224
1775337340393,500224
1775337340395,500224
1775337340859,500224
1775337340862,500224
1775337340863,500224
1775337340867,500224
1775337340869,500224
1775337340870,500224
1775337340872,500224
1775337340874,500224
1775337340877,500224
1775337340879,500224
1775337340882,500224
1775337340883,500224
1775337340885,500224
1775337340886,500224
1775337340889,500224
1775337340892,500224
1775337340894,500224
1775337340897,500224
1775337340901,500224
1775337340904,500224
1775337340907,500224
1775337340910,500224
1775337340913,500224
1775337340915,500224
1775337340918,500224
1775337340921,500224
1775337340924,500224
1775337340927,500224
1775337340930,500224
1775337340933,500224
1775337340935,500224
1775337340937,500224
1775337340941,500224
1775337340944,500224
1775337340947,500224
1775337340949,500224
1775337340951,500224
1775337340952,500224
1775337340960,500224
1775337340963,500224
1775337340965,500224
1775337340967,500224
1775337340970,500224
1775337340972,500224
1775337341461,500224
1775337341466,500224
1775337341471,500224
1775337341476,500224
1775337341479,500224
1775337341483,500224
1775337341487,500224
1775337341491,500224
1775337341495,500224
1775337341498,500224
1775337341501,500224
1775337341504,500224
1775337341506,500224
1775337341509,500224
1775337341512,500224
1775337341515,500224
1775337341518,500224
1775337341520,500224
1775337341522,500224
1775337341524,500224
1775337341528,500224
1775337341531,500224
1775337341535,500224
1775337341538,500224
1775337341543,500224
1775337341545,500224
1775337341547,500224
1775337341552,500224
1775337341554,500224
1775337341557,500224
1775337341558,500224
1775337341563,500224
1775337341566,500224
1775337341567,500224
1775337341569,500224
1775337341572,500224
1775337341574,500224
1775337341575,500224
1775337341577,500224
1775337341579,500224
1775337341581,500224
1775337341582,500224
1775337341584,500224
1775337341585,500224
1775337341587,500224
1775337341589,500224
1775337341590,500224
1775337342062,500224
1775337342065,500224
1775337342068,500224
1775337342071,500224
1775337342075,500224
1775337342078,500224
1775337342081,500224
1775337342084,500224
1775337342086,500224
1775337342089,500224
1775337342094,500224
1775337342097,500224
1775337342100,500224
1775337342103,500224
1775337342106,500224
1775337342108,500224
1775337342111,500224
1775337342113,500224
1775337342116,500224
1775337342119,500224
1775337342125,500224
1775337342128,500224
1775337342130,500224
1775337342134,500224
1775337342137,500224
1775337342142,500224
1775337342152,500224
1775337342155,500224
1775337342159,500224
1775337342162,500224
1775337342165,500224
1775337342170,500224
1775337342173,500224
1775337342175,500224
1775337342177,500224
1775337342179,500224
1775337342180,500224
1775337342182,500224
1775337342184,500224
1775337342186,500224
1775337342188,500224
1775337342190,500224
1775337342192,500224
1775337342194,500224
1775337342196,500224
1775337342198,500224
1775337342200,500224
1775337342662,500224
1775337342666,500224
1775337342672,500224
1775337342676,500224
1775337342680,500224
1775337342683,500224
1775337342688,500224
1775337342691,500224
1775337342694,500224
1775337342695,500224
1775337342697,500224
1775337342699,500224
1775337342707,500224
1775337342715,500224
1775337342718,500224
1775337342721,500224
1775337342725,500224
1775337342727,500224
1775337342732,500224
1775337342734,500224
1775337342736,500224
1775337342738,500224
1775337342740,500224
1775337342744,500224
1775337342749,500224
1775337342752,500224
1775337342755,500224
1775337342758,500224
1775337342760,500224
1775337342763,500224
1775337342766,500224
1775337342768,500224
1775337342771,500224
1775337342775,500224
1775337342777,500224
1775337342780,500224
1775337342782,500224
1775337342784,500224
1775337342786,500224
1775337342792,500224
1775337342795,500224
1775337342798,500224
1775337342800,500224
1775337342802,500224
1775337342805,500224
1775337343264,500224
1775337343268,500224
1775337343271,500224
1775337343274,500224
1775337343276,500224
1775337343279,500224
1775337343282,500224
1775337343286,500224
1775337343289,500224
1775337343291,500224
1775337343294,500224
1775337343296,500224
1775337343299,500224
1775337343301,500224
1775337343304,500224
1775337343307,500224
1775337343310,500224
1775337343312,500224
1775337343315,500224
1775337343318,500224
1775337343320,500224
1775337343324,500224
1775337343327,500224
1775337343329,500224
1775337343330,500224
1775337343334,500224
1775337343337,500224
1775337343340,500224
1775337343343,500224
1775337343346,500224
1775337343350,500224
1775337343352,500224
1775337343353,500224
1775337343354,500224
1775337343359,500224
1775337343364,500224
1775337343368,500224
1775337343374,500224
1775337343376,500224
1775337343379,500224
1775337343381,500224
1775337343383,500224
1775337343386,500224
1775337343390,500224
1775337343394,500224
1775337343398,500224
1775337343400,500224
1775337343403,500224
1775337343406,500224
1775337343409,500224
1775337343412,500224
1775337343413,500224
1775337343415,500224
1775337343418,500224
1775337343421,500224
1775337343423,500224
1775337343425,500224
1775337343426,500224
1775337343427,500224
1775337343429,500224
1775337343430,500224
1775337343431,500224
1775337343434,500224
1775337343435,500224
1775337343441,500224
1775337343444,500224
1775337343447,500224
1775337343450,500224
1775337343453,500224
1775337343457,500224
1775337343461,500224
1775337343464,500224
1775337343467,500224
1775337343470,500224
1775337343472,500224
1775337343474,500224
1775337343478,500224
1775337343480,500224
1775337343482,500224
1775337343484,500224
1775337343486,500224
1775337343489,500224
1775337343491,500224
1775337343493,500224
1775337343495,500224
1775337343497,500224
1775337343499,500224
1775337343500,500224
1775337343502,500224
1775337343506,500224
1775337343508,500224
1775337343511,500224
1775337343513,500224
1775337343514,500224
1775337343516,500224
1775337343518,500224
1775337343520,500224
1775337343522,500224
1775337343524,500224
1775337343526,500224
1775337343531,500224
1775337343534,500224
1775337343536,500224
1775337343537,500224
1775337343539,500224
1775337343541,500224
1775337343543,500224
1775337343544,500224
1775337343551,500224
1775337343554,500224
1775337343557,500224
1775337343560,500224
1775337343562,500224
1775337343566,500224
1775337343569,500224
1775337343571,500224
1775337343573,500224
1775337343574,500224
1775337343576,500224
1775337343578,500224
1775337343582,500224
1775337343585,500224
1775337343587,500224
1775337343589,500224
1775337343592,500224
1775337343594,500224
1775337343596,500224
1775337343599,500224
1775337343601,500224
1775337343602,500224
1775337343604,500224
1775337343606,500224
1775337343607,500224
1775337343609,500224
1775337343611,500224
1775337343613,500224
1775337343617,500224
1775337343618,500224
1775337343620,500224
1775337343621,500224
1775337343623,500224
1775337343624,500224
1775337343626,500224
1775337343629,500224
1775337343634,500224
1775337343636,500224
1775337343639,500224
1775337343643,500224
1775337343651,500224
1775337343654,500224
1775337343656,500224
1775337343658,500224
1775337343662,500224
1775337343665,500224
1775337343666,500224
1775337343668,500224
1775337343670,500224
1775337343672,500224
1775337343675,500224
1775337343678,500224
1775337343680,500224
1775337343681,500224
1775337343686,500224
1775337343689,500224
1775337343693,500224
1775337343697,500224
1775337343699,500224
1775337343702,500224
1775337343705,500224
1775337343708,500224
1775337343711,500224
1775337343713,500224
1775337343716,500224
1775337343718,500224
1775337343721,500224
1775337343723,500224
1775337343725,500224
1775337343727,500224
1775337343729,500224
1775337343735,500224
1775337343738,500224
1775337343741,500224
1775337343744,500224
1775337343747,500224
1775337343750,500224
1775337343753,500224
1775337343756,500224
1775337343759,500224
1775337343761,500224
1775337343763,500224
1775337343765,500224
1775337343767,500224
1775337343772,500224
1775337343775,500224
1775337343778,500224
1775337343781,500224
1775337343783,500224
1775337343786,500224
1775337343789,500224
1775337343791,500224
1775337343795,500224
1775337343797,500224
1775337343799,500224
1775337343803,500224
1775337343805,500224
1775337343807,500224
1775337343809,500224
1775337343810,500224
1775337343812,500224
1775337343813,500224
1775337343816,500224
1775337343818,500224
1775337343820,500224
1775337343821,500224
1775337343823,500224
1775337343824,500224
1775337343825,500224
1775337343827,500224
1775337343828,500224
1775337343829,500224
1775337343830,500224
1775337343832,500224
1775337343863,500224
1775337343867,500224
1775337343875,500224
1775337343877,500224
1775337343880,500224
1775337343883,500224
1775337343885,500224
1775337343887,500224
1775337343891,500224
1775337343892,500224
1775337343894,500224
1775337343896,500224
1775337343898,500224
1775337343899,500224
1775337343901,500224
1775337343902,500224
1775337343904,500224
1775337343905,500224
1775337343907,500224
1775337343908,500224
1775337343913,500224
1775337343918,500224
1775337343921,500224
1775337343925,500224
1775337343928,500224
1775337343930,500224
1775337343932,500224
1775337343934,500224
1775337343935,500224
1775337343937,500224
1775337343939,500224
1775337343941,500224
1775337343942,500224
1775337343944,500224
1775337343946,500224
1775337343947,500224
1775337343949,500224
1775337343950,500224
1775337343952,500224
1775337343953,500224
1775337343955,500224
1775337343956,500224
1775337343958,500224
1775337343959,500224
1775337343961,500224
1775337343962,500224
1775337343964,500224
1775337343969,500224
1775337344465,500224
1775337344467,500224
1775337344470,500224
1775337344473,500224
1775337344476,500224
1775337344479,500224
1775337344483,500224
1775337344485,500224
1775337344490,500224
1775337344493,500224
1775337344502,500224
1775337344506,500224
1775337344509,500224
1775337344511,500224
1775337344514,500224
1775337344517,500224
1775337344519,500224
1775337344523,500224
1775337344525,500224
1775337344528,500224
1775337344530,500224
1775337344532,500224
1775337344534,500224
1775337344536,500224
1775337344538,500224
1775337344540,500224
1775337344542,500224
1775337344545,500224
1775337344548,500224
1775337344551,500224
1775337344553,500224
1775337344555,500224
1775337344557,500224
1775337344560,500224
1775337344564,500224
1775337344567,500224
1775337344570,500224
1775337344573,500224
1775337344578,500224
1775337344584,500224
1775337344587,500224
1775337344590,500224
1775337344593,500224
1775337344595,500224
1775337344598,500224
1775337345066,500224
1775337345068,500224
1775337345071,500224
1775337345076,500224
1775337345081,500224
1775337345086,500224
1775337345091,500224
1775337345096,500224
1775337345099,500224
1775337345104,500224
1775337345108,500224
1775337345109,500224
1775337345113,500224
1775337345117,500224
1775337345125,500224
1775337345129,500224
1775337345133,500224
1775337345136,500224
1775337345138,500224
1775337345141,500224
1775337345144,500224
1775337345147,500224
1775337345149,500224
1775337345152,500224
1775337345155,500224
1775337345157,500224
1775337345160,500224
1775337345162,500224
1775337345164,500224
1775337345167,500224
1775337345171,500224
1775337345174,500224
1775337345177,500224
1775337345179,500224
1775337345182,500224
1775337345185,500224
1775337345187,500224
1775337345190,500224
1775337345194,500224
1775337345197,500224
1775337345200,500224
1775337345203,500224
1775337345205,500224
1775337345208,500224
1775337345210,500224
1775337345212,500224
1775337345215,500224
1775337345217,500224
1775337345219,500224
1775337345221,500224
1775337345223,500224
1775337345225,500224
1775337345229,500224
1775337345230,500224
1775337345233,500224
1775337345236,500224
1775337345238,500224
1775337345239,500224
1775337345241,500224
1775337345244,500224
1775337345245,500224
1775337345253,500224
1775337345254,500224
1775337345256,500224
1775337345257,500224
1775337345258,500224
1775337345260,500224
1775337345262,500224
1775337345265,500224
1775337345267,500224
1775337345269,500224
1775337345271,500224
1775337345275,500224
1775337345278,500224
1775337345282,500224
1775337345285,500224
1775337345289,500224
1775337345292,500224
1775337345295,500224
1775337345298,500224
1775337345301,500224
1775337345303,500224
1775337345306,500224
1775337345309,500224
1775337345315,500224
1775337345317,500224
1775337345320,500224
1775337345323,500224
1775337345325,500224
1775337345328,500224
1775337345668,500224
1775337345672,500224
1775337345678,500224
1775337345680,500224
1775337345682,500224
1775337345687,500224
1775337345689,500224
1775337345692,500224
1775337345694,500224
1775337345696,500224
1775337345698,500224
1775337345700,500224
1775337345703,500224
1775337345705,500224
1775337345707,500224
1775337345710,500224
1775337345713,500224
1775337345716,500224
1775337345720,500224
1775337345722,500224
1775337345723,500224
1775337345726,500224
1775337345727,500224
1775337345729,500224
1775337345734,500224
1775337345736,500224
1775337345740,500224
1775337345742,500224
1775337345745,500224
1775337345748,500224
1775337345752,500224
1775337345754,500224
1775337345757,500224
1775337345761,500224
1775337345764,500224
1775337345767,500224
1775337345772,500224
1775337345776,500224
1775337345779,500224
1775337345781,500224
1775337345784,500224
1775337345786,500224
1775337345788,500224
1775337345790,500224
1775337345792,500224
1775337345796,500224
1775337345800,500224
1775337345804,500224
1775337345806,500224
1775337345809,500224
1775337345811,500224
1775337345813,500224
1775337345815,500224
1775337345817,500224
1775337345820,500224
1775337346270,500224
1775337346273,500224
1775337346275,500224
1775337346277,500224
1775337346280,500224
1775337346284,500224
1775337346287,500224
1775337346291,500224
1775337346294,500224
1775337346305,500224
1775337346310,500224
1775337346312,500224
1775337346317,500224
1775337346320,500224
1775337346326,500224
1775337346329,500224
1775337346333,500224
1775337346335,500224
1775337346338,500224
1775337346341,500224
1775337346343,500224
1775337346346,500224
1775337346348,500224
1775337346351,500224
1775337346352,500224
1775337346354,500224
1775337346356,500224
1775337346357,500224
1775337346359,500224
1775337346361,500224
1775337346366,500224
1775337346369,500224
1775337346372,500224
1775337346375,500224
1775337346380,500224
1775337346382,500224
1775337346385,500224
1775337346390,500224
1775337346393,500224
1775337346396,500224
1775337346399,500224
1775337346402,500224
1775337346404,500224
1775337346407,500224
1775337346409,500224
1775337346412,500224
1775337346870,500224
1775337346874,500224
1775337346881,500224
1775337346885,500224
1775337346887,500224
1775337346889,500224
1775337346891,500224
1775337346893,500224
1775337346897,500224
1775337346901,500224
1775337346904,500224
1775337346907,500224
1775337346909,500224
1775337346911,500224
1775337346913,500224
1775337346914,500224
1775337346916,500224
1775337346920,500224
1775337346923,500224
1775337346926,500224
1775337346931,500224
1775337346933,500224
1775337346936,500224
1775337346938,500224
1775337346942,500224
1775337346945,500224
1775337346948,500224
1775337346950,500224
1775337346953,500224
1775337346955,500224
1775337346958,500224
1775337346962,500224
1775337346965,500224
1775337346967,500224
1775337346970,500224
1775337346973,500224
1775337346975,500224
1775337346978,500224
1775337346981,500224
1775337346984,500224
1775337346986,500224
1775337346988,500224
1775337346989,500224
1775337346992,500224
1775337346995,500224
1775337346997,500224
1775337346999,500224
1775337347002,500224
1775337347005,500224
1775337347007,500224
1775337347009,500224
1775337347012,500224
1775337347015,500224
1775337347017,500224
1775337347018,500224
1775337347019,500224
1775337347021,500224
1775337347022,500224
1775337347026,500224
1775337347029,500224
1775337347032,500224
1775337347035,500224
1775337347037,500224
1775337347040,500224
1775337347043,500224
1775337347045,500224
1775337347047,500224
1775337347049,500224
1775337347051,500224
1775337347053,500224
1775337347056,500224
1775337347060,500224
1775337347062,500224
1775337347065,500224
1775337347067,500224
1775337347069,500224
1775337347070,500224
1775337347072,500224
1775337347074,500224
1775337347076,500224
1775337347077,500224
1775337347471,500224
1775337347475,500224
1775337347481,500224
1775337347484,500224
1775337347487,500224
1775337347490,500224
1775337347494,500224
1775337347500,500224
1775337347507,500224
1775337347511,500224
1775337347515,500224
1775337347517,500224
1775337347521,500224
1775337347524,500224
1775337347527,500224
1775337347530,500224
1775337347533,500224
1775337347537,500224
1775337347540,500224
1775337347548,500224
1775337347551,500224
1775337347554,500224
1775337347557,500224
1775337347560,500224
1775337347564,500224
1775337347567,500224
1775337347569,500224
1775337347573,500224
1775337347576,500224
1775337347579,500224
1775337347582,500224
1775337347584,500224
1775337347586,500224
1775337347589,500224
1775337347591,500224
1775337347593,500224
1775337347595,500224
1775337347597,500224
1775337347605,500224
1775337347607,500224
1775337347611,500224
1775337347614,500224
1775337347616,500224
1775337347619,500224
1775337347622,500224
1775337347624,500224
1775337347627,500224
1775337347629,500224
1775337347631,500224
1775337347632,500224
1775337347634,500224
1775337347636,500224
1775337347637,500224
1775337347639,500224
1775337347640,500224
1775337347642,500224
1775337347643,500224
1775337347644,500224
1775337347647,500224
1775337347650,500224
1775337347653,500224
1775337347656,500224
1775337347659,500224
1775337347661,500224
1775337347664,500224
1775337347667,500224
1775337347669,500224
1775337347671,500224
1775337347674,500224
1775337347676,500224
1775337348074,500224
1775337348079,500224
1775337348082,500224
1775337348086,500224
1775337348090,500224
1775337348093,500224
1775337348096,500224
1775337348102,500224
1775337348106,500224
1775337348111,500224
1775337348115,500224
1775337348118,500224
1775337348122,500224
1775337348124,500224
1775337348128,500224
1775337348131,500224
1775337348134,500224
1775337348136,500224
1775337348138,500224
1775337348140,500224
1775337348143,500224
1775337348146,500224
1775337348149,500224
1775337348151,500224
1775337348152,500224
1775337348155,500224
1775337348157,500224
1775337348159,500224
1775337348161,500224
1775337348172,500224
1775337348176,500224
1775337348180,500224
1775337348185,500224
1775337348189,500224
1775337348193,500224
1775337348197,500224
1775337348199,500224
1775337348201,500224
1775337348203,500224
1775337348204,500224
1775337348206,500224
1775337348209,500224
1775337348213,500224
1775337348216,500224
1775337348219,500224
1775337348221,500224
1775337348223,500224
1775337348224,500224
1775337348225,500224
1775337348227,500224
1775337348229,500224
1775337348232,500224
1775337348235,500224
1775337348237,500224
1775337348239,500224
1775337348241,500224
1775337348242,500224
1775337348244,500224
1775337348246,500224
1775337348247,500224
1775337348675,500224
1775337348677,500224
1775337348680,500224
1775337348685,500224
1775337348688,500224
1775337348691,500224
1775337348693,500224
1775337348695,500224
1775337348697,500224
1775337348700,500224
1775337348707,500224
1775337348710,500224
1775337348714,500224
1775337348715,500224
1775337348718,500224
1775337348720,500224
1775337348724,500224
1775337348725,500224
1775337348727,500224
1775337348730,500224
1775337348734,500224
1775337348736,500224
1775337348739,500224
1775337348741,500224
1775337348744,500224
1775337348746,500224
1775337348748,500224
1775337348751,500224
1775337348752,500224
1775337348754,500224
1775337348756,500224
1775337348757,500224
1775337348760,500224
1775337348763,500224
1775337348771,500224
1775337348774,500224
1775337348777,500224
1775337348779,500224
1775337348782,500224
1775337348784,500224
1775337348786,500224
1775337348789,500224
1775337348791,500224
1775337348793,500224
1775337348801,500224
1775337348804,500224
1775337348807,500224
1775337348810,500224
1775337348815,500224
1775337348819,500224
1775337348822,500224
1775337348826,500224
1775337348829,500224
1775337348832,500224
1775337348834,500224
1775337348837,500224
1775337348840,500224
1775337348843,500224
1775337348846,500224
1775337348853,500224
1775337348856,500224
1775337349275,500224
1775337349281,500224
1775337349284,500224
1775337349288,500224
1775337349291,500224
1775337349294,500224
1775337349297,500224
1775337349301,500224
1775337349305,500224
1775337349307,500224
1775337349311,500224
1775337349313,500224
1775337349316,500224
1775337349320,500224
1775337349323,500224
1775337349325,500224
1775337349328,500224
1775337349331,500224
1775337349333,500224
1775337349336,500224
1775337349339,500224
1775337349342,500224
1775337349344,500224
1775337349349,500224
1775337349353,500224
1775337349356,500224
1775337349359,500224
1775337349362,500224
1775337349364,500224
1775337349366,500224
1775337349369,500224
1775337349371,500224
1775337349373,500224
1775337349375,500224
1775337349377,500224
1775337349379,500224
1775337349381,500224
1775337349383,500224
1775337349384,500224
1775337349386,500224
1775337349388,500224
1775337349390,500224
1775337349391,500224
1775337349393,500224
1775337349394,500224
1775337349397,500224
1775337349400,500224
1775337349401,500224
1775337349403,500224
1775337349404,500224
1775337349405,500224
1775337349406,500224
1775337349408,500224
1775337349409,500224
1775337349410,500224
1775337349874,500224
1775337349877,500224
1775337349878,500224
1775337349882,500224
1775337349885,500224
1775337349889,500224
1775337349894,500224
1775337349898,500224
1775337349903,500224
1775337349907,500224
1775337349910,500224
1775337349913,500224
1775337349917,500224
1775337349919,500224
1775337349922,500224
1775337349926,500224
1775337349929,500224
1775337349933,500224
1775337349936,500224
1775337349939,500224
1775337349942,500224
1775337349946,500224
1775337349949,500224
1775337349951,500224
1775337349954,500224
1775337349956,500224
1775337349958,500224
1775337349960,500224
1775337349962,500224
1775337349963,500224
1775337349965,500224
1775337349966,500224
1775337349968,500224
1775337349969,500224
1775337349970,500224
1775337349972,500224
1775337349973,500224
1775337349975,500224
1775337349978,500224
1775337349979,500224
1775337349981,500224
1775337349983,500224
1775337349986,500224
1775337349989,500224
1775337349992,500224
1775337349994,500224
1775337349996,500224
1775337349998,500224
1775337349999,500224
1775337350000,500224
1775337350004,500224
1775337350007,500224
1775337350010,500224
1775337350013,500224
1775337350015,500224
1775337350018,500224
1775337350020,500224
1775337350022,500224
1775337350023,500224
1775337350024,500224
1775337350025,500224
1775337350027,500224
1775337350028,500224
1775337350029,500224
1775337350475,500224
1775337350479,500224
1775337350483,500224
1775337350487,500224
1775337350489,500224
1775337350492,500224
1775337350495,500224
1775337350498,500224
1775337350500,500224
1775337350503,500224
1775337350506,500224
1775337350508,500224
1775337350511,500224
1775337350514,500224
1775337350517,500224
1775337350520,500224
1775337350522,500224
1775337350525,500224
1775337350527,500224
1775337350530,500224
1775337350533,500224
1775337350536,500224
1775337350538,500224
1775337350541,500224
1775337350543,500224
1775337350545,500224
1775337350548,500224
1775337350551,500224
1775337350553,500224
1775337350555,500224
1775337350557,500224
1775337350559,500224
1775337350561,500224
1775337350562,500224
1775337350564,500224
1775337350566,500224
1775337350569,500224
1775337350571,500224
1775337350572,500224
1775337350573,500224
1775337350577,500224
1775337350580,500224
1775337350583,500224
1775337350585,500224
1775337350588,500224
1775337350594,500224
1775337350597,500224
1775337350600,500224
1775337350603,500224
1775337350606,500224
1775337350608,500224
1775337350611,500224
1775337350614,500224
1775337350617,500224
1775337350620,500224
1775337350622,500224
1775337350625,500224
1775337350628,500224
1775337350630,500224
1775337350632,500224
1775337350633,500224
1775337350635,500224
1775337350636,500224
1775337350637,500224
1775337350638,500224
1775337350640,500224
1775337350641,500224
1775337350642,500224
1775337351076,500224
1775337351080,500224
1775337351082,500224
1775337351085,500224
1775337351088,500224
1775337351090,500224
1775337351093,500224
1775337351098,500224
1775337351105,500224
1775337351107,500224
1775337351110,500224
1775337351113,500224
1775337351115,500224
1775337351118,500224
1775337351121,500224
1775337351123,500224
1775337351126,500224
1775337351129,500224
1775337351131,500224
1775337351133,500224
1775337351135,500224
1775337351137,500224
1775337351146,500224
1775337351149,500224
1775337351157,500224
1775337351160,500224
1775337351163,500224
1775337351165,500224
1775337351168,500224
1775337351170,500224
1775337351173,500224
1775337351175,500224
1775337351177,500224
1775337351180,500224
1775337351182,500224
1775337351185,500224
1775337351187,500224
1775337351190,500224
1775337351192,500224
1775337351194,500224
1775337351196,500224
1775337351198,500224
1775337351200,500224
1775337351202,500224
1775337351204,500224
1775337351206,500224
1775337351207,500224
1775337351209,500224
1775337351211,500224
1775337351213,500224
1775337351214,500224
1775337351216,500224
1775337351217,500224
1775337351219,500224
1775337351221,500224
1775337351222,500224
1775337351224,500224
1775337351677,500224
1775337351681,500224
1775337351684,500224
1775337351687,500224
1775337351691,500224
1775337351694,500224
1775337351696,500224
1775337351698,500224
1775337351700,500224
1775337351703,500224
1775337351706,500224
1775337351710,500224
1775337351711,500224
1775337351715,500224
1775337351718,500224
1775337351723,500224
1775337351726,500224
1775337351729,500224
1775337351732,500224
1775337351735,500224
1775337351737,500224
1775337351745,500224
1775337351748,500224
1775337351752,500224
1775337351755,500224
1775337351757,500224
1775337351760,500224
1775337351762,500224
1775337351763,500224
1775337351765,500224
1775337351767,500224
1775337351771,500224
1775337351773,500224
1775337351776,500224
1775337351779,500224
1775337351780,500224
1775337351782,500224
1775337351785,500224
1775337351788,500224
1775337351791,500224
1775337351792,500224
1775337351793,500224
1775337351795,500224
1775337351796,500224
1775337351797,500224
1775337351798,500224
1775337351800,500224
1775337351802,500224
1775337351805,500224
1775337351811,500224
1775337351814,500224
1775337351817,500224
1775337351820,500224
1775337351823,500224
1775337351825,500224
1775337351828,500224
1775337351831,500224
1775337352279,500224
1775337352282,500224
1775337352284,500224
1775337352286,500224
1775337352288,500224
1775337352290,500224
1775337352297,500224
1775337352301,500224
1775337352306,500224
1775337352308,500224
1775337352312,500224
1775337352315,500224
1775337352316,500224
1775337352318,500224
1775337352322,500224
1775337352325,500224
1775337352328,500224
1775337352331,500224
1775337352334,500224
1775337352337,500224
1775337352339,500224
1775337352341,500224
1775337352342,500224
1775337352345,500224
1775337352347,500224
1775337352350,500224
1775337352353,500224
1775337352355,500224
1775337352358,500224
1775337352360,500224
1775337352363,500224
1775337352365,500224
1775337352367,500224
1775337352370,500224
1775337352372,500224
1775337352373,500224
1775337352375,500224
1775337352376,500224
1775337352379,500224
1775337352381,500224
1775337352382,500224
1775337352383,500224
1775337352387,500224
1775337352390,500224
1775337352398,500224
1775337352400,500224
1775337352404,500224
1775337352406,500224
1775337352409,500224
1775337352411,500224
1775337352413,500224
1775337352416,500224
1775337352419,500224
1775337352422,500224
1775337352425,500224
1775337352428,500224
1775337352431,500224
1775337352434,500224
1775337352437,500224
1775337352440,500224
1775337352443,500224
1775337352446,500224
1775337352448,500224
1775337352451,500224
1775337352453,500224
1775337352880,500224
1775337352883,500224
1775337352888,500224
1775337352891,500224
1775337352896,500224
1775337352901,500224
1775337352910,500224
1775337352914,500224
1775337352917,500224
1775337352919,500224
1775337352922,500224
1775337352924,500224
1775337352927,500224
1775337352929,500224
1775337352933,500224
1775337352936,500224
1775337352939,500224
1775337352942,500224
1775337352945,500224
1775337352948,500224
1775337352951,500224
1775337352954,500224
1775337352957,500224
1775337352960,500224
1775337352962,500224
1775337352965,500224
1775337352967,500224
1775337352969,500224
1775337352971,500224
1775337352973,500224
1775337352975,500224
1775337352978,500224
1775337352980,500224
1775337352983,500224
1775337352986,500224
1775337352988,500224
1775337352991,500224
1775337352995,500224
1775337352999,500224
1775337353001,500224
1775337353003,500224
1775337353006,500224
1775337353008,500224
1775337353011,500224
1775337353014,500224
1775337353016,500224
1775337353019,500224
1775337353021,500224
1775337353024,500224
1775337353026,500224
1775337353027,500224
1775337353030,500224
1775337353032,500224
1775337353034,500224
1775337353037,500224
1775337353040,500224
1775337353043,500224
1775337353045,500224
1775337353048,500224
1775337353052,500224
1775337353055,500224
1775337353057,500224
1775337353060,500224
1775337353480,500224
1775337353483,500224
1775337353486,500224
1775337353489,500224
1775337353494,500224
1775337353512,500224
1775337353515,500224
1775337353518,500224
1775337353521,500224
1775337353523,500224
1775337353526,500224
1775337353529,500224
1775337353531,500224
1775337353534,500224
1775337353537,500224
1775337353539,500224
1775337353542,500224
1775337353546,500224
1775337353549,500224
1775337353552,500224
1775337353555,500224
1775337353557,500224
1775337353560,500224
1775337353563,500224
1775337353566,500224
1775337353569,500224
1775337353577,500224
1775337353580,500224
1775337353582,500224
1775337353585,500224
1775337353588,500224
1775337353590,500224
1775337353593,500224
1775337353595,500224
1775337353597,500224
1775337353599,500224
1775337353602,500224
1775337353605,500224
1775337353607,500224
1775337353609,500224
1775337353611,500224
1775337353613,500224
1775337353615,500224
1775337353616,500224
1775337353618,500224
1775337353620,500224
1775337353621,500224
1775337353623,500224
1775337353625,500224
1775337353626,500224
1775337353628,500224
1775337353630,500224
1775337353631,500224
1775337353633,500224
1775337353635,500224
1775337354084,500224
1775337354088,500224
1775337354094,500224
1775337354097,500224
1775337354100,500224
1775337354103,500224
1775337354108,500224
1775337354116,500224
1775337354120,500224
1775337354123,500224
1775337354126,500224
1775337354129,500224
1775337354131,500224
1775337354134,500224
1775337354137,500224
1775337354139,500224
1775337354142,500224
1775337354143,500224
1775337354146,500224
1775337354148,500224
1775337354156,500224
1775337354160,500224
1775337354163,500224
1775337354168,500224
1775337354171,500224
1775337354175,500224
1775337354178,500224
1775337354181,500224
1775337354183,500224
1775337354185,500224
1775337354187,500224
1775337354189,500224
1775337354191,500224
1775337354193,500224
1775337354195,500224
1775337354197,500224
1775337354199,500224
1775337354201,500224
1775337354203,500224
1775337354204,500224
1775337354206,500224
1775337354207,500224
1775337354208,500224
1775337354211,500224
1775337354220,500224
1775337354223,500224
1775337354226,500224
1775337354228,500224
1775337354231,500224
1775337354233,500224
1775337354236,500224
1775337354239,500224
1775337354241,500224
1775337354244,500224
1775337354682,500224
1775337354686,500224
1775337354690,500224
1775337354694,500224
1775337354700,500224
1775337354703,500224
1775337354706,500224
1775337354710,500224
1775337354713,500224
1775337354715,500224
1775337354717,500224
1775337354722,500224
1775337354723,500224
1775337354725,500224
1775337354728,500224
1775337354730,500224
1775337354733,500224
1775337354736,500224
1775337354738,500224
1775337354739,500224
1775337354740,500224
1775337354742,500224
1775337354743,500224
1775337354744,500224
1775337354746,500224
1775337354747,500224
1775337354748,500224
1775337354749,500224
1775337354751,500224
1775337354752,500224
1775337354753,500224
1775337354755,500224
1775337354756,500224
1775337354757,500224
1775337354758,500224
1775337354760,500224
1775337354761,500224
1775337354762,500224
1775337354764,500224
1775337354766,500224
1775337354767,500224
1775337354768,500224
1775337354770,500224
1775337354771,500224
1775337354772,500224
1775337354776,500224
1775337354779,500224
1775337354782,500224
1775337354785,500224
1775337354787,500224
1775337354790,500224
1775337354793,500224
1775337354795,500224
1775337354798,500224
1775337354799,500224
1775337354801,500224
1775337354803,500224
1775337354804,500224
1775337354807,500224
1775337354810,500224
1775337354812,500224
1775337354815,500224
1775337354818,500224
1775337354820,500224
1775337354823,500224
1775337354825,500224
1775337354827,500224
1775337354829,500224
1775337354831,500224
1775337354833,500224
1775337354835,500224
1775337354836,500224
1775337354838,500224
1775337354842,500224
1775337354845,500224
1775337354847,500224
1775337355287,500224
1775337355290,500224
1775337355293,500224
1775337355295,500224
1775337355298,500224
1775337355305,500224
1775337355308,500224
1775337355311,500224
1775337355315,500224
1775337355318,500224
1775337355321,500224
1775337355324,500224
1775337355327,500224
1775337355329,500224
1775337355332,500224
1775337355335,500224
1775337355336,500224
1775337355338,500224
1775337355340,500224
1775337355342,500224
1775337355343,500224
1775337355346,500224
1775337355348,500224
1775337355350,500224
1775337355353,500224
1775337355355,500224
1775337355358,500224
1775337355361,500224
1775337355363,500224
1775337355366,500224
1775337355369,500224
1775337355371,500224
1775337355373,500224
1775337355375,500224
1775337355377,500224
1775337355379,500224
1775337355381,500224
1775337355384,500224
1775337355388,500224
1775337355390,500224
1775337355391,500224
1775337355393,500224
1775337355394,500224
1775337355396,500224
1775337355398,500224
1775337355400,500224
1775337355401,500224
1775337355402,500224
1775337355404,500224
1775337355405,500224
1775337355406,500224
1775337355408,500224
1775337355409,500224
1775337355410,500224
1775337355411,500224
1775337355413,500224
1775337355414,500224
1775337355415,500224
1775337355416,500224
1775337355418,500224
1775337355419,500224
1775337355420,500224
1775337355421,500224
1775337355425,500224
1775337355886,500224
1775337355889,500224
1775337355891,500224
1775337355893,500224
1775337355896,500224
1775337355898,500224
1775337355900,500224
1775337355905,500224
1775337355909,500224
1775337355912,500224
1775337355916,500224
1775337355919,500224
1775337355921,500224
1775337355923,500224
1775337355925,500224
1775337355927,500224
1775337355929,500224
1775337355932,500224
1775337355935,500224
1775337355938,500224
1775337355940,500224
1775337355942,500224
1775337355943,500224
1775337355945,500224
1775337355946,500224
1775337355949,500224
1775337355951,500224
1775337355961,500224
1775337355964,500224
1775337355967,500224
1775337355969,500224
1775337355972,500224
1775337355975,500224
1775337355978,500224
1775337355981,500224
1775337355983,500224
1775337355986,500224
1775337355988,500224
1775337355990,500224
1775337355993,500224
1775337355995,500224
1775337355997,500224
1775337355999,500224
1775337356486,500224
1775337356491,500224
1775337356494,500224
1775337356497,500224
1775337356500,500224
1775337356503,500224
1775337356505,500224
1775337356508,500224
1775337356512,500224
1775337356516,500224
1775337356520,500224
1775337356524,500224
1775337356526,500224
1775337356531,500224
1775337356538,500224
1775337356541,500224
1775337356544,500224
1775337356550,500224
1775337356553,500224
1775337356556,500224
1775337356559,500224
1775337356561,500224
1775337356564,500224
1775337356566,500224
1775337356568,500224
1775337356571,500224
1775337356573,500224
1775337356576,500224
1775337356577,500224
1775337356579,500224
1775337356582,500224
1775337356584,500224
1775337356586,500224
1775337356590,500224
1775337356592,500224
1775337356595,500224
1775337356597,500224
1775337356599,500224
1775337356601,500224
1775337356602,500224
1775337356603,500224
1775337356605,500224
1775337356606,500224
1775337356607,500224
1775337356609,500224
1775337357086,500224
1775337357089,500224
1775337357092,500224
1775337357094,500224
1775337357097,500224
1775337357100,500224
1775337357103,500224
1775337357107,500224
1775337357109,500224
1775337357112,500224
1775337357115,500224
1775337357117,500224
1775337357120,500224
1775337357123,500224
1775337357125,500224
1775337357128,500224
1775337357132,500224
1775337357137,500224
1775337357140,500224
1775337357142,500224
1775337357145,500224
1775337357148,500224
1775337357150,500224
1775337357152,500224
1775337357154,500224
1775337357156,500224
1775337357158,500224
1775337357160,500224
1775337357162,500224
1775337357164,500224
1775337357166,500224
1775337357168,500224
1775337357169,500224
1775337357173,500224
1775337357175,500224
1775337357176,500224
1775337357180,500224
1775337357183,500224
1775337357186,500224
1775337357190,500224
1775337357192,500224
1775337357193,500224
1775337357194,500224
1775337357196,500224
1775337357197,500224
1775337357200,500224
1775337357202,500224
1775337357205,500224
1775337357207,500224
1775337357209,500224
1775337357212,500224
1775337357216,500224
1775337357221,500224
1775337357224,500224
1775337357227,500224
1775337357230,500224
1775337357233,500224
1775337357236,500224
1775337357239,500224
1775337357241,500224
1775337357244,500224
1775337357247,500224
1775337357249,500224
1775337357251,500224
1775337357253,500224
1775337357255,500224
1775337357258,500224
1775337357260,500224
1775337357262,500224
1775337357264,500224
1775337357266,500224
1775337357268,500224
1775337357270,500224
1775337357271,500224
1775337357273,500224
1775337357274,500224
1775337357276,500224
1775337357277,500224
1775337357279,500224
1775337357280,500224
1775337357282,500224
1775337357283,500224
1775337357284,500224
1775337357286,500224
1775337357287,500224
1775337357288,500224
1775337357290,500224
1775337357291,500224
1775337357292,500224
1775337357294,500224
1775337357295,500224
1775337357297,500224
1775337357298,500224
1775337357686,500224
1775337357688,500224
1775337357689,500224
1775337357691,500224
1775337357693,500224
1775337357694,500224
1775337357696,500224
1775337357697,500224
1775337357699,500224
1775337357700,500224
1775337357702,500224
1775337357703,500224
1775337357705,500224
1775337357708,500224
1775337357710,500224
1775337357713,500224
1775337357715,500224
1775337357717,500224
1775337357720,500224
1775337357722,500224
1775337357724,500224
1775337357726,500224
1775337357729,500224
1775337357732,500224
1775337357735,500224
1775337357737,500224
1775337357740,500224
1775337357743,500224
1775337357745,500224
1775337357748,500224
1775337357750,500224
1775337357757,500224
1775337357761,500224
1775337357763,500224
1775337357766,500224
1775337357774,500224
1775337357777,500224
1775337357779,500224
1775337357782,500224
1775337357784,500224
1775337357786,500224
1775337357790,500224
1775337357792,500224
1775337357794,500224
1775337357798,500224
1775337357799,500224
1775337357801,500224
1775337357803,500224
1775337357805,500224
1775337357807,500224
1775337357809,500224
1775337357811,500224
1775337357812,500224
1775337357814,500224
1775337357816,500224
1775337357817,500224
1775337357819,500224
1775337357825,500224
1775337357828,500224
1775337357830,500224
1775337357833,500224
1775337358288,500224
1775337358292,500224
1775337358299,500224
1775337358301,500224
1775337358308,500224
1775337358311,500224
1775337358314,500224
1775337358317,500224
1775337358320,500224
1775337358322,500224
1775337358325,500224
1775337358327,500224
1775337358330,500224
1775337358332,500224
1775337358334,500224
1775337358336,500224
1775337358339,500224
1775337358342,500224
1775337358344,500224
1775337358345,500224
1775337358348,500224
1775337358350,500224
1775337358351,500224
1775337358353,500224
1775337358354,500224
1775337358355,500224
1775337358357,500224
1775337358358,500224
1775337358359,500224
1775337358361,500224
1775337358362,500224
1775337358366,500224
1775337358368,500224
1775337358370,500224
1775337358375,500224
1775337358377,500224
1775337358379,500224
1775337358381,500224
1775337358382,500224
1775337358384,500224
1775337358386,500224
1775337358388,500224
1775337358389,500224
1775337358392,500224
1775337358395,500224
1775337358399,500224
1775337358402,500224
1775337358406,500224
1775337358407,500224
1775337358408,500224
1775337358411,500224
1775337358414,500224
1775337358417,500224
1775337358420,500224
1775337358423,500224
1775337358424,500224
1775337358426,500224
1775337358429,500224
1775337358431,500224
1775337358435,500224
1775337358437,500224
1775337358888,500224
1775337358890,500224
1775337358892,500224
1775337358894,500224
1775337358897,500224
1775337358899,500224
1775337358902,500224
1775337358905,500224
1775337358909,500224
1775337358914,500224
1775337358918,500224
1775337358922,500224
1775337358925,500224
1775337358928,500224
1775337358930,500224
1775337358933,500224
1775337358935,500224
1775337358938,500224
1775337358940,500224
1775337358942,500224
1775337358945,500224
1775337358948,500224
1775337358950,500224
1775337358952,500224
1775337358954,500224
1775337358956,500224
1775337358959,500224
1775337358963,500224
1775337358965,500224
1775337358967,500224
1775337358968,500224
1775337358969,500224
1775337358971,500224
1775337358973,500224
1775337358977,500224
1775337358979,500224
1775337358981,500224
1775337358982,500224
1775337358985,500224
1775337358986,500224
1775337358988,500224
1775337358989,500224
1775337358990,500224
1775337358993,500224
1775337358995,500224
1775337358997,500224
1775337358998,500224
1775337358999,500224
1775337359001,500224
1775337359002,500224
1775337359003,500224
1775337359004,500224
1775337359006,500224
1775337359008,500224
1775337359010,500224
1775337359011,500224
1775337359013,500224
1775337359015,500224
1775337359016,500224
1775337359018,500224
1775337359019,500224
1775337359021,500224
1775337359025,500224
1775337359028,500224
1775337359490,500224
1775337359492,500224
1775337359496,500224
1775337359498,500224
1775337359501,500224
1775337359506,500224
1775337359509,500224
1775337359511,500224
1775337359514,500224
1775337359517,500224
1775337359519,500224
1775337359522,500224
1775337359525,500224
1775337359528,500224
1775337359530,500224
1775337359532,500224
1775337359533,500224
1775337359535,500224
1775337359537,500224
1775337359538,500224
1775337359540,500224
1775337359541,500224
1775337359544,500224
1775337359547,500224
1775337359549,500224
1775337359552,500224
1775337359557,500224
1775337359562,500224
1775337359565,500224
1775337359568,500224
1775337359570,500224
1775337359573,500224
1775337359576,500224
1775337359579,500224
1775337359588,500224
1775337359591,500224
1775337359593,500224
1775337359600,500224
1775337359602,500224
1775337359605,500224
1775337359607,500224
1775337359609,500224
1775337359611,500224
1775337359614,500224
1775337359616,500224
1775337359618,500224
1775337359621,500224
1775337359623,500224
1775337359624,500224
1775337359626,500224
1775337359628,500224
1775337359629,500224
1775337359631,500224
1775337359633,500224
1775337359634,500224
1775337359638,500224
1775337359640,500224
1775337359643,500224
1775337359646,500224
1775337359647,500224
1775337359651,500224
1775337359654,500224
1775337359657,500224
1775337360092,500224
1775337360097,500224
1775337360101,500224
1775337360103,500224
1775337360106,500224
1775337360109,500224
1775337360112,500224
1775337360114,500224
1775337360118,500224
1775337360120,500224
1775337360123,500224
1775337360125,500224
1775337360127,500224
1775337360128,500224
1775337360130,500224
1775337360131,500224
1775337360136,500224
1775337360139,500224
1775337360141,500224
1775337360144,500224
1775337360147,500224
1775337360149,500224
1775337360152,500224
1775337360155,500224
1775337360157,500224
1775337360159,500224
1775337360165,500224
1775337360168,500224
1775337360171,500224
1775337360174,500224
1775337360176,500224
1775337360177,500224
1775337360178,500224
1775337360180,500224
1775337360181,500224
1775337360182,500224
1775337360183,500224
1775337360185,500224
1775337360186,500224
1775337360189,500224
1775337360191,500224
1775337360192,500224
1775337360193,500224
1775337360195,500224
1775337360196,500224
1775337360197,500224
1775337360198,500224
1775337360200,500224
1775337360201,500224
1775337360202,500224
1775337360204,500224
1775337360205,500224
1775337360206,500224
1775337360207,500224
1775337360209,500224
1775337360210,500224
1775337360211,500224
1775337360212,500224
1775337360214,500224
1775337360692,500224
1775337360696,500224
1775337360700,500224
1775337360702,500224
1775337360705,500224
1775337360708,500224
1775337360710,500224
1775337360713,500224
1775337360716,500224
1775337360721,500224
1775337360726,500224
1775337360729,500224
1775337360732,500224
1775337360735,500224
1775337360738,500224
1775337360741,500224
1775337360743,500224
1775337360746,500224
1775337360751,500224
1775337360754,500224
1775337360756,500224
1775337360759,500224
1775337360761,500224
1775337360763,500224
1775337360765,500224
1775337360767,500224
1775337360769,500224
1775337360772,500224
1775337360774,500224
1775337360784,500224
1775337360786,500224
1775337360789,500224
1775337360792,500224
1775337360794,500224
1775337360797,500224
1775337360799,500224
1775337360801,500224
1775337360803,500224
1775337360806,500224
1775337360809,500224
1775337360812,500224
1775337360814,500224
1775337360815,500224
1775337360817,500224
1775337360819,500224
1775337360820,500224
1775337360822,500224
1775337360824,500224
1775337360825,500224
1775337360827,500224
1775337361297,500224
1775337361300,500224
1775337361304,500224
1775337361307,500224
1775337361310,500224
1775337361312,500224
1775337361314,500224
1775337361316,500224
1775337361318,500224
1775337361320,500224
1775337361321,500224
1775337361323,500224
1775337361325,500224
1775337361327,500224
1775337361329,500224
1775337361331,500224
1775337361334,500224
1775337361337,500224
1775337361339,500224
1775337361341,500224
1775337361346,500224
1775337361351,500224
1775337361355,500224
1775337361358,500224
1775337361360,500224
1775337361363,500224
1775337361365,500224
1775337361367,500224
1775337361370,500224
1775337361372,500224
1775337361376,500224
1775337361379,500224
1775337361381,500224
1775337361384,500224
1775337361386,500224
1775337361388,500224
1775337361390,500224
1775337361393,500224
1775337361395,500224
1775337361396,500224
1775337361398,500224
1775337361399,500224
1775337361401,500224
1775337361402,500224
1775337361404,500224
1775337361405,500224
1775337361407,500224
1775337361408,500224
1775337361409,500224
1775337361410,500224
1775337361412,500224
1775337361413,500224
1775337361414,500224
1775337361415,500224
1775337361417,500224
1775337361418,500224
1775337361421,500224
1775337361424,500224
1775337361427,500224
1775337361430,500224
1775337361432,500224
1775337361435,500224
1775337361437,500224
1775337361440,500224
1775337361442,500224
1775337361444,500224
1775337361447,500224
1775337361449,500224
1775337361451,500224
1775337361453,500224
1775337361455,500224
1775337361456,500224
1775337361458,500224
1775337361460,500224
1775337361462,500224
1775337361893,500224
1775337361896,500224
1775337361899,500224
1775337361901,500224
1775337361904,500224
1775337361907,500224
1775337361916,500224
1775337361919,500224
1775337361922,500224
1775337361924,500224
1775337361927,500224
1775337361930,500224
1775337361932,500224
1775337361934,500224
1775337361937,500224
1775337361940,500224
1775337361945,500224
1775337361949,500224
1775337361952,500224
1775337361955,500224
1775337361957,500224
1775337361960,500224
1775337361963,500224
1775337361966,500224
1775337361969,500224
1775337361972,500224
1775337361975,500224
1775337361978,500224
1775337361980,500224
1775337361983,500224
1775337361986,500224
1775337361988,500224
1775337361991,500224
1775337361994,500224
1775337361997,500224
1775337361999,500224
1775337362001,500224
1775337362004,500224
1775337362006,500224
1775337362007,500224
1775337362009,500224
1775337362010,500224
1775337362012,500224
1775337362013,500224
1775337362015,500224
1775337362016,500224
1775337362017,500224
1775337362018,500224
1775337362020,500224
1775337362021,500224
1775337362022,500224
1775337362023,500224
1775337362027,500224
1775337362029,500224
1775337362031,500224
1775337362033,500224
1775337362034,500224
1775337362037,500224
1775337362040,500224
1775337362042,500224
1775337362043,500224
1775337362496,500224
1775337362500,500224
1775337362503,500224
1775337362505,500224
1775337362508,500224
1775337362517,500224
1775337362520,500224
1775337362523,500224
1775337362525,500224
1775337362528,500224
1775337362531,500224
1775337362534,500224
1775337362537,500224
1775337362540,500224
1775337362544,500224
1775337362548,500224
1775337362552,500224
1775337362556,500224
1775337362559,500224
1775337362561,500224
1775337362563,500224
1775337362566,500224
1775337362569,500224
1775337362571,500224
1775337362573,500224
1775337362577,500224
1775337362580,500224
1775337362583,500224
1775337362588,500224
1775337362591,500224
1775337362594,500224
1775337362597,500224
1775337362599,500224
1775337362600,500224
1775337362606,500224
1775337362609,500224
1775337362611,500224
1775337362613,500224
1775337362617,500224
1775337362620,500224
1775337362623,500224
1775337362626,500224
1775337362628,500224
1775337362631,500224
1775337362633,500224
1775337362636,500224
1775337362637,500224
1775337362638,500224
1775337362640,500224
1775337362641,500224
1775337362642,500224
1775337362644,500224
1775337362646,500224
1775337362647,500224
1775337362648,500224
1775337362650,500224
1775337362651,500224
1775337362652,500224
1775337362654,500224
1775337363098,500224
1775337363101,500224
1775337363104,500224
1775337363109,500224
1775337363113,500224
1775337363116,500224
1775337363119,500224
1775337363122,500224
1775337363125,500224
1775337363128,500224
1775337363130,500224
1775337363133,500224
1775337363136,500224
1775337363138,500224
1775337363141,500224
1775337363144,500224
1775337363146,500224
1775337363149,500224
1775337363152,500224
1775337363154,500224
1775337363157,500224
1775337363159,500224
1775337363160,500224
1775337363162,500224
1775337363163,500224
1775337363165,500224
1775337363166,500224
1775337363167,500224
1775337363169,500224
1775337363171,500224
1775337363173,500224
1775337363175,500224
1775337363177,500224
1775337363178,500224
1775337363180,500224
1775337363181,500224
1775337363182,500224
1775337363184,500224
1775337363185,500224
1775337363186,500224
1775337363187,500224
1775337363189,500224
1775337363190,500224
1775337363191,500224
1775337363193,500224
1775337363194,500224
1775337363198,500224
1775337363201,500224
1775337363203,500224
1775337363206,500224
1775337363209,500224
1775337363211,500224
1775337363214,500224
1775337363217,500224
1775337363220,500224
1775337363222,500224
1775337363225,500224
1775337363227,500224
1775337363229,500224
1775337363699,500224
1775337363712,500224
1775337363717,500224
1775337363720,500224
1775337363723,500224
1775337363726,500224
1775337363729,500224
1775337363732,500224
1775337363734,500224
1775337363737,500224
1775337363739,500224
1775337363741,500224
1775337363743,500224
1775337363746,500224
1775337363749,500224
1775337363751,500224
1775337363754,500224
1775337363756,500224
1775337363759,500224
1775337363762,500224
1775337363765,500224
1775337363768,500224
1775337363771,500224
1775337363781,500224
1775337363785,500224
1775337363787,500224
1775337363790,500224
1775337363793,500224
1775337363795,500224
1775337363797,500224
1775337363799,500224
1775337363801,500224
1775337363804,500224
1775337363806,500224
1775337363809,500224
1775337363812,500224
1775337363816,500224
1775337363819,500224
1775337363822,500224
1775337363824,500224
1775337363827,500224
1775337363830,500224
1775337363833,500224
1775337363835,500224
1775337363838,500224
1775337363840,500224
1775337363842,500224
1775337363844,500224
1775337363846,500224
1775337363848,500224
1775337363850,500224
1775337363852,500224
1775337363854,500224
1775337363856,500224
1775337363859,500224
1775337363861,500224
1775337363863,500224
1775337363865,500224
1775337363867,500224
1775337363868,500224
1775337363869,500224
1775337363870,500224
1775337363872,500224
1775337364298,500224
1775337364301,500224
1775337364304,500224
1775337364307,500224
1775337364309,500224
1775337364313,500224
1775337364316,500224
1775337364318,500224
1775337364322,500224
1775337364324,500224
1775337364327,500224
1775337364329,500224
1775337364331,500224
1775337364333,500224
1775337364335,500224
1775337364337,500224
1775337364339,500224
1775337364341,500224
1775337364343,500224
1775337364345,500224
1775337364347,500224
1775337364349,500224
1775337364350,500224
1775337364352,500224
1775337364355,500224
1775337364357,500224
1775337364362,500224
1775337364370,500224
1775337364372,500224
1775337364374,500224
1775337364375,500224
1775337364376,500224
1775337364378,500224
1775337364379,500224
1775337364382,500224
1775337364384,500224
1775337364385,500224
1775337364388,500224
1775337364390,500224
1775337364393,500224
1775337364396,500224
1775337364398,500224
1775337364400,500224
1775337364403,500224
1775337364405,500224
1775337364407,500224
1775337364409,500224
1775337364411,500224
1775337364413,500224
1775337364415,500224
1775337364417,500224
1775337364418,500224
1775337364420,500224
1775337364422,500224
1775337364423,500224
1775337364426,500224
1775337364429,500224
1775337364901,500224
1775337364905,500224
1775337364907,500224
1775337364911,500224
1775337364914,500224
1775337364918,500224
1775337364923,500224
1775337364925,500224
1775337364929,500224
1775337364931,500224
1775337364933,500224
1775337364935,500224
1775337364938,500224
1775337364941,500224
1775337364944,500224
1775337364947,500224
1775337364949,500224
1775337364951,500224
1775337364952,500224
1775337364955,500224
1775337364957,500224
1775337364958,500224
1775337364962,500224
1775337364965,500224
1775337364967,500224
1775337364970,500224
1775337364973,500224
1775337364974,500224
1775337364975,500224
1775337364978,500224
1775337364981,500224
1775337364984,500224
1775337364986,500224
1775337364989,500224
1775337364992,500224
1775337364995,500224
1775337364997,500224
1775337364998,500224
1775337365001,500224
1775337365004,500224
1775337365006,500224
1775337365007,500224
1775337365008,500224
1775337365010,500224
1775337365013,500224
1775337365016,500224
1775337365019,500224
1775337365506,500224
1775337365510,500224
1775337365514,500224
1775337365516,500224
1775337365519,500224
1775337365521,500224
1775337365523,500224
1775337365525,500224
1775337365528,500224
1775337365531,500224
1775337365533,500224
1775337365536,500224
1775337365538,500224
1775337365541,500224
1775337365542,500224
1775337365544,500224
1775337365545,500224
1775337365547,500224
1775337365548,500224
1775337365550,500224
1775337365554,500224
1775337365557,500224
1775337365558,500224
1775337365565,500224
1775337365567,500224
1775337365570,500224
1775337365573,500224
1775337365575,500224
1775337365578,500224
1775337365580,500224
1775337365583,500224
1775337365586,500224
1775337365587,500224
1775337365589,500224
1775337365592,500224
1775337365593,500224
1775337365594,500224
1775337365597,500224
1775337365600,500224
1775337365601,500224
1775337365603,500224
1775337365604,500224
1775337365606,500224
1775337365607,500224
1775337365609,500224
1775337366102,500224
1775337366105,500224
1775337366111,500224
1775337366114,500224
1775337366118,500224
1775337366120,500224
1775337366124,500224
1775337366127,500224
1775337366132,500224
1775337366136,500224
1775337366138,500224
1775337366141,500224
1775337366144,500224
1775337366146,500224
1775337366147,500224
1775337366151,500224
1775337366158,500224
1775337366161,500224
1775337366163,500224
1775337366167,500224
1775337366170,500224
1775337366173,500224
1775337366175,500224
1775337366178,500224
1775337366179,500224
1775337366181,500224
1775337366184,500224
1775337366186,500224
1775337366188,500224
1775337366190,500224
1775337366192,500224
1775337366194,500224
1775337366196,500224
1775337366199,500224
1775337366201,500224
1775337366204,500224
1775337366207,500224
1775337366210,500224
1775337366211,500224
1775337366213,500224
1775337366216,500224
1775337366217,500224
1775337366219,500224
1775337366220,500224
1775337366223,500224
1775337366225,500224
1775337366226,500224
1775337366228,500224
1775337366229,500224
1775337366232,500224
1775337366237,500224
1775337366240,500224
1775337366242,500224
1775337366243,500224
1775337366245,500224
1775337366246,500224
1775337366248,500224
1775337366251,500224
1775337366252,500224
1775337366254,500224
1775337366256,500224
1775337366259,500224
1775337366262,500224
1775337366265,500224
1775337366266,500224
1775337366269,500224
1775337366270,500224
1775337366272,500224
1775337366273,500224
1775337366275,500224
1775337366276,500224
1775337366278,500224
1775337366279,500224
1775337366280,500224
1775337366282,500224
1775337366283,500224
1775337366284,500224
1775337366286,500224
1775337366287,500224
1775337366289,500224
1775337366290,500224
1775337366292,500224
1775337366295,500224
1775337366297,500224
1775337366299,500224
1775337366301,500224
1775337366302,500224
1775337366304,500224
1775337366306,500224
1775337366308,500224
1775337366310,500224
1775337366312,500224
1775337366314,500224
1775337366315,500224
1775337366318,500224
1775337366321,500224
1775337366324,500224
1775337366327,500224
1775337366330,500224
1775337366332,500224
1775337366704,500224
1775337366708,500224
1775337366711,500224
1775337366714,500224
1775337366716,500224
1775337366720,500224
1775337366725,500224
1775337366728,500224
1775337366732,500224
1775337366737,500224
1775337366741,500224
1775337366744,500224
1775337366747,500224
1775337366749,500224
1775337366753,500224
1775337366755,500224
1775337366758,500224
1775337366761,500224
1775337366763,500224
1775337366765,500224
1775337366767,500224
1775337366769,500224
1775337366771,500224
1775337366773,500224
1775337366775,500224
1775337366777,500224
1775337366778,500224
1775337366780,500224
1775337366781,500224
1775337366782,500224
1775337366784,500224
1775337366786,500224
1775337366788,500224
1775337366790,500224
1775337366791,500224
1775337366793,500224
1775337366796,500224
1775337366798,500224
1775337366801,500224
1775337366804,500224
1775337366807,500224
1775337366809,500224
1775337366812,500224
1775337367304,500224
1775337367308,500224
1775337367311,500224
1775337367314,500224
1775337367318,500224
1775337367322,500224
1775337367325,500224
1775337367329,500224
1775337367332,500224
1775337367335,500224
1775337367337,500224
1775337367340,500224
1775337367343,500224
1775337367345,500224
1775337367349,500224
1775337367352,500224
1775337367355,500224
1775337367363,500224
1775337367365,500224
1775337367368,500224
1775337367372,500224
1775337367375,500224
1775337367378,500224
1775337367380,500224
1775337367383,500224
1775337367386,500224
1775337367388,500224
1775337367391,500224
1775337367393,500224
1775337367395,500224
1775337367405,500224
1775337367408,500224
1775337367410,500224
1775337367413,500224
1775337367414,500224
1775337367417,500224
1775337367421,500224
1775337367424,500224
1775337367426,500224
1775337367428,500224
1775337367430,500224
1775337367432,500224
1775337367434,500224
1775337367436,500224
1775337367438,500224
1775337367440,500224
1775337367444,500224
1775337367446,500224
1775337367447,500224
1775337367449,500224
1775337367451,500224
1775337367452,500224
1775337367454,500224
1775337367455,500224
1775337367457,500224
1775337367458,500224
1775337367460,500224
1775337367463,500224
1775337367466,500224
1775337367469,500224
1775337367471,500224
1775337367473,500224
1775337367474,500224
1775337367475,500224
1775337367477,500224
1775337367478,500224
1775337367479,500224
1775337367481,500224
1775337367482,500224
1775337367910,500224
1775337367914,500224
1775337367917,500224
1775337367921,500224
1775337367924,500224
1775337367927,500224
1775337367929,500224
1775337367932,500224
1775337367935,500224
1775337367937,500224
1775337367940,500224
1775337367943,500224
1775337367945,500224
1775337367948,500224
1775337367951,500224
1775337367953,500224
1775337367960,500224
1775337367962,500224
1775337367965,500224
1775337367968,500224
1775337367970,500224
1775337367973,500224
1775337367976,500224
1775337367979,500224
1775337367981,500224
1775337367984,500224
1775337367986,500224
1775337367988,500224
1775337367990,500224
1775337367997,500224
1775337367999,500224
1775337368001,500224
1775337368003,500224
1775337368005,500224
1775337368007,500224
1775337368009,500224
1775337368011,500224
1775337368013,500224
1775337368015,500224
1775337368018,500224
1775337368021,500224
1775337368024,500224
1775337368026,500224
1775337368029,500224
1775337368030,500224
1775337368032,500224
1775337368033,500224
1775337368035,500224
1775337368036,500224
1775337368038,500224
1775337368039,500224
1775337368040,500224
1775337368042,500224
1775337368043,500224
1775337368047,500224
1775337368049,500224
1775337368051,500224
1775337368053,500224
1775337368055,500224
1775337368058,500224
1775337368059,500224
1775337368061,500224
1775337368063,500224
1775337368065,500224
1775337368066,500224
1775337368068,500224
1775337368069,500224
1775337368506,500224
1775337368510,500224
1775337368515,500224
1775337368518,500224
1775337368520,500224
1775337368523,500224
1775337368528,500224
1775337368531,500224
1775337368533,500224
1775337368536,500224
1775337368538,500224
1775337368541,500224
1775337368544,500224
1775337368546,500224
1775337368549,500224
1775337368552,500224
1775337368554,500224
1775337368555,500224
1775337368559,500224
1775337368561,500224
1775337368566,500224
1775337368568,500224
1775337368571,500224
1775337368574,500224
1775337368580,500224
1775337368582,500224
1775337368584,500224
1775337368585,500224
1775337368587,500224
1775337368588,500224
1775337368590,500224
1775337368592,500224
1775337368594,500224
1775337368596,500224
1775337368598,500224
1775337368599,500224
1775337368601,500224
1775337368604,500224
1775337368606,500224
1775337368609,500224
1775337368614,500224
1775337368616,500224
1775337368619,500224
1775337368622,500224
1775337368624,500224
1775337368627,500224
1775337368629,500224
1775337368632,500224
1775337368635,500224
1775337368637,500224
1775337368640,500224
1775337368642,500224
1775337368645,500224
1775337368648,500224
1775337368651,500224
1775337368654,500224
1775337368655,500224
1775337368657,500224
1775337368659,500224
1775337368660,500224
1775337368662,500224
1775337368664,500224
1775337368665,500224
1775337368667,500224
1775337368677,500224
1775337369110,500224
1775337369113,500224
1775337369115,500224
1775337369118,500224
1775337369121,500224
1775337369123,500224
1775337369127,500224
1775337369129,500224
1775337369133,500224
1775337369137,500224
1775337369140,500224
1775337369143,500224
1775337369146,500224
1775337369148,500224
1775337369151,500224
1775337369154,500224
1775337369156,500224
1775337369159,500224
1775337369161,500224
1775337369163,500224
1775337369166,500224
1775337369168,500224
1775337369170,500224
1775337369172,500224
1775337369175,500224
1775337369179,500224
1775337369184,500224
1775337369186,500224
1775337369189,500224
1775337369191,500224
1775337369194,500224
1775337369196,500224
1775337369198,500224
1775337369201,500224
1775337369204,500224
1775337369207,500224
1775337369209,500224
1775337369213,500224
1775337369215,500224
1775337369218,500224
1775337369221,500224
1775337369223,500224
1775337369225,500224
1775337369227,500224
1775337369229,500224
1775337369231,500224
1775337369233,500224
1775337369235,500224
1775337369237,500224
1775337369238,500224
1775337369239,500224
1775337369241,500224
1775337369242,500224
1775337369243,500224
1775337369245,500224
1775337369246,500224
1775337369247,500224
1775337369249,500224
1775337369250,500224
1775337369251,500224
1775337369712,500224
1775337369716,500224
1775337369723,500224
1775337369727,500224
1775337369730,500224
1775337369733,500224
1775337369735,500224
1775337369742,500224
1775337369746,500224
1775337369749,500224
1775337369751,500224
1775337369754,500224
1775337369757,500224
1775337369760,500224
1775337369765,500224
1775337369767,500224
1775337369770,500224
1775337369773,500224
1775337369776,500224
1775337369778,500224
1775337369781,500224
1775337369784,500224
1775337369787,500224
1775337369789,500224
1775337369791,500224
1775337369793,500224
1775337369795,500224
1775337369797,500224
1775337369800,500224
1775337369803,500224
1775337369806,500224
1775337369808,500224
1775337369810,500224
1775337369812,500224
1775337369814,500224
1775337369817,500224
1775337369822,500224
1775337369825,500224
1775337369830,500224
1775337369833,500224
1775337369836,500224
1775337369839,500224
1775337369842,500224
1775337369843,500224
1775337369846,500224
1775337369849,500224
1775337369852,500224
1775337369855,500224
1775337369856,500224
1775337369862,500224
1775337369866,500224
1775337369869,500224
1775337369872,500224
1775337369875,500224
1775337369877,500224
1775337369880,500224
1775337369883,500224
1775337369886,500224
1775337369889,500224
1775337369892,500224
1775337369893,500224
1775337369895,500224
1775337370317,500224
1775337370322,500224
1775337370326,500224
1775337370329,500224
1775337370332,500224
1775337370334,500224
1775337370337,500224
1775337370340,500224
1775337370342,500224
1775337370353,500224
1775337370355,500224
1775337370358,500224
1775337370362,500224
1775337370364,500224
1775337370370,500224
1775337370372,500224
1775337370375,500224
1775337370379,500224
1775337370382,500224
1775337370385,500224
1775337370387,500224
1775337370388,500224
1775337370390,500224
1775337370393,500224
1775337370395,500224
1775337370397,500224
1775337370399,500224
1775337370402,500224
1775337370405,500224
1775337370408,500224
1775337370410,500224
1775337370413,500224
1775337370416,500224
1775337370418,500224
1775337370420,500224
1775337370422,500224
1775337370424,500224
1775337370426,500224
1775337370428,500224
1775337370430,500224
1775337370433,500224
1775337370436,500224
1775337370439,500224
1775337370441,500224
1775337370443,500224
1775337370446,500224
1775337370449,500224
1775337370451,500224
1775337370454,500224
1775337370457,500224
1775337370460,500224
1775337370462,500224
1775337370465,500224
1775337370468,500224
1775337370471,500224
1775337370474,500224
1775337370476,500224
1775337370479,500224
1775337370481,500224
1775337370484,500224
1775337370486,500224
1775337370915,500224
1775337370918,500224
1775337370921,500224
1775337370924,500224
1775337370927,500224
1775337370930,500224
1775337370933,500224
1775337370936,500224
1775337370939,500224
1775337370941,500224
1775337370944,500224
1775337370946,500224
1775337370948,500224
1775337370952,500224
1775337370955,500224
1775337370958,500224
1775337370960,500224
1775337370962,500224
1775337370964,500224
1775337370968,500224
1775337370971,500224
1775337370973,500224
1775337370976,500224
1775337370979,500224
1775337370981,500224
1775337370984,500224
1775337370987,500224
1775337370989,500224
1775337370993,500224
1775337370997,500224
1775337370999,500224
1775337371000,500224
1775337371002,500224
1775337371003,500224
1775337371005,500224
1775337371006,500224
1775337371008,500224
1775337371010,500224
1775337371013,500224
1775337371016,500224
1775337371018,500224
1775337371021,500224
1775337371023,500224
1775337371025,500224
1775337371027,500224
1775337371029,500224
1775337371031,500224
1775337371033,500224
1775337371035,500224
1775337371037,500224
1775337371039,500224
1775337371040,500224
1775337371042,500224
1775337371044,500224
1775337371045,500224
1775337371047,500224
1775337371048,500224
1775337371050,500224
1775337371051,500224
1775337371053,500224
1775337371054,500224
1775337371055,500224
1775337371058,500224
1775337371059,500224
1775337371515,500224
1775337371518,500224
1775337371526,500224
1775337371530,500224
1775337371532,500224
1775337371533,500224
1775337371535,500224
1775337371536,500224
1775337371538,500224
1775337371539,500224
1775337371541,500224
1775337371542,500224
1775337371546,500224
1775337371548,500224
1775337371551,500224
1775337371554,500224
1775337371556,500224
1775337371559,500224
1775337371562,500224
1775337371564,500224
1775337371567,500224
1775337371571,500224
1775337371573,500224
1775337371576,500224
1775337371579,500224
1775337371581,500224
1775337371583,500224
1775337371585,500224
1775337371586,500224
1775337371588,500224
1775337371590,500224
1775337371591,500224
1775337371593,500224
1775337371595,500224
1775337371596,500224
1775337371598,500224
1775337371599,500224
1775337371602,500224
1775337371604,500224
1775337371606,500224
1775337371608,500224
1775337371609,500224
1775337371610,500224
1775337371614,500224
1775337371617,500224
1775337371619,500224
1775337371622,500224
1775337371626,500224
1775337371629,500224
1775337371631,500224
1775337371633,500224
1775337371635,500224
1775337371639,500224
1775337371643,500224
1775337371646,500224
1775337371648,500224
1775337371651,500224
1775337371654,500224
1775337371656,500224
1775337371659,500224
1775337372113,500224
1775337372119,500224
1775337372122,500224
1775337372125,500224
1775337372129,500224
1775337372132,500224
1775337372135,500224
1775337372137,500224
1775337372140,500224
1775337372143,500224
1775337372145,500224
1775337372148,500224
1775337372151,500224
1775337372154,500224
1775337372156,500224
1775337372159,500224
1775337372162,500224
1775337372166,500224
1775337372169,500224
1775337372172,500224
1775337372174,500224
1775337372176,500224
1775337372179,500224
1775337372183,500224
1775337372186,500224
1775337372189,500224
1775337372191,500224
1775337372193,500224
1775337372195,500224
1775337372196,500224
1775337372198,500224
1775337372200,500224
1775337372201,500224
1775337372203,500224
1775337372204,500224
1775337372206,500224
1775337372207,500224
1775337372209,500224
1775337372210,500224
1775337372212,500224
1775337372216,500224
1775337372218,500224
1775337372220,500224
1775337372223,500224
1775337372225,500224
1775337372227,500224
1775337372230,500224
1775337372232,500224
1775337372235,500224
1775337372237,500224
1775337372239,500224
1775337372241,500224
1775337372243,500224
1775337372245,500224
1775337372247,500224
1775337372249,500224
1775337372250,500224
1775337372252,500224
1775337372253,500224
1775337372255,500224
1775337372257,500224
1775337372258,500224
1775337372260,500224
1775337372261,500224
1775337372715,500224
1775337372717,500224
1775337372720,500224
1775337372723,500224
1775337372725,500224
1775337372728,500224
1775337372731,500224
1775337372736,500224
1775337372740,500224
1775337372743,500224
1775337372746,500224
1775337372749,500224
1775337372752,500224
1775337372754,500224
1775337372756,500224
1775337372759,500224
1775337372763,500224
1775337372766,500224
1775337372769,500224
1775337372771,500224
1775337372776,500224
1775337372778,500224
1775337372780,500224
1775337372781,500224
1775337372783,500224
1775337372785,500224
1775337372787,500224
1775337372790,500224
1775337372792,500224
1775337372793,500224
1775337372795,500224
1775337372796,500224
1775337372797,500224
1775337372799,500224
1775337372801,500224
1775337372803,500224
1775337372805,500224
1775337372806,500224
1775337372807,500224
1775337372809,500224
1775337372810,500224
1775337372811,500224
1775337372812,500224
1775337372814,500224
1775337372816,500224
1775337372817,500224
1775337372821,500224
1775337372824,500224
1775337372830,500224
1775337372834,500224
1775337372837,500224
1775337372840,500224
1775337372844,500224
1775337372847,500224
1775337373314,500224
1775337373317,500224
1775337373320,500224
1775337373322,500224
1775337373325,500224
1775337373328,500224
1775337373330,500224
1775337373333,500224
1775337373335,500224
1775337373336,500224
1775337373339,500224
1775337373342,500224
1775337373346,500224
1775337373349,500224
1775337373354,500224
1775337373357,500224
1775337373360,500224
1775337373362,500224
1775337373365,500224
1775337373368,500224
1775337373370,500224
1775337373372,500224
1775337373375,500224
1775337373377,500224
1775337373380,500224
1775337373383,500224
1775337373385,500224
1775337373387,500224
1775337373390,500224
1775337373393,500224
1775337373396,500224
1775337373398,500224
1775337373401,500224
1775337373404,500224
1775337373408,500224
1775337373411,500224
1775337373413,500224
1775337373415,500224
1775337373416,500224
1775337373418,500224
1775337373420,500224
1775337373421,500224
1775337373422,500224
1775337373424,500224
1775337373916,500224
1775337373919,500224
1775337373923,500224
1775337373926,500224
1775337373928,500224
1775337373931,500224
1775337373934,500224
1775337373937,500224
1775337373939,500224
1775337373945,500224
1775337373948,500224
1775337373951,500224
1775337373954,500224
1775337373957,500224
1775337373959,500224
1775337373961,500224
1775337373963,500224
1775337373965,500224
1775337373967,500224
1775337373969,500224
1775337373971,500224
1775337373973,500224
1775337373976,500224
1775337373979,500224
1775337373982,500224
1775337373985,500224
1775337373987,500224
1775337373990,500224
1775337373992,500224
1775337373995,500224
1775337373997,500224
1775337373999,500224
1775337374001,500224
1775337374003,500224
1775337374005,500224
1775337374007,500224
1775337374009,500224
1775337374011,500224
1775337374013,500224
1775337374015,500224
1775337374019,500224
1775337374021,500224
1775337374026,500224
1775337374029,500224
1775337374031,500224
1775337374519,500224
1775337374522,500224
1775337374525,500224
1775337374527,500224
1775337374530,500224
1775337374533,500224
1775337374536,500224
1775337374538,500224
1775337374541,500224
1775337374544,500224
1775337374547,500224
1775337374549,500224
1775337374552,500224
1775337374554,500224
1775337374556,500224
1775337374558,500224
1775337374560,500224
1775337374562,500224
1775337374566,500224
1775337374568,500224
1775337374570,500224
1775337374572,500224
1775337374574,500224
1775337374576,500224
1775337374581,500224
1775337374584,500224
1775337374586,500224
1775337374588,500224
1775337374589,500224
1775337374590,500224
1775337374592,500224
1775337374593,500224
1775337374594,500224
1775337374596,500224
1775337374603,500224
1775337374606,500224
1775337374609,500224
1775337374612,500224
1775337374614,500224
1775337374617,500224
1775337374620,500224
1775337374622,500224
1775337374625,500224
1775337374627,500224
1775337374630,500224
1775337374632,500224
1775337374634,500224
1775337374641,500224
1775337375118,500224
1775337375121,500224
1775337375124,500224
1775337375127,500224
1775337375129,500224
1775337375132,500224
1775337375135,500224
1775337375137,500224
1775337375139,500224
1775337375142,500224
1775337375144,500224
1775337375146,500224
1775337375148,500224
1775337375150,500224
1775337375152,500224
1775337375155,500224
1775337375158,500224
1775337375160,500224
1775337375163,500224
1775337375167,500224
1775337375169,500224
1775337375173,500224
1775337375176,500224
1775337375179,500224
1775337375182,500224
1775337375184,500224
1775337375187,500224
1775337375189,500224
1775337375191,500224
1775337375192,500224
1775337375194,500224
1775337375195,500224
1775337375197,500224
1775337375203,500224
1775337375208,500224
1775337375211,500224
1775337375214,500224
1775337375217,500224
1775337375219,500224
1775337375222,500224
1775337375225,500224
1775337375228,500224
1775337375231,500224
1775337375233,500224
1775337375235,500224
1775337375238,500224
1775337375240,500224
1775337375242,500224
1775337375244,500224
1775337375246,500224
1775337375248,500224
1775337375250,500224
1775337375252,500224
1775337375253,500224
1775337375256,500224
1775337375257,500224
1775337375259,500224
1775337375260,500224
1775337375261,500224
1775337375264,500224
1775337375266,500224
1775337375267,500224
1775337375269,500224
1775337375270,500224
1775337375272,500224
1775337375275,500224
1775337375277,500224
1775337375280,500224
1775337375283,500224
1775337375286,500224
1775337375287,500224
1775337375289,500224
1775337375290,500224
1775337375291,500224
1775337375295,500224
1775337375297,500224
1775337375298,500224
1775337375300,500224
1775337375301,500224
1775337375302,500224
1775337375304,500224
1775337375305,500224
1775337375306,500224
1775337375308,500224
1775337375309,500224
1775337375310,500224
1775337375312,500224
1775337375313,500224
1775337375314,500224
1775337375315,500224
1775337375317,500224
1775337375318,500224
1775337375319,500224
1775337375321,500224
1775337375322,500224
1775337375323,500224
1775337375325,500224
1775337375326,500224
1775337375327,500224
1775337375328,500224
1775337375330,500224
1775337375331,500224
1775337375332,500224
1775337375334,500224
1775337375336,500224
1775337375339,500224
1775337375343,500224
1775337375345,500224
1775337375348,500224
1775337375350,500224
1775337375352,500224
1775337375354,500224
1775337375356,500224
1775337375358,500224
1775337375359,500224
1775337375361,500224
1775337375363,500224
1775337375364,500224
1775337375365,500224
1775337375366,500224
1775337375368,500224
1775337375720,500224
1775337375723,500224
1775337375727,500224
1775337375732,500224
1775337375735,500224
1775337375737,500224
1775337375740,500224
1775337375743,500224
1775337375745,500224
1775337375748,500224
1775337375751,500224
1775337375754,500224
1775337375756,500224
1775337375759,500224
1775337375763,500224
1775337375766,500224
1775337375769,500224
1775337375772,500224
1775337375774,500224
1775337375777,500224
1775337375780,500224
1775337375785,500224
1775337375788,500224
1775337375791,500224
1775337375793,500224
1775337375796,500224
1775337375799,500224
1775337375802,500224
1775337375806,500224
1775337375809,500224
1775337375814,500224
1775337375816,500224
1775337375818,500224
1775337375820,500224
1775337375823,500224
1775337375826,500224
1775337375829,500224
1775337375832,500224
1775337375834,500224
1775337375837,500224
1775337375840,500224
1775337375842,500224
1775337375844,500224
1775337375847,500224
1775337375849,500224
1775337375851,500224
1775337375853,500224
1775337375855,500224
1775337375857,500224
1775337375859,500224
1775337375861,500224
1775337375862,500224
1775337375864,500224
1775337375866,500224
1775337375867,500224
1775337375869,500224
1775337375871,500224
1775337376320,500224
1775337376323,500224
1775337376326,500224
1775337376329,500224
1775337376331,500224
1775337376334,500224
1775337376337,500224
1775337376340,500224
1775337376343,500224
1775337376345,500224
1775337376348,500224
1775337376351,500224
1775337376353,500224
1775337376356,500224
1775337376359,500224
1775337376363,500224
1775337376365,500224
1775337376368,500224
1775337376370,500224
1775337376372,500224
1775337376374,500224
1775337376377,500224
1775337376379,500224
1775337376380,500224
1775337376382,500224
1775337376385,500224
1775337376389,500224
1775337376391,500224
1775337376395,500224
1775337376398,500224
1775337376400,500224
1775337376403,500224
1775337376406,500224
1775337376410,500224
1775337376412,500224
1775337376415,500224
1775337376417,500224
1775337376419,500224
1775337376424,500224
1775337376427,500224
1775337376430,500224
1775337376432,500224
1775337376435,500224
1775337376438,500224
1775337376440,500224
1775337376443,500224
1775337376446,500224
1775337376448,500224
1775337376450,500224
1775337376452,500224
1775337376454,500224
1775337376457,500224
1775337376459,500224
1775337376460,500224
1775337376462,500224
1775337376464,500224
1775337376465,500224
1775337376467,500224
1775337376469,500224
1775337376470,500224
1775337376921,500224
1775337376924,500224
1775337376927,500224
1775337376930,500224
1775337376932,500224
1775337376934,500224
1775337376936,500224
1775337376938,500224
1775337376940,500224
1775337376942,500224
1775337376944,500224
1775337376945,500224
1775337376947,500224
1775337376949,500224
1775337376951,500224
1775337376953,500224
1775337376954,500224
1775337376960,500224
1775337376964,500224
1775337376966,500224
1775337376968,500224
1775337376970,500224
1775337376971,500224
1775337376974,500224
1775337376976,500224
1775337376977,500224
1775337376980,500224
1775337376983,500224
1775337376986,500224
1775337376989,500224
1775337376991,500224
1775337376994,500224
1775337376998,500224
1775337377000,500224
1775337377003,500224
1775337377006,500224
1775337377010,500224
1775337377012,500224
1775337377014,500224
1775337377019,500224
1775337377020,500224
1775337377022,500224
1775337377024,500224
1775337377025,500224
1775337377027,500224
1775337377028,500224
1775337377030,500224
1775337377031,500224
1775337377033,500224
1775337377034,500224
1775337377036,500224
1775337377037,500224
1775337377038,500224
1775337377039,500224
1775337377041,500224
1775337377042,500224
1775337377043,500224
1775337377045,500224
1775337377046,500224
1775337377047,500224
1775337377048,500224
1775337377050,500224
1775337377052,500224
1775337377055,500224
1775337377058,500224
1775337377523,500224
1775337377525,500224
1775337377528,500224
1775337377531,500224
1775337377533,500224
1775337377536,500224
1775337377538,500224
1775337377542,500224
1775337377546,500224
1775337377549,500224
1775337377551,500224
1775337377554,500224
1775337377557,500224
1775337377561,500224
1775337377565,500224
1775337377568,500224
1775337377570,500224
1775337377572,500224
1775337377574,500224
1775337377575,500224
1775337377577,500224
1775337377579,500224
1775337377580,500224
1775337377582,500224
1775337377584,500224
1775337377585,500224
1775337377587,500224
1775337377588,500224
1775337377590,500224
1775337377591,500224
1775337377593,500224
1775337377594,500224
1775337377596,500224
1775337377597,500224
1775337377599,500224
1775337377600,500224
1775337377602,500224
1775337377603,500224
1775337377605,500224
1775337377608,500224
1775337377615,500224
1775337377619,500224
1775337377622,500224
1775337377624,500224
1775337377627,500224
1775337377630,500224
1775337377632,500224
1775337377634,500224
1775337377636,500224
1775337377639,500224
1775337377641,500224
1775337377643,500224
1775337377645,500224
1775337377647,500224
1775337377649,500224
1775337377651,500224
1775337377653,500224
1775337377654,500224
1775337378124,500224
1775337378129,500224
1775337378132,500224
1775337378136,500224
1775337378138,500224
1775337378141,500224
1775337378143,500224
1775337378146,500224
1775337378148,500224
1775337378150,500224
1775337378152,500224
1775337378154,500224
1775337378156,500224
1775337378158,500224
1775337378160,500224
1775337378162,500224
1775337378163,500224
1775337378165,500224
1775337378167,500224
1775337378169,500224
1775337378171,500224
1775337378172,500224
1775337378174,500224
1775337378175,500224
1775337378177,500224
1775337378178,500224
1775337378184,500224
1775337378186,500224
1775337378188,500224
1775337378191,500224
1775337378192,500224
1775337378194,500224
1775337378195,500224
1775337378197,500224
1775337378198,500224
1775337378200,500224
1775337378202,500224
1775337378203,500224
1775337378205,500224
1775337378207,500224
1775337378208,500224
1775337378211,500224
1775337378212,500224
1775337378214,500224
1775337378216,500224
1775337378221,500224
1775337378223,500224
1775337378225,500224
1775337378227,500224
1775337378229,500224
1775337378231,500224
1775337378234,500224
1775337378236,500224
1775337378238,500224
1775337378239,500224
1775337378241,500224
1775337378242,500224
1775337378243,500224
1775337378245,500224
1775337378246,500224
1775337378247,500224
1775337378249,500224
1775337378250,500224
1775337378725,500224
1775337378728,500224
1775337378731,500224
1775337378734,500224
1775337378738,500224
1775337378741,500224
1775337378747,500224
1775337378751,500224
1775337378755,500224
1775337378759,500224
1775337378762,500224
1775337378765,500224
1775337378767,500224
1775337378770,500224
1775337378772,500224
1775337378775,500224
1775337378777,500224
1775337378780,500224
1775337378782,500224
1775337378784,500224
1775337378787,500224
1775337378790,500224
1775337378792,500224
1775337378795,500224
1775337378797,500224
1775337378799,500224
1775337378802,500224
1775337378804,500224
1775337378806,500224
1775337378808,500224
1775337378810,500224
1775337378812,500224
1775337378814,500224
1775337378818,500224
1775337378821,500224
1775337378822,500224
1775337378824,500224
1775337378825,500224
1775337378827,500224
1775337378830,500224
1775337378832,500224
1775337378834,500224
1775337378835,500224
1775337378837,500224
1775337379326,500224
1775337379329,500224
1775337379331,500224
1775337379335,500224
1775337379339,500224
1775337379342,500224
1775337379345,500224
1775337379347,500224
1775337379350,500224
1775337379353,500224
1775337379356,500224
1775337379358,500224
1775337379361,500224
1775337379364,500224
1775337379367,500224
1775337379369,500224
1775337379372,500224
1775337379375,500224
1775337379377,500224
1775337379381,500224
1775337379385,500224
1775337379387,500224
1775337379390,500224
1775337379393,500224
1775337379395,500224
1775337379398,500224
1775337379400,500224
1775337379403,500224
1775337379406,500224
1775337379408,500224
1775337379410,500224
1775337379412,500224
1775337379415,500224
1775337379417,500224
1775337379419,500224
1775337379421,500224
1775337379424,500224
1775337379427,500224
1775337379430,500224
1775337379433,500224
1775337379436,500224
1775337379439,500224
1775337379444,500224
1775337379447,500224
1775337379450,500224
1775337379453,500224
1775337379455,500224
1775337379458,500224
1775337379461,500224
1775337379464,500224
1775337379467,500224
1775337379470,500224
1775337379472,500224
1775337379474,500224
1775337379477,500224
1775337379481,500224
1775337379484,500224
1775337379487,500224
1775337379489,500224
1775337379492,500224
1775337379495,500224
1775337379497,500224
1775337379499,500224
1775337379500,500224
1775337379502,500224
1775337379504,500224
1775337379505,500224
1775337379509,500224
1775337379512,500224
1775337379514,500224
1775337379517,500224
1775337379520,500224
1775337379523,500224
1775337379525,500224
1775337379528,500224
1775337379531,500224
1775337379533,500224
1775337379536,500224
1775337379539,500224
1775337379541,500224
1775337379929,500224
1775337379932,500224
1775337379934,500224
1775337379937,500224
1775337379940,500224
1775337379944,500224
1775337379948,500224
1775337379950,500224
1775337379953,500224
1775337379956,500224
1775337379959,500224
1775337379962,500224
1775337379964,500224
1775337379967,500224
1775337379970,500224
1775337379973,500224
1775337379976,500224
1775337379979,500224
1775337379982,500224
1775337379985,500224
1775337379987,500224
1775337379990,500224
1775337379993,500224
1775337379996,500224
1775337379999,500224
1775337380002,500224
1775337380005,500224
1775337380010,500224
1775337380011,500224
1775337380014,500224
1775337380017,500224
1775337380020,500224
1775337380024,500224
1775337380030,500224
1775337380031,500224
1775337380033,500224
1775337380035,500224
1775337380036,500224
1775337380037,500224
1775337380040,500224
1775337380042,500224
1775337380045,500224
1775337380047,500224
1775337380049,500224
1775337380051,500224
1775337380053,500224
1775337380055,500224
1775337380056,500224
1775337380058,500224
1775337380060,500224
1775337380062,500224
1775337380063,500224
1775337380065,500224
1775337380066,500224
1775337380068,500224
1775337380069,500224
1775337380071,500224
1775337380072,500224
1775337380074,500224
1775337380527,500224
1775337380530,500224
1775337380533,500224
1775337380536,500224
1775337380538,500224
1775337380542,500224
1775337380544,500224
1775337380546,500224
1775337380551,500224
1775337380554,500224
1775337380556,500224
1775337380559,500224
1775337380562,500224
1775337380564,500224
1775337380565,500224
1775337380569,500224
1775337380572,500224
1775337380574,500224
1775337380577,500224
1775337380580,500224
1775337380583,500224
1775337380585,500224
1775337380588,500224
1775337380591,500224
1775337380593,500224
1775337380595,500224
1775337380597,500224
1775337380599,500224
1775337380600,500224
1775337380602,500224
1775337380604,500224
1775337380607,500224
1775337380610,500224
1775337380614,500224
1775337380617,500224
1775337380620,500224
1775337380623,500224
1775337380625,500224
1775337380628,500224
1775337380630,500224
1775337380633,500224
1775337380636,500224
1775337380638,500224
1775337380641,500224
1775337380643,500224
1775337380646,500224
1775337380648,500224
1775337380650,500224
1775337380652,500224
1775337380656,500224
1775337380658,500224
1775337380660,500224
1775337380663,500224
1775337380664,500224
1775337380672,500224
1775337380675,500224
1775337380678,500224
1775337380680,500224
1775337380682,500224
1775337380684,500224
1775337380688,500224
1775337381129,500224
1775337381132,500224
1775337381135,500224
1775337381138,500224
1775337381140,500224
1775337381143,500224
1775337381146,500224
1775337381150,500224
1775337381152,500224
1775337381155,500224
1775337381158,500224
1775337381162,500224
1775337381166,500224
1775337381170,500224
1775337381173,500224
1775337381176,500224
1775337381179,500224
1775337381181,500224
1775337381184,500224
1775337381186,500224
1775337381189,500224
1775337381191,500224
1775337381193,500224
1775337381195,500224
1775337381198,500224
1775337381200,500224
1775337381202,500224
1775337381203,500224
1775337381205,500224
1775337381207,500224
1775337381208,500224
1775337381210,500224
1775337381215,500224
1775337381218,500224
1775337381220,500224
1775337381222,500224
1775337381225,500224
1775337381227,500224
1775337381229,500224
1775337381231,500224
1775337381233,500224
1775337381235,500224
1775337381237,500224
1775337381238,500224
1775337381240,500224
1775337381242,500224
1775337381244,500224
1775337381246,500224
1775337381247,500224
1775337381249,500224
1775337381250,500224
1775337381252,500224
1775337381257,500224
1775337381260,500224
1775337381262,500224
1775337381263,500224
1775337381265,500224
1775337381266,500224
1775337381268,500224
1775337381269,500224
1775337381271,500224
1775337381731,500224
1775337381733,500224
1775337381735,500224
1775337381737,500224
1775337381739,500224
1775337381741,500224
1775337381743,500224
1775337381747,500224
1775337381749,500224
1775337381751,500224
1775337381752,500224
1775337381754,500224
1775337381755,500224
1775337381757,500224
1775337381758,500224
1775337381760,500224
1775337381761,500224
1775337381763,500224
1775337381765,500224
1775337381766,500224
1775337381767,500224
1775337381769,500224
1775337381770,500224
1775337381771,500224
1775337381774,500224
1775337381781,500224
1775337381786,500224
1775337381789,500224
1775337381790,500224
1775337381792,500224
1775337381794,500224
1775337381795,500224
1775337381797,500224
1775337381799,500224
1775337381800,500224
1775337381802,500224
1775337381804,500224
1775337381805,500224
1775337381807,500224
1775337381808,500224
1775337381810,500224
1775337381812,500224
1775337381813,500224
1775337381815,500224
1775337381817,500224
1775337381818,500224
1775337381820,500224
1775337381822,500224
1775337381824,500224
1775337381825,500224
1775337381827,500224
1775337381828,500224
1775337381830,500224
1775337381831,500224
1775337381833,500224
1775337381835,500224
1775337381838,500224
1775337381840,500224
1775337381842,500224
1775337381845,500224
1775337381847,500224
1775337381850,500224
1775337381852,500224
1775337381853,500224
1775337382332,500224
1775337382337,500224
1775337382341,500224
1775337382343,500224
1775337382346,500224
1775337382349,500224
1775337382351,500224
1775337382354,500224
1775337382357,500224
1775337382360,500224
1775337382362,500224
1775337382365,500224
1775337382367,500224
1775337382370,500224
1775337382373,500224
1775337382377,500224
1775337382380,500224
1775337382382,500224
1775337382384,500224
1775337382386,500224
1775337382388,500224
1775337382390,500224
1775337382392,500224
1775337382394,500224
1775337382396,500224
1775337382400,500224
1775337382403,500224
1775337382406,500224
1775337382409,500224
1775337382412,500224
1775337382414,500224
1775337382417,500224
1775337382419,500224
1775337382422,500224
1775337382425,500224
1775337382428,500224
1775337382431,500224
1775337382434,500224
1775337382436,500224
1775337382439,500224
1775337382441,500224
1775337382444,500224
1775337382446,500224
1775337382448,500224
1775337382451,500224
1775337382453,500224
1775337382455,500224
1775337382457,500224
1775337382459,500224
1775337382460,500224
1775337382462,500224
1775337382464,500224
1775337382466,500224
1775337382467,500224
1775337382469,500224
1775337382470,500224
1775337382472,500224
1775337382473,500224
1775337382475,500224
1775337382932,500224
1775337382935,500224
1775337382938,500224
1775337382941,500224
1775337382943,500224
1775337382946,500224
1775337382949,500224
1775337382951,500224
1775337382954,500224
1775337382957,500224
1775337382959,500224
1775337382962,500224
1775337382965,500224
1775337382967,500224
1775337382970,500224
1775337382973,500224
1775337382976,500224
1775337382978,500224
1775337382981,500224
1775337382984,500224
1775337382986,500224
1775337382989,500224
1775337382992,500224
1775337382995,500224
1775337382997,500224
1775337383000,500224
1775337383003,500224
1775337383009,500224
1775337383011,500224
1775337383015,500224
1775337383019,500224
1775337383022,500224
1775337383025,500224
1775337383026,500224
1775337383028,500224
1775337383029,500224
1775337383031,500224
1775337383032,500224
1775337383033,500224
1775337383034,500224
1775337383036,500224
1775337383037,500224
1775337383038,500224
1775337383040,500224
1775337383041,500224
1775337383042,500224
1775337383044,500224
1775337383045,500224
1775337383046,500224
1775337383048,500224
1775337383049,500224
1775337383050,500224
1775337383054,500224
1775337383056,500224
1775337383058,500224
1775337383061,500224
1775337383064,500224
1775337383068,500224
1775337383071,500224
1775337383074,500224
1775337383076,500224
1775337383079,500224
1775337383081,500224
1775337383533,500224
1775337383537,500224
1775337383539,500224
1775337383542,500224
1775337383545,500224
1775337383548,500224
1775337383551,500224
1775337383553,500224
1775337383556,500224
1775337383559,500224
1775337383561,500224
1775337383564,500224
1775337383566,500224
1775337383568,500224
1775337383571,500224
1775337383573,500224
1775337383575,500224
1775337383577,500224
1775337383579,500224
1775337383583,500224
1775337383586,500224
1775337383590,500224
1775337383593,500224
1775337383598,500224
1775337383601,500224
1775337383603,500224
1775337383605,500224
1775337383607,500224
1775337383609,500224
1775337383611,500224
1775337383613,500224
1775337383614,500224
1775337383616,500224
1775337383618,500224
1775337383619,500224
1775337383621,500224
1775337383624,500224
1775337383626,500224
1775337383627,500224
1775337383629,500224
1775337383630,500224
1775337383632,500224
1775337383633,500224
1775337383634,500224
1775337383636,500224
1775337383637,500224
1775337383638,500224
1775337383640,500224
1775337383641,500224
1775337383643,500224
1775337383644,500224
1775337383645,500224
1775337383647,500224
1775337383649,500224
1775337383652,500224
1775337383654,500224
1775337383656,500224
1775337383658,500224
1775337383661,500224
1775337383664,500224
1775337384138,500224
1775337384143,500224
1775337384147,500224
1775337384150,500224
1775337384152,500224
1775337384155,500224
1775337384157,500224
1775337384160,500224
1775337384162,500224
1775337384164,500224
1775337384166,500224
1775337384169,500224
1775337384171,500224
1775337384172,500224
1775337384174,500224
1775337384176,500224
1775337384178,500224
1775337384179,500224
1775337384181,500224
1775337384183,500224
1775337384184,500224
1775337384186,500224
1775337384188,500224
1775337384189,500224
1775337384192,500224
1775337384193,500224
1775337384195,500224
1775337384196,500224
1775337384197,500224
1775337384201,500224
1775337384204,500224
1775337384207,500224
1775337384210,500224
1775337384211,500224
1775337384212,500224
1775337384215,500224
1775337384218,500224
1775337384221,500224
1775337384226,500224
1775337384229,500224
1775337384232,500224
1775337384234,500224
1775337384236,500224
1775337384238,500224
1775337384239,500224
1775337384240,500224
1775337384242,500224
1775337384243,500224
1775337384244,500224
1775337384245,500224
1775337384247,500224
1775337384248,500224
1775337384249,500224
1775337384250,500224
1775337384252,500224
1775337384253,500224
1775337384254,500224
1775337384255,500224
1775337384257,500224
1775337384259,500224
1775337384734,500224
1775337384737,500224
1775337384740,500224
1775337384743,500224
1775337384745,500224
1775337384748,500224
1775337384751,500224
1775337384753,500224
1775337384758,500224
1775337384763,500224
1775337384766,500224
1775337384770,500224
1775337384773,500224
1775337384775,500224
1775337384777,500224
1775337384779,500224
1775337384782,500224
1775337384785,500224
1775337384787,500224
1775337384790,500224
1775337384793,500224
1775337384795,500224
1775337384799,500224
1775337384801,500224
1775337384803,500224
1775337384805,500224
1775337384807,500224
1775337384810,500224
1775337384813,500224
1775337384815,500224
1775337384818,500224
1775337384821,500224
1775337384823,500224
1775337384826,500224
1775337384828,500224
1775337384830,500224
1775337384833,500224
1775337384835,500224
1775337384837,500224
1775337384839,500224
1775337384841,500224
1775337384842,500224
1775337384843,500224
1775337384845,500224
1775337384847,500224
1775337384848,500224
1775337384850,500224
1775337384851,500224
1775337384852,500224
1775337384853,500224
1775337384855,500224
1775337384856,500224
1775337384857,500224
1775337384858,500224
1775337384859,500224
1775337384861,500224
1775337384862,500224
1775337384863,500224
1775337384868,500224
1775337384871,500224
1775337384873,500224
1775337384874,500224
1775337384876,500224
1775337384877,500224
1775337384879,500224
1775337384880,500224
1775337385336,500224
1775337385339,500224
1775337385342,500224
1775337385344,500224
1775337385347,500224
1775337385350,500224
1775337385352,500224
1775337385355,500224
1775337385358,500224
1775337385360,500224
1775337385363,500224
1775337385366,500224
1775337385368,500224
1775337385372,500224
1775337385374,500224
1775337385381,500224
1775337385384,500224
1775337385387,500224
1775337385389,500224
1775337385390,500224
1775337385392,500224
1775337385393,500224
1775337385394,500224
1775337385396,500224
1775337385397,500224
1775337385400,500224
1775337385404,500224
1775337385406,500224
1775337385409,500224
1775337385412,500224
1775337385416,500224
1775337385422,500224
1775337385424,500224
1775337385428,500224
1775337385431,500224
1775337385435,500224
1775337385438,500224
1775337385440,500224
1775337385443,500224
1775337385445,500224
1775337385447,500224
1775337385450,500224
1775337385452,500224
1775337385454,500224
1775337385455,500224
1775337385456,500224
1775337385462,500224
1775337385463,500224
1775337385465,500224
1775337385467,500224
1775337385470,500224
1775337385471,500224
1775337385472,500224
1775337385474,500224
1775337385475,500224
1775337385476,500224
1775337385477,500224
1775337385479,500224
1775337385480,500224
1775337385481,500224
1775337385482,500224
1775337385938,500224
1775337385941,500224
1775337385943,500224
1775337385946,500224
1775337385949,500224
1775337385951,500224
1775337385954,500224
1775337385956,500224
1775337385959,500224
1775337385962,500224
1775337385965,500224
1775337385967,500224
1775337385969,500224
1775337385970,500224
1775337385972,500224
1775337385974,500224
1775337385975,500224
1775337385977,500224
1775337385978,500224
1775337385980,500224
1775337385982,500224
1775337385985,500224
1775337385987,500224
1775337385990,500224
1775337385992,500224
1775337385993,500224
1775337385995,500224
1775337385998,500224
1775337386004,500224
1775337386007,500224
1775337386010,500224
1775337386020,500224
1775337386023,500224
1775337386026,500224
1775337386029,500224
1775337386032,500224
1775337386035,500224
1775337386038,500224
1775337386040,500224
1775337386043,500224
1775337386045,500224
1775337386048,500224
1775337386050,500224
1775337386052,500224
1775337386056,500224
1775337386057,500224
1775337386059,500224
1775337386060,500224
1775337386063,500224
1775337386064,500224
1775337386066,500224
1775337386067,500224
1775337386068,500224
1775337386070,500224
1775337386071,500224
1775337386072,500224
1775337386073,500224
1775337386075,500224
1775337386076,500224
1775337386077,500224
1775337386538,500224
1775337386541,500224
1775337386544,500224
1775337386546,500224
1775337386549,500224
1775337386552,500224
1775337386554,500224
1775337386557,500224
1775337386560,500224
1775337386563,500224
1775337386565,500224
1775337386568,500224
1775337386570,500224
1775337386572,500224
1775337386574,500224
1775337386576,500224
1775337386579,500224
1775337386581,500224
1775337386584,500224
1775337386590,500224
1775337386595,500224
1775337386596,500224
1775337386597,500224
1775337386599,500224
1775337386602,500224
1775337386605,500224
1775337386606,500224
1775337386607,500224
1775337386615,500224
1775337386619,500224
1775337386621,500224
1775337386624,500224
1775337386627,500224
1775337386629,500224
1775337386632,500224
1775337386635,500224
1775337386638,500224
1775337386640,500224
1775337386642,500224
1775337386645,500224
1775337386647,500224
1775337386649,500224
1775337386651,500224
1775337386653,500224
1775337386655,500224
1775337386660,500224
1775337386663,500224
1775337386666,500224
1775337386669,500224
1775337386672,500224
1775337386674,500224
1775337386677,500224
1775337386679,500224
1775337386681,500224
1775337386683,500224
1775337386684,500224
1775337386686,500224
1775337386688,500224
1775337386689,500224
1775337386691,500224
1775337387140,500224
1775337387143,500224
1775337387145,500224
1775337387148,500224
1775337387151,500224
1775337387153,500224
1775337387156,500224
1775337387159,500224
1775337387161,500224
1775337387164,500224
1775337387166,500224
1775337387168,500224
1775337387171,500224
1775337387173,500224
1775337387175,500224
1775337387179,500224
1775337387182,500224
1775337387186,500224
1775337387188,500224
1775337387190,500224
1775337387192,500224
1775337387193,500224
1775337387195,500224
1775337387197,500224
1775337387198,500224
1775337387200,500224
1775337387202,500224
1775337387203,500224
1775337387205,500224
1775337387206,500224
1775337387213,500224
1775337387216,500224
1775337387219,500224
1775337387223,500224
1775337387226,500224
1775337387229,500224
1775337387232,500224
1775337387235,500224
1775337387237,500224
1775337387240,500224
1775337387243,500224
1775337387245,500224
1775337387248,500224
1775337387251,500224
1775337387254,500224
1775337387256,500224
1775337387259,500224
1775337387262,500224
1775337387269,500224
1775337387272,500224
1775337387275,500224
1775337387277,500224
1775337387280,500224
1775337387283,500224
1775337387285,500224
1775337387288,500224
1775337387291,500224
1775337387293,500224
1775337387295,500224
1775337387296,500224
1775337387298,500224
1775337387299,500224
1775337387300,500224
1775337387302,500224
1775337387741,500224
1775337387743,500224
1775337387746,500224
1775337387749,500224
1775337387751,500224
1775337387754,500224
1775337387756,500224
1775337387759,500224
1775337387762,500224
1775337387765,500224
1775337387767,500224
1775337387769,500224
1775337387772,500224
1775337387774,500224
1775337387780,500224
1775337387783,500224
1775337387785,500224
1775337387788,500224
1775337387791,500224
1775337387794,500224
1775337387796,500224
1775337387799,500224
1775337387803,500224
1775337387806,500224
1775337387808,500224
1775337387811,500224
1775337387816,500224
1775337387820,500224
1775337387823,500224
1775337387826,500224
1775337387828,500224
1775337387836,500224
1775337387839,500224
1775337387841,500224
1775337387844,500224
1775337387847,500224
1775337387849,500224
1775337387852,500224
1775337387855,500224
1775337387858,500224
1775337387861,500224
1775337387866,500224
1775337387869,500224
1775337387871,500224
1775337387874,500224
1775337387877,500224
1775337387880,500224
1775337387883,500224
1775337387885,500224
1775337387887,500224
1775337387890,500224
1775337387892,500224
1775337387894,500224
1775337387896,500224
1775337387898,500224
1775337387900,500224
1775337387901,500224
1775337387903,500224
1775337388344,500224
1775337388347,500224
1775337388351,500224
1775337388358,500224
1775337388361,500224
1775337388364,500224
1775337388366,500224
1775337388369,500224
1775337388372,500224
1775337388375,500224
1775337388377,500224
1775337388381,500224
1775337388384,500224
1775337388386,500224
1775337388389,500224
1775337388394,500224
1775337388396,500224
1775337388399,500224
1775337388401,500224
1775337388404,500224
1775337388406,500224
1775337388408,500224
1775337388410,500224
1775337388412,500224
1775337388414,500224
1775337388415,500224
1775337388417,500224
1775337388419,500224
1775337388421,500224
1775337388422,500224
1775337388424,500224
1775337388426,500224
1775337388428,500224
1775337388430,500224
1775337388432,500224
1775337388434,500224
1775337388435,500224
1775337388437,500224
1775337388439,500224
1775337388440,500224
1775337388442,500224
1775337388444,500224
1775337388445,500224
1775337388446,500224
1775337388449,500224
1775337388452,500224
1775337388455,500224
1775337388458,500224
1775337388460,500224
1775337388463,500224
1775337388465,500224
1775337388468,500224
1775337388471,500224
1775337388473,500224
1775337388475,500224
1775337388477,500224
1775337388479,500224
1775337388481,500224
1775337388483,500224
1775337388485,500224
1775337388487,500224
1775337388488,500224
1775337388490,500224
1775337388492,500224
1775337388942,500224
1775337388949,500224
1775337388950,500224
1775337388952,500224
1775337388953,500224
1775337388955,500224
1775337388957,500224
1775337388959,500224
1775337388961,500224
1775337388964,500224
1775337388968,500224
1775337388973,500224
1775337388975,500224
1775337388978,500224
1775337388981,500224
1775337388984,500224
1775337388987,500224
1775337388989,500224
1775337388992,500224
1775337388995,500224
1775337388997,500224
1775337389001,500224
1775337389004,500224
1775337389007,500224
1775337389010,500224
1775337389013,500224
1775337389015,500224
1775337389019,500224
1775337389022,500224
1775337389024,500224
1775337389027,500224
1775337389029,500224
1775337389032,500224
1775337389035,500224
1775337389038,500224
1775337389040,500224
1775337389043,500224
1775337389046,500224
1775337389049,500224
1775337389051,500224
1775337389053,500224
1775337389056,500224
1775337389058,500224
1775337389060,500224
1775337389062,500224
1775337389064,500224
1775337389066,500224
1775337389068,500224
1775337389070,500224
1775337389072,500224
1775337389074,500224
1775337389075,500224
1775337389077,500224
1775337389079,500224
1775337389082,500224
1775337389084,500224
1775337389087,500224
1775337389090,500224
1775337389093,500224
1775337389095,500224
1775337389098,500224
1775337389102,500224
1775337389105,500224
1775337389545,500224
1775337389548,500224
1775337389550,500224
1775337389554,500224
1775337389562,500224
1775337389565,500224
1775337389567,500224
1775337389571,500224
1775337389573,500224
1775337389576,500224
1775337389580,500224
1775337389584,500224
1775337389587,500224
1775337389591,500224
1775337389594,500224
1775337389598,500224
1775337389601,500224
1775337389603,500224
1775337389605,500224
1775337389607,500224
1775337389610,500224
1775337389613,500224
1775337389616,500224
1775337389618,500224
1775337389621,500224
1775337389623,500224
1775337389626,500224
1775337389629,500224
1775337389631,500224
1775337389634,500224
1775337389637,500224
1775337389639,500224
1775337389642,500224
1775337389645,500224
1775337389647,500224
1775337389649,500224
1775337389651,500224
1775337389656,500224
1775337389658,500224
1775337389660,500224
1775337389663,500224
1775337389674,500224
1775337389677,500224
1775337389680,500224
1775337389683,500224
1775337389685,500224
1775337389687,500224
1775337389689,500224
1775337389693,500224
1775337389695,500224
1775337389697,500224
1775337389699,500224
1775337389701,500224
1775337389702,500224
1775337389704,500224
1775337389707,500224
1775337389709,500224
1775337389711,500224
1775337389713,500224
1775337389715,500224
1775337389718,500224
1775337389720,500224
1775337389722,500224
1775337390144,500224
1775337390147,500224
1775337390151,500224
1775337390153,500224
1775337390156,500224
1775337390159,500224
1775337390162,500224
1775337390165,500224
1775337390169,500224
1775337390171,500224
1775337390176,500224
1775337390182,500224
1775337390186,500224
1775337390190,500224
1775337390194,500224
1775337390197,500224
1775337390200,500224
1775337390203,500224
1775337390207,500224
1775337390210,500224
1775337390213,500224
1775337390218,500224
1775337390220,500224
1775337390224,500224
1775337390226,500224
1775337390229,500224
1775337390233,500224
1775337390235,500224
1775337390238,500224
1775337390240,500224
1775337390243,500224
1775337390247,500224
1775337390250,500224
1775337390252,500224
1775337390254,500224
1775337390255,500224
1775337390257,500224
1775337390258,500224
1775337390260,500224
1775337390261,500224
1775337390262,500224
1775337390264,500224
1775337390266,500224
1775337390267,500224
1775337390270,500224
1775337390273,500224
1775337390274,500224
1775337390276,500224
1775337390278,500224
1775337390279,500224
1775337390281,500224
1775337390282,500224
1775337390284,500224
1775337390287,500224
1775337390289,500224
1775337390292,500224
1775337390295,500224
1775337390296,500224
1775337390745,500224
1775337390749,500224
1775337390752,500224
1775337390755,500224
1775337390757,500224
1775337390760,500224
1775337390763,500224
1775337390765,500224
1775337390768,500224
1775337390770,500224
1775337390771,500224
1775337390773,500224
1775337390775,500224
1775337390776,500224
1775337390777,500224
1775337390780,500224
1775337390782,500224
1775337390785,500224
1775337390788,500224
1775337390792,500224
1775337390795,500224
1775337390798,500224
1775337390800,500224
1775337390804,500224
1775337390810,500224
1775337390812,500224
1775337390814,500224
1775337390817,500224
1775337390820,500224
1775337390822,500224
1775337390824,500224
1775337390825,500224
1775337390827,500224
1775337390828,500224
1775337390829,500224
1775337390831,500224
1775337390832,500224
1775337390833,500224
1775337390835,500224
1775337390836,500224
1775337390840,500224
1775337390843,500224
1775337390845,500224
1775337390849,500224
1775337390853,500224
1775337390857,500224
1775337390861,500224
1775337390863,500224
1775337390865,500224
1775337390867,500224
1775337390869,500224
1775337390871,500224
1775337390872,500224
1775337390874,500224
1775337390875,500224
1775337390877,500224
1775337390879,500224
1775337390880,500224
1775337390883,500224
1775337390885,500224
1775337390887,500224
1775337390889,500224
1775337391346,500224
1775337391349,500224
1775337391352,500224
1775337391356,500224
1775337391359,500224
1775337391362,500224
1775337391369,500224
1775337391372,500224
1775337391375,500224
1775337391377,500224
1775337391381,500224
1775337391384,500224
1775337391387,500224
1775337391390,500224
1775337391392,500224
1775337391394,500224
1775337391396,500224
1775337391398,500224
1775337391402,500224
1775337391405,500224
1775337391407,500224
1775337391410,500224
1775337391412,500224
1775337391413,500224
1775337391416,500224
1775337391419,500224
1775337391422,500224
1775337391423,500224
1775337391424,500224
1775337391431,500224
1775337391434,500224
1775337391436,500224
1775337391439,500224
1775337391442,500224
1775337391446,500224
1775337391448,500224
1775337391451,500224
1775337391454,500224
1775337391456,500224
1775337391463,500224
1775337391465,500224
1775337391467,500224
1775337391469,500224
1775337391472,500224
1775337391475,500224
1775337391480,500224
1775337391483,500224
1775337391485,500224
1775337391488,500224
1775337391491,500224
1775337391494,500224
1775337391497,500224
1775337391501,500224
1775337391504,500224
1775337391507,500224
1775337391509,500224
1775337391512,500224
1775337391515,500224
1775337391519,500224
1775337391521,500224
1775337391523,500224
1775337391525,500224
1775337391526,500224
1775337391528,500224
1775337391948,500224
1775337391951,500224
1775337391955,500224
1775337391957,500224
1775337391960,500224
1775337391963,500224
1775337391967,500224
1775337391970,500224
1775337391973,500224
1775337391976,500224
1775337391978,500224
1775337391981,500224
1775337391984,500224
1775337391987,500224
1775337391991,500224
1775337391994,500224
1775337391996,500224
1775337392000,500224
1775337392002,500224
1775337392006,500224
1775337392008,500224
1775337392010,500224
1775337392013,500224
1775337392015,500224
1775337392017,500224
1775337392021,500224
1775337392025,500224
1775337392027,500224
1775337392031,500224
1775337392036,500224
1775337392040,500224
1775337392042,500224
1775337392044,500224
1775337392046,500224
1775337392048,500224
1775337392051,500224
1775337392053,500224
1775337392055,500224
1775337392057,500224
1775337392060,500224
1775337392062,500224
1775337392065,500224
1775337392068,500224
1775337392070,500224
1775337392071,500224
1775337392072,500224
1775337392074,500224
1775337392077,500224
1775337392079,500224
1775337392081,500224
1775337392083,500224
1775337392085,500224
1775337392088,500224
1775337392090,500224
1775337392091,500224
1775337392092,500224
1775337392094,500224
1775337392095,500224
1775337392096,500224
1775337392098,500224
1775337392100,500224
1775337392103,500224
1775337392104,500224
1775337392107,500224
1775337392110,500224
1775337392548,500224
1775337392551,500224
1775337392555,500224
1775337392558,500224
1775337392564,500224
1775337392571,500224
1775337392576,500224
1775337392579,500224
1775337392583,500224
1775337392585,500224
1775337392588,500224
1775337392590,500224
1775337392591,500224
1775337392593,500224
1775337392595,500224
1775337392597,500224
1775337392598,500224
1775337392600,500224
1775337392603,500224
1775337392606,500224
1775337392608,500224
1775337392611,500224
1775337392612,500224
1775337392614,500224
1775337392616,500224
1775337392619,500224
1775337392622,500224
1775337392625,500224
1775337392628,500224
1775337392630,500224
1775337392633,500224
1775337392636,500224
1775337392638,500224
1775337392640,500224
1775337392643,500224
1775337392645,500224
1775337392647,500224
1775337392649,500224
1775337392651,500224
1775337392654,500224
1775337392657,500224
1775337392661,500224
1775337392664,500224
1775337392666,500224
1775337392669,500224
1775337392676,500224
1775337392679,500224
1775337392682,500224
1775337392685,500224
1775337392687,500224
1775337392690,500224
1775337392693,500224
1775337392695,500224
1775337392697,500224
1775337392698,500224
1775337392699,500224
1775337392700,500224
1775337393149,500224
1775337393152,500224
1775337393158,500224
1775337393160,500224
1775337393163,500224
1775337393166,500224
1775337393168,500224
1775337393171,500224
1775337393175,500224
1775337393178,500224
1775337393180,500224
1775337393183,500224
1775337393186,500224
1775337393188,500224
1775337393191,500224
1775337393194,500224
1775337393197,500224
1775337393201,500224
1775337393205,500224
1775337393209,500224
1775337393212,500224
1775337393214,500224
1775337393217,500224
1775337393221,500224
1775337393222,500224
1775337393225,500224
1775337393226,500224
1775337393228,500224
1775337393230,500224
1775337393234,500224
1775337393236,500224
1775337393237,500224
1775337393239,500224
1775337393241,500224
1775337393243,500224
1775337393244,500224
1775337393245,500224
1775337393246,500224
1775337393248,500224
1775337393251,500224
1775337393254,500224
1775337393256,500224
1775337393260,500224
1775337393263,500224
1775337393266,500224
1775337393269,500224
1775337393271,500224
1775337393274,500224
1775337393277,500224
1775337393280,500224
1775337393284,500224
1775337393286,500224
1775337393289,500224
1775337393292,500224
1775337393294,500224
1775337393296,500224
1775337393299,500224
1775337393302,500224
1775337393305,500224
1775337393308,500224
1775337393310,500224
1775337393311,500224
1775337393313,500224
1775337393315,500224
1775337393750,500224
1775337393754,500224
1775337393757,500224
1775337393760,500224
1775337393764,500224
1775337393767,500224
1775337393770,500224
1775337393775,500224
1775337393777,500224
1775337393780,500224
1775337393783,500224
1775337393786,500224
1775337393788,500224
1775337393791,500224
1775337393794,500224
1775337393796,500224
1775337393799,500224
1775337393801,500224
1775337393803,500224
1775337393807,500224
1775337393810,500224
1775337393814,500224
1775337393821,500224
1775337393823,500224
1775337393825,500224
1775337393827,500224
1775337393829,500224
1775337393830,500224
1775337393833,500224
1775337393837,500224
1775337393840,500224
1775337393843,500224
1775337393846,500224
1775337393848,500224
1775337393851,500224
1775337393854,500224
1775337393856,500224
1775337393859,500224
1775337393862,500224
1775337393864,500224
1775337393866,500224
1775337393868,500224
1775337393871,500224
1775337393873,500224
1775337393875,500224
1775337393877,500224
1775337393879,500224
1775337393881,500224
1775337393882,500224
1775337393884,500224
1775337393886,500224
1775337393887,500224
1775337393889,500224
1775337393891,500224
1775337393892,500224
1775337393894,500224
1775337393895,500224
1775337394353,500224
1775337394356,500224
1775337394359,500224
1775337394361,500224
1775337394364,500224
1775337394367,500224
1775337394375,500224
1775337394378,500224
1775337394380,500224
1775337394383,500224
1775337394386,500224
1775337394388,500224
1775337394391,500224
1775337394393,500224
1775337394396,500224
1775337394400,500224
1775337394402,500224
1775337394403,500224
1775337394409,500224
1775337394412,500224
1775337394415,500224
1775337394417,500224
1775337394419,500224
1775337394421,500224
1775337394427,500224
1775337394429,500224
1775337394431,500224
1775337394433,500224
1775337394435,500224
1775337394436,500224
1775337394438,500224
1775337394440,500224
1775337394441,500224
1775337394443,500224
1775337394444,500224
1775337394446,500224
1775337394447,500224
1775337394449,500224
1775337394450,500224
1775337394451,500224
1775337394453,500224
1775337394454,500224
1775337394455,500224
1775337394456,500224
1775337394458,500224
1775337394459,500224
1775337394460,500224
1775337394461,500224
1775337394462,500224
1775337394464,500224
1775337394465,500224
1775337394954,500224
1775337394957,500224
1775337394960,500224
1775337394962,500224
1775337394966,500224
1775337394968,500224
1775337394971,500224
1775337394974,500224
1775337394976,500224
1775337394979,500224
1775337394982,500224
1775337394984,500224
1775337394986,500224
1775337394989,500224
1775337394993,500224
1775337394995,500224
1775337394999,500224
1775337395000,500224
1775337395002,500224
1775337395004,500224
1775337395006,500224
1775337395007,500224
1775337395010,500224
1775337395012,500224
1775337395014,500224
1775337395016,500224
1775337395019,500224
1775337395021,500224
1775337395023,500224
1775337395026,500224
1775337395029,500224
1775337395031,500224
1775337395032,500224
1775337395035,500224
1775337395036,500224
1775337395038,500224
1775337395040,500224
1775337395042,500224
1775337395044,500224
1775337395046,500224
1775337395050,500224
1775337395053,500224
1775337395056,500224
1775337395059,500224
1775337395061,500224
1775337395064,500224
1775337395067,500224
1775337395070,500224
1775337395073,500224
1775337395075,500224
1775337395077,500224
1775337395080,500224
1775337395083,500224
1775337395086,500224
1775337395088,500224
1775337395091,500224
1775337395092,500224
1775337395094,500224
1775337395095,500224
1775337395096,500224
1775337395098,500224
1775337395099,500224
1775337395100,500224
1775337395105,500224
1775337395108,500224
1775337395111,500224
1775337395114,500224
1775337395116,500224
1775337395119,500224
1775337395121,500224
1775337395123,500224
1775337395126,500224
1775337395553,500224
1775337395556,500224
1775337395562,500224
1775337395564,500224
1775337395566,500224
1775337395569,500224
1775337395571,500224
1775337395572,500224
1775337395574,500224
1775337395576,500224
1775337395577,500224
1775337395579,500224
1775337395580,500224
1775337395582,500224
1775337395584,500224
1775337395588,500224
1775337395591,500224
1775337395595,500224
1775337395598,500224
1775337395600,500224
1775337395603,500224
1775337395606,500224
1775337395608,500224
1775337395611,500224
1775337395613,500224
1775337395615,500224
1775337395618,500224
1775337395619,500224
1775337395621,500224
1775337395623,500224
1775337395626,500224
1775337395627,500224
1775337395629,500224
1775337395631,500224
1775337395633,500224
1775337395634,500224
1775337395636,500224
1775337395637,500224
1775337395640,500224
1775337395642,500224
1775337395643,500224
1775337395645,500224
1775337395648,500224
1775337395652,500224
1775337395653,500224
1775337395655,500224
1775337395656,500224
1775337395658,500224
1775337395661,500224
1775337395663,500224
1775337395670,500224
1775337395672,500224
1775337396156,500224
1775337396158,500224
1775337396160,500224
1775337396163,500224
1775337396170,500224
1775337396175,500224
1775337396179,500224
1775337396184,500224
1775337396189,500224
1775337396194,500224
1775337396198,500224
1775337396202,500224
1775337396206,500224
1775337396210,500224
1775337396213,500224
1775337396216,500224
1775337396219,500224
1775337396222,500224
1775337396226,500224
1775337396228,500224
1775337396231,500224
1775337396233,500224
1775337396239,500224
1775337396241,500224
1775337396242,500224
1775337396244,500224
1775337396245,500224
1775337396247,500224
1775337396250,500224
1775337396253,500224
1775337396256,500224
1775337396259,500224
1775337396261,500224
1775337396263,500224
1775337396266,500224
1775337396268,500224
1775337396269,500224
1775337396271,500224
1775337396272,500224
1775337396273,500224
1775337396275,500224
1775337396276,500224
1775337396277,500224
1775337396278,500224
1775337396280,500224
1775337396281,500224
1775337396282,500224
1775337396283,500224
1775337396285,500224
1775337396286,500224
1775337396287,500224
1775337396289,500224
1775337396291,500224
1775337396293,500224
1775337396295,500224
1775337396296,500224
1775337396298,500224
1775337396300,500224
1775337396301,500224
1775337396303,500224
1775337396305,500224
1775337396307,500224
1775337396309,500224
1775337396311,500224
1775337396312,500224
1775337396313,500224
1775337396314,500224
1775337396316,500224
1775337396317,500224
1775337396319,500224
1775337396321,500224
1775337396324,500224
1775337396326,500224
1775337396328,500224
1775337396329,500224
1775337396330,500224
1775337396755,500224
1775337396757,500224
1775337396760,500224
1775337396763,500224
1775337396765,500224
1775337396768,500224
1775337396773,500224
1775337396775,500224
1775337396778,500224
1775337396780,500224
1775337396783,500224
1775337396786,500224
