timestamp,size
1775629320166,10752
1775629320166,2560
1775629320167,179200
1775629320167,89600
1775629320767,25088
1775629320768,111616
1775629320768,67072
1775629320770,268800
1775629320771,246784
1775629320773,335872
1775629320774,156672
1775629320776,291328
1775629320777,201728
1775629320780,470016
1775629320782,380928
1775629321370,425472
1775629321374,448000
1775629321376,358400
1775629321379,500224
1775629321382,500224
1775629321385,500224
1775629321388,500224
1775629321389,500224
1775629321393,500224
1775629321395,500224
1775629321975,500224
1775629321978,500224
1775629321980,500224
1775629321983,500224
1775629321986,500224
1775629321988,500224
1775629321991,500224
1775629321993,500224
1775629321995,500224
1775629321997,500224
1775629321999,500224
1775629322001,500224
1775629322003,500224
1775629322005,500224
1775629322571,500224
1775629322573,500224
1775629322576,500224
1775629322579,500224
1775629322582,500224
1775629322584,500224
1775629322587,500224
1775629322589,500224
1775629322591,500224
1775629322593,500224
1775629322595,500224
1775629322596,500224
1775629322597,500224
1775629322599,500224
1775629322600,500224
1775629322601,500224
1775629322602,500224
1775629322604,500224
1775629323172,500224
1775629323173,500224
1775629323175,500224
1775629323177,500224
1775629323179,500224
1775629323180,500224
1775629323181,500224
1775629323183,500224
1775629323184,500224
1775629323185,500224
1775629323187,500224
1775629323188,500224
1775629323189,500224
1775629323190,500224
1775629323192,500224
1775629323193,500224
1775629323194,500224
1775629323195,500224
1775629323197,500224
1775629323198,500224
1775629323199,500224
1775629323200,500224
1775629323202,500224
1775629323777,500224
1775629323779,500224
1775629323781,500224
1775629323782,500224
1775629323784,500224
1775629323785,500224
1775629323787,500224
1775629323788,500224
1775629323789,500224
1775629323790,500224
1775629323792,500224
1775629323793,500224
1775629323794,500224
1775629323796,500224
1775629323797,500224
1775629323798,500224
1775629323803,500224
1775629323816,500224
1775629323819,500224
1775629323822,500224
1775629323824,500224
1775629323827,500224
1775629323830,500224
1775629323832,500224
1775629323834,500224
1775629323837,500224
1775629323839,500224
1775629323841,500224
1775629323843,500224
1775629324374,500224
1775629324376,500224
1775629324378,500224
1775629324380,500224
1775629324382,500224
1775629324386,500224
1775629324390,500224
1775629324392,500224
1775629324394,500224
1775629324396,500224
1775629324398,500224
1775629324400,500224
1775629324402,500224
1775629324403,500224
1775629324404,500224
1775629324406,500224
1775629324408,500224
1775629324410,500224
1775629324412,500224
1775629324414,500224
1775629324416,500224
1775629324419,500224
1775629324420,500224
1775629324423,500224
1775629324424,500224
1775629324427,500224
1775629324428,500224
1775629324430,500224
1775629324432,500224
1775629324436,500224
1775629324440,500224
1775629324442,500224
1775629324444,500224
1775629324446,500224
1775629324975,500224
1775629324976,500224
1775629324978,500224
1775629324980,500224
1775629324981,500224
1775629324983,500224
1775629324988,500224
1775629324990,500224
1775629324994,500224
1775629324997,500224
1775629324999,500224
1775629325000,500224
1775629325003,500224
1775629325006,500224
1775629325008,500224
1775629325009,500224
1775629325012,500224
1775629325014,500224
1775629325016,500224
1775629325019,500224
1775629325021,500224
1775629325022,500224
1775629325024,500224
1775629325026,500224
1775629325027,500224
1775629325029,500224
1775629325030,500224
1775629325032,500224
1775629325035,500224
1775629325037,500224
1775629325039,500224
1775629325040,500224
1775629325044,500224
1775629325046,500224
1775629325048,500224
1775629325050,500224
1775629325577,500224
1775629325581,500224
1775629325583,500224
1775629325585,500224
1775629325587,500224
1775629325589,500224
1775629325591,500224
1775629325597,500224
1775629325599,500224
1775629325601,500224
1775629325603,500224
1775629325605,500224
1775629325609,500224
1775629325611,500224
1775629325615,500224
1775629325619,500224
1775629325621,500224
1775629325623,500224
1775629325626,500224
1775629325629,500224
1775629325631,500224
1775629325633,500224
1775629325634,500224
1775629325635,500224
1775629325638,500224
1775629325640,500224
1775629325641,500224
1775629325643,500224
1775629325644,500224
1775629325646,500224
1775629325648,500224
1775629325650,500224
1775629325652,500224
1775629325654,500224
1775629325656,500224
1775629325658,500224
1775629325660,500224
1775629325662,500224
1775629325663,500224
1775629325664,500224
1775629325666,500224
1775629325668,500224
1775629325670,500224
1775629325671,500224
1775629325673,500224
1775629326175,500224
1775629326176,500224
1775629326177,500224
1775629326179,500224
1775629326181,500224
1775629326183,500224
1775629326184,500224
1775629326185,500224
1775629326186,500224
1775629326188,500224
1775629326189,500224
1775629326191,500224
1775629326192,500224
1775629326195,500224
1775629326197,500224
1775629326199,500224
1775629326200,500224
1775629326202,500224
1775629326203,500224
1775629326205,500224
1775629326206,500224
1775629326207,500224
1775629326209,500224
1775629326210,500224
1775629326212,500224
1775629326213,500224
1775629326215,500224
1775629326216,500224
1775629326217,500224
1775629326219,500224
1775629326220,500224
1775629326221,500224
1775629326223,500224
1775629326224,500224
1775629326225,500224
1775629326227,500224
1775629326228,500224
1775629326229,500224
1775629326230,500224
1775629326232,500224
1775629326233,500224
1775629326234,500224
1775629326235,500224
1775629326237,500224
1775629326238,500224
1775629326240,500224
1775629326242,500224
1775629326243,500224
1775629326245,500224
1775629326246,500224
1775629326767,500224
1775629326769,500224
1775629326771,500224
1775629326772,500224
1775629326774,500224
1775629326775,500224
1775629326776,500224
1775629326778,500224
1775629326780,500224
1775629326782,500224
1775629326784,500224
1775629326786,500224
1775629326788,500224
1775629326790,500224
1775629326791,500224
1775629326793,500224
1775629326794,500224
1775629326796,500224
1775629326797,500224
1775629326799,500224
1775629326800,500224
1775629326801,500224
1775629326803,500224
1775629326804,500224
1775629326805,500224
1775629326806,500224
1775629326808,500224
1775629326809,500224
1775629326810,500224
1775629326811,500224
1775629326813,500224
1775629326814,500224
1775629326815,500224
1775629326816,500224
1775629326818,500224
1775629326819,500224
1775629326820,500224
1775629326821,500224
1775629326823,500224
1775629326824,500224
1775629326825,500224
1775629326826,500224
1775629326828,500224
1775629326829,500224
1775629326830,500224
1775629326831,500224
1775629326833,500224
1775629326834,500224
1775629326836,500224
1775629326837,500224
1775629326838,500224
1775629326840,500224
1775629327315,25088
1775629327315,111616
1775629327316,291328
1775629327317,201728
1775629327318,380928
1775629327320,470016
1775629327323,500224
1775629327326,500224
1775629327328,500224
1775629327329,500224
1775629327330,500224
1775629327332,500224
1775629327334,500224
1775629327336,500224
1775629327338,500224
1775629327340,500224
1775629327343,500224
1775629327344,500224
1775629327346,500224
1775629327349,500224
1775629327351,500224
1775629327352,500224
1775629327355,500224
1775629327358,500224
1775629327359,500224
1775629327361,500224
1775629327362,500224
1775629327364,500224
1775629327366,500224
1775629327368,500224
1775629327370,500224
1775629327371,500224
1775629327373,500224
1775629327375,500224
1775629327377,500224
1775629327383,500224
1775629327384,500224
1775629327385,500224
1775629327387,500224
1775629327389,500224
1775629327392,500224
1775629327394,500224
1775629327396,500224
1775629327398,500224
1775629327400,500224
1775629327402,500224
1775629327404,500224
1775629327406,500224
1775629327408,500224
1775629327410,500224
1775629327412,500224
1775629327414,500224
1775629327415,500224
1775629327417,500224
1775629327418,500224
1775629327421,500224
1775629327423,500224
1775629327426,500224
1775629327430,500224
1775629327432,500224
1775629327434,500224
1775629327437,500224
1775629327440,500224
1775629327443,500224
1775629327445,500224
1775629327448,500224
1775629327450,500224
1775629327452,500224
1775629327454,500224
1775629327456,500224
1775629327459,500224
1775629327462,500224
1775629327464,500224
1775629327466,500224
1775629327468,500224
1775629327470,500224
1775629327471,500224
1775629327473,500224
1775629327475,500224
1775629327478,500224
1775629327480,500224
1775629327484,500224
1775629327485,500224
1775629327487,500224
1775629327488,500224
1775629327489,500224
1775629327491,500224
1775629327492,500224
1775629327493,500224
1775629327495,500224
1775629327496,500224
1775629327497,500224
1775629327498,500224
1775629327500,500224
1775629327501,500224
1775629327502,500224
1775629327503,500224
1775629327505,500224
1775629327507,500224
1775629327510,500224
1775629327512,500224
1775629327513,500224
1775629327514,500224
1775629327516,500224
1775629327518,500224
1775629327520,500224
1775629327522,500224
1775629327523,500224
1775629327525,500224
1775629327526,500224
1775629327527,500224
1775629327528,500224
1775629327530,500224
1775629327531,500224
1775629327533,500224
1775629327535,500224
1775629327536,500224
1775629327537,500224
1775629327539,500224
1775629327540,500224
1775629327541,500224
1775629327542,500224
1775629327544,500224
1775629327546,500224
1775629327549,500224
1775629327551,500224
1775629327552,500224
1775629327553,500224
1775629327555,500224
1775629327556,500224
1775629327557,500224
1775629327558,500224
1775629327560,500224
1775629327561,500224
1775629327562,500224
1775629327564,500224
1775629327565,500224
1775629327566,500224
1775629327567,500224
1775629327568,500224
1775629327570,500224
1775629327572,500224
1775629327575,500224
1775629327577,500224
1775629327579,500224
1775629327580,500224
1775629327582,500224
1775629327583,500224
1775629327584,500224
1775629327586,500224
1775629327587,500224
1775629327588,500224
1775629327589,500224
1775629327591,500224
1775629327593,500224
1775629327594,500224
1775629327596,500224
1775629327597,500224
1775629327598,500224
1775629327599,500224
1775629327601,500224
1775629327602,500224
1775629327603,500224
1775629327604,500224
1775629327606,500224
1775629327608,500224
1775629327609,500224
1775629327611,500224
1775629327612,500224
1775629327613,500224
1775629327614,500224
1775629327616,500224
1775629327617,500224
1775629328518,500224
1775629328520,500224
1775629328522,500224
1775629328526,500224
1775629328529,500224
1775629328532,500224
1775629328534,500224
1775629328537,500224
1775629328541,500224
1775629328548,500224
1775629328550,500224
1775629328553,500224
1775629328555,500224
1775629328557,500224
1775629328562,500224
1775629328565,500224
1775629328567,500224
1775629328569,500224
1775629328571,500224
1775629328576,500224
1775629328578,500224
1775629328580,500224
1775629328585,500224
1775629328588,500224
1775629328591,500224
1775629328592,500224
1775629328594,500224
1775629328595,500224
1775629328596,500224
1775629328598,500224
1775629328599,500224
1775629328601,500224
1775629328603,500224
1775629328604,500224
1775629328606,500224
1775629328607,500224
1775629328608,500224
1775629328610,500224
1775629328611,500224
1775629328612,500224
1775629328613,500224
1775629328615,500224
1775629328616,500224
1775629328617,500224
1775629328619,500224
1775629328620,500224
1775629328621,500224
1775629328622,500224
1775629328624,500224
1775629328626,500224
1775629328627,500224
1775629328628,500224
1775629328630,500224
1775629328631,500224
1775629328633,500224
1775629328634,500224
1775629328635,500224
1775629328637,500224
1775629328639,500224
1775629328640,500224
1775629328641,500224
1775629328643,500224
1775629328645,500224
1775629328647,500224
1775629328649,500224
1775629328650,500224
1775629328652,500224
1775629328654,500224
1775629328655,500224
1775629328656,500224
1775629328657,500224
1775629328659,500224
1775629328661,500224
1775629328663,500224
1775629328665,500224
1775629328666,500224
1775629328668,500224
1775629328670,500224
1775629328672,500224
1775629328673,500224
1775629328675,500224
1775629328676,500224
1775629328678,500224
1775629328679,500224
1775629328680,500224
1775629328682,500224
1775629328683,500224
1775629328684,500224
1775629328686,500224
1775629328689,500224
1775629328691,500224
1775629328695,500224
1775629328700,500224
1775629328702,500224
1775629328704,500224
1775629328705,500224
1775629328707,500224
1775629328708,500224
1775629328710,500224
1775629328711,500224
1775629328712,500224
1775629328714,500224
1775629328715,500224
1775629328716,500224
1775629328717,500224
1775629328718,500224
1775629328720,500224
1775629328721,500224
1775629328722,500224
1775629328724,500224
1775629328725,500224
1775629328726,500224
1775629328727,500224
1775629328729,500224
1775629328730,500224
1775629328732,500224
1775629328733,500224
1775629328735,500224
1775629328737,500224
1775629328738,500224
1775629328739,500224
1775629328741,500224
1775629328742,500224
1775629328743,500224
1775629328744,500224
1775629328746,500224
1775629328747,500224
1775629328748,500224
1775629328750,500224
1775629328751,500224
1775629328752,500224
1775629328753,500224
1775629328755,500224
1775629328756,500224
1775629328757,500224
1775629328758,500224
1775629328760,500224
1775629328761,500224
1775629328762,500224
1775629328764,500224
1775629328765,500224
1775629328766,500224
1775629328768,500224
1775629328769,500224
1775629328771,500224
1775629328772,500224
1775629328773,500224
1775629328774,500224
1775629328776,500224
1775629328777,500224
1775629328778,500224
1775629328779,500224
1775629328781,500224
1775629328782,500224
1775629328784,500224
1775629328786,500224
1775629329118,500224
1775629329131,500224
1775629329135,500224
1775629329138,500224
1775629329140,500224
1775629329143,500224
1775629329145,500224
1775629329148,500224
1775629329150,500224
1775629329152,500224
1775629329155,500224
1775629329157,500224
1775629329159,500224
1775629329161,500224
1775629329163,500224
1775629329165,500224
1775629329166,500224
1775629329168,500224
1775629329169,500224
1775629329171,500224
1775629329172,500224
1775629329174,500224
1775629329175,500224
1775629329180,500224
1775629329182,500224
1775629329183,500224
1775629329185,500224
1775629329187,500224
1775629329188,500224
1775629329190,500224
1775629329191,500224
1775629329193,500224
1775629329195,500224
1775629329196,500224
1775629329198,500224
1775629329200,500224
1775629329201,500224
1775629329203,500224
1775629329204,500224
1775629329205,500224
1775629329207,500224
1775629329209,500224
1775629329210,500224
1775629329211,500224
1775629329213,500224
1775629329214,500224
1775629329215,500224
1775629329217,500224
1775629329218,500224
1775629329220,500224
1775629329225,500224
1775629329229,500224
1775629329231,500224
1775629329232,500224
1775629329233,500224
1775629329235,500224
1775629329236,500224
1775629329237,500224
1775629329238,500224
1775629329240,500224
1775629329241,500224
1775629329242,500224
1775629329244,500224
1775629329245,500224
1775629329246,500224
1775629329248,500224
1775629329250,500224
1775629329251,500224
1775629329252,500224
1775629329254,500224
1775629329255,500224
1775629329256,500224
1775629329257,500224
1775629329259,500224
1775629329260,500224
1775629329261,500224
1775629329262,500224
1775629329264,500224
1775629329265,500224
1775629329266,500224
1775629329268,500224
1775629329269,500224
1775629329270,500224
1775629329271,500224
1775629329273,500224
1775629329274,500224
1775629329276,500224
1775629329278,500224
1775629329280,500224
1775629329281,500224
1775629329282,500224
1775629329284,500224
1775629329285,500224
1775629329287,500224
1775629329288,500224
1775629329290,500224
1775629329291,500224
1775629329292,500224
1775629329719,500224
1775629329720,500224
1775629329724,500224
1775629329727,500224
1775629329730,500224
1775629329732,500224
1775629329735,500224
1775629329738,500224
1775629329740,500224
1775629329744,500224
1775629329746,500224
1775629329747,500224
1775629329748,500224
1775629329750,500224
1775629329751,500224
1775629329752,500224
1775629329754,500224
1775629329755,500224
1775629329756,500224
1775629329757,500224
1775629329759,500224
1775629329760,500224
1775629329761,500224
1775629329764,500224
1775629329767,500224
1775629329769,500224
1775629329771,500224
1775629329773,500224
1775629329774,500224
1775629329776,500224
1775629329778,500224
1775629329780,500224
1775629329781,500224
1775629329782,500224
1775629329783,500224
1775629329785,500224
1775629329786,500224
1775629329788,500224
1775629329789,500224
1775629329790,500224
1775629329792,500224
1775629329793,500224
1775629329794,500224
1775629329796,500224
1775629329797,500224
1775629329799,500224
1775629329800,500224
1775629329801,500224
1775629329803,500224
1775629329804,500224
1775629329805,500224
1775629329806,500224
1775629329808,500224
1775629329809,500224
1775629329810,500224
1775629329812,500224
1775629329813,500224
1775629329815,500224
1775629329818,500224
1775629329821,500224
1775629329823,500224
1775629329826,500224
1775629329827,500224
1775629329829,500224
1775629329830,500224
1775629329831,500224
1775629329832,500224
1775629329834,500224
1775629329836,500224
1775629329838,500224
1775629329840,500224
1775629329842,500224
1775629329844,500224
1775629329845,500224
1775629329846,500224
1775629329848,500224
1775629329849,500224
1775629329851,500224
1775629329852,500224
1775629329854,500224
1775629329855,500224
1775629329856,500224
1775629329858,500224
1775629329862,500224
1775629329864,500224
1775629329867,500224
1775629329868,500224
1775629329870,500224
1775629329871,500224
1775629329872,500224
1775629329873,500224
1775629329875,500224
1775629329876,500224
1775629329878,500224
1775629329880,500224
1775629329881,500224
1775629329882,500224
1775629329883,500224
1775629329885,500224
1775629330319,500224
1775629330321,500224
1775629330322,500224
1775629330324,500224
1775629330326,500224
1775629330328,500224
1775629330329,500224
1775629330331,500224
1775629330332,500224
1775629330334,500224
1775629330336,500224
1775629330337,500224
1775629330338,500224
1775629330340,500224
1775629330341,500224
1775629330342,500224
1775629330344,500224
1775629330345,500224
1775629330346,500224
1775629330348,500224
1775629330349,500224
1775629330350,500224
1775629330351,500224
1775629330353,500224
1775629330354,500224
1775629330355,500224
1775629330357,500224
1775629330359,500224
1775629330362,500224
1775629330366,500224
1775629330369,500224
1775629330370,500224
1775629330372,500224
1775629330374,500224
1775629330383,500224
1775629330384,500224
1775629330385,500224
1775629330387,500224
1775629330388,500224
1775629330390,500224
1775629330391,500224
1775629330394,500224
1775629330397,500224
1775629330400,500224
1775629330402,500224
1775629330404,500224
1775629330406,500224
1775629330407,500224
1775629330410,500224
1775629330413,500224
1775629330419,500224
1775629330422,500224
1775629330424,500224
1775629330427,500224
1775629330429,500224
1775629330432,500224
1775629330433,500224
1775629330435,500224
1775629330436,500224
1775629330438,500224
1775629330440,500224
1775629330441,500224
1775629330442,500224
1775629330444,500224
1775629330445,500224
1775629330446,500224
1775629330448,500224
1775629330449,500224
1775629330450,500224
1775629330451,500224
1775629330452,500224
1775629330454,500224
1775629330456,500224
1775629330457,500224
1775629330459,500224
1775629330461,500224
1775629330462,500224
1775629330464,500224
1775629330466,500224
1775629330467,500224
1775629330470,500224
1775629330472,500224
1775629330474,500224
1775629330475,500224
1775629330477,500224
1775629330479,500224
1775629330481,500224
1775629330482,500224
1775629330484,500224
1775629330486,500224
1775629330487,500224
1775629330489,500224
1775629330491,500224
1775629330492,500224
1775629330494,500224
1775629330496,500224
1775629330497,500224
1775629330499,500224
1775629330500,500224
1775629330502,500224
1775629330920,500224
1775629330922,500224
1775629330923,500224
1775629330925,500224
1775629330926,500224
1775629330927,500224
1775629330929,500224
1775629330930,500224
1775629330932,500224
1775629330934,500224
1775629330935,500224
1775629330936,500224
1775629330937,500224
1775629330939,500224
1775629330940,500224
1775629330942,500224
1775629330943,500224
1775629330944,500224
1775629330951,500224
1775629330953,500224
1775629330955,500224
1775629330957,500224
1775629330959,500224
1775629330960,500224
1775629330962,500224
1775629330963,500224
1775629330965,500224
1775629330966,500224
1775629330968,500224
1775629330969,500224
1775629330970,500224
1775629330971,500224
1775629330973,500224
1775629330976,500224
1775629330979,500224
1775629330980,500224
1775629330982,500224
1775629330984,500224
1775629330986,500224
1775629330987,500224
1775629330988,500224
1775629330990,500224
1775629330995,500224
1775629330998,500224
1775629331000,500224
1775629331002,500224
1775629331004,500224
1775629331005,500224
1775629331006,500224
1775629331008,500224
1775629331010,500224
1775629331012,500224
1775629331013,500224
1775629331014,500224
1775629331015,500224
1775629331017,500224
1775629331019,500224
1775629331020,500224
1775629331021,500224
1775629331023,500224
1775629331024,500224
1775629331025,500224
1775629331027,500224
1775629331028,500224
1775629331030,500224
1775629331031,500224
1775629331032,500224
1775629331033,500224
1775629331035,500224
1775629331036,500224
1775629331037,500224
1775629331039,500224
1775629331040,500224
1775629331041,500224
1775629331044,500224
1775629331045,500224
1775629331048,500224
1775629331050,500224
1775629331051,500224
1775629331052,500224
1775629331053,500224
1775629331055,500224
1775629331056,500224
1775629331057,500224
1775629331059,500224
1775629331060,500224
1775629331061,500224
1775629331065,500224
1775629331067,500224
1775629331068,500224
1775629331070,500224
1775629331071,500224
1775629331072,500224
1775629331073,500224
1775629331075,500224
1775629331076,500224
1775629331077,500224
1775629331078,500224
1775629331522,500224
1775629331527,500224
1775629331530,500224
1775629331531,500224
1775629331533,500224
1775629331534,500224
1775629331536,500224
1775629331537,500224
1775629331540,500224
1775629331541,500224
1775629331543,500224
1775629331544,500224
1775629331547,500224
1775629331549,500224
1775629331550,500224
1775629331552,500224
1775629331553,500224
1775629331555,500224
1775629331557,500224
1775629331558,500224
1775629331561,500224
1775629331564,500224
1775629331567,500224
1775629331569,500224
1775629331571,500224
1775629331573,500224
1775629331575,500224
1775629331577,500224
1775629331579,500224
1775629331580,500224
1775629331581,500224
1775629331582,500224
1775629331584,500224
1775629331585,500224
1775629331587,500224
1775629331588,500224
1775629331590,500224
1775629331591,500224
1775629331593,500224
1775629331597,500224
1775629331599,500224
1775629331600,500224
1775629331602,500224
1775629331603,500224
1775629331604,500224
1775629331606,500224
1775629331607,500224
1775629331609,500224
1775629331610,500224
1775629331612,500224
1775629331614,500224
1775629331615,500224
1775629331617,500224
1775629331621,500224
1775629331624,500224
1775629331627,500224
1775629331629,500224
1775629331631,500224
1775629331632,500224
1775629331633,500224
1775629331635,500224
1775629331637,500224
1775629331639,500224
1775629331641,500224
1775629331642,500224
1775629331645,500224
1775629331646,500224
1775629331648,500224
1775629331651,500224
1775629331654,500224
1775629331655,500224
1775629331658,500224
1775629331660,500224
1775629331662,500224
1775629331663,500224
1775629331664,500224
1775629331666,500224
1775629331667,500224
1775629331672,500224
1775629331675,500224
1775629331679,500224
1775629331680,500224
1775629331682,500224
1775629331684,500224
1775629331687,500224
1775629331688,500224
1775629331691,500224
1775629331692,500224
1775629331694,500224
1775629331696,500224
1775629331698,500224
1775629331701,500224
1775629331703,500224
1775629331705,500224
1775629331706,500224
1775629331708,500224
1775629331710,500224
1775629331712,500224
1775629331714,500224
1775629331715,500224
1775629331716,500224
1775629331718,500224
1775629331720,500224
1775629331722,500224
1775629331725,500224
1775629331727,500224
1775629331729,500224
1775629331730,500224
1775629331731,500224
1775629331733,500224
1775629331734,500224
1775629331736,500224
1775629331737,500224
1775629331739,500224
1775629332122,500224
1775629332123,500224
1775629332125,500224
1775629332126,500224
1775629332127,500224
1775629332128,500224
1775629332132,500224
1775629332134,500224
1775629332137,500224
1775629332139,500224
1775629332140,500224
1775629332142,500224
1775629332143,500224
1775629332145,500224
1775629332148,500224
1775629332151,500224
1775629332156,500224
1775629332159,500224
1775629332161,500224
1775629332165,500224
1775629332168,500224
1775629332171,500224
1775629332174,500224
1775629332176,500224
1775629332178,500224
1775629332179,500224
1775629332180,500224
1775629332182,500224
1775629332183,500224
1775629332186,500224
1775629332189,500224
1775629332190,500224
1775629332191,500224
1775629332193,500224
1775629332194,500224
1775629332195,500224
1775629332198,500224
1775629332201,500224
1775629332203,500224
1775629332205,500224
1775629332207,500224
1775629332210,500224
1775629332212,500224
1775629332214,500224
1775629332215,500224
1775629332217,500224
1775629332218,500224
1775629332221,500224
1775629332223,500224
1775629332225,500224
1775629332227,500224
1775629332230,500224
1775629332231,500224
1775629332233,500224
1775629332235,500224
1775629332242,500224
1775629332244,500224
1775629332247,500224
1775629332249,500224
1775629332250,500224
1775629332253,500224
1775629332254,500224
1775629332256,500224
1775629332257,500224
1775629332258,500224
1775629332259,500224
1775629332261,500224
1775629332262,500224
1775629332263,500224
1775629332266,500224
1775629332267,500224
1775629332269,500224
1775629332270,500224
1775629332272,500224
1775629332275,500224
1775629332276,500224
1775629332277,500224
1775629332279,500224
1775629332280,500224
1775629332281,500224
1775629332283,500224
1775629332284,500224
1775629332286,500224
1775629332287,500224
1775629332288,500224
1775629332290,500224
1775629332294,500224
1775629332296,500224
1775629332300,500224
1775629332301,500224
1775629332303,500224
1775629332304,500224
1775629332306,500224
1775629332308,500224
1775629332309,500224
1775629332312,500224
1775629332313,500224
1775629332314,500224
1775629332315,500224
1775629332317,500224
1775629332318,500224
1775629332320,500224
1775629332323,500224
1775629332324,500224
1775629332325,500224
1775629332328,500224
1775629332329,500224
1775629332330,500224
1775629332332,500224
1775629332334,500224
1775629332335,500224
1775629332337,500224
1775629332339,500224
1775629332340,500224
1775629332341,500224
1775629332344,500224
1775629332346,500224
1775629332725,500224
1775629332728,500224
1775629332730,500224
1775629332732,500224
1775629332734,500224
1775629332737,500224
1775629332738,500224
1775629332739,500224
1775629332741,500224
1775629332742,500224
1775629332744,500224
1775629332745,500224
1775629332746,500224
1775629332749,500224
1775629332751,500224
1775629332753,500224
1775629332755,500224
1775629332756,500224
1775629332759,500224
1775629332762,500224
1775629332765,500224
1775629332766,500224
1775629332767,500224
1775629332768,500224
1775629332770,500224
1775629332771,500224
1775629332772,500224
1775629332775,500224
1775629332779,500224
1775629332782,500224
1775629332784,500224
1775629332789,500224
1775629332791,500224
1775629332793,500224
1775629332794,500224
1775629332796,500224
1775629332797,500224
1775629332799,500224
1775629332801,500224
1775629332803,500224
1775629332805,500224
1775629332807,500224
1775629332809,500224
1775629332814,500224
1775629332817,500224
1775629332819,500224
1775629332820,500224
1775629332821,500224
1775629332823,500224
1775629332824,500224
1775629332825,500224
1775629332826,500224
1775629332828,500224
1775629332830,500224
1775629332831,500224
1775629332832,500224
1775629332834,500224
1775629332835,500224
1775629332837,500224
1775629332839,500224
1775629332841,500224
1775629332843,500224
1775629332846,500224
1775629332848,500224
1775629332850,500224
1775629332853,500224
1775629332854,500224
1775629332858,500224
1775629332860,500224
1775629332861,500224
1775629332863,500224
1775629332865,500224
1775629332867,500224
1775629332868,500224
1775629332871,500224
1775629332872,500224
1775629332874,500224
1775629332875,500224
1775629332877,500224
1775629332878,500224
1775629332880,500224
1775629332881,500224
1775629332883,500224
1775629332886,500224
1775629332887,500224
1775629332889,500224
1775629332890,500224
1775629332891,500224
1775629332894,500224
1775629332896,500224
1775629332897,500224
1775629332898,500224
1775629332900,500224
1775629332902,500224
1775629332903,500224
1775629332905,500224
1775629332906,500224
1775629332908,500224
1775629332909,500224
1775629332910,500224
1775629332912,500224
1775629332913,500224
1775629332914,500224
1775629333332,500224
1775629333340,500224
1775629333346,500224
1775629333349,500224
1775629333351,500224
1775629333353,500224
1775629333355,500224
1775629333357,500224
1775629333359,500224
1775629333361,500224
1775629333363,500224
1775629333365,500224
1775629333368,500224
1775629333371,500224
1775629333372,500224
1775629333374,500224
1775629333375,500224
1775629333378,500224
1775629333379,500224
1775629333382,500224
1775629333384,500224
1775629333386,500224
1775629333387,500224
1775629333390,500224
1775629333392,500224
1775629333393,500224
1775629333395,500224
1775629333396,500224
1775629333401,500224
1775629333403,500224
1775629333405,500224
1775629333407,500224
1775629333408,500224
1775629333410,500224
1775629333411,500224
1775629333413,500224
1775629333415,500224
1775629333417,500224
1775629333418,500224
1775629333419,500224
1775629333421,500224
1775629333422,500224
1775629333424,500224
1775629333426,500224
1775629333428,500224
1775629333430,500224
1775629333431,500224
1775629333433,500224
1775629333435,500224
1775629333437,500224
1775629333438,500224
1775629333440,500224
1775629333442,500224
1775629333443,500224
1775629333446,500224
1775629333448,500224
1775629333449,500224
1775629333451,500224
1775629333453,500224
1775629333455,500224
1775629333458,500224
1775629333459,500224
1775629333460,500224
1775629333462,500224
1775629333464,500224
1775629333465,500224
1775629333467,500224
1775629333470,500224
1775629333471,500224
1775629333473,500224
1775629333479,500224
1775629333480,500224
1775629333482,500224
1775629333483,500224
1775629333485,500224
1775629333487,500224
1775629333490,500224
1775629333491,500224
1775629333493,500224
1775629333495,500224
1775629333497,500224
1775629333500,500224
1775629333501,500224
1775629333502,500224
1775629333504,500224
1775629333505,500224
1775629333507,500224
1775629333509,500224
1775629333511,500224
1775629333512,500224
1775629333514,500224
1775629333515,500224
1775629333516,500224
1775629333517,500224
1775629333521,500224
1775629333524,500224
1775629333526,500224
1775629333528,500224
1775629333529,500224
1775629333531,500224
1775629333533,500224
1775629333535,500224
1775629333538,500224
1775629333540,500224
1775629333543,500224
1775629333545,500224
1775629333549,500224
1775629333551,500224
1775629333925,500224
1775629333927,500224
1775629333929,500224
1775629333931,500224
1775629333932,500224
1775629333936,500224
1775629333938,500224
1775629333939,500224
1775629333940,500224
1775629333942,500224
1775629333945,500224
1775629333947,500224
1775629333949,500224
1775629333950,500224
1775629333952,500224
1775629333957,500224
1775629333960,500224
1775629333962,500224
1775629333964,500224
1775629333966,500224
1775629333968,500224
1775629333970,500224
1775629333973,500224
1775629333975,500224
1775629333977,500224
1775629333979,500224
1775629333981,500224
1775629333983,500224
1775629333984,500224
1775629333988,500224
1775629333990,500224
1775629333992,500224
1775629333994,500224
1775629333996,500224
1775629333998,500224
1775629334000,500224
1775629334002,500224
1775629334004,500224
1775629334006,500224
1775629334008,500224
1775629334010,500224
1775629334011,500224
1775629334013,500224
1775629334017,500224
1775629334021,500224
1775629334024,500224
1775629334026,500224
1775629334028,500224
1775629334029,500224
1775629334031,500224
1775629334033,500224
1775629334034,500224
1775629334035,500224
1775629334037,500224
1775629334038,500224
1775629334040,500224
1775629334042,500224
1775629334044,500224
1775629334045,500224
1775629334046,500224
1775629334048,500224
1775629334050,500224
1775629334052,500224
1775629334054,500224
1775629334056,500224
1775629334059,500224
1775629334061,500224
1775629334063,500224
1775629334066,500224
1775629334067,500224
1775629334069,500224
1775629334070,500224
1775629334072,500224
1775629334075,500224
1775629334077,500224
1775629334079,500224
1775629334081,500224
1775629334083,500224
1775629334085,500224
1775629334088,500224
1775629334089,500224
1775629334091,500224
1775629334093,500224
1775629334094,500224
1775629334097,500224
1775629334099,500224
1775629334101,500224
1775629334102,500224
1775629334104,500224
1775629334106,500224
1775629334108,500224
1775629334110,500224
1775629334112,500224
1775629334114,500224
1775629334119,500224
1775629334122,500224
1775629334124,500224
1775629334126,500224
1775629334128,500224
1775629334131,500224
1775629334133,500224
1775629334135,500224
1775629334137,500224
1775629334139,500224
1775629334141,500224
1775629334142,500224
1775629334144,500224
1775629334146,500224
1775629334528,500224
1775629334529,500224
1775629334531,500224
1775629334532,500224
1775629334534,500224
1775629334535,500224
1775629334538,500224
1775629334541,500224
1775629334543,500224
1775629334544,500224
1775629334546,500224
1775629334547,500224
1775629334549,500224
1775629334551,500224
1775629334554,500224
1775629334556,500224
1775629334558,500224
1775629334560,500224
1775629334561,500224
1775629334563,500224
1775629334567,500224
1775629334569,500224
1775629334570,500224
1775629334573,500224
1775629334575,500224
1775629334577,500224
1775629334579,500224
1775629334581,500224
1775629334583,500224
1775629334584,500224
1775629334586,500224
1775629334588,500224
1775629334590,500224
1775629334593,500224
1775629334595,500224
1775629334596,500224
1775629334597,500224
1775629334599,500224
1775629334601,500224
1775629334602,500224
1775629334604,500224
1775629334606,500224
1775629334608,500224
1775629334611,500224
1775629334612,500224
1775629334615,500224
1775629334616,500224
1775629334618,500224
1775629334619,500224
1775629334621,500224
1775629334623,500224
1775629334625,500224
1775629334629,500224
1775629334632,500224
1775629334634,500224
1775629334636,500224
1775629334637,500224
1775629334639,500224
1775629334641,500224
1775629334643,500224
1775629334645,500224
1775629334647,500224
1775629334648,500224
1775629334650,500224
1775629334652,500224
1775629334654,500224
1775629334655,500224
1775629334657,500224
1775629334659,500224
1775629334662,500224
1775629334664,500224
1775629334666,500224
1775629334668,500224
1775629334669,500224
1775629334671,500224
1775629334674,500224
1775629334676,500224
1775629334677,500224
1775629334682,500224
1775629334684,500224
1775629334686,500224
1775629334688,500224
1775629334690,500224
1775629334691,500224
1775629334694,500224
1775629334696,500224
1775629334698,500224
1775629334700,500224
1775629334702,500224
1775629334704,500224
1775629334706,500224
1775629334708,500224
1775629334710,500224
1775629334711,500224
1775629334713,500224
1775629334715,500224
1775629334716,500224
1775629334719,500224
1775629334721,500224
1775629334723,500224
1775629334725,500224
1775629334728,500224
1775629334731,500224
1775629334734,500224
1775629334736,500224
1775629334738,500224
1775629334739,500224
1775629334740,500224
1775629335128,500224
1775629335130,500224
1775629335132,500224
1775629335133,500224
1775629335135,500224
1775629335139,500224
1775629335142,500224
1775629335144,500224
1775629335147,500224
1775629335148,500224
1775629335151,500224
1775629335153,500224
1775629335155,500224
1775629335157,500224
1775629335158,500224
1775629335160,500224
1775629335162,500224
1775629335165,500224
1775629335166,500224
1775629335169,500224
1775629335170,500224
1775629335172,500224
1775629335173,500224
1775629335175,500224
1775629335178,500224
1775629335180,500224
1775629335185,500224
1775629335186,500224
1775629335188,500224
1775629335190,500224
1775629335192,500224
1775629335194,500224
1775629335196,500224
1775629335199,500224
1775629335201,500224
1775629335205,500224
1775629335208,500224
1775629335210,500224
1775629335212,500224
1775629335213,500224
1775629335215,500224
1775629335217,500224
1775629335218,500224
1775629335220,500224
1775629335221,500224
1775629335223,500224
1775629335232,500224
1775629335234,500224
1775629335235,500224
1775629335236,500224
1775629335238,500224
1775629335240,500224
1775629335242,500224
1775629335244,500224
1775629335246,500224
1775629335248,500224
1775629335249,500224
1775629335251,500224
1775629335252,500224
1775629335253,500224
1775629335255,500224
1775629335256,500224
1775629335257,500224
1775629335259,500224
1775629335260,500224
1775629335264,500224
1775629335266,500224
1775629335267,500224
1775629335269,500224
1775629335271,500224
1775629335272,500224
1775629335274,500224
1775629335275,500224
1775629335277,500224
1775629335278,500224
1775629335279,500224
1775629335280,500224
1775629335282,500224
1775629335283,500224
1775629335284,500224
1775629335286,500224
1775629335287,500224
1775629335288,500224
1775629335289,500224
1775629335293,500224
1775629335296,500224
1775629335297,500224
1775629335298,500224
1775629335300,500224
1775629335301,500224
1775629335302,500224
1775629335304,500224
1775629335305,500224
1775629335306,500224
1775629335308,500224
1775629335310,500224
1775629335726,500224
1775629335728,500224
1775629335731,500224
1775629335733,500224
1775629335735,500224
1775629335737,500224
1775629335739,500224
1775629335741,500224
1775629335743,500224
1775629335744,500224
1775629335747,500224
1775629335749,500224
1775629335750,500224
1775629335751,500224
1775629335752,500224
1775629335756,500224
1775629335758,500224
1775629335761,500224
1775629335763,500224
1775629335768,500224
1775629335770,500224
1775629335772,500224
1775629335773,500224
1775629335775,500224
1775629335776,500224
1775629335778,500224
1775629335779,500224
1775629335781,500224
1775629335782,500224
1775629335784,500224
1775629335785,500224
1775629335786,500224
1775629335787,500224
1775629335789,500224
1775629335790,500224
1775629335791,500224
1775629335793,500224
1775629335794,500224
1775629335795,500224
1775629335797,500224
1775629335798,500224
1775629335799,500224
1775629335800,500224
1775629335802,500224
1775629335803,500224
1775629335805,500224
1775629335807,500224
1775629335808,500224
1775629335809,500224
1775629335811,500224
1775629335812,500224
1775629335813,500224
1775629335815,500224
1775629335817,500224
1775629335819,500224
1775629335821,500224
1775629335823,500224
1775629335826,500224
1775629335828,500224
1775629335830,500224
1775629335833,500224
1775629335834,500224
1775629335836,500224
1775629335837,500224
1775629335838,500224
1775629335839,500224
1775629335841,500224
1775629335842,500224
1775629335843,500224
1775629335845,500224
1775629335846,500224
1775629335847,500224
1775629335848,500224
1775629335850,500224
1775629335851,500224
1775629335852,500224
1775629335854,500224
1775629335855,500224
1775629335856,500224
1775629335858,500224
1775629335859,500224
1775629335860,500224
1775629335861,500224
1775629335863,500224
1775629335864,500224
1775629335865,500224
1775629335866,500224
1775629335868,500224
1775629335869,500224
1775629335870,500224
1775629335872,500224
1775629335873,500224
1775629335874,500224
1775629335875,500224
1775629335877,500224
1775629335878,500224
1775629335879,500224
1775629335881,500224
1775629335882,500224
1775629335884,500224
1775629335885,500224
1775629335886,500224
1775629335888,500224
1775629335889,500224
1775629335891,500224
1775629335892,500224
1775629335893,500224
1775629335895,500224
1775629335896,500224
1775629335897,500224
1775629335899,500224
1775629335900,500224
1775629336327,500224
1775629336329,500224
1775629336333,500224
1775629336334,500224
1775629336335,500224
1775629336338,500224
1775629336341,500224
1775629336342,500224
1775629336347,500224
1775629336353,500224
1775629336357,500224
1775629336358,500224
1775629336359,500224
1775629336361,500224
1775629336362,500224
1775629336363,500224
1775629336364,500224
1775629336366,500224
1775629336367,500224
1775629336369,500224
1775629336370,500224
1775629336371,500224
1775629336373,500224
1775629336374,500224
1775629336375,500224
1775629336377,500224
1775629336378,500224
1775629336379,500224
1775629336380,500224
1775629336382,500224
1775629336383,500224
1775629336384,500224
1775629336385,500224
1775629336387,500224
1775629336388,500224
1775629336389,500224
1775629336391,500224
1775629336392,500224
1775629336393,500224
1775629336394,500224
1775629336396,500224
1775629336397,500224
1775629336399,500224
1775629336400,500224
1775629336401,500224
1775629336403,500224
1775629336404,500224
1775629336405,500224
1775629336406,500224
1775629336408,500224
1775629336409,500224
1775629336410,500224
1775629336412,500224
1775629336413,500224
1775629336414,500224
1775629336416,500224
1775629336417,500224
1775629336418,500224
1775629336419,500224
1775629336421,500224
1775629336422,500224
1775629336423,500224
1775629336424,500224
1775629336426,500224
1775629336429,500224
1775629336431,500224
1775629336432,500224
1775629336433,500224
1775629336435,500224
1775629336436,500224
1775629336437,500224
1775629336438,500224
1775629336440,500224
1775629336441,500224
1775629336442,500224
1775629336444,500224
1775629336445,500224
1775629336448,500224
1775629336450,500224
1775629336452,500224
1775629336454,500224
1775629336455,500224
1775629336456,500224
1775629336457,500224
1775629336459,500224
1775629336460,500224
1775629336461,500224
1775629336465,500224
1775629336468,500224
1775629336470,500224
1775629336471,500224
1775629336472,500224
1775629336474,500224
1775629336475,500224
1775629336477,500224
1775629336478,500224
1775629336479,500224
1775629336481,500224
1775629336482,500224
1775629336483,500224
1775629336484,500224
1775629336486,500224
1775629336487,500224
1775629336488,500224
1775629336490,500224
1775629336492,500224
1775629336493,500224
1775629336928,500224
1775629336930,500224
1775629336932,500224
1775629336933,500224
1775629336934,500224
1775629336936,500224
1775629336937,500224
1775629336939,500224
1775629336941,500224
1775629336943,500224
1775629336944,500224
1775629336945,500224
1775629336947,500224
1775629336949,500224
1775629336950,500224
1775629336951,500224
1775629336953,500224
1775629336954,500224
1775629336956,500224
1775629336957,500224
1775629336958,500224
1775629336960,500224
1775629336961,500224
1775629336962,500224
1775629336965,500224
1775629336966,500224
1775629336967,500224
1775629336969,500224
1775629336970,500224
1775629336972,500224
1775629336974,500224
1775629336975,500224
1775629336976,500224
1775629336978,500224
1775629336979,500224
1775629336980,500224
1775629336981,500224
1775629336983,500224
1775629336984,500224
1775629336985,500224
1775629336987,500224
1775629336988,500224
1775629336990,500224
1775629336991,500224
1775629336993,500224
1775629336994,500224
1775629336997,500224
1775629336998,500224
1775629337000,500224
1775629337001,500224
1775629337003,500224
1775629337004,500224
1775629337005,500224
1775629337006,500224
1775629337008,500224
1775629337009,500224
1775629337010,500224
1775629337011,500224
1775629337013,500224
1775629337014,500224
1775629337015,500224
1775629337018,500224
1775629337020,500224
1775629337021,500224
1775629337023,500224
1775629337024,500224
1775629337025,500224
1775629337026,500224
1775629337028,500224
1775629337029,500224
1775629337030,500224
1775629337031,500224
1775629337033,500224
1775629337034,500224
1775629337035,500224
1775629337037,500224
1775629337038,500224
1775629337040,500224
1775629337042,500224
1775629337048,500224
1775629337049,500224
1775629337050,500224
1775629337052,500224
1775629337053,500224
1775629337054,500224
1775629337056,500224
1775629337057,500224
1775629337059,500224
1775629337060,500224
1775629337061,500224
1775629337062,500224
1775629337064,500224
1775629337065,500224
1775629337066,500224
1775629337068,500224
1775629337069,500224
1775629337070,500224
1775629337072,500224
1775629337073,500224
1775629337074,500224
1775629337076,500224
1775629337077,500224
1775629337078,500224
1775629337079,500224
1775629337081,500224
1775629337082,500224
1775629337084,500224
1775629337528,500224
1775629337530,500224
1775629337531,500224
1775629337533,500224
1775629337536,500224
1775629337538,500224
1775629337540,500224
1775629337541,500224
1775629337543,500224
1775629337544,500224
1775629337546,500224
1775629337547,500224
1775629337549,500224
1775629337551,500224
1775629337552,500224
1775629337554,500224
1775629337555,500224
1775629337557,500224
1775629337559,500224
1775629337561,500224
1775629337562,500224
1775629337564,500224
1775629337565,500224
1775629337567,500224
1775629337568,500224
1775629337569,500224
1775629337570,500224
1775629337572,500224
1775629337573,500224
1775629337575,500224
1775629337576,500224
1775629337578,500224
1775629337579,500224
1775629337581,500224
1775629337582,500224
1775629337583,500224
1775629337587,500224
1775629337588,500224
1775629337589,500224
1775629337590,500224
1775629337592,500224
1775629337593,500224
1775629337594,500224
1775629337595,500224
1775629337597,500224
1775629337598,500224
1775629337599,500224
1775629337600,500224
1775629337602,500224
1775629337603,500224
1775629337604,500224
1775629337606,500224
1775629337607,500224
1775629337609,500224
1775629337610,500224
1775629337611,500224
1775629337612,500224
1775629337614,500224
1775629337615,500224
1775629337616,500224
1775629337617,500224
1775629337619,500224
1775629337620,500224
1775629337621,500224
1775629337623,500224
1775629337624,500224
1775629337625,500224
1775629337626,500224
1775629337628,500224
1775629337629,500224
1775629337630,500224
1775629337632,500224
1775629337633,500224
1775629337634,500224
1775629337636,500224
1775629337637,500224
1775629337638,500224
1775629337640,500224
1775629337641,500224
1775629337642,500224
1775629337643,500224
1775629337645,500224
1775629337648,500224
1775629337652,500224
1775629337653,500224
1775629337654,500224
1775629337655,500224
1775629337657,500224
1775629337658,500224
1775629337659,500224
1775629337661,500224
1775629337662,500224
1775629337665,500224
1775629337667,500224
1775629337670,500224
1775629337673,500224
1775629337674,500224
1775629337676,500224
1775629337677,500224
1775629337678,500224
1775629337679,500224
1775629337681,500224
1775629338130,500224
1775629338132,500224
1775629338134,500224
1775629338135,500224
1775629338137,500224
1775629338139,500224
1775629338140,500224
1775629338142,500224
1775629338143,500224
1775629338145,500224
1775629338146,500224
1775629338148,500224
1775629338149,500224
1775629338150,500224
1775629338153,500224
1775629338155,500224
1775629338156,500224
1775629338157,500224
1775629338159,500224
1775629338160,500224
1775629338161,500224
1775629338162,500224
1775629338163,500224
1775629338165,500224
1775629338166,500224
1775629338168,500224
1775629338169,500224
1775629338170,500224
1775629338172,500224
1775629338173,500224
1775629338174,500224
1775629338175,500224
1775629338177,500224
1775629338179,500224
1775629338180,500224
1775629338182,500224
1775629338183,500224
1775629338184,500224
1775629338185,500224
1775629338187,500224
1775629338188,500224
1775629338189,500224
1775629338190,500224
1775629338192,500224
1775629338193,500224
1775629338194,500224
1775629338195,500224
1775629338197,500224
1775629338211,500224
1775629338213,500224
1775629338215,500224
1775629338217,500224
1775629338219,500224
1775629338226,500224
1775629338228,500224
1775629338231,500224
1775629338233,500224
1775629338235,500224
1775629338237,500224
1775629338238,500224
1775629338240,500224
1775629338242,500224
1775629338245,500224
1775629338254,500224
1775629338257,500224
1775629338258,500224
1775629338259,500224
1775629338261,500224
1775629338263,500224
1775629338265,500224
1775629338266,500224
1775629338268,500224
1775629338269,500224
1775629338270,500224
1775629338272,500224
1775629338275,500224
1775629338277,500224
1775629338279,500224
1775629338281,500224
1775629338283,500224
1775629338284,500224
1775629338286,500224
1775629338289,500224
1775629338291,500224
1775629338292,500224
1775629338294,500224
1775629338296,500224
1775629338297,500224
1775629338299,500224
1775629338301,500224
1775629338303,500224
1775629338304,500224
1775629338305,500224
1775629338307,500224
1775629338308,500224
1775629338309,500224
1775629338311,500224
1775629338312,500224
1775629338314,500224
1775629338315,500224
1775629338730,500224
1775629338732,500224
1775629338734,500224
1775629338735,500224
1775629338736,500224
1775629338738,500224
1775629338740,500224
1775629338743,500224
1775629338744,500224
1775629338746,500224
1775629338747,500224
1775629338751,500224
1775629338752,500224
1775629338754,500224
1775629338755,500224
1775629338757,500224
1775629338758,500224
1775629338760,500224
1775629338762,500224
1775629338763,500224
1775629338765,500224
1775629338767,500224
1775629338769,500224
1775629338771,500224
1775629338772,500224
1775629338773,500224
1775629338775,500224
1775629338776,500224
1775629338778,500224
1775629338782,500224
1775629338785,500224
1775629338792,500224
1775629338793,500224
1775629338795,500224
1775629338797,500224
1775629338798,500224
1775629338802,500224
1775629338805,500224
1775629338807,500224
1775629338808,500224
1775629338810,500224
1775629338812,500224
1775629338813,500224
1775629338815,500224
1775629338816,500224
1775629338818,500224
1775629338819,500224
1775629338821,500224
1775629338822,500224
1775629338824,500224
1775629338827,500224
1775629338828,500224
1775629338830,500224
1775629338832,500224
1775629338833,500224
1775629338834,500224
1775629338836,500224
1775629338837,500224
1775629338838,500224
1775629338840,500224
1775629338842,500224
1775629338844,500224
1775629338846,500224
1775629338849,500224
1775629338851,500224
1775629338852,500224
1775629338854,500224
1775629338856,500224
1775629338858,500224
1775629338859,500224
1775629338861,500224
1775629338863,500224
1775629338864,500224
1775629338865,500224
1775629338867,500224
1775629338868,500224
1775629338869,500224
1775629338871,500224
1775629338872,500224
1775629338874,500224
1775629338875,500224
1775629338877,500224
1775629338879,500224
1775629338881,500224
1775629338883,500224
1775629338885,500224
1775629338887,500224
1775629338890,500224
1775629338892,500224
1775629338893,500224
1775629338895,500224
1775629338897,500224
1775629338898,500224
1775629338900,500224
1775629338901,500224
1775629338902,500224
1775629338904,500224
1775629338905,500224
1775629338907,500224
1775629338908,500224
1775629338909,500224
1775629338912,500224
1775629338916,500224
1775629338917,500224
1775629338919,500224
1775629338921,500224
1775629338922,500224
1775629338923,500224
1775629338925,500224
1775629338926,500224
1775629338927,500224
1775629338929,500224
1775629338930,500224
1775629338932,500224
1775629338933,500224
1775629338934,500224
1775629339332,500224
1775629339334,500224
1775629339335,500224
1775629339338,500224
1775629339341,500224
1775629339344,500224
1775629339347,500224
1775629339348,500224
1775629339350,500224
1775629339352,500224
1775629339354,500224
1775629339356,500224
1775629339358,500224
1775629339359,500224
1775629339361,500224
1775629339363,500224
1775629339364,500224
1775629339367,500224
1775629339373,500224
1775629339377,500224
1775629339381,500224
1775629339383,500224
1775629339388,500224
1775629339400,500224
1775629339402,500224
1775629339403,500224
1775629339404,500224
1775629339406,500224
1775629339407,500224
1775629339408,500224
1775629339410,500224
1775629339412,500224
1775629339414,500224
1775629339416,500224
1775629339417,500224
1775629339419,500224
1775629339421,500224
1775629339422,500224
1775629339424,500224
1775629339425,500224
1775629339426,500224
1775629339428,500224
1775629339429,500224
1775629339433,500224
1775629339435,500224
1775629339437,500224
1775629339438,500224
1775629339440,500224
1775629339442,500224
1775629339443,500224
1775629339445,500224
1775629339448,500224
1775629339450,500224
1775629339451,500224
1775629339454,500224
1775629339456,500224
1775629339459,500224
1775629339461,500224
1775629339462,500224
1775629339464,500224
1775629339465,500224
1775629339467,500224
1775629339468,500224
1775629339472,500224
1775629339475,500224
1775629339480,500224
1775629339482,500224
1775629339485,500224
1775629339488,500224
1775629339490,500224
1775629339492,500224
1775629339495,500224
1775629339496,500224
1775629339498,500224
1775629339500,500224
1775629339504,500224
1775629339506,500224
1775629339508,500224
1775629339510,500224
1775629339513,500224
1775629339514,500224
1775629339516,500224
1775629339518,500224
1775629339519,500224
1775629339521,500224
1775629339524,500224
1775629339526,500224
1775629339528,500224
1775629339530,500224
1775629339531,500224
1775629339533,500224
1775629339535,500224
1775629339537,500224
1775629339539,500224
1775629339540,500224
1775629339541,500224
1775629339543,500224
1775629339544,500224
1775629339546,500224
1775629339547,500224
1775629339549,500224
1775629339550,500224
1775629339551,500224
1775629339553,500224
1775629339554,500224
1775629339555,500224
1775629339557,500224
1775629339939,500224
1775629339941,500224
1775629339944,500224
1775629339947,500224
1775629339950,500224
1775629339952,500224
1775629339957,500224
1775629339962,500224
1775629339963,500224
1775629339964,500224
1775629339966,500224
1775629339967,500224
1775629339968,500224
1775629339970,500224
1775629339973,500224
1775629339974,500224
1775629339975,500224
1775629339977,500224
1775629339978,500224
1775629339979,500224
1775629339982,500224
1775629339983,500224
1775629339985,500224
1775629339986,500224
1775629339991,500224
1775629339993,500224
1775629339994,500224
1775629339996,500224
1775629339998,500224
1775629339999,500224
1775629340001,500224
1775629340004,500224
1775629340005,500224
1775629340006,500224
1775629340007,500224
1775629340009,500224
1775629340010,500224
1775629340011,500224
1775629340012,500224
1775629340014,500224
1775629340015,500224
1775629340016,500224
1775629340017,500224
1775629340019,500224
1775629340020,500224
1775629340021,500224
1775629340022,500224
1775629340024,500224
1775629340025,500224
1775629340027,500224
1775629340029,500224
1775629340030,500224
1775629340032,500224
1775629340033,500224
1775629340034,500224
1775629340036,500224
1775629340037,500224
1775629340038,500224
1775629340040,500224
1775629340041,500224
1775629340042,500224
1775629340044,500224
1775629340045,500224
1775629340046,500224
1775629340047,500224
1775629340048,500224
1775629340050,500224
1775629340051,500224
1775629340052,500224
1775629340054,500224
1775629340058,500224
1775629340060,500224
1775629340063,500224
1775629340066,500224
1775629340068,500224
1775629340070,500224
1775629340071,500224
1775629340073,500224
1775629340074,500224
1775629340077,500224
1775629340079,500224
1775629340082,500224
1775629340089,500224
1775629340091,500224
1775629340092,500224
1775629340095,500224
1775629340097,500224
1775629340099,500224
1775629340102,500224
1775629340104,500224
1775629340106,500224
1775629340108,500224
1775629340110,500224
1775629340112,500224
1775629340113,500224
1775629340115,500224
1775629340116,500224
1775629340118,500224
1775629340544,500224
1775629340549,500224
1775629340559,500224
1775629340568,500224
1775629340571,500224
1775629340573,500224
1775629340574,500224
1775629340577,500224
1775629340579,500224
1775629340582,500224
1775629340584,500224
1775629340587,500224
1775629340589,500224
1775629340591,500224
1775629340592,500224
1775629340593,500224
1775629340595,500224
1775629340596,500224
1775629340598,500224
1775629340599,500224
1775629340600,500224
1775629340602,500224
1775629340604,500224
1775629340606,500224
1775629340608,500224
1775629340611,500224
1775629340613,500224
1775629340614,500224
1775629340617,500224
1775629340618,500224
1775629340620,500224
1775629340623,500224
1775629340625,500224
1775629340626,500224
1775629340627,500224
1775629340630,500224
1775629340631,500224
1775629340633,500224
1775629340635,500224
1775629340636,500224
1775629340638,500224
1775629340640,500224
1775629340641,500224
1775629340646,500224
1775629340649,500224
1775629340651,500224
1775629340653,500224
1775629340654,500224
1775629340655,500224
1775629340657,500224
1775629340658,500224
1775629340660,500224
1775629340662,500224
1775629340664,500224
1775629340665,500224
1775629340666,500224
1775629340667,500224
1775629340669,500224
1775629340670,500224
1775629340671,500224
1775629340673,500224
1775629340675,500224
1775629340678,500224
1775629340681,500224
1775629340685,500224
1775629340692,500224
1775629340694,500224
1775629340696,500224
1775629340697,500224
1775629340698,500224
1775629340699,500224
1775629340701,500224
1775629340702,500224
1775629340703,500224
1775629340705,500224
1775629340706,500224
1775629340708,500224
1775629340710,500224
1775629340711,500224
1775629340712,500224
1775629340714,500224
1775629340715,500224
1775629340716,500224
1775629340718,500224
1775629340719,500224
1775629340720,500224
1775629340722,500224
1775629340723,500224
1775629340724,500224
1775629340726,500224
1775629340727,500224
1775629340728,500224
1775629340729,500224
1775629340731,500224
1775629340732,500224
1775629340734,500224
1775629340735,500224
1775629340736,500224
1775629340738,500224
1775629340739,500224
1775629340740,500224
1775629340741,500224
1775629340743,500224
1775629340744,500224
1775629340747,500224
1775629340749,500224
1775629340750,500224
1775629340751,500224
1775629340753,500224
1775629340754,500224
1775629340755,500224
1775629340757,500224
1775629340758,500224
1775629340759,500224
1775629340761,500224
1775629340763,500224
1775629340764,500224
1775629341135,500224
1775629341137,500224
1775629341139,500224
1775629341141,500224
1775629341143,500224
1775629341146,500224
1775629341148,500224
1775629341151,500224
1775629341153,500224
1775629341156,500224
1775629341159,500224
1775629341162,500224
1775629341165,500224
1775629341167,500224
1775629341170,500224
1775629341173,500224
1775629341177,500224
1775629341181,500224
1775629341183,500224
1775629341186,500224
1775629341189,500224
1775629341193,500224
1775629341197,500224
1775629341199,500224
1775629341200,500224
1775629341202,500224
1775629341203,500224
1775629341205,500224
1775629341206,500224
1775629341208,500224
1775629341209,500224
1775629341211,500224
1775629341214,500224
1775629341220,500224
1775629341222,500224
1775629341226,500224
1775629341227,500224
1775629341229,500224
1775629341230,500224
1775629341232,500224
1775629341233,500224
1775629341235,500224
1775629341236,500224
1775629341237,500224
1775629341239,500224
1775629341240,500224
1775629341241,500224
1775629341243,500224
1775629341245,500224
1775629341247,500224
1775629341249,500224
1775629341251,500224
1775629341252,500224
1775629341254,500224
1775629341255,500224
1775629341257,500224
1775629341258,500224
1775629341260,500224
1775629341261,500224
1775629341263,500224
1775629341264,500224
1775629341266,500224
1775629341267,500224
1775629341269,500224
1775629341271,500224
1775629341273,500224
1775629341274,500224
1775629341275,500224
1775629341276,500224
1775629341283,500224
1775629341284,500224
1775629341286,500224
1775629341287,500224
1775629341288,500224
1775629341291,500224
1775629341293,500224
1775629341294,500224
1775629341296,500224
1775629341297,500224
1775629341298,500224
1775629341299,500224
1775629341301,500224
1775629341302,500224
1775629341303,500224
1775629341305,500224
1775629341306,500224
1775629341307,500224
1775629341308,500224
1775629341310,500224
1775629341312,500224
1775629341316,500224
1775629341318,500224
1775629341319,500224
1775629341321,500224
1775629341322,500224
1775629341323,500224
1775629341325,500224
1775629341326,500224
1775629341327,500224
1775629341328,500224
1775629341330,500224
1775629341332,500224
1775629341333,500224
1775629341335,500224
1775629341336,500224
1775629341337,500224
1775629341339,500224
1775629341340,500224
1775629341341,500224
1775629341342,500224
1775629341736,500224
1775629341740,500224
1775629341741,500224
1775629341744,500224
1775629341746,500224
1775629341748,500224
1775629341751,500224
1775629341754,500224
1775629341757,500224
1775629341758,500224
1775629341760,500224
1775629341762,500224
1775629341765,500224
1775629341768,500224
1775629341770,500224
1775629341771,500224
1775629341773,500224
1775629341776,500224
1775629341778,500224
1775629341780,500224
1775629341782,500224
1775629341785,500224
1775629341787,500224
1775629341789,500224
1775629341791,500224
1775629341793,500224
1775629341794,500224
1775629341801,500224
1775629341803,500224
1775629341806,500224
1775629341808,500224
1775629341810,500224
1775629341812,500224
1775629341816,500224
1775629341818,500224
1775629341820,500224
1775629341822,500224
1775629341824,500224
1775629341825,500224
1775629341827,500224
1775629341828,500224
1775629341830,500224
1775629341832,500224
1775629341834,500224
1775629341836,500224
1775629341837,500224
1775629341838,500224
1775629341840,500224
1775629341842,500224
1775629341843,500224
1775629341845,500224
1775629341846,500224
1775629341848,500224
1775629341849,500224
1775629341850,500224
1775629341852,500224
1775629341853,500224
1775629341854,500224
1775629341855,500224
1775629341857,500224
1775629341858,500224
1775629341859,500224
1775629341861,500224
1775629341862,500224
1775629341864,500224
1775629341865,500224
1775629341867,500224
1775629341868,500224
1775629341869,500224
1775629341870,500224
1775629341872,500224
1775629341873,500224
1775629341874,500224
1775629341876,500224
1775629341877,500224
1775629341878,500224
1775629341879,500224
1775629341881,500224
1775629341882,500224
1775629341883,500224
1775629341885,500224
1775629341886,500224
1775629341887,500224
1775629341889,500224
1775629341890,500224
1775629341891,500224
1775629341892,500224
1775629341894,500224
1775629341895,500224
1775629341896,500224
1775629341898,500224
1775629341899,500224
1775629341901,500224
1775629341902,500224
1775629341903,500224
1775629341904,500224
1775629341906,500224
1775629341907,500224
1775629341908,500224
1775629341910,500224
1775629341911,500224
1775629341912,500224
1775629341913,500224
1775629341915,500224
1775629341916,500224
1775629341917,500224
1775629342338,500224
1775629342339,500224
1775629342341,500224
1775629342343,500224
1775629342345,500224
1775629342346,500224
1775629342347,500224
1775629342350,500224
1775629342354,500224
1775629342357,500224
1775629342360,500224
1775629342361,500224
1775629342363,500224
1775629342365,500224
1775629342368,500224
1775629342370,500224
1775629342372,500224
1775629342381,500224
1775629342384,500224
1775629342386,500224
1775629342387,500224
1775629342388,500224
1775629342390,500224
1775629342391,500224
1775629342393,500224
1775629342396,500224
1775629342398,500224
1775629342401,500224
1775629342404,500224
1775629342406,500224
1775629342412,500224
1775629342414,500224
1775629342417,500224
1775629342421,500224
1775629342423,500224
1775629342425,500224
1775629342427,500224
1775629342428,500224
1775629342429,500224
1775629342430,500224
1775629342432,500224
1775629342434,500224
1775629342436,500224
1775629342437,500224
1775629342440,500224
1775629342442,500224
1775629342444,500224
1775629342452,500224
1775629342455,500224
1775629342457,500224
1775629342459,500224
1775629342461,500224
1775629342463,500224
1775629342465,500224
1775629342466,500224
1775629342469,500224
1775629342472,500224
1775629342475,500224
1775629342477,500224
1775629342479,500224
1775629342480,500224
1775629342482,500224
1775629342485,500224
1775629342486,500224
1775629342488,500224
1775629342490,500224
1775629342492,500224
1775629342494,500224
1775629342495,500224
1775629342496,500224
1775629342497,500224
1775629342500,500224
1775629342502,500224
1775629342505,500224
1775629342507,500224
1775629342509,500224
1775629342510,500224
1775629342512,500224
1775629342514,500224
1775629342517,500224
1775629342519,500224
1775629342520,500224
1775629342523,500224
1775629342525,500224
1775629342527,500224
1775629342529,500224
1775629342530,500224
1775629342532,500224
1775629342533,500224
1775629342535,500224
1775629342536,500224
1775629342538,500224
1775629342539,500224
1775629342544,500224
1775629342548,500224
1775629342551,500224
1775629342554,500224
1775629342556,500224
1775629342557,500224
1775629342558,500224
1775629342560,500224
1775629342561,500224
1775629342563,500224
1775629342567,500224
1775629342569,500224
1775629342940,500224
1775629342943,500224
1775629342947,500224
1775629342950,500224
1775629342952,500224
1775629342954,500224
1775629342955,500224
1775629342957,500224
1775629342960,500224
1775629342962,500224
1775629342968,500224
1775629342969,500224
1775629342971,500224
1775629342973,500224
1775629342978,500224
1775629342979,500224
1775629342982,500224
1775629342984,500224
1775629342985,500224
1775629342987,500224
1775629342989,500224
1775629342990,500224
1775629342992,500224
1775629342994,500224
1775629342996,500224
1775629342998,500224
1775629343001,500224
1775629343004,500224
1775629343005,500224
1775629343008,500224
1775629343009,500224
1775629343011,500224
1775629343012,500224
1775629343014,500224
1775629343018,500224
1775629343021,500224
1775629343024,500224
1775629343027,500224
1775629343029,500224
1775629343031,500224
1775629343034,500224
1775629343036,500224
1775629343038,500224
1775629343042,500224
1775629343044,500224
1775629343047,500224
1775629343050,500224
1775629343052,500224
1775629343054,500224
1775629343055,500224
1775629343057,500224
1775629343059,500224
1775629343060,500224
1775629343062,500224
1775629343063,500224
1775629343065,500224
1775629343066,500224
1775629343068,500224
1775629343069,500224
1775629343070,500224
1775629343072,500224
1775629343073,500224
1775629343074,500224
1775629343076,500224
1775629343077,500224
1775629343079,500224
1775629343080,500224
1775629343082,500224
1775629343085,500224
1775629343088,500224
1775629343090,500224
1775629343092,500224
1775629343093,500224
1775629343096,500224
1775629343098,500224
1775629343099,500224
1775629343100,500224
1775629343101,500224
1775629343103,500224
1775629343104,500224
1775629343106,500224
1775629343107,500224
1775629343109,500224
1775629343110,500224
1775629343112,500224
1775629343114,500224
1775629343116,500224
1775629343118,500224
1775629343120,500224
1775629343121,500224
1775629343123,500224
1775629343126,500224
1775629343127,500224
1775629343129,500224
1775629343132,500224
1775629343139,500224
1775629343141,500224
1775629343143,500224
1775629343145,500224
1775629343147,500224
1775629343150,500224
1775629343153,500224
1775629343154,500224
1775629343156,500224
1775629343157,500224
1775629343158,500224
1775629343160,500224
1775629343162,500224
1775629343164,500224
1775629343166,500224
1775629343167,500224
1775629343169,500224
1775629343170,500224
1775629343172,500224
1775629343173,500224
1775629343538,500224
1775629343543,500224
1775629343545,500224
1775629343548,500224
1775629343549,500224
1775629343552,500224
1775629343555,500224
1775629343557,500224
1775629343559,500224
1775629343560,500224
1775629343563,500224
1775629343565,500224
1775629343568,500224
1775629343570,500224
1775629343572,500224
1775629343573,500224
1775629343574,500224
1775629343576,500224
1775629343577,500224
1775629343581,500224
1775629343582,500224
1775629343584,500224
1775629343586,500224
1775629343587,500224
1775629343589,500224
1775629343591,500224
1775629343593,500224
1775629343595,500224
1775629343596,500224
1775629343598,500224
1775629343599,500224
1775629343601,500224
1775629343602,500224
1775629343604,500224
1775629343605,500224
1775629343607,500224
1775629343608,500224
1775629343610,500224
1775629343611,500224
1775629343612,500224
1775629343614,500224
1775629343615,500224
1775629343617,500224
1775629343619,500224
1775629343621,500224
1775629343622,500224
1775629343623,500224
1775629343625,500224
1775629343628,500224
1775629343629,500224
1775629343631,500224
1775629343632,500224
1775629343637,500224
1775629343648,500224
1775629343651,500224
1775629343654,500224
1775629343655,500224
1775629343657,500224
1775629343660,500224
1775629343661,500224
1775629343664,500224
1775629343666,500224
1775629343667,500224
1775629343669,500224
1775629343671,500224
1775629343672,500224
1775629343674,500224
1775629343675,500224
1775629343677,500224
1775629343679,500224
1775629343680,500224
1775629343683,500224
1775629343685,500224
1775629343687,500224
1775629343688,500224
1775629343691,500224
1775629343693,500224
1775629343694,500224
1775629343696,500224
1775629343698,500224
1775629343699,500224
1775629343701,500224
1775629343703,500224
1775629343707,500224
1775629343710,500224
1775629343712,500224
1775629343714,500224
1775629343716,500224
1775629343717,500224
1775629343718,500224
1775629343720,500224
1775629343721,500224
1775629343722,500224
1775629343725,500224
1775629343727,500224
1775629343728,500224
1775629343733,500224
1775629343737,500224
1775629343739,500224
1775629343741,500224
1775629343742,500224
1775629343743,500224
1775629343745,500224
1775629343746,500224
1775629343747,500224
1775629343749,500224
1775629343751,500224
1775629343753,500224
1775629343754,500224
1775629343755,500224
1775629343756,500224
1775629343757,500224
1775629344138,500224
1775629344140,500224
1775629344142,500224
1775629344145,500224
1775629344149,500224
1775629344152,500224
1775629344154,500224
1775629344156,500224
1775629344157,500224
1775629344158,500224
1775629344160,500224
1775629344161,500224
1775629344162,500224
1775629344165,500224
1775629344168,500224
1775629344169,500224
1775629344172,500224
1775629344175,500224
1775629344177,500224
1775629344180,500224
1775629344182,500224
1775629344183,500224
1775629344184,500224
1775629344185,500224
1775629344187,500224
1775629344190,500224
1775629344191,500224
1775629344193,500224
1775629344194,500224
1775629344197,500224
1775629344202,500224
1775629344205,500224
1775629344208,500224
1775629344211,500224
1775629344214,500224
1775629344216,500224
1775629344219,500224
1775629344221,500224
1775629344223,500224
1775629344225,500224
1775629344227,500224
1775629344229,500224
1775629344231,500224
1775629344233,500224
1775629344234,500224
1775629344235,500224
1775629344238,500224
1775629344240,500224
1775629344242,500224
1775629344243,500224
1775629344245,500224
1775629344249,500224
1775629344252,500224
1775629344254,500224
1775629344255,500224
1775629344256,500224
1775629344257,500224
1775629344259,500224
1775629344260,500224
1775629344261,500224
1775629344263,500224
1775629344264,500224
1775629344266,500224
1775629344267,500224
1775629344269,500224
1775629344270,500224
1775629344271,500224
1775629344273,500224
1775629344275,500224
1775629344276,500224
1775629344277,500224
1775629344279,500224
1775629344280,500224
1775629344281,500224
1775629344282,500224
1775629344284,500224
1775629344285,500224
1775629344288,500224
1775629344289,500224
1775629344290,500224
1775629344292,500224
1775629344293,500224
1775629344294,500224
1775629344295,500224
1775629344297,500224
1775629344299,500224
1775629344301,500224
1775629344304,500224
1775629344306,500224
1775629344308,500224
1775629344310,500224
1775629344312,500224
1775629344314,500224
1775629344316,500224
1775629344318,500224
1775629344319,500224
1775629344321,500224
1775629344323,500224
1775629344324,500224
1775629344326,500224
1775629344327,500224
1775629344329,500224
1775629344330,500224
1775629344332,500224
1775629344739,500224
1775629344741,500224
1775629344742,500224
1775629344744,500224
1775629344745,500224
1775629344748,500224
1775629344751,500224
1775629344753,500224
1775629344757,500224
1775629344759,500224
1775629344761,500224
1775629344763,500224
1775629344765,500224
1775629344767,500224
1775629344768,500224
1775629344771,500224
1775629344773,500224
1775629344776,500224
1775629344778,500224
1775629344780,500224
1775629344782,500224
1775629344784,500224
1775629344785,500224
1775629344787,500224
1775629344789,500224
1775629344792,500224
1775629344794,500224
1775629344796,500224
1775629344798,500224
1775629344800,500224
1775629344801,500224
1775629344803,500224
1775629344804,500224
1775629344805,500224
1775629344807,500224
1775629344808,500224
1775629344809,500224
1775629344811,500224
1775629344812,500224
1775629344814,500224
1775629344815,500224
1775629344818,500224
1775629344819,500224
1775629344821,500224
1775629344822,500224
1775629344823,500224
1775629344824,500224
1775629344826,500224
1775629344827,500224
1775629344830,500224
1775629344831,500224
1775629344833,500224
1775629344834,500224
1775629344836,500224
1775629344839,500224
1775629344840,500224
1775629344845,500224
1775629344848,500224
1775629344850,500224
1775629344851,500224
1775629344852,500224
1775629344854,500224
1775629344855,500224
1775629344856,500224
1775629344859,500224
1775629344861,500224
1775629344862,500224
1775629344865,500224
1775629344868,500224
1775629344870,500224
1775629344871,500224
1775629344873,500224
1775629344876,500224
1775629344879,500224
1775629344882,500224
1775629344884,500224
1775629344887,500224
1775629344890,500224
1775629344892,500224
1775629344894,500224
1775629344896,500224
1775629344898,500224
1775629344899,500224
1775629344901,500224
1775629344902,500224
1775629344903,500224
1775629344905,500224
1775629344906,500224
1775629344907,500224
1775629344909,500224
1775629344911,500224
1775629344913,500224
1775629344915,500224
1775629344916,500224
1775629344918,500224
1775629344919,500224
1775629344920,500224
1775629344922,500224
1775629344923,500224
1775629344925,500224
1775629344927,500224
1775629344928,500224
1775629344929,500224
1775629344931,500224
1775629344932,500224
1775629345341,500224
1775629345343,500224
1775629345345,500224
1775629345347,500224
1775629345348,500224
1775629345350,500224
1775629345352,500224
1775629345354,500224
1775629345355,500224
1775629345357,500224
1775629345358,500224
1775629345360,500224
1775629345362,500224
1775629345364,500224
1775629345367,500224
1775629345370,500224
1775629345372,500224
1775629345373,500224
1775629345376,500224
1775629345378,500224
1775629345380,500224
1775629345382,500224
1775629345385,500224
1775629345386,500224
1775629345389,500224
1775629345394,500224
1775629345396,500224
1775629345398,500224
1775629345400,500224
1775629345401,500224
1775629345404,500224
1775629345408,500224
1775629345410,500224
1775629345413,500224
1775629345416,500224
1775629345418,500224
1775629345422,500224
1775629345424,500224
1775629345425,500224
1775629345426,500224
1775629345428,500224
1775629345429,500224
1775629345434,500224
1775629345435,500224
1775629345437,500224
1775629345439,500224
1775629345440,500224
1775629345441,500224
1775629345443,500224
1775629345444,500224
1775629345445,500224
1775629345447,500224
1775629345448,500224
1775629345449,500224
1775629345451,500224
1775629345453,500224
1775629345455,500224
1775629345457,500224
1775629345459,500224
1775629345461,500224
1775629345465,500224
1775629345466,500224
1775629345468,500224
1775629345469,500224
1775629345471,500224
1775629345472,500224
1775629345473,500224
1775629345475,500224
1775629345476,500224
1775629345477,500224
1775629345479,500224
1775629345480,500224
1775629345482,500224
1775629345483,500224
1775629345484,500224
1775629345486,500224
1775629345487,500224
1775629345489,500224
1775629345490,500224
1775629345492,500224
1775629345494,500224
1775629345497,500224
1775629345499,500224
1775629345501,500224
1775629345503,500224
1775629345506,500224
1775629345507,500224
1775629345509,500224
1775629345511,500224
1775629345513,500224
1775629345515,500224
1775629345516,500224
1775629345518,500224
1775629345519,500224
1775629345520,500224
1775629345521,500224
1775629345523,500224
1775629345524,500224
1775629345525,500224
1775629345526,500224
1775629345528,500224
1775629345529,500224
1775629345532,500224
1775629345533,500224
1775629345535,500224
1775629345536,500224
1775629345537,500224
1775629345943,500224
1775629345947,500224
1775629345950,500224
1775629345953,500224
1775629345954,500224
1775629345956,500224
1775629345957,500224
1775629345959,500224
1775629345961,500224
1775629345963,500224
1775629345966,500224
1775629345967,500224
1775629345969,500224
1775629345972,500224
1775629345975,500224
1775629345976,500224
1775629345979,500224
1775629345981,500224
1775629345984,500224
1775629345985,500224
1775629345989,500224
1775629345993,500224
1775629345996,500224
1775629345999,500224
1775629346001,500224
1775629346003,500224
1775629346005,500224
1775629346007,500224
1775629346009,500224
1775629346010,500224
1775629346012,500224
1775629346014,500224
1775629346017,500224
1775629346020,500224
1775629346022,500224
1775629346024,500224
1775629346026,500224
1775629346031,500224
1775629346033,500224
1775629346035,500224
1775629346038,500224
1775629346040,500224
1775629346042,500224
1775629346044,500224
1775629346046,500224
1775629346048,500224
1775629346049,500224
1775629346051,500224
1775629346053,500224
1775629346054,500224
1775629346055,500224
1775629346057,500224
1775629346059,500224
1775629346061,500224
1775629346063,500224
1775629346064,500224
1775629346065,500224
1775629346066,500224
1775629346068,500224
1775629346070,500224
1775629346072,500224
1775629346074,500224
1775629346077,500224
1775629346079,500224
1775629346081,500224
1775629346083,500224
1775629346085,500224
1775629346086,500224
1775629346088,500224
1775629346090,500224
1775629346092,500224
1775629346094,500224
1775629346096,500224
1775629346098,500224
1775629346100,500224
1775629346102,500224
1775629346103,500224
1775629346106,500224
1775629346108,500224
1775629346110,500224
1775629346112,500224
1775629346113,500224
1775629346115,500224
1775629346118,500224
1775629346121,500224
1775629346123,500224
1775629346125,500224
1775629346127,500224
1775629346129,500224
1775629346131,500224
1775629346132,500224
1775629346134,500224
1775629346136,500224
1775629346138,500224
1775629346140,500224
1775629346142,500224
1775629346144,500224
1775629346145,500224
1775629346147,500224
1775629346149,500224
1775629346153,500224
1775629346155,500224
1775629346158,500224
1775629346159,500224
1775629346161,500224
1775629346163,500224
1775629346165,500224
1775629346167,500224
1775629346544,500224
1775629346547,500224
1775629346550,500224
1775629346554,500224
1775629346557,500224
1775629346559,500224
1775629346560,500224
1775629346563,500224
1775629346565,500224
1775629346567,500224
1775629346570,500224
1775629346572,500224
1775629346574,500224
1775629346576,500224
1775629346580,500224
1775629346585,500224
1775629346588,500224
1775629346591,500224
1775629346593,500224
1775629346595,500224
1775629346597,500224
1775629346598,500224
1775629346600,500224
1775629346601,500224
1775629346603,500224
1775629346605,500224
1775629346606,500224
1775629346608,500224
1775629346609,500224
1775629346610,500224
1775629346612,500224
1775629346614,500224
1775629346616,500224
1775629346617,500224
1775629346619,500224
1775629346621,500224
1775629346623,500224
1775629346625,500224
1775629346628,500224
1775629346632,500224
1775629346635,500224
1775629346637,500224
1775629346638,500224
1775629346640,500224
1775629346641,500224
1775629346642,500224
1775629346644,500224
1775629346647,500224
1775629346648,500224
1775629346650,500224
1775629346653,500224
1775629346655,500224
1775629346658,500224
1775629346660,500224
1775629346661,500224
1775629346664,500224
1775629346668,500224
1775629346671,500224
1775629346674,500224
1775629346675,500224
1775629346677,500224
1775629346678,500224
1775629346680,500224
1775629346681,500224
1775629346683,500224
1775629346685,500224
1775629346687,500224
1775629346691,500224
1775629346694,500224
1775629346696,500224
1775629346698,500224
1775629346700,500224
1775629346702,500224
1775629346704,500224
1775629346705,500224
1775629346709,500224
1775629346712,500224
1775629346715,500224
1775629346716,500224
1775629346719,500224
1775629346722,500224
1775629346724,500224
1775629346727,500224
1775629346729,500224
1775629346731,500224
1775629346733,500224
1775629346735,500224
1775629346737,500224
1775629346738,500224
1775629346740,500224
1775629346741,500224
1775629346743,500224
1775629346745,500224
1775629346747,500224
1775629346749,500224
1775629346750,500224
1775629346752,500224
1775629346754,500224
1775629346755,500224
1775629346758,500224
1775629346760,500224
1775629346762,500224
1775629346763,500224
1775629346766,500224
1775629346767,500224
1775629346769,500224
1775629346770,500224
1775629346772,500224
1775629346773,500224
1775629346775,500224
1775629347145,500224
1775629347149,500224
1775629347152,500224
1775629347155,500224
1775629347158,500224
1775629347160,500224
1775629347162,500224
1775629347164,500224
1775629347167,500224
1775629347170,500224
1775629347172,500224
1775629347175,500224
1775629347177,500224
1775629347178,500224
1775629347180,500224
1775629347185,500224
1775629347187,500224
1775629347189,500224
1775629347192,500224
1775629347194,500224
1775629347196,500224
1775629347198,500224
1775629347199,500224
1775629347200,500224
1775629347202,500224
1775629347203,500224
1775629347206,500224
1775629347207,500224
1775629347211,500224
1775629347214,500224
1775629347215,500224
1775629347219,500224
1775629347221,500224
1775629347222,500224
1775629347225,500224
1775629347237,500224
1775629347239,500224
1775629347241,500224
1775629347242,500224
1775629347244,500224
1775629347245,500224
1775629347249,500224
1775629347250,500224
1775629347252,500224
1775629347254,500224
1775629347255,500224
1775629347257,500224
1775629347259,500224
1775629347261,500224
1775629347263,500224
1775629347265,500224
1775629347267,500224
1775629347268,500224
1775629347269,500224
1775629347271,500224
1775629347273,500224
1775629347274,500224
1775629347276,500224
1775629347277,500224
1775629347278,500224
1775629347280,500224
1775629347281,500224
1775629347282,500224
1775629347284,500224
1775629347285,500224
1775629347286,500224
1775629347288,500224
1775629347290,500224
1775629347291,500224
1775629347293,500224
1775629347294,500224
1775629347297,500224
1775629347299,500224
1775629347300,500224
1775629347302,500224
1775629347303,500224
1775629347304,500224
1775629347305,500224
1775629347307,500224
1775629347309,500224
1775629347311,500224
1775629347313,500224
1775629347314,500224
1775629347316,500224
1775629347317,500224
1775629347318,500224
1775629347321,500224
1775629347323,500224
1775629347324,500224
1775629347325,500224
1775629347326,500224
1775629347328,500224
1775629347329,500224
1775629347330,500224
1775629347334,500224
1775629347335,500224
1775629347337,500224
1775629347340,500224
1775629347342,500224
1775629347344,500224
1775629347346,500224
1775629347347,500224
1775629347350,500224
1775629347352,500224
1775629347354,500224
1775629347356,500224
1775629347357,500224
1775629347359,500224
1775629347360,500224
1775629347748,500224
1775629347750,500224
1775629347752,500224
1775629347754,500224
1775629347755,500224
1775629347758,500224
1775629347761,500224
1775629347764,500224
1775629347767,500224
1775629347768,500224
1775629347770,500224
1775629347772,500224
1775629347774,500224
1775629347776,500224
1775629347778,500224
1775629347781,500224
1775629347783,500224
1775629347786,500224
1775629347788,500224
1775629347798,500224
1775629347801,500224
1775629347803,500224
1775629347804,500224
1775629347806,500224
1775629347808,500224
1775629347810,500224
1775629347812,500224
1775629347814,500224
1775629347816,500224
1775629347818,500224
1775629347819,500224
1775629347821,500224
1775629347822,500224
1775629347824,500224
1775629347825,500224
1775629347826,500224
1775629347828,500224
1775629347829,500224
1775629347830,500224
1775629347832,500224
1775629347834,500224
1775629347836,500224
1775629347837,500224
1775629347839,500224
1775629347844,500224
1775629347848,500224
1775629347853,500224
1775629347855,500224
1775629347856,500224
1775629347857,500224
1775629347859,500224
1775629347861,500224
1775629347862,500224
1775629347864,500224
1775629347865,500224
1775629347867,500224
1775629347869,500224
1775629347871,500224
1775629347872,500224
1775629347874,500224
1775629347875,500224
1775629347876,500224
1775629347877,500224
1775629347879,500224
1775629347880,500224
1775629347881,500224
1775629347882,500224
1775629347884,500224
1775629347885,500224
1775629347886,500224
1775629347887,500224
1775629347889,500224
1775629347890,500224
1775629347891,500224
1775629347893,500224
1775629347896,500224
1775629347898,500224
1775629347899,500224
1775629347901,500224
1775629347903,500224
1775629347904,500224
1775629347906,500224
1775629347907,500224
1775629347908,500224
1775629347910,500224
1775629347911,500224
1775629347912,500224
1775629347914,500224
1775629347916,500224
1775629347917,500224
1775629347918,500224
1775629347920,500224
1775629347921,500224
1775629347922,500224
1775629347923,500224
1775629347925,500224
1775629347926,500224
1775629347927,500224
1775629347928,500224
1775629347929,500224
1775629347931,500224
1775629347932,500224
1775629347933,500224
1775629347934,500224
1775629347936,500224
1775629348352,500224
1775629348355,500224
1775629348357,500224
1775629348358,500224
1775629348360,500224
1775629348363,500224
1775629348365,500224
1775629348367,500224
1775629348368,500224
1775629348370,500224
1775629348373,500224
1775629348374,500224
1775629348375,500224
1775629348377,500224
1775629348378,500224
1775629348379,500224
1775629348380,500224
1775629348382,500224
1775629348383,500224
1775629348384,500224
1775629348385,500224
1775629348387,500224
1775629348389,500224
1775629348391,500224
1775629348393,500224
1775629348394,500224
1775629348396,500224
1775629348397,500224
1775629348398,500224
1775629348400,500224
1775629348402,500224
1775629348404,500224
1775629348405,500224
1775629348407,500224
1775629348408,500224
1775629348410,500224
1775629348411,500224
1775629348412,500224
1775629348414,500224
1775629348415,500224
1775629348416,500224
1775629348417,500224
1775629348419,500224
1775629348420,500224
1775629348421,500224
1775629348422,500224
1775629348424,500224
1775629348425,500224
1775629348426,500224
1775629348427,500224
1775629348429,500224
1775629348430,500224
1775629348431,500224
1775629348434,500224
1775629348436,500224
1775629348438,500224
1775629348440,500224
1775629348441,500224
1775629348443,500224
1775629348444,500224
1775629348446,500224
1775629348447,500224
1775629348449,500224
1775629348450,500224
1775629348452,500224
1775629348453,500224
1775629348454,500224
1775629348455,500224
1775629348457,500224
1775629348458,500224
1775629348459,500224
1775629348460,500224
1775629348462,500224
1775629348463,500224
1775629348465,500224
1775629348466,500224
1775629348467,500224
1775629348468,500224
1775629348471,500224
1775629348472,500224
1775629348475,500224
1775629348477,500224
1775629348479,500224
1775629348481,500224
1775629348483,500224
1775629348485,500224
1775629348493,500224
1775629348495,500224
1775629348497,500224
1775629348498,500224
1775629348499,500224
1775629348501,500224
1775629348506,500224
1775629348508,500224
1775629348510,500224
1775629348512,500224
1775629348514,500224
1775629348515,500224
1775629348517,500224
1775629348946,500224
1775629348948,500224
1775629348949,500224
1775629348951,500224
1775629348952,500224
1775629348954,500224
1775629348960,500224
1775629348965,500224
1775629348968,500224
1775629348970,500224
1775629348971,500224
1775629348972,500224
1775629348973,500224
1775629348975,500224
1775629348978,500224
1775629348979,500224
1775629348980,500224
1775629348986,500224
1775629348988,500224
1775629348990,500224
1775629348992,500224
1775629348993,500224
1775629348994,500224
1775629348995,500224
1775629348997,500224
1775629348998,500224
1775629349000,500224
1775629349002,500224
1775629349003,500224
1775629349005,500224
1775629349006,500224
1775629349007,500224
1775629349008,500224
1775629349010,500224
1775629349011,500224
1775629349012,500224
1775629349014,500224
1775629349015,500224
1775629349017,500224
1775629349018,500224
1775629349020,500224
1775629349022,500224
1775629349024,500224
1775629349026,500224
1775629349028,500224
1775629349030,500224
1775629349031,500224
1775629349032,500224
1775629349035,500224
1775629349037,500224
1775629349039,500224
1775629349041,500224
1775629349043,500224
1775629349044,500224
1775629349046,500224
1775629349048,500224
1775629349049,500224
1775629349051,500224
1775629349054,500224
1775629349056,500224
1775629349058,500224
1775629349059,500224
1775629349064,500224
1775629349068,500224
1775629349071,500224
1775629349073,500224
1775629349074,500224
1775629349076,500224
1775629349077,500224
1775629349079,500224
1775629349080,500224
1775629349081,500224
1775629349083,500224
1775629349084,500224
1775629349085,500224
1775629349087,500224
1775629349088,500224
1775629349089,500224
1775629349091,500224
1775629349093,500224
1775629349094,500224
1775629349095,500224
1775629349097,500224
1775629349098,500224
1775629349099,500224
1775629349101,500224
1775629349102,500224
1775629349103,500224
1775629349105,500224
1775629349106,500224
1775629349107,500224
1775629349108,500224
1775629349110,500224
1775629349111,500224
1775629349112,500224
1775629349114,500224
1775629349115,500224
1775629349116,500224
1775629349117,500224
1775629349119,500224
1775629349120,500224
1775629349121,500224
1775629349122,500224
1775629349124,500224
1775629349125,500224
1775629349126,500224
1775629349127,500224
1775629349129,500224
1775629349130,500224
1775629349547,500224
1775629349548,500224
1775629349550,500224
1775629349551,500224
1775629349552,500224
1775629349554,500224
1775629349555,500224
1775629349556,500224
1775629349557,500224
1775629349559,500224
1775629349560,500224
1775629349561,500224
1775629349562,500224
1775629349564,500224
1775629349565,500224
1775629349566,500224
1775629349567,500224
1775629349569,500224
1775629349570,500224
1775629349571,500224
1775629349572,500224
1775629349574,500224
1775629349575,500224
1775629349576,500224
1775629349577,500224
1775629349579,500224
1775629349580,500224
1775629349582,500224
1775629349584,500224
1775629349585,500224
1775629349586,500224
1775629349592,500224
1775629349594,500224
1775629349595,500224
1775629349597,500224
1775629349599,500224
1775629349601,500224
1775629349603,500224
1775629349605,500224
1775629349606,500224
1775629349608,500224
1775629349610,500224
1775629349611,500224
1775629349613,500224
1775629349614,500224
1775629349616,500224
1775629349617,500224
1775629349618,500224
1775629349620,500224
1775629349621,500224
1775629349625,500224
1775629349626,500224
1775629349627,500224
1775629349628,500224
1775629349630,500224
1775629349631,500224
1775629349632,500224
1775629349633,500224
1775629349634,500224
1775629349641,500224
1775629349645,500224
1775629349648,500224
1775629349650,500224
1775629349652,500224
1775629349654,500224
1775629349655,500224
1775629349657,500224
1775629349658,500224
1775629349659,500224
1775629349661,500224
1775629349662,500224
1775629349663,500224
1775629349665,500224
1775629349667,500224
1775629349668,500224
1775629349670,500224
1775629349671,500224
1775629349672,500224
1775629349674,500224
1775629349675,500224
1775629349676,500224
1775629349678,500224
1775629349680,500224
1775629349681,500224
1775629349682,500224
1775629349684,500224
1775629349685,500224
1775629349687,500224
1775629349688,500224
1775629349689,500224
1775629349691,500224
1775629349692,500224
1775629349693,500224
1775629349694,500224
1775629349696,500224
1775629349697,500224
1775629349698,500224
1775629349700,500224
1775629349701,500224
1775629349703,500224
1775629349704,500224
1775629349706,500224
1775629349707,500224
1775629349708,500224
1775629349709,500224
1775629350152,500224
1775629350155,500224
1775629350157,500224
1775629350158,500224
1775629350160,500224
1775629350163,500224
1775629350164,500224
1775629350166,500224
1775629350167,500224
1775629350169,500224
1775629350171,500224
1775629350173,500224
1775629350174,500224
1775629350176,500224
1775629350177,500224
1775629350178,500224
1775629350182,500224
1775629350184,500224
1775629350187,500224
1775629350190,500224
1775629350193,500224
1775629350195,500224
1775629350198,500224
1775629350199,500224
1775629350200,500224
1775629350201,500224
1775629350203,500224
1775629350204,500224
1775629350205,500224
1775629350207,500224
1775629350208,500224
1775629350211,500224
1775629350212,500224
1775629350213,500224
1775629350215,500224
1775629350217,500224
1775629350219,500224
1775629350220,500224
1775629350222,500224
1775629350224,500224
1775629350226,500224
1775629350228,500224
1775629350230,500224
1775629350231,500224
1775629350232,500224
1775629350234,500224
1775629350235,500224
1775629350237,500224
1775629350239,500224
1775629350241,500224
1775629350242,500224
1775629350243,500224
1775629350245,500224
1775629350247,500224
1775629350248,500224
1775629350249,500224
1775629350251,500224
1775629350253,500224
1775629350256,500224
1775629350259,500224
1775629350261,500224
1775629350263,500224
1775629350265,500224
1775629350266,500224
1775629350268,500224
1775629350269,500224
1775629350270,500224
1775629350273,500224
1775629350274,500224
1775629350275,500224
1775629350277,500224
1775629350278,500224
1775629350280,500224
1775629350281,500224
1775629350283,500224
1775629350284,500224
1775629350292,500224
1775629350294,500224
1775629350295,500224
1775629350297,500224
1775629350298,500224
1775629350299,500224
1775629350300,500224
1775629350302,500224
1775629350303,500224
1775629350304,500224
1775629350305,500224
1775629350307,500224
1775629350308,500224
1775629350310,500224
1775629350312,500224
1775629350314,500224
1775629350315,500224
1775629350317,500224
1775629350318,500224
1775629350319,500224
1775629350320,500224
1775629350322,500224
1775629350323,500224
1775629350325,500224
1775629350326,500224
1775629350327,500224
1775629350328,500224
1775629350330,500224
1775629350331,500224
1775629350333,500224
1775629350334,500224
1775629350335,500224
1775629350337,500224
1775629350338,500224
1775629350339,500224
1775629350748,500224
1775629350749,500224
1775629350751,500224
1775629350753,500224
1775629350755,500224
1775629350757,500224
1775629350759,500224
1775629350761,500224
1775629350762,500224
1775629350764,500224
1775629350765,500224
1775629350767,500224
1775629350769,500224
1775629350771,500224
1775629350772,500224
1775629350774,500224
1775629350775,500224
1775629350776,500224
1775629350778,500224
1775629350779,500224
1775629350780,500224
1775629350782,500224
1775629350783,500224
1775629350784,500224
1775629350786,500224
1775629350787,500224
1775629350788,500224
1775629350790,500224
1775629350791,500224
1775629350792,500224
1775629350794,500224
1775629350795,500224
1775629350796,500224
1775629350797,500224
1775629350799,500224
1775629350800,500224
1775629350802,500224
1775629350803,500224
1775629350805,500224
1775629350810,500224
1775629350811,500224
1775629350813,500224
1775629350816,500224
1775629350817,500224
1775629350819,500224
1775629350820,500224
1775629350821,500224
1775629350822,500224
1775629350824,500224
1775629350825,500224
1775629350826,500224
1775629350827,500224
1775629350829,500224
1775629350830,500224
1775629350831,500224
1775629350833,500224
1775629350834,500224
1775629350835,500224
1775629350836,500224
1775629350837,500224
1775629350839,500224
1775629350841,500224
1775629350843,500224
1775629350844,500224
1775629350845,500224
1775629350847,500224
1775629350848,500224
1775629350850,500224
1775629350851,500224
1775629350852,500224
1775629350854,500224
1775629350855,500224
1775629350857,500224
1775629350858,500224
1775629350860,500224
1775629350861,500224
1775629350862,500224
1775629350864,500224
1775629350867,500224
1775629350870,500224
1775629350872,500224
1775629350874,500224
1775629350876,500224
1775629350877,500224
1775629350880,500224
1775629350881,500224
1775629350882,500224
1775629350884,500224
1775629350885,500224
1775629350886,500224
1775629350888,500224
1775629350889,500224
1775629350891,500224
1775629350892,500224
1775629350894,500224
1775629350896,500224
1775629350897,500224
1775629350898,500224
1775629350900,500224
1775629350901,500224
1775629350902,500224
1775629350904,500224
1775629350905,500224
1775629350906,500224
1775629350907,500224
1775629351348,500224
1775629351352,500224
1775629351356,500224
1775629351359,500224
1775629351361,500224
1775629351362,500224
1775629351365,500224
1775629351367,500224
1775629351370,500224
1775629351372,500224
1775629351374,500224
1775629351376,500224
1775629351378,500224
1775629351379,500224
1775629351381,500224
1775629351383,500224
1775629351384,500224
1775629351386,500224
1775629351387,500224
1775629351388,500224
1775629351390,500224
1775629351392,500224
1775629351393,500224
1775629351395,500224
1775629351399,500224
1775629351403,500224
1775629351405,500224
1775629351406,500224
1775629351407,500224
1775629351409,500224
1775629351410,500224
1775629351412,500224
1775629351413,500224
1775629351415,500224
1775629351416,500224
1775629351417,500224
1775629351419,500224
1775629351420,500224
1775629351421,500224
1775629351422,500224
1775629351424,500224
1775629351425,500224
1775629351426,500224
1775629351428,500224
1775629351430,500224
1775629351431,500224
1775629351435,500224
1775629351437,500224
1775629351440,500224
1775629351442,500224
1775629351444,500224
1775629351446,500224
1775629351448,500224
1775629351451,500224
1775629351452,500224
1775629351453,500224
1775629351454,500224
1775629351456,500224
1775629351457,500224
1775629351460,500224
1775629351464,500224
1775629351466,500224
1775629351468,500224
1775629351470,500224
1775629351471,500224
1775629351473,500224
1775629351475,500224
1775629351476,500224
1775629351477,500224
1775629351478,500224
1775629351480,500224
1775629351481,500224
1775629351482,500224
1775629351484,500224
1775629351486,500224
1775629351488,500224
1775629351489,500224
1775629351491,500224
1775629351493,500224
1775629351495,500224
1775629351496,500224
1775629351497,500224
1775629351499,500224
1775629351500,500224
1775629351502,500224
1775629351503,500224
1775629351504,500224
1775629351507,500224
1775629351509,500224
1775629351511,500224
1775629351513,500224
1775629351514,500224
1775629351516,500224
1775629351518,500224
1775629351520,500224
1775629351523,500224
1775629351524,500224
1775629351525,500224
1775629351528,500224
1775629351530,500224
1775629351531,500224
1775629351533,500224
1775629351535,500224
1775629351536,500224
1775629351538,500224
1775629351540,500224
1775629351541,500224
1775629351543,500224
1775629351544,500224
1775629351545,500224
1775629351547,500224
1775629351548,500224
1775629351549,500224
1775629351550,500224
1775629351555,500224
1775629351556,500224
1775629351560,500224
1775629351959,500224
1775629351962,500224
1775629351964,500224
1775629351972,500224
1775629351976,500224
1775629351978,500224
1775629351981,500224
1775629351982,500224
1775629351984,500224
1775629351985,500224
1775629351987,500224
1775629351988,500224
1775629351989,500224
1775629351991,500224
1775629351992,500224
1775629351993,500224
1775629351995,500224
1775629351996,500224
1775629351997,500224
1775629351998,500224
1775629352000,500224
1775629352001,500224
1775629352005,500224
1775629352008,500224
1775629352010,500224
1775629352012,500224
1775629352013,500224
1775629352015,500224
1775629352017,500224
1775629352018,500224
1775629352022,500224
1775629352025,500224
1775629352026,500224
1775629352028,500224
1775629352029,500224
1775629352031,500224
1775629352033,500224
1775629352034,500224
1775629352035,500224
1775629352037,500224
1775629352038,500224
1775629352039,500224
1775629352044,500224
1775629352046,500224
1775629352047,500224
1775629352048,500224
1775629352052,500224
1775629352054,500224
1775629352055,500224
1775629352057,500224
1775629352058,500224
1775629352059,500224
1775629352061,500224
1775629352062,500224
1775629352063,500224
1775629352064,500224
1775629352066,500224
1775629352067,500224
1775629352068,500224
1775629352069,500224
1775629352071,500224
1775629352072,500224
1775629352073,500224
1775629352074,500224
1775629352076,500224
1775629352077,500224
1775629352078,500224
1775629352080,500224
1775629352085,500224
1775629352088,500224
1775629352090,500224
1775629352092,500224
1775629352093,500224
1775629352095,500224
1775629352097,500224
1775629352098,500224
1775629352100,500224
1775629352101,500224
1775629352102,500224
1775629352104,500224
1775629352105,500224
1775629352107,500224
1775629352108,500224
1775629352110,500224
1775629352111,500224
1775629352113,500224
1775629352114,500224
1775629352115,500224
1775629352116,500224
1775629352118,500224
1775629352120,500224
1775629352121,500224
1775629352123,500224
1775629352124,500224
1775629352126,500224
1775629352127,500224
1775629352129,500224
1775629352130,500224
1775629352131,500224
1775629352133,500224
1775629352134,500224
1775629352135,500224
1775629352136,500224
1775629352138,500224
1775629352139,500224
1775629352141,500224
1775629352142,500224
1775629352144,500224
1775629352146,500224
1775629352147,500224
1775629352553,500224
1775629352554,500224
1775629352556,500224
1775629352557,500224
1775629352559,500224
1775629352561,500224
1775629352563,500224
1775629352567,500224
1775629352569,500224
1775629352570,500224
1775629352571,500224
1775629352572,500224
1775629352574,500224
1775629352575,500224
1775629352577,500224
1775629352578,500224
1775629352580,500224
1775629352581,500224
1775629352582,500224
1775629352584,500224
1775629352587,500224
1775629352589,500224
1775629352591,500224
1775629352592,500224
1775629352594,500224
1775629352596,500224
1775629352598,500224
1775629352600,500224
1775629352602,500224
1775629352603,500224
1775629352605,500224
1775629352607,500224
1775629352609,500224
1775629352610,500224
1775629352612,500224
1775629352613,500224
1775629352615,500224
1775629352616,500224
1775629352618,500224
1775629352622,500224
1775629352628,500224
1775629352629,500224
1775629352631,500224
1775629352634,500224
1775629352635,500224
1775629352637,500224
1775629352638,500224
1775629352640,500224
1775629352641,500224
1775629352644,500224
1775629352646,500224
1775629352647,500224
1775629352648,500224
1775629352650,500224
1775629352651,500224
1775629352653,500224
1775629352655,500224
1775629352657,500224
1775629352659,500224
1775629352660,500224
1775629352661,500224
1775629352664,500224
1775629352666,500224
1775629352668,500224
1775629352671,500224
1775629352673,500224
1775629352675,500224
1775629352677,500224
1775629352679,500224
1775629352681,500224
1775629352682,500224
1775629352684,500224
1775629352685,500224
1775629352688,500224
1775629352690,500224
1775629352692,500224
1775629352694,500224
1775629352695,500224
1775629352697,500224
1775629352698,500224
1775629352699,500224
1775629352702,500224
1775629352704,500224
1775629352706,500224
1775629352708,500224
1775629352710,500224
1775629352711,500224
1775629352712,500224
1775629352714,500224
1775629352715,500224
1775629352716,500224
1775629352718,500224
1775629352719,500224
1775629352723,500224
1775629352725,500224
1775629352726,500224
1775629352728,500224
1775629352730,500224
1775629353153,500224
1775629353156,500224
1775629353158,500224
1775629353159,500224
1775629353162,500224
1775629353164,500224
1775629353166,500224
1775629353167,500224
1775629353169,500224
1775629353172,500224
1775629353175,500224
1775629353178,500224
1775629353180,500224
1775629353181,500224
1775629353182,500224
1775629353184,500224
1775629353186,500224
1775629353188,500224
1775629353190,500224
1775629353192,500224
1775629353200,500224
1775629353202,500224
1775629353205,500224
1775629353210,500224
1775629353211,500224
1775629353213,500224
1775629353214,500224
1775629353215,500224
1775629353217,500224
1775629353218,500224
1775629353220,500224
1775629353222,500224
1775629353224,500224
1775629353225,500224
1775629353227,500224
1775629353228,500224
1775629353230,500224
1775629353232,500224
1775629353234,500224
1775629353236,500224
1775629353238,500224
1775629353242,500224
1775629353244,500224
1775629353247,500224
1775629353250,500224
1775629353252,500224
1775629353256,500224
1775629353259,500224
1775629353261,500224
1775629353263,500224
1775629353266,500224
1775629353268,500224
1775629353270,500224
1775629353273,500224
1775629353274,500224
1775629353275,500224
1775629353277,500224
1775629353278,500224
1775629353279,500224
1775629353281,500224
1775629353282,500224
1775629353284,500224
1775629353286,500224
1775629353289,500224
1775629353290,500224
1775629353292,500224
1775629353293,500224
1775629353294,500224
1775629353296,500224
1775629353297,500224
1775629353299,500224
1775629353300,500224
1775629353302,500224
1775629353303,500224
1775629353304,500224
1775629353307,500224
1775629353309,500224
1775629353312,500224
1775629353314,500224
1775629353316,500224
1775629353318,500224
1775629353319,500224
1775629353320,500224
1775629353323,500224
1775629353324,500224
1775629353326,500224
1775629353328,500224
1775629353330,500224
1775629353332,500224
1775629353334,500224
1775629353336,500224
1775629353338,500224
1775629353339,500224
1775629353341,500224
1775629353346,500224
1775629353348,500224
1775629353349,500224
1775629353351,500224
1775629353352,500224
1775629353353,500224
1775629353355,500224
1775629353356,500224
1775629353358,500224
1775629353359,500224
1775629353360,500224
1775629353362,500224
1775629353363,500224
1775629353365,500224
1775629353370,500224
1775629353376,500224
1775629353752,500224
1775629353754,500224
1775629353755,500224
1775629353757,500224
1775629353758,500224
1775629353761,500224
1775629353763,500224
1775629353764,500224
1775629353767,500224
1775629353770,500224
1775629353771,500224
1775629353773,500224
1775629353776,500224
1775629353779,500224
1775629353781,500224
1775629353783,500224
1775629353784,500224
1775629353787,500224
1775629353789,500224
1775629353790,500224
1775629353792,500224
1775629353794,500224
1775629353798,500224
1775629353801,500224
1775629353803,500224
1775629353806,500224
1775629353808,500224
1775629353809,500224
1775629353813,500224
1775629353815,500224
1775629353816,500224
1775629353819,500224
1775629353821,500224
1775629353823,500224
1775629353825,500224
1775629353826,500224
1775629353827,500224
1775629353828,500224
1775629353830,500224
1775629353831,500224
1775629353834,500224
1775629353835,500224
1775629353837,500224
1775629353838,500224
1775629353840,500224
1775629353844,500224
1775629353845,500224
1775629353847,500224
1775629353848,500224
1775629353849,500224
1775629353851,500224
1775629353852,500224
1775629353854,500224
1775629353857,500224
1775629353859,500224
1775629353861,500224
1775629353864,500224
1775629353866,500224
1775629353867,500224
1775629353870,500224
1775629353871,500224
1775629353873,500224
1775629353875,500224
1775629353876,500224
1775629353878,500224
1775629353880,500224
1775629353881,500224
1775629353884,500224
1775629353886,500224
1775629353889,500224
1775629353891,500224
1775629353895,500224
1775629353898,500224
1775629353900,500224
1775629353902,500224
1775629353904,500224
1775629353905,500224
1775629353908,500224
1775629353910,500224
1775629353912,500224
1775629353916,500224
1775629353917,500224
1775629353919,500224
1775629353921,500224
1775629353923,500224
1775629353924,500224
1775629353926,500224
1775629353927,500224
1775629353928,500224
1775629353930,500224
1775629353932,500224
1775629353933,500224
1775629353936,500224
1775629353937,500224
1775629353938,500224
1775629353940,500224
1775629353941,500224
1775629353944,500224
1775629353946,500224
1775629353948,500224
1775629353949,500224
1775629353951,500224
1775629353952,500224
1775629353953,500224
1775629353954,500224
1775629353956,500224
1775629353957,500224
1775629353959,500224
1775629353960,500224
1775629354353,500224
1775629354354,500224
1775629354357,500224
1775629354360,500224
1775629354364,500224
1775629354367,500224
1775629354370,500224
1775629354373,500224
1775629354376,500224
1775629354378,500224
1775629354380,500224
1775629354382,500224
1775629354386,500224
1775629354388,500224
1775629354390,500224
1775629354392,500224
1775629354393,500224
1775629354395,500224
1775629354397,500224
1775629354399,500224
1775629354401,500224
1775629354403,500224
1775629354404,500224
1775629354406,500224
1775629354408,500224
1775629354410,500224
1775629354412,500224
1775629354413,500224
1775629354415,500224
1775629354416,500224
1775629354418,500224
1775629354420,500224
1775629354421,500224
1775629354423,500224
1775629354424,500224
1775629354429,500224
1775629354431,500224
1775629354433,500224
1775629354434,500224
1775629354436,500224
1775629354437,500224
1775629354438,500224
1775629354440,500224
1775629354441,500224
1775629354443,500224
1775629354445,500224
1775629354450,500224
1775629354452,500224
1775629354453,500224
1775629354455,500224
1775629354456,500224
1775629354458,500224
1775629354459,500224
1775629354461,500224
1775629354463,500224
1775629354464,500224
1775629354465,500224
1775629354467,500224
1775629354468,500224
1775629354470,500224
1775629354471,500224
1775629354472,500224
1775629354474,500224
1775629354475,500224
1775629354476,500224
1775629354478,500224
1775629354479,500224
1775629354480,500224
1775629354482,500224
1775629354484,500224
1775629354485,500224
1775629354487,500224
1775629354488,500224
1775629354489,500224
1775629354490,500224
1775629354492,500224
1775629354493,500224
1775629354497,500224
1775629354498,500224
1775629354500,500224
1775629354501,500224
1775629354502,500224
1775629354503,500224
1775629354505,500224
1775629354506,500224
1775629354507,500224
1775629354510,500224
1775629354512,500224
1775629354514,500224
1775629354515,500224
1775629354516,500224
1775629354518,500224
1775629354519,500224
1775629354520,500224
1775629354522,500224
1775629354523,500224
1775629354525,500224
1775629354526,500224
1775629354528,500224
1775629354529,500224
1775629354531,500224
1775629354532,500224
1775629354534,500224
1775629354535,500224
1775629354536,500224
1775629354538,500224
1775629354539,500224
1775629354540,500224
1775629354542,500224
1775629354543,500224
1775629354544,500224
1775629354546,500224
1775629354954,500224
1775629354956,500224
1775629354957,500224
1775629354958,500224
1775629354960,500224
1775629354961,500224
1775629354963,500224
1775629354965,500224
1775629354966,500224
1775629354968,500224
1775629354969,500224
1775629354971,500224
1775629354973,500224
1775629354976,500224
1775629354977,500224
1775629354979,500224
1775629354980,500224
1775629354981,500224
1775629354982,500224
1775629354984,500224
1775629354985,500224
1775629354987,500224
1775629354988,500224
1775629354989,500224
1775629354993,500224
1775629354996,500224
1775629354999,500224
1775629355001,500224
1775629355004,500224
1775629355010,500224
1775629355016,500224
1775629355017,500224
1775629355018,500224
1775629355020,500224
1775629355022,500224
1775629355023,500224
1775629355025,500224
1775629355026,500224
1775629355028,500224
1775629355030,500224
1775629355031,500224
1775629355033,500224
1775629355034,500224
1775629355035,500224
1775629355037,500224
1775629355038,500224
1775629355040,500224
1775629355041,500224
1775629355043,500224
1775629355044,500224
1775629355045,500224
1775629355047,500224
1775629355048,500224
1775629355049,500224
1775629355051,500224
1775629355052,500224
1775629355054,500224
1775629355055,500224
1775629355056,500224
1775629355060,500224
1775629355061,500224
1775629355062,500224
1775629355064,500224
1775629355065,500224
1775629355066,500224
1775629355068,500224
1775629355069,500224
1775629355070,500224
1775629355072,500224
1775629355074,500224
1775629355075,500224
1775629355077,500224
1775629355078,500224
1775629355079,500224
1775629355081,500224
1775629355082,500224
1775629355083,500224
1775629355086,500224
1775629355088,500224
1775629355089,500224
1775629355090,500224
1775629355091,500224
1775629355093,500224
1775629355094,500224
1775629355095,500224
1775629355096,500224
1775629355098,500224
1775629355099,500224
1775629355100,500224
1775629355101,500224
1775629355103,500224
1775629355104,500224
1775629355105,500224
1775629355107,500224
1775629355108,500224
1775629355110,500224
1775629355111,500224
1775629355112,500224
1775629355113,500224
1775629355115,500224
1775629355116,500224
1775629355117,500224
1775629355119,500224
1775629355120,500224
1775629355122,500224
1775629355123,500224
1775629355125,500224
1775629355555,500224
1775629355557,500224
1775629355558,500224
1775629355559,500224
1775629355561,500224
1775629355562,500224
1775629355564,500224
1775629355569,500224
1775629355571,500224
1775629355572,500224
1775629355576,500224
1775629355578,500224
1775629355581,500224
1775629355584,500224
1775629355587,500224
1775629355589,500224
1775629355590,500224
1775629355592,500224
1775629355593,500224
1775629355596,500224
1775629355597,500224
1775629355599,500224
1775629355601,500224
1775629355602,500224
1775629355604,500224
1775629355606,500224
1775629355609,500224
1775629355612,500224
1775629355614,500224
1775629355616,500224
1775629355618,500224
1775629355621,500224
1775629355622,500224
1775629355624,500224
1775629355625,500224
1775629355627,500224
1775629355629,500224
1775629355634,500224
1775629355636,500224
1775629355637,500224
1775629355639,500224
1775629355640,500224
1775629355642,500224
1775629355644,500224
1775629355646,500224
1775629355650,500224
1775629355652,500224
1775629355654,500224
1775629355656,500224
1775629355657,500224
1775629355659,500224
1775629355661,500224
1775629355663,500224
1775629355665,500224
1775629355667,500224
1775629355668,500224
1775629355671,500224
1775629355674,500224
1775629355676,500224
1775629355679,500224
1775629355681,500224
1775629355683,500224
1775629355684,500224
1775629355686,500224
1775629355688,500224
1775629355689,500224
1775629355691,500224
1775629355695,500224
1775629355696,500224
1775629355698,500224
1775629355700,500224
1775629355701,500224
1775629355703,500224
1775629355706,500224
1775629355707,500224
1775629355709,500224
1775629355710,500224
1775629355712,500224
1775629355713,500224
1775629355715,500224
1775629355716,500224
1775629355719,500224
1775629355720,500224
1775629355722,500224
1775629355723,500224
1775629355725,500224
1775629355726,500224
1775629355728,500224
1775629355730,500224
1775629355732,500224
1775629355733,500224
1775629355735,500224
1775629355738,500224
1775629355740,500224
1775629355741,500224
1775629355742,500224
1775629355744,500224
1775629355746,500224
1775629355747,500224
1775629355748,500224
1775629355749,500224
1775629355751,500224
1775629355753,500224
1775629355754,500224
1775629355755,500224
1775629355757,500224
1775629355759,500224
1775629355761,500224
1775629355762,500224
1775629355764,500224
1775629356156,500224
1775629356158,500224
1775629356160,500224
1775629356162,500224
1775629356164,500224
1775629356166,500224
1775629356167,500224
1775629356169,500224
1775629356171,500224
1775629356174,500224
1775629356176,500224
1775629356183,500224
1775629356184,500224
1775629356185,500224
1775629356187,500224
1775629356190,500224
1775629356191,500224
1775629356193,500224
1775629356194,500224
1775629356195,500224
1775629356197,500224
1775629356199,500224
1775629356202,500224
1775629356203,500224
1775629356206,500224
1775629356208,500224
1775629356210,500224
1775629356212,500224
1775629356213,500224
1775629356215,500224
1775629356217,500224
1775629356219,500224
1775629356221,500224
1775629356222,500224
1775629356223,500224
1775629356225,500224
1775629356228,500224
1775629356230,500224
1775629356233,500224
1775629356235,500224
1775629356239,500224
1775629356240,500224
1775629356241,500224
1775629356243,500224
1775629356245,500224
1775629356246,500224
1775629356248,500224
1775629356250,500224
1775629356253,500224
1775629356255,500224
1775629356258,500224
1775629356259,500224
1775629356261,500224
1775629356264,500224
1775629356266,500224
1775629356268,500224
1775629356270,500224
1775629356271,500224
1775629356273,500224
1775629356274,500224
1775629356276,500224
1775629356277,500224
1775629356278,500224
1775629356280,500224
1775629356282,500224
1775629356284,500224
1775629356286,500224
1775629356288,500224
1775629356290,500224
1775629356292,500224
1775629356294,500224
1775629356296,500224
1775629356297,500224
1775629356299,500224
1775629356300,500224
1775629356303,500224
1775629356304,500224
1775629356306,500224
1775629356307,500224
1775629356308,500224
1775629356310,500224
1775629356311,500224
1775629356313,500224
1775629356314,500224
1775629356316,500224
1775629356317,500224
1775629356319,500224
1775629356321,500224
1775629356325,500224
1775629356327,500224
1775629356328,500224
1775629356330,500224
1775629356331,500224
1775629356333,500224
1775629356335,500224
1775629356337,500224
1775629356338,500224
1775629356340,500224
1775629356341,500224
1775629356343,500224
1775629356344,500224
1775629356346,500224
1775629356348,500224
1775629356350,500224
1775629356352,500224
1775629356354,500224
1775629356758,500224
1775629356762,500224
1775629356765,500224
1775629356767,500224
1775629356770,500224
1775629356773,500224
1775629356776,500224
1775629356778,500224
1775629356779,500224
1775629356780,500224
1775629356781,500224
1775629356783,500224
1775629356784,500224
1775629356787,500224
1775629356791,500224
1775629356793,500224
1775629356794,500224
1775629356796,500224
1775629356798,500224
1775629356799,500224
1775629356800,500224
1775629356803,500224
1775629356806,500224
1775629356808,500224
1775629356810,500224
1775629356811,500224
1775629356814,500224
1775629356821,500224
1775629356825,500224
1775629356827,500224
1775629356828,500224
1775629356830,500224
1775629356832,500224
1775629356834,500224
1775629356836,500224
1775629356837,500224
1775629356839,500224
1775629356840,500224
1775629356842,500224
1775629356843,500224
1775629356845,500224
1775629356847,500224
1775629356848,500224
1775629356850,500224
1775629356852,500224
1775629356854,500224
1775629356855,500224
1775629356857,500224
1775629356859,500224
1775629356860,500224
1775629356861,500224
1775629356863,500224
1775629356864,500224
1775629356866,500224
1775629356868,500224
1775629356870,500224
1775629356872,500224
1775629356874,500224
1775629356875,500224
1775629356877,500224
1775629356879,500224
1775629356880,500224
1775629356884,500224
1775629356885,500224
1775629356887,500224
1775629356889,500224
1775629356891,500224
1775629356892,500224
1775629356894,500224
1775629356896,500224
1775629356897,500224
1775629356899,500224
1775629356901,500224
1775629356902,500224
1775629356903,500224
1775629356905,500224
1775629356906,500224
1775629356908,500224
1775629356909,500224
1775629356912,500224
1775629356913,500224
1775629356914,500224
1775629356916,500224
1775629356917,500224
1775629356919,500224
1775629356921,500224
1775629356925,500224
1775629356928,500224
1775629356935,500224
1775629356939,500224
1775629356940,500224
1775629356941,500224
1775629356944,500224
1775629356945,500224
1775629356947,500224
1775629356948,500224
1775629356951,500224
1775629356952,500224
1775629356954,500224
1775629356955,500224
1775629356957,500224
1775629356958,500224
1775629356960,500224
1775629356962,500224
1775629357358,500224
1775629357360,500224
1775629357363,500224
1775629357366,500224
1775629357369,500224
1775629357374,500224
1775629357378,500224
1775629357379,500224
1775629357381,500224
1775629357383,500224
1775629357385,500224
1775629357387,500224
1775629357389,500224
1775629357390,500224
1775629357394,500224
1775629357395,500224
1775629357397,500224
1775629357400,500224
1775629357403,500224
1775629357404,500224
1775629357405,500224
1775629357407,500224
1775629357409,500224
1775629357410,500224
1775629357412,500224
1775629357415,500224
1775629357417,500224
1775629357419,500224
1775629357421,500224
1775629357422,500224
1775629357423,500224
1775629357425,500224
1775629357427,500224
1775629357428,500224
1775629357433,500224
1775629357436,500224
1775629357439,500224
1775629357442,500224
1775629357446,500224
1775629357449,500224
1775629357450,500224
1775629357453,500224
1775629357455,500224
1775629357457,500224
1775629357458,500224
1775629357460,500224
1775629357461,500224
1775629357462,500224
1775629357464,500224
1775629357465,500224
1775629357468,500224
1775629357470,500224
1775629357473,500224
1775629357475,500224
1775629357477,500224
1775629357478,500224
1775629357480,500224
1775629357482,500224
1775629357485,500224
1775629357487,500224
1775629357488,500224
1775629357491,500224
1775629357493,500224
1775629357494,500224
1775629357496,500224
1775629357497,500224
1775629357498,500224
1775629357501,500224
1775629357509,500224
1775629357512,500224
1775629357513,500224
1775629357516,500224
1775629357518,500224
1775629357520,500224
1775629357521,500224
1775629357522,500224
1775629357524,500224
1775629357525,500224
1775629357526,500224
1775629357528,500224
1775629357529,500224
1775629357532,500224
1775629357534,500224
1775629357538,500224
1775629357540,500224
1775629357542,500224
1775629357543,500224
1775629357547,500224
1775629357549,500224
1775629357551,500224
1775629357553,500224
1775629357555,500224
1775629357559,500224
1775629357560,500224
1775629357562,500224
1775629357563,500224
1775629357565,500224
1775629357572,500224
1775629357574,500224
1775629357577,500224
1775629357579,500224
1775629357581,500224
1775629357583,500224
1775629357584,500224
1775629357585,500224
1775629357587,500224
1775629357588,500224
1775629357589,500224
1775629357590,500224
1775629357592,500224
1775629357593,500224
1775629357595,500224
1775629357960,500224
1775629357963,500224
1775629357964,500224
1775629357967,500224
1775629357970,500224
1775629357971,500224
1775629357974,500224
1775629357976,500224
1775629357978,500224
1775629357980,500224
1775629357981,500224
1775629357984,500224
1775629357985,500224
1775629357987,500224
1775629357990,500224
1775629357992,500224
1775629357993,500224
1775629357996,500224
1775629357998,500224
1775629357999,500224
1775629358001,500224
1775629358003,500224
1775629358005,500224
1775629358007,500224
1775629358009,500224
1775629358010,500224
1775629358014,500224
1775629358018,500224
1775629358020,500224
1775629358021,500224
1775629358024,500224
1775629358026,500224
1775629358028,500224
1775629358029,500224
1775629358031,500224
1775629358033,500224
1775629358035,500224
1775629358037,500224
1775629358039,500224
1775629358043,500224
1775629358050,500224
1775629358056,500224
1775629358059,500224
1775629358060,500224
1775629358062,500224
1775629358064,500224
1775629358065,500224
1775629358068,500224
1775629358070,500224
1775629358072,500224
1775629358073,500224
1775629358075,500224
1775629358076,500224
1775629358077,500224
1775629358079,500224
1775629358082,500224
1775629358084,500224
1775629358085,500224
1775629358087,500224
1775629358089,500224
1775629358091,500224
1775629358092,500224
1775629358094,500224
1775629358095,500224
1775629358096,500224
1775629358098,500224
1775629358099,500224
1775629358101,500224
1775629358102,500224
1775629358104,500224
1775629358106,500224
1775629358107,500224
1775629358109,500224
1775629358111,500224
1775629358113,500224
1775629358114,500224
1775629358116,500224
1775629358117,500224
1775629358119,500224
1775629358120,500224
1775629358121,500224
1775629358123,500224
1775629358124,500224
1775629358126,500224
1775629358128,500224
1775629358129,500224
1775629358130,500224
1775629358131,500224
1775629358134,500224
1775629358136,500224
1775629358138,500224
1775629358140,500224
1775629358142,500224
1775629358143,500224
1775629358145,500224
1775629358146,500224
1775629358148,500224
1775629358149,500224
1775629358151,500224
1775629358152,500224
1775629358154,500224
1775629358157,500224
1775629358159,500224
1775629358161,500224
1775629358164,500224
1775629358166,500224
1775629358561,500224
1775629358564,500224
1775629358565,500224
1775629358570,500224
1775629358573,500224
1775629358576,500224
1775629358578,500224
1775629358580,500224
1775629358584,500224
1775629358588,500224
1775629358590,500224
1775629358592,500224
1775629358595,500224
1775629358599,500224
1775629358601,500224
1775629358604,500224
1775629358606,500224
1775629358608,500224
1775629358611,500224
1775629358613,500224
1775629358617,500224
1775629358620,500224
1775629358625,500224
1775629358629,500224
1775629358631,500224
1775629358636,500224
1775629358639,500224
1775629358640,500224
1775629358644,500224
1775629358646,500224
1775629358648,500224
1775629358649,500224
1775629358651,500224
1775629358653,500224
1775629358654,500224
1775629358657,500224
1775629358659,500224
1775629358662,500224
1775629358665,500224
1775629358667,500224
1775629358669,500224
1775629358671,500224
1775629358672,500224
1775629358673,500224
1775629358676,500224
1775629358678,500224
1775629358680,500224
1775629358681,500224
1775629358683,500224
1775629358685,500224
1775629358687,500224
1775629358689,500224
1775629358691,500224
1775629358694,500224
1775629358700,500224
1775629358702,500224
1775629358703,500224
1775629358705,500224
1775629358706,500224
1775629358708,500224
1775629358709,500224
1775629358713,500224
1775629358716,500224
1775629358717,500224
1775629358719,500224
1775629358721,500224
1775629358722,500224
1775629358724,500224
1775629358726,500224
1775629358727,500224
1775629358728,500224
1775629358730,500224
1775629358732,500224
1775629358733,500224
1775629358735,500224
1775629358736,500224
1775629358738,500224
1775629358742,500224
1775629358747,500224
1775629358749,500224
1775629358750,500224
1775629358752,500224
1775629358754,500224
1775629358755,500224
1775629358757,500224
1775629358760,500224
1775629358764,500224
1775629358765,500224
1775629358766,500224
1775629358768,500224
1775629358770,500224
1775629358772,500224
1775629358774,500224
1775629358776,500224
1775629358778,500224
1775629358780,500224
1775629358781,500224
1775629358783,500224
1775629358784,500224
1775629358786,500224
1775629358788,500224
1775629358789,500224
1775629358791,500224
1775629358793,500224
1775629358795,500224
1775629358797,500224
1775629358799,500224
1775629358801,500224
1775629358804,500224
1775629358805,500224
1775629358807,500224
1775629359160,500224
1775629359164,500224
1775629359167,500224
1775629359170,500224
1775629359172,500224
1775629359173,500224
1775629359181,500224
1775629359183,500224
1775629359186,500224
1775629359187,500224
1775629359189,500224
1775629359197,500224
1775629359200,500224
1775629359203,500224
1775629359204,500224
1775629359205,500224
1775629359207,500224
1775629359208,500224
1775629359212,500224
1775629359214,500224
1775629359216,500224
1775629359220,500224
1775629359224,500224
1775629359227,500224
1775629359230,500224
1775629359232,500224
1775629359234,500224
1775629359236,500224
1775629359238,500224
1775629359240,500224
1775629359241,500224
1775629359243,500224
1775629359245,500224
1775629359248,500224
1775629359249,500224
1775629359251,500224
1775629359253,500224
1775629359255,500224
1775629359256,500224
1775629359257,500224
1775629359259,500224
1775629359261,500224
1775629359263,500224
1775629359265,500224
1775629359267,500224
1775629359269,500224
1775629359270,500224
1775629359272,500224
1775629359274,500224
1775629359277,500224
1775629359280,500224
1775629359282,500224
1775629359284,500224
1775629359286,500224
1775629359291,500224
1775629359293,500224
1775629359294,500224
1775629359297,500224
1775629359300,500224
1775629359302,500224
1775629359304,500224
1775629359306,500224
1775629359309,500224
1775629359311,500224
1775629359313,500224
1775629359314,500224
1775629359316,500224
1775629359317,500224
1775629359319,500224
1775629359321,500224
1775629359323,500224
1775629359324,500224
1775629359327,500224
1775629359330,500224
1775629359332,500224
1775629359333,500224
1775629359335,500224
1775629359339,500224
1775629359340,500224
1775629359341,500224
1775629359343,500224
1775629359344,500224
1775629359346,500224
1775629359349,500224
1775629359351,500224
1775629359354,500224
1775629359357,500224
1775629359359,500224
1775629359361,500224
1775629359362,500224
1775629359364,500224
1775629359366,500224
1775629359367,500224
1775629359371,500224
1775629359373,500224
1775629359374,500224
1775629359379,500224
1775629359381,500224
1775629359383,500224
1775629359384,500224
1775629359386,500224
1775629359390,500224
1775629359391,500224
1775629359392,500224
1775629359762,500224
1775629359765,500224
1775629359769,500224
1775629359772,500224
1775629359776,500224
1775629359778,500224
1775629359780,500224
1775629359781,500224
1775629359783,500224
1775629359785,500224
1775629359789,500224
1775629359791,500224
1775629359793,500224
1775629359795,500224
1775629359796,500224
1775629359801,500224
1775629359803,500224
1775629359804,500224
1775629359806,500224
1775629359810,500224
1775629359813,500224
1775629359814,500224
1775629359816,500224
1775629359821,500224
1775629359822,500224
1775629359824,500224
1775629359826,500224
1775629359830,500224
1775629359833,500224
1775629359835,500224
1775629359838,500224
1775629359839,500224
1775629359842,500224
1775629359844,500224
1775629359846,500224
1775629359850,500224
1775629359853,500224
1775629359854,500224
1775629359856,500224
1775629359858,500224
1775629359860,500224
1775629359861,500224
1775629359862,500224
1775629359864,500224
1775629359868,500224
1775629359869,500224
1775629359870,500224
1775629359873,500224
1775629359875,500224
1775629359876,500224
1775629359878,500224
1775629359881,500224
1775629359883,500224
1775629359884,500224
1775629359886,500224
1775629359888,500224
1775629359890,500224
1775629359892,500224
1775629359894,500224
1775629359896,500224
1775629359898,500224
1775629359900,500224
1775629359902,500224
1775629359903,500224
1775629359904,500224
1775629359906,500224
1775629359907,500224
1775629359909,500224
1775629359911,500224
1775629359914,500224
1775629359916,500224
1775629359918,500224
1775629359919,500224
1775629359922,500224
1775629359923,500224
1775629359924,500224
1775629359926,500224
1775629359930,500224
1775629359932,500224
1775629359933,500224
1775629359935,500224
1775629359937,500224
1775629359938,500224
1775629359939,500224
1775629359941,500224
1775629359942,500224
1775629359943,500224
1775629359944,500224
1775629359946,500224
1775629359948,500224
1775629359949,500224
1775629359951,500224
1775629359954,500224
1775629359955,500224
1775629359956,500224
1775629359958,500224
1775629359959,500224
1775629359961,500224
1775629359963,500224
1775629359964,500224
1775629359965,500224
1775629359967,500224
1775629359969,500224
1775629359970,500224
1775629359972,500224
1775629359974,500224
1775629359975,500224
1775629359977,500224
1775629360362,500224
1775629360366,500224
1775629360369,500224
1775629360371,500224
1775629360376,500224
1775629360379,500224
1775629360383,500224
1775629360386,500224
1775629360387,500224
1775629360389,500224
1775629360391,500224
1775629360400,500224
1775629360403,500224
1775629360405,500224
1775629360406,500224
1775629360408,500224
1775629360410,500224
1775629360411,500224
1775629360413,500224
1775629360415,500224
1775629360416,500224
1775629360417,500224
1775629360419,500224
1775629360422,500224
1775629360424,500224
1775629360426,500224
1775629360428,500224
1775629360429,500224
1775629360431,500224
1775629360432,500224
1775629360433,500224
1775629360435,500224
1775629360438,500224
1775629360439,500224
1775629360441,500224
1775629360443,500224
1775629360444,500224
1775629360445,500224
1775629360447,500224
1775629360454,500224
1775629360456,500224
1775629360458,500224
1775629360460,500224
1775629360463,500224
1775629360466,500224
1775629360468,500224
1775629360469,500224
1775629360473,500224
1775629360476,500224
1775629360477,500224
1775629360479,500224
1775629360480,500224
1775629360482,500224
1775629360483,500224
1775629360486,500224
1775629360487,500224
1775629360489,500224
1775629360495,500224
1775629360496,500224
1775629360498,500224
1775629360500,500224
1775629360502,500224
1775629360504,500224
1775629360506,500224
1775629360508,500224
1775629360510,500224
1775629360511,500224
1775629360512,500224
1775629360514,500224
1775629360515,500224
1775629360517,500224
1775629360519,500224
1775629360520,500224
1775629360522,500224
1775629360525,500224
1775629360527,500224
1775629360530,500224
1775629360532,500224
1775629360533,500224
1775629360534,500224
1775629360536,500224
1775629360537,500224
1775629360539,500224
1775629360541,500224
1775629360543,500224
1775629360544,500224
1775629360546,500224
1775629360549,500224
1775629360552,500224
1775629360554,500224
1775629360557,500224
1775629360558,500224
1775629360559,500224
1775629360561,500224
1775629360563,500224
1775629360565,500224
1775629360568,500224
1775629360569,500224
1775629360572,500224
1775629360574,500224
1775629360577,500224
1775629360578,500224
1775629360579,500224
1775629360580,500224
1775629360582,500224
1775629360583,500224
1775629360585,500224
1775629360962,500224
1775629360965,500224
1775629360967,500224
1775629360969,500224
1775629360970,500224
1775629360973,500224
1775629360976,500224
1775629360978,500224
1775629360984,500224
1775629360986,500224
1775629360989,500224
1775629360991,500224
1775629360993,500224
1775629360995,500224
1775629360997,500224
1775629360999,500224
1775629361001,500224
1775629361003,500224
1775629361004,500224
1775629361006,500224
1775629361007,500224
1775629361009,500224
1775629361010,500224
1775629361012,500224
1775629361013,500224
1775629361015,500224
1775629361016,500224
1775629361018,500224
1775629361019,500224
1775629361023,500224
1775629361024,500224
1775629361026,500224
1775629361027,500224
1775629361031,500224
1775629361033,500224
1775629361034,500224
1775629361036,500224
1775629361041,500224
1775629361042,500224
1775629361045,500224
1775629361047,500224
1775629361049,500224
1775629361051,500224
1775629361052,500224
1775629361053,500224
1775629361055,500224
1775629361056,500224
1775629361057,500224
1775629361059,500224
1775629361061,500224
1775629361062,500224
1775629361063,500224
1775629361065,500224
1775629361066,500224
1775629361068,500224
1775629361069,500224
1775629361071,500224
1775629361073,500224
1775629361074,500224
1775629361076,500224
1775629361077,500224
1775629361079,500224
1775629361080,500224
1775629361083,500224
1775629361085,500224
1775629361086,500224
1775629361088,500224
1775629361089,500224
1775629361091,500224
1775629361094,500224
1775629361096,500224
1775629361098,500224
1775629361100,500224
1775629361102,500224
1775629361103,500224
1775629361104,500224
1775629361106,500224
1775629361107,500224
1775629361109,500224
1775629361111,500224
1775629361112,500224
1775629361114,500224
1775629361115,500224
1775629361116,500224
1775629361118,500224
1775629361120,500224
1775629361122,500224
1775629361124,500224
1775629361125,500224
1775629361127,500224
1775629361129,500224
1775629361131,500224
1775629361134,500224
1775629361136,500224
1775629361138,500224
1775629361139,500224
1775629361148,500224
1775629361149,500224
1775629361151,500224
1775629361152,500224
1775629361154,500224
1775629361156,500224
1775629361157,500224
1775629361159,500224
1775629361161,500224
1775629361162,500224
1775629361564,500224
1775629361568,500224
1775629361572,500224
1775629361576,500224
1775629361578,500224
1775629361580,500224
1775629361581,500224
1775629361583,500224
1775629361584,500224
1775629361585,500224
1775629361586,500224
1775629361588,500224
1775629361589,500224
1775629361591,500224
1775629361601,500224
1775629361605,500224
1775629361607,500224
1775629361609,500224
1775629361610,500224
1775629361614,500224
1775629361617,500224
1775629361619,500224
1775629361622,500224
1775629361624,500224
1775629361628,500224
1775629361630,500224
1775629361634,500224
1775629361636,500224
1775629361638,500224
1775629361639,500224
1775629361641,500224
1775629361644,500224
1775629361646,500224
1775629361648,500224
1775629361651,500224
1775629361652,500224
1775629361655,500224
1775629361657,500224
1775629361659,500224
1775629361660,500224
1775629361662,500224
1775629361666,500224
1775629361673,500224
1775629361675,500224
1775629361677,500224
1775629361678,500224
1775629361680,500224
1775629361682,500224
1775629361684,500224
1775629361685,500224
1775629361687,500224
1775629361688,500224
1775629361690,500224
1775629361691,500224
1775629361693,500224
1775629361695,500224
1775629361696,500224
1775629361698,500224
1775629361700,500224
1775629361701,500224
1775629361703,500224
1775629361706,500224
1775629361708,500224
1775629361710,500224
1775629361712,500224
1775629361716,500224
1775629361717,500224
1775629361719,500224
1775629361721,500224
1775629361722,500224
1775629361724,500224
1775629361725,500224
1775629361728,500224
1775629361730,500224
1775629361732,500224
1775629361734,500224
1775629361736,500224
1775629361738,500224
1775629361744,500224
1775629361752,500224
1775629361754,500224
1775629361756,500224
1775629361757,500224
1775629361759,500224
1775629361762,500224
1775629361763,500224
1775629361766,500224
1775629361768,500224
1775629361770,500224
1775629361771,500224
1775629361773,500224
1775629361774,500224
1775629361775,500224
1775629361778,500224
1775629361780,500224
1775629361782,500224
1775629361785,500224
1775629361788,500224
1775629361790,500224
1775629361795,500224
1775629361796,500224
1775629361798,500224
1775629361799,500224
1775629361801,500224
1775629361803,500224
1775629361804,500224
1775629361806,500224
1775629361807,500224
1775629361809,500224
1775629361812,500224
1775629361816,500224
1775629361818,500224
1775629361820,500224
1775629361822,500224
1775629362165,500224
1775629362173,500224
1775629362180,500224
1775629362182,500224
1775629362185,500224
1775629362188,500224
1775629362189,500224
1775629362191,500224
1775629362192,500224
1775629362194,500224
1775629362195,500224
1775629362196,500224
1775629362198,500224
1775629362200,500224
1775629362204,500224
1775629362207,500224
1775629362210,500224
1775629362211,500224
1775629362213,500224
1775629362216,500224
1775629362218,500224
1775629362219,500224
1775629362221,500224
1775629362222,500224
1775629362224,500224
1775629362225,500224
1775629362227,500224
1775629362228,500224
1775629362229,500224
1775629362231,500224
1775629362232,500224
1775629362234,500224
1775629362236,500224
1775629362238,500224
1775629362239,500224
1775629362241,500224
1775629362243,500224
1775629362245,500224
1775629362246,500224
1775629362247,500224
1775629362251,500224
1775629362254,500224
1775629362256,500224
1775629362258,500224
1775629362260,500224
1775629362262,500224
1775629362264,500224
1775629362265,500224
1775629362267,500224
1775629362268,500224
1775629362270,500224
1775629362271,500224
1775629362273,500224
1775629362275,500224
1775629362276,500224
1775629362278,500224
1775629362279,500224
1775629362281,500224
1775629362282,500224
1775629362284,500224
1775629362285,500224
1775629362289,500224
1775629362293,500224
1775629362297,500224
1775629362299,500224
1775629362304,500224
1775629362306,500224
1775629362307,500224
1775629362308,500224
1775629362310,500224
1775629362312,500224
1775629362315,500224
1775629362317,500224
1775629362319,500224
1775629362320,500224
1775629362321,500224
1775629362323,500224
1775629362325,500224
1775629362326,500224
1775629362328,500224
1775629362329,500224
1775629362331,500224
1775629362334,500224
1775629362336,500224
1775629362337,500224
1775629362339,500224
1775629362340,500224
1775629362341,500224
1775629362343,500224
1775629362344,500224
1775629362347,500224
1775629362348,500224
1775629362350,500224
1775629362351,500224
1775629362354,500224
1775629362356,500224
1775629362357,500224
1775629362358,500224
1775629362360,500224
1775629362362,500224
1775629362363,500224
1775629362365,500224
1775629362366,500224
1775629362368,500224
1775629362369,500224
1775629362371,500224
1775629362766,500224
1775629362768,500224
1775629362770,500224
1775629362772,500224
1775629362774,500224
1775629362780,500224
1775629362782,500224
1775629362785,500224
1775629362788,500224
1775629362790,500224
1775629362792,500224
1775629362794,500224
1775629362796,500224
1775629362798,500224
1775629362799,500224
1775629362801,500224
1775629362802,500224
1775629362803,500224
1775629362809,500224
1775629362811,500224
1775629362816,500224
1775629362819,500224
1775629362820,500224
1775629362821,500224
1775629362823,500224
1775629362824,500224
1775629362825,500224
1775629362827,500224
1775629362830,500224
1775629362833,500224
1775629362835,500224
1775629362836,500224
1775629362844,500224
1775629362845,500224
1775629362847,500224
1775629362849,500224
1775629362850,500224
1775629362852,500224
1775629362854,500224
1775629362855,500224
1775629362857,500224
1775629362858,500224
1775629362860,500224
1775629362862,500224
1775629362863,500224
1775629362864,500224
1775629362866,500224
1775629362867,500224
1775629362868,500224
1775629362870,500224
1775629362871,500224
1775629362873,500224
1775629362874,500224
1775629362878,500224
1775629362880,500224
1775629362883,500224
1775629362886,500224
1775629362889,500224
1775629362892,500224
1775629362895,500224
1775629362898,500224
1775629362906,500224
1775629362908,500224
1775629362909,500224
1775629362912,500224
1775629362915,500224
1775629362918,500224
1775629362920,500224
1775629362923,500224
1775629362924,500224
1775629362927,500224
1775629362930,500224
1775629362932,500224
1775629362933,500224
1775629362936,500224
1775629362938,500224
1775629362940,500224
1775629362943,500224
1775629362945,500224
1775629362947,500224
1775629362949,500224
1775629362951,500224
1775629362953,500224
1775629362958,500224
1775629362961,500224
1775629362963,500224
1775629362965,500224
1775629362966,500224
1775629362968,500224
1775629362970,500224
1775629362972,500224
1775629362973,500224
1775629362975,500224
1775629362977,500224
1775629362980,500224
1775629362981,500224
1775629362983,500224
1775629362984,500224
1775629362986,500224
1775629362987,500224
1775629362989,500224
1775629362990,500224
1775629363367,500224
1775629363369,500224
1775629363370,500224
1775629363372,500224
1775629363374,500224
1775629363375,500224
1775629363378,500224
1775629363381,500224
1775629363383,500224
1775629363385,500224
1775629363387,500224
1775629363388,500224
1775629363390,500224
1775629363392,500224
1775629363395,500224
1775629363397,500224
1775629363399,500224
1775629363401,500224
1775629363403,500224
1775629363404,500224
1775629363406,500224
1775629363408,500224
1775629363411,500224
1775629363415,500224
1775629363417,500224
1775629363419,500224
1775629363423,500224
1775629363426,500224
1775629363431,500224
1775629363432,500224
1775629363434,500224
1775629363435,500224
1775629363436,500224
1775629363437,500224
1775629363439,500224
1775629363440,500224
1775629363442,500224
1775629363443,500224
1775629363446,500224
1775629363448,500224
1775629363449,500224
1775629363451,500224
1775629363453,500224
1775629363454,500224
1775629363460,500224
1775629363463,500224
1775629363468,500224
1775629363470,500224
1775629363472,500224
1775629363474,500224
1775629363475,500224
1775629363477,500224
1775629363478,500224
1775629363480,500224
1775629363481,500224
1775629363483,500224
1775629363484,500224
1775629363485,500224
1775629363487,500224
1775629363488,500224
1775629363490,500224
1775629363491,500224
1775629363493,500224
1775629363495,500224
1775629363497,500224
1775629363498,500224
1775629363500,500224
1775629363502,500224
1775629363503,500224
1775629363505,500224
1775629363506,500224
1775629363508,500224
1775629363509,500224
1775629363511,500224
1775629363512,500224
1775629363514,500224
1775629363515,500224
1775629363516,500224
1775629363518,500224
1775629363522,500224
1775629363525,500224
1775629363527,500224
1775629363530,500224
1775629363533,500224
1775629363537,500224
1775629363540,500224
1775629363542,500224
1775629363545,500224
1775629363551,500224
1775629363554,500224
1775629363558,500224
1775629363560,500224
1775629363563,500224
1775629363565,500224
1775629363567,500224
1775629363569,500224
1775629363570,500224
1775629363572,500224
1775629363573,500224
1775629363576,500224
1775629363578,500224
1775629363581,500224
1775629363582,500224
1775629363584,500224
1775629363585,500224
1775629363969,500224
1775629363972,500224
1775629363973,500224
1775629363975,500224
1775629363978,500224
1775629363979,500224
1775629363985,500224
1775629363987,500224
1775629363988,500224
1775629363990,500224
1775629363993,500224
1775629363995,500224
1775629363997,500224
1775629363998,500224
1775629364000,500224
1775629364001,500224
1775629364005,500224
1775629364010,500224
1775629364011,500224
1775629364017,500224
1775629364019,500224
1775629364021,500224
1775629364023,500224
1775629364030,500224
1775629364032,500224
1775629364034,500224
1775629364037,500224
1775629364038,500224
1775629364041,500224
1775629364045,500224
1775629364048,500224
1775629364051,500224
1775629364052,500224
1775629364054,500224
1775629364055,500224
1775629364057,500224
1775629364059,500224
1775629364060,500224
1775629364063,500224
1775629364067,500224
1775629364069,500224
1775629364071,500224
1775629364072,500224
1775629364075,500224
1775629364078,500224
1775629364081,500224
1775629364083,500224
1775629364085,500224
1775629364087,500224
1775629364089,500224
1775629364090,500224
1775629364093,500224
1775629364095,500224
1775629364097,500224
1775629364098,500224
1775629364100,500224
1775629364102,500224
1775629364104,500224
1775629364106,500224
1775629364108,500224
1775629364111,500224
1775629364113,500224
1775629364114,500224
1775629364116,500224
1775629364117,500224
1775629364119,500224
1775629364122,500224
1775629364124,500224
1775629364126,500224
1775629364128,500224
1775629364130,500224
1775629364131,500224
1775629364134,500224
1775629364136,500224
1775629364137,500224
1775629364142,500224
1775629364143,500224
1775629364145,500224
1775629364146,500224
1775629364148,500224
1775629364150,500224
1775629364153,500224
1775629364154,500224
1775629364156,500224
1775629364157,500224
1775629364158,500224
1775629364161,500224
1775629364164,500224
1775629364165,500224
1775629364168,500224
1775629364171,500224
1775629364173,500224
1775629364174,500224
1775629364177,500224
1775629364179,500224
1775629364181,500224
1775629364183,500224
1775629364185,500224
1775629364187,500224
1775629364189,500224
1775629364190,500224
1775629364193,500224
1775629364194,500224
1775629364197,500224
1775629364199,500224
1775629364201,500224
1775629364202,500224
1775629364204,500224
1775629364205,500224
1775629364207,500224
1775629364209,500224
1775629364211,500224
1775629364215,500224
1775629364218,500224
1775629364568,500224
1775629364571,500224
1775629364572,500224
1775629364575,500224
1775629364577,500224
1775629364578,500224
1775629364580,500224
1775629364582,500224
1775629364584,500224
1775629364586,500224
1775629364587,500224
1775629364590,500224
1775629364593,500224
1775629364594,500224
1775629364596,500224
1775629364598,500224
1775629364601,500224
1775629364602,500224
1775629364603,500224
1775629364605,500224
1775629364607,500224
1775629364608,500224
1775629364610,500224
1775629364612,500224
1775629364613,500224
1775629364615,500224
1775629364617,500224
1775629364620,500224
1775629364627,500224
1775629364629,500224
1775629364630,500224
1775629364631,500224
1775629364633,500224
1775629364635,500224
1775629364636,500224
1775629364638,500224
1775629364640,500224
1775629364642,500224
1775629364643,500224
1775629364645,500224
1775629364647,500224
1775629364648,500224
1775629364650,500224
1775629364652,500224
1775629364653,500224
1775629364655,500224
1775629364656,500224
1775629364658,500224
1775629364659,500224
1775629364660,500224
1775629364662,500224
1775629364663,500224
1775629364666,500224
1775629364667,500224
1775629364669,500224
1775629364671,500224
1775629364672,500224
1775629364674,500224
1775629364677,500224
1775629364680,500224
1775629364681,500224
1775629364683,500224
1775629364684,500224
1775629364686,500224
1775629364689,500224
1775629364691,500224
1775629364693,500224
1775629364694,500224
1775629364696,500224
1775629364698,500224
1775629364699,500224
1775629364701,500224
1775629364702,500224
1775629364704,500224
1775629364705,500224
1775629364707,500224
1775629364711,500224
1775629364713,500224
1775629364714,500224
1775629364716,500224
1775629364718,500224
1775629364720,500224
1775629364721,500224
1775629364723,500224
1775629364725,500224
1775629364726,500224
1775629364728,500224
1775629364729,500224
1775629364731,500224
1775629364732,500224
1775629364734,500224
1775629364737,500224
1775629364738,500224
1775629364740,500224
1775629364743,500224
1775629364744,500224
1775629364746,500224
1775629364748,500224
1775629364750,500224
1775629364751,500224
1775629364753,500224
1775629364754,500224
1775629364756,500224
1775629364757,500224
1775629364760,500224
1775629364763,500224
1775629364764,500224
1775629364768,500224
1775629364769,500224
1775629364771,500224
1775629364772,500224
1775629364774,500224
1775629365170,500224
1775629365173,500224
1775629365177,500224
1775629365179,500224
1775629365182,500224
1775629365184,500224
1775629365185,500224
1775629365187,500224
1775629365189,500224
1775629365192,500224
1775629365194,500224
1775629365196,500224
1775629365197,500224
1775629365199,500224
1775629365201,500224
1775629365203,500224
1775629365205,500224
1775629365207,500224
1775629365208,500224
1775629365212,500224
1775629365213,500224
1775629365214,500224
1775629365217,500224
1775629365218,500224
1775629365220,500224
1775629365221,500224
1775629365226,500224
1775629365229,500224
1775629365231,500224
1775629365233,500224
1775629365235,500224
1775629365238,500224
1775629365241,500224
1775629365245,500224
1775629365247,500224
1775629365253,500224
1775629365255,500224
1775629365256,500224
1775629365259,500224
1775629365261,500224
1775629365264,500224
1775629365266,500224
1775629365270,500224
1775629365272,500224
1775629365274,500224
1775629365275,500224
1775629365276,500224
1775629365278,500224
1775629365281,500224
1775629365283,500224
1775629365285,500224
1775629365287,500224
1775629365289,500224
1775629365290,500224
1775629365292,500224
1775629365293,500224
1775629365294,500224
1775629365296,500224
1775629365297,500224
1775629365299,500224
1775629365302,500224
1775629365303,500224
1775629365305,500224
1775629365308,500224
1775629365309,500224
1775629365313,500224
1775629365315,500224
1775629365316,500224
1775629365318,500224
1775629365320,500224
1775629365322,500224
1775629365323,500224
1775629365325,500224
1775629365327,500224
1775629365329,500224
1775629365331,500224
1775629365335,500224
1775629365337,500224
1775629365339,500224
1775629365341,500224
1775629365343,500224
1775629365345,500224
1775629365348,500224
1775629365350,500224
1775629365354,500224
1775629365357,500224
1775629365358,500224
1775629365360,500224
1775629365362,500224
1775629365365,500224
1775629365367,500224
1775629365369,500224
1775629365370,500224
1775629365372,500224
1775629365373,500224
1775629365375,500224
1775629365768,500224
1775629365770,500224
1775629365773,500224
1775629365775,500224
1775629365781,500224
1775629365783,500224
1775629365784,500224
1775629365785,500224
1775629365787,500224
1775629365789,500224
1775629365791,500224
1775629365794,500224
1775629365796,500224
1775629365798,500224
1775629365800,500224
1775629365801,500224
1775629365803,500224
1775629365807,500224
1775629365808,500224
1775629365812,500224
1775629365816,500224
1775629365817,500224
1775629365819,500224
1775629365821,500224
1775629365823,500224
1775629365824,500224
1775629365825,500224
1775629365826,500224
1775629365829,500224
1775629365832,500224
1775629365835,500224
1775629365837,500224
1775629365844,500224
1775629365847,500224
1775629365849,500224
1775629365851,500224
1775629365853,500224
1775629365857,500224
1775629365861,500224
1775629365865,500224
1775629365868,500224
1775629365869,500224
1775629365872,500224
1775629365877,500224
1775629365884,500224
1775629365889,500224
1775629365893,500224
1775629365895,500224
1775629365898,500224
1775629365899,500224
1775629365901,500224
1775629365902,500224
1775629365904,500224
1775629365906,500224
1775629365908,500224
1775629365909,500224
1775629365911,500224
1775629365913,500224
1775629365914,500224
1775629365916,500224
1775629365917,500224
1775629365919,500224
1775629365922,500224
1775629365924,500224
1775629365926,500224
1775629365927,500224
1775629365928,500224
1775629365930,500224
1775629365931,500224
1775629365932,500224
1775629365934,500224
1775629365936,500224
1775629365937,500224
1775629365939,500224
1775629365940,500224
1775629365941,500224
1775629365943,500224
1775629365944,500224
1775629365946,500224
1775629365947,500224
1775629365949,500224
1775629365950,500224
1775629365952,500224
1775629365953,500224
1775629365954,500224
1775629365955,500224
1775629365958,500224
1775629365960,500224
1775629365962,500224
1775629365964,500224
1775629365965,500224
1775629365966,500224
1775629365968,500224
1775629365969,500224
1775629365971,500224
1775629365972,500224
1775629365975,500224
1775629365982,500224
1775629365984,500224
1775629365985,500224
1775629365990,500224
1775629365993,500224
1775629365996,500224
1775629365998,500224
1775629365999,500224
1775629366000,500224
1775629366001,500224
1775629366003,500224
1775629366004,500224
1775629366371,500224
1775629366372,500224
1775629366374,500224
1775629366377,500224
1775629366379,500224
1775629366381,500224
1775629366383,500224
1775629366385,500224
1775629366386,500224
1775629366388,500224
1775629366389,500224
1775629366391,500224
1775629366392,500224
1775629366394,500224
1775629366395,500224
1775629366398,500224
1775629366400,500224
1775629366402,500224
1775629366403,500224
1775629366405,500224
1775629366406,500224
1775629366408,500224
1775629366409,500224
1775629366411,500224
1775629366412,500224
1775629366414,500224
1775629366415,500224
1775629366419,500224
1775629366422,500224
1775629366424,500224
1775629366425,500224
1775629366427,500224
1775629366429,500224
1775629366433,500224
1775629366435,500224
1775629366437,500224
1775629366438,500224
1775629366440,500224
1775629366444,500224
1775629366446,500224
1775629366448,500224
1775629366450,500224
1775629366451,500224
1775629366453,500224
1775629366454,500224
1775629366456,500224
1775629366457,500224
1775629366459,500224
1775629366461,500224
1775629366462,500224
1775629366465,500224
1775629366468,500224
1775629366470,500224
1775629366471,500224
1775629366473,500224
1775629366475,500224
1775629366477,500224
1775629366479,500224
1775629366480,500224
1775629366483,500224
1775629366488,500224
1775629366491,500224
1775629366496,500224
1775629366498,500224
1775629366499,500224
1775629366500,500224
1775629366501,500224
1775629366503,500224
1775629366504,500224
1775629366505,500224
1775629366507,500224
1775629366508,500224
1775629366509,500224
1775629366511,500224
1775629366512,500224
1775629366513,500224
1775629366514,500224
1775629366516,500224
1775629366518,500224
1775629366521,500224
1775629366523,500224
1775629366525,500224
1775629366527,500224
1775629366528,500224
1775629366530,500224
1775629366531,500224
1775629366532,500224
1775629366534,500224
1775629366535,500224
1775629366536,500224
1775629366538,500224
1775629366539,500224
1775629366540,500224
1775629366542,500224
1775629366543,500224
1775629366545,500224
1775629366546,500224
1775629366547,500224
1775629366549,500224
1775629366550,500224
1775629366551,500224
1775629366552,500224
1775629366556,500224
1775629366559,500224
1775629366560,500224
1775629366561,500224
1775629366563,500224
1775629366566,500224
1775629366568,500224
1775629366570,500224
1775629366572,500224
1775629366577,500224
1775629366579,500224
1775629366581,500224
1775629366582,500224
1775629366584,500224
1775629366585,500224
1775629366586,500224
1775629366970,500224
1775629366973,500224
1775629366975,500224
1775629366977,500224
1775629366981,500224
1775629366983,500224
1775629366985,500224
1775629366987,500224
1775629366988,500224
1775629366990,500224
1775629366993,500224
1775629366996,500224
1775629366999,500224
1775629367001,500224
1775629367003,500224
1775629367004,500224
1775629367006,500224
1775629367007,500224
1775629367008,500224
1775629367010,500224
1775629367011,500224
1775629367012,500224
1775629367014,500224
1775629367016,500224
1775629367017,500224
1775629367020,500224
1775629367022,500224
1775629367026,500224
1775629367029,500224
1775629367031,500224
1775629367033,500224
1775629367035,500224
1775629367037,500224
1775629367039,500224
1775629367041,500224
1775629367043,500224
1775629367045,500224
1775629367046,500224
1775629367048,500224
1775629367050,500224
1775629367052,500224
1775629367054,500224
1775629367055,500224
1775629367057,500224
1775629367058,500224
1775629367060,500224
1775629367061,500224
1775629367066,500224
1775629367069,500224
1775629367071,500224
1775629367072,500224
1775629367074,500224
1775629367075,500224
1775629367077,500224
1775629367078,500224
1775629367079,500224
1775629367081,500224
1775629367083,500224
1775629367085,500224
1775629367089,500224
1775629367091,500224
1775629367092,500224
1775629367094,500224
1775629367095,500224
1775629367097,500224
1775629367098,500224
1775629367099,500224
1775629367101,500224
1775629367102,500224
1775629367105,500224
1775629367107,500224
1775629367108,500224
1775629367110,500224
1775629367112,500224
1775629367115,500224
1775629367118,500224
1775629367120,500224
1775629367123,500224
1775629367124,500224
1775629367127,500224
1775629367130,500224
1775629367133,500224
1775629367136,500224
1775629367138,500224
1775629367142,500224
1775629367149,500224
1775629367151,500224
1775629367153,500224
1775629367155,500224
1775629367158,500224
1775629367160,500224
1775629367162,500224
1775629367163,500224
1775629367164,500224
1775629367581,500224
1775629367584,500224
1775629367586,500224
1775629367590,500224
1775629367593,500224
1775629367595,500224
1775629367598,500224
1775629367600,500224
1775629367602,500224
1775629367603,500224
1775629367607,500224
1775629367609,500224
1775629367610,500224
1775629367612,500224
1775629367615,500224
1775629367618,500224
1775629367621,500224
1775629367623,500224
1775629367624,500224
1775629367626,500224
1775629367632,500224
1775629367634,500224
1775629367638,500224
1775629367642,500224
1775629367644,500224
1775629367646,500224
1775629367647,500224
1775629367649,500224
1775629367652,500224
1775629367654,500224
1775629367655,500224
1775629367657,500224
1775629367659,500224
1775629367661,500224
1775629367662,500224
1775629367664,500224
1775629367666,500224
1775629367668,500224
1775629367670,500224
1775629367672,500224
1775629367673,500224
1775629367675,500224
1775629367676,500224
1775629367678,500224
1775629367681,500224
1775629367684,500224
1775629367685,500224
1775629367686,500224
1775629367688,500224
1775629367689,500224
1775629367692,500224
1775629367694,500224
1775629367695,500224
1775629367697,500224
1775629367699,500224
1775629367701,500224
1775629367702,500224
1775629367704,500224
1775629367705,500224
1775629367707,500224
1775629367709,500224
1775629367710,500224
1775629367712,500224
1775629367714,500224
1775629367715,500224
1775629367717,500224
1775629367719,500224
1775629367721,500224
1775629367724,500224
1775629367726,500224
1775629367728,500224
1775629367731,500224
1775629367735,500224
1775629367738,500224
1775629367743,500224
1775629367747,500224
1775629367750,500224
1775629367752,500224
1775629367753,500224
1775629367754,500224
1775629367757,500224
1775629367759,500224
1775629367761,500224
1775629367764,500224
1775629367766,500224
1775629367767,500224
1775629367769,500224
1775629367770,500224
1775629367773,500224
1775629367774,500224
1775629367776,500224
1775629367777,500224
1775629367779,500224
1775629367781,500224
1775629367783,500224
1775629367785,500224
1775629367787,500224
1775629367788,500224
1775629367790,500224
1775629367792,500224
1775629367794,500224
1775629367797,500224
1775629367798,500224
1775629367800,500224
1775629367801,500224
1775629367803,500224
1775629367804,500224
1775629367806,500224
1775629367807,500224
1775629367808,500224
1775629367810,500224
1775629367811,500224
1775629367814,500224
1775629367815,500224
1775629367817,500224
1775629367818,500224
1775629367820,500224
1775629368172,500224
1775629368176,500224
1775629368179,500224
1775629368182,500224
1775629368184,500224
1775629368188,500224
1775629368192,500224
1775629368194,500224
1775629368196,500224
1775629368198,500224
1775629368200,500224
1775629368201,500224
1775629368208,500224
1775629368211,500224
1775629368213,500224
1775629368216,500224
1775629368220,500224
1775629368222,500224
1775629368223,500224
1775629368224,500224
1775629368227,500224
1775629368228,500224
1775629368230,500224
1775629368231,500224
1775629368232,500224
1775629368234,500224
1775629368236,500224
1775629368237,500224
1775629368239,500224
1775629368243,500224
1775629368245,500224
1775629368247,500224
1775629368249,500224
1775629368250,500224
1775629368252,500224
1775629368253,500224
1775629368256,500224
1775629368261,500224
1775629368264,500224
1775629368267,500224
1775629368269,500224
1775629368271,500224
1775629368272,500224
1775629368276,500224
1775629368279,500224
1775629368281,500224
1775629368283,500224
1775629368285,500224
1775629368290,500224
1775629368294,500224
1775629368298,500224
1775629368300,500224
1775629368301,500224
1775629368303,500224
1775629368304,500224
1775629368306,500224
1775629368308,500224
1775629368311,500224
1775629368313,500224
1775629368315,500224
1775629368316,500224
1775629368318,500224
1775629368319,500224
1775629368321,500224
1775629368324,500224
1775629368325,500224
1775629368327,500224
1775629368328,500224
1775629368329,500224
1775629368331,500224
1775629368333,500224
1775629368335,500224
1775629368337,500224
1775629368338,500224
1775629368340,500224
1775629368341,500224
1775629368342,500224
1775629368344,500224
1775629368345,500224
1775629368346,500224
1775629368348,500224
1775629368350,500224
1775629368351,500224
1775629368353,500224
1775629368354,500224
1775629368356,500224
1775629368357,500224
1775629368358,500224
1775629368359,500224
1775629368361,500224
1775629368362,500224
1775629368364,500224
1775629368365,500224
1775629368366,500224
1775629368368,500224
1775629368369,500224
1775629368370,500224
1775629368371,500224
1775629368373,500224
1775629368374,500224
1775629368375,500224
1775629368376,500224
1775629368378,500224
1775629368775,500224
1775629368778,500224
1775629368781,500224
1775629368784,500224
1775629368787,500224
1775629368789,500224
1775629368791,500224
1775629368792,500224
1775629368793,500224
1775629368797,500224
1775629368799,500224
1775629368801,500224
1775629368803,500224
1775629368805,500224
1775629368807,500224
1775629368808,500224
1775629368812,500224
1775629368819,500224
1775629368823,500224
1775629368831,500224
1775629368835,500224
1775629368837,500224
1775629368839,500224
1775629368840,500224
1775629368842,500224
1775629368844,500224
1775629368845,500224
1775629368846,500224
1775629368848,500224
1775629368849,500224
1775629368851,500224
1775629368852,500224
1775629368854,500224
1775629368856,500224
1775629368858,500224
1775629368860,500224
1775629368862,500224
1775629368864,500224
1775629368865,500224
1775629368866,500224
1775629368869,500224
1775629368871,500224
1775629368873,500224
1775629368874,500224
1775629368878,500224
1775629368879,500224
1775629368880,500224
1775629368882,500224
1775629368883,500224
1775629368884,500224
1775629368885,500224
1775629368887,500224
1775629368889,500224
1775629368891,500224
1775629368892,500224
1775629368893,500224
1775629368898,500224
1775629368901,500224
1775629368903,500224
1775629368906,500224
1775629368909,500224
1775629368911,500224
1775629368913,500224
1775629368914,500224
1775629368916,500224
1775629368917,500224
1775629368918,500224
1775629368921,500224
1775629368922,500224
1775629368923,500224
1775629368925,500224
1775629368928,500224
1775629368930,500224
1775629368933,500224
1775629368935,500224
1775629368937,500224
1775629368939,500224
1775629368941,500224
1775629368943,500224
1775629368945,500224
1775629368947,500224
1775629368948,500224
1775629368951,500224
1775629368952,500224
1775629368953,500224
1775629368955,500224
1775629368956,500224
1775629368958,500224
1775629368959,500224
1775629368960,500224
1775629368962,500224
1775629368963,500224
1775629368966,500224
1775629368968,500224
1775629368969,500224
1775629368971,500224
1775629368972,500224
1775629368974,500224
1775629368975,500224
1775629368976,500224
1775629368978,500224
1775629368980,500224
1775629368981,500224
1775629368982,500224
1775629368983,500224
1775629368985,500224
1775629369378,500224
1775629369382,500224
1775629369385,500224
1775629369388,500224
1775629369390,500224
1775629369392,500224
1775629369394,500224
1775629369402,500224
1775629369404,500224
1775629369411,500224
1775629369413,500224
1775629369416,500224
1775629369418,500224
1775629369420,500224
1775629369422,500224
1775629369423,500224
1775629369425,500224
1775629369427,500224
1775629369429,500224
1775629369431,500224
1775629369433,500224
1775629369434,500224
1775629369437,500224
1775629369440,500224
1775629369441,500224
1775629369443,500224
1775629369445,500224
1775629369446,500224
1775629369447,500224
1775629369449,500224
1775629369450,500224
1775629369451,500224
1775629369453,500224
1775629369455,500224
1775629369457,500224
1775629369459,500224
1775629369463,500224
1775629369468,500224
1775629369471,500224
1775629369473,500224
1775629369475,500224
1775629369476,500224
1775629369478,500224
1775629369479,500224
1775629369480,500224
1775629369481,500224
1775629369483,500224
1775629369484,500224
1775629369485,500224
1775629369487,500224
1775629369488,500224
1775629369490,500224
1775629369492,500224
1775629369493,500224
1775629369495,500224
1775629369496,500224
1775629369497,500224
1775629369499,500224
1775629369500,500224
1775629369501,500224
1775629369502,500224
1775629369504,500224
1775629369505,500224
1775629369506,500224
1775629369507,500224
1775629369509,500224
1775629369510,500224
1775629369512,500224
1775629369513,500224
1775629369514,500224
1775629369515,500224
1775629369517,500224
1775629369518,500224
1775629369519,500224
1775629369521,500224
1775629369522,500224
1775629369523,500224
1775629369525,500224
1775629369526,500224
1775629369527,500224
1775629369528,500224
1775629369531,500224
1775629369533,500224
1775629369535,500224
1775629369536,500224
1775629369537,500224
1775629369539,500224
1775629369540,500224
1775629369541,500224
1775629369542,500224
1775629369544,500224
1775629369545,500224
1775629369546,500224
1775629369547,500224
1775629369549,500224
1775629369550,500224
1775629369551,500224
1775629369553,500224
1775629369554,500224
1775629369555,500224
1775629369556,500224
1775629369558,500224
1775629369559,500224
1775629369560,500224
1775629369561,500224
1775629369563,500224
1775629369564,500224
1775629369565,500224
1775629369566,500224
1775629369568,500224
1775629369569,500224
1775629369976,500224
1775629369978,500224
1775629369980,500224
1775629369982,500224
1775629369983,500224
1775629369985,500224
1775629369986,500224
1775629369987,500224
1775629369989,500224
1775629369993,500224
1775629369995,500224
1775629369997,500224
1775629369998,500224
1775629370001,500224
1775629370002,500224
1775629370003,500224
1775629370005,500224
1775629370007,500224
1775629370013,500224
1775629370016,500224
1775629370018,500224
1775629370019,500224
1775629370021,500224
1775629370023,500224
1775629370024,500224
1775629370025,500224
1775629370028,500224
1775629370030,500224
1775629370032,500224
1775629370034,500224
1775629370037,500224
1775629370042,500224
1775629370045,500224
1775629370046,500224
1775629370048,500224
1775629370049,500224
1775629370050,500224
1775629370052,500224
1775629370053,500224
1775629370055,500224
1775629370057,500224
1775629370059,500224
1775629370060,500224
1775629370061,500224
1775629370063,500224
1775629370065,500224
1775629370066,500224
1775629370067,500224
1775629370069,500224
1775629370070,500224
1775629370072,500224
1775629370073,500224
1775629370075,500224
1775629370076,500224
1775629370078,500224
1775629370079,500224
1775629370081,500224
1775629370082,500224
1775629370083,500224
1775629370085,500224
1775629370088,500224
1775629370090,500224
1775629370092,500224
1775629370094,500224
1775629370096,500224
1775629370098,500224
1775629370099,500224
1775629370101,500224
1775629370103,500224
1775629370104,500224
1775629370106,500224
1775629370108,500224
1775629370110,500224
1775629370112,500224
1775629370113,500224
1775629370114,500224
1775629370116,500224
1775629370117,500224
1775629370118,500224
1775629370120,500224
1775629370121,500224
1775629370122,500224
1775629370123,500224
1775629370125,500224
1775629370126,500224
1775629370127,500224
1775629370129,500224
1775629370130,500224
1775629370131,500224
1775629370133,500224
1775629370134,500224
1775629370136,500224
1775629370137,500224
1775629370138,500224
1775629370139,500224
1775629370141,500224
1775629370142,500224
1775629370576,500224
1775629370578,500224
1775629370580,500224
1775629370581,500224
1775629370583,500224
1775629370585,500224
1775629370587,500224
1775629370588,500224
1775629370590,500224
1775629370591,500224
1775629370592,500224
1775629370594,500224
1775629370596,500224
1775629370597,500224
1775629370598,500224
1775629370599,500224
1775629370601,500224
1775629370602,500224
1775629370605,500224
1775629370608,500224
1775629370609,500224
1775629370612,500224
1775629370614,500224
1775629370615,500224
1775629370617,500224
1775629370618,500224
1775629370620,500224
1775629370622,500224
1775629370624,500224
1775629370626,500224
1775629370628,500224
1775629370631,500224
1775629370632,500224
1775629370634,500224
1775629370636,500224
1775629370637,500224
1775629370639,500224
1775629370640,500224
1775629370642,500224
1775629370643,500224
1775629370645,500224
1775629370646,500224
1775629370648,500224
1775629370649,500224
1775629370652,500224
1775629370654,500224
1775629370656,500224
1775629370657,500224
1775629370662,500224
1775629370665,500224
1775629370667,500224
1775629370669,500224
1775629370671,500224
1775629370673,500224
1775629370676,500224
1775629370680,500224
1775629370690,500224
1775629370693,500224
1775629370696,500224
1775629370698,500224
1775629370700,500224
1775629370704,500224
1775629370707,500224
1775629370709,500224
1775629370711,500224
1775629370712,500224
1775629370714,500224
1775629370715,500224
1775629370717,500224
1775629370719,500224
1775629370722,500224
1775629370724,500224
1775629370726,500224
1775629370728,500224
1775629370730,500224
1775629370731,500224
1775629370733,500224
1775629370735,500224
1775629370736,500224
1775629370738,500224
1775629370739,500224
1775629370741,500224
1775629370742,500224
1775629370743,500224
1775629370745,500224
1775629370747,500224
1775629370749,500224
1775629370750,500224
1775629370752,500224
1775629370753,500224
1775629370755,500224
1775629370756,500224
1775629370758,500224
1775629370759,500224
1775629370761,500224
1775629370762,500224
1775629370763,500224
1775629370765,500224
1775629370767,500224
1775629370769,500224
1775629370770,500224
1775629370772,500224
1775629370773,500224
1775629370775,500224
1775629370777,500224
1775629370779,500224
1775629370781,500224
1775629370782,500224
1775629370784,500224
1775629370786,500224
1775629370792,500224
1775629370795,500224
1775629370797,500224
1775629370798,500224
1775629370802,500224
1775629370803,500224
1775629370804,500224
1775629371178,500224
1775629371181,500224
1775629371186,500224
1775629371188,500224
1775629371191,500224
1775629371203,500224
1775629371208,500224
1775629371211,500224
1775629371213,500224
1775629371216,500224
1775629371219,500224
1775629371221,500224
1775629371222,500224
1775629371224,500224
1775629371225,500224
1775629371226,500224
1775629371227,500224
1775629371229,500224
1775629371230,500224
1775629371231,500224
1775629371233,500224
1775629371234,500224
1775629371236,500224
1775629371238,500224
1775629371239,500224
1775629371241,500224
1775629371242,500224
1775629371244,500224
1775629371245,500224
1775629371247,500224
1775629371248,500224
1775629371250,500224
1775629371251,500224
1775629371253,500224
1775629371254,500224
1775629371255,500224
1775629371256,500224
1775629371258,500224
1775629371259,500224
1775629371262,500224
1775629371267,500224
1775629371269,500224
1775629371270,500224
1775629371271,500224
1775629371273,500224
1775629371274,500224
1775629371275,500224
1775629371277,500224
1775629371278,500224
1775629371279,500224
1775629371281,500224
1775629371283,500224
1775629371285,500224
1775629371287,500224
1775629371289,500224
1775629371290,500224
1775629371293,500224
1775629371295,500224
1775629371303,500224
1775629371307,500224
1775629371309,500224
1775629371310,500224
1775629371311,500224
1775629371313,500224
1775629371314,500224
1775629371316,500224
1775629371317,500224
1775629371319,500224
1775629371320,500224
1775629371321,500224
1775629371323,500224
1775629371325,500224
1775629371326,500224
1775629371329,500224
1775629371332,500224
1775629371334,500224
1775629371339,500224
1775629371344,500224
1775629371346,500224
1775629371348,500224
1775629371350,500224
1775629371351,500224
1775629371353,500224
1775629371356,500224
1775629371358,500224
1775629371361,500224
1775629371363,500224
1775629371364,500224
1775629371367,500224
1775629371370,500224
1775629371372,500224
1775629371374,500224
1775629371377,500224
1775629371379,500224
1775629371381,500224
1775629371383,500224
1775629371385,500224
1775629371387,500224
1775629371391,500224
1775629371392,500224
1775629371393,500224
1775629371395,500224
1775629371396,500224
1775629371397,500224
1775629371398,500224
1775629371400,500224
1775629371401,500224
1775629371778,500224
1775629371780,500224
1775629371782,500224
1775629371784,500224
1775629371787,500224
1775629371790,500224
1775629371793,500224
1775629371796,500224
1775629371798,500224
1775629371799,500224
1775629371801,500224
1775629371808,500224
1775629371810,500224
1775629371812,500224
1775629371813,500224
1775629371815,500224
1775629371816,500224
1775629371818,500224
1775629371819,500224
1775629371823,500224
1775629371824,500224
1775629371826,500224
1775629371828,500224
1775629371831,500224
1775629371838,500224
1775629371840,500224
1775629371843,500224
1775629371845,500224
1775629371847,500224
1775629371849,500224
1775629371850,500224
1775629371852,500224
1775629371853,500224
1775629371857,500224
1775629371859,500224
1775629371862,500224
1775629371866,500224
1775629371876,500224
1775629371877,500224
1775629371879,500224
1775629371883,500224
1775629371884,500224
1775629371888,500224
1775629371892,500224
1775629371894,500224
1775629371895,500224
1775629371898,500224
1775629371901,500224
1775629371903,500224
1775629371905,500224
1775629371906,500224
1775629371909,500224
1775629371911,500224
1775629371912,500224
1775629371914,500224
1775629371916,500224
1775629371917,500224
1775629371918,500224
1775629371921,500224
1775629371923,500224
1775629371924,500224
1775629371925,500224
1775629371927,500224
1775629371928,500224
1775629371931,500224
1775629371933,500224
1775629371935,500224
1775629371942,500224
1775629371946,500224
1775629371949,500224
1775629371952,500224
1775629371954,500224
1775629371955,500224
1775629371957,500224
1775629371959,500224
1775629371960,500224
1775629371962,500224
1775629371964,500224
1775629371965,500224
1775629371967,500224
1775629371969,500224
1775629371973,500224
1775629371976,500224
1775629371979,500224
1775629371981,500224
1775629371983,500224
1775629371984,500224
1775629371985,500224
1775629371987,500224
1775629371991,500224
1775629371995,500224
1775629371998,500224
1775629372003,500224
1775629372005,500224
1775629372006,500224
1775629372008,500224
1775629372010,500224
1775629372011,500224
1775629372012,500224
1775629372013,500224
1775629372015,500224
1775629372016,500224
1775629372018,500224
1775629372019,500224
1775629372020,500224
1775629372022,500224
1775629372023,500224
1775629372331,500224
1775629372334,500224
1775629372339,500224
1775629372342,500224
1775629372345,500224
1775629372346,500224
1775629372348,500224
1775629372353,500224
1775629372355,500224
1775629372357,500224
1775629372359,500224
1775629372361,500224
1775629372363,500224
1775629372364,500224
1775629372366,500224
1775629372367,500224
1775629372369,500224
1775629372370,500224
1775629372372,500224
1775629372374,500224
1775629372375,500224
1775629372377,500224
1775629372378,500224
1775629372379,500224
1775629372381,500224
1775629372384,500224
1775629372387,500224
1775629372393,500224
1775629372395,500224
1775629372403,500224
1775629372406,500224
1775629372407,500224
1775629372409,500224
1775629372411,500224
1775629372415,500224
1775629372419,500224
1775629372422,500224
1775629372424,500224
1775629372426,500224
1775629372428,500224
1775629372429,500224
1775629372431,500224
1775629372432,500224
1775629372436,500224
1775629372438,500224
1775629372440,500224
1775629372449,500224
1775629372452,500224
1775629372454,500224
1775629372457,500224
1775629372460,500224
1775629372462,500224
1775629372465,500224
1775629372466,500224
1775629372468,500224
1775629372470,500224
1775629372471,500224
1775629372473,500224
1775629372474,500224
1775629372475,500224
1775629372477,500224
1775629372479,500224
1775629372481,500224
1775629372483,500224
1775629372484,500224
1775629372487,500224
1775629372489,500224
1775629372494,500224
1775629372497,500224
1775629372499,500224
1775629372500,500224
1775629372502,500224
1775629372503,500224
1775629372504,500224
1775629372506,500224
1775629372507,500224
1775629372508,500224
1775629372510,500224
1775629372511,500224
1775629372513,500224
1775629372514,500224
1775629372516,500224
1775629372518,500224
1775629372519,500224
1775629372521,500224
1775629372522,500224
1775629372524,500224
1775629372525,500224
1775629372527,500224
1775629372528,500224
1775629372529,500224
1775629372530,500224
1775629372532,500224
1775629372533,500224
1775629372534,500224
1775629372535,500224
1775629372537,500224
1775629372538,500224
1775629372539,500224
1775629372541,500224
1775629372542,500224
1775629372544,500224
1775629372554,500224
1775629372555,500224
1775629372559,500224
1775629372563,500224
1775629372567,500224
1775629372569,500224
1775629372572,500224
1775629372575,500224
1775629372578,500224
1775629372580,500224
1775629372583,500224
1775629372585,500224
1775629372587,500224
1775629372589,500224
1775629372931,500224
1775629372933,500224
1775629372935,500224
1775629372938,500224
1775629372940,500224
1775629372943,500224
1775629372945,500224
1775629372947,500224
1775629372948,500224
1775629372949,500224
1775629372951,500224
1775629372957,500224
1775629372959,500224
1775629372960,500224
1775629372965,500224
1775629372969,500224
1775629372970,500224
1775629372975,500224
1775629372978,500224
1775629372980,500224
1775629372982,500224
1775629372984,500224
1775629372985,500224
1775629372987,500224
1775629372989,500224
1775629372990,500224
1775629372993,500224
1775629372995,500224
1775629372997,500224
1775629372998,500224
1775629372999,500224
1775629373003,500224
1775629373007,500224
1775629373009,500224
1775629373010,500224
1775629373011,500224
1775629373014,500224
1775629373016,500224
1775629373018,500224
1775629373019,500224
1775629373021,500224
1775629373023,500224
1775629373026,500224
1775629373027,500224
1775629373028,500224
1775629373029,500224
1775629373031,500224
1775629373032,500224
1775629373033,500224
1775629373034,500224
1775629373036,500224
1775629373038,500224
1775629373041,500224
1775629373043,500224
1775629373045,500224
1775629373048,500224
1775629373050,500224
1775629373052,500224
1775629373053,500224
1775629373054,500224
1775629373058,500224
1775629373060,500224
1775629373062,500224
1775629373064,500224
1775629373065,500224
1775629373067,500224
1775629373068,500224
1775629373070,500224
1775629373071,500224
1775629373072,500224
1775629373074,500224
1775629373075,500224
1775629373076,500224
1775629373078,500224
1775629373079,500224
1775629373080,500224
1775629373082,500224
1775629373086,500224
1775629373089,500224
1775629373091,500224
1775629373093,500224
1775629373096,500224
1775629373098,500224
1775629373100,500224
1775629373101,500224
1775629373103,500224
1775629373105,500224
1775629373107,500224
1775629373108,500224
1775629373532,500224
1775629373533,500224
1775629373535,500224
1775629373541,500224
1775629373548,500224
1775629373551,500224
1775629373554,500224
1775629373557,500224
1775629373561,500224
1775629373564,500224
1775629373567,500224
1775629373568,500224
1775629373571,500224
1775629373574,500224
1775629373576,500224
1775629373578,500224
1775629373582,500224
1775629373584,500224
1775629373586,500224
1775629373589,500224
1775629373592,500224
1775629373594,500224
1775629373597,500224
1775629373600,500224
1775629373603,500224
1775629373610,500224
1775629373611,500224
1775629373614,500224
1775629373617,500224
1775629373620,500224
1775629373622,500224
1775629373625,500224
1775629373628,500224
1775629373630,500224
1775629373632,500224
1775629373634,500224
1775629373636,500224
1775629373637,500224
1775629373639,500224
1775629373640,500224
1775629373641,500224
1775629373645,500224
1775629373647,500224
1775629373650,500224
1775629373652,500224
1775629373654,500224
1775629373656,500224
1775629373658,500224
1775629373659,500224
1775629373662,500224
1775629373664,500224
1775629373666,500224
1775629373667,500224
1775629373671,500224
1775629373673,500224
1775629373674,500224
1775629373677,500224
1775629373678,500224
1775629373679,500224
1775629373680,500224
1775629373682,500224
1775629373683,500224
1775629373685,500224
1775629373686,500224
1775629373688,500224
1775629373690,500224
1775629373692,500224
1775629373695,500224
1775629373697,500224
1775629373700,500224
1775629373702,500224
1775629373704,500224
1775629373706,500224
1775629373708,500224
1775629373709,500224
1775629373711,500224
1775629373712,500224
1775629373715,500224
1775629373718,500224
1775629373720,500224
1775629373722,500224
1775629373723,500224
1775629373726,500224
1775629373729,500224
1775629373731,500224
1775629373734,500224
1775629373737,500224
1775629373739,500224
1775629373741,500224
1775629373743,500224
1775629373745,500224
1775629373748,500224
1775629373751,500224
1775629373754,500224
1775629373756,500224
1775629373759,500224
1775629373761,500224
1775629373763,500224
1775629373765,500224
1775629373767,500224
1775629373769,500224
1775629373771,500224
1775629374134,500224
1775629374136,500224
1775629374137,500224
1775629374139,500224
1775629374140,500224
1775629374141,500224
1775629374143,500224
1775629374149,500224
1775629374150,500224
1775629374156,500224
1775629374158,500224
1775629374161,500224
1775629374164,500224
1775629374166,500224
1775629374170,500224
1775629374172,500224
1775629374177,500224
1775629374179,500224
1775629374182,500224
1775629374183,500224
1775629374186,500224
1775629374187,500224
1775629374189,500224
1775629374190,500224
1775629374191,500224
1775629374193,500224
1775629374194,500224
1775629374195,500224
1775629374197,500224
1775629374198,500224
1775629374201,500224
1775629374203,500224
1775629374205,500224
1775629374206,500224
1775629374208,500224
1775629374209,500224
1775629374211,500224
1775629374214,500224
1775629374215,500224
1775629374217,500224
1775629374219,500224
1775629374220,500224
1775629374222,500224
1775629374226,500224
1775629374228,500224
1775629374230,500224
1775629374231,500224
1775629374233,500224
1775629374234,500224
1775629374236,500224
1775629374237,500224
1775629374239,500224
1775629374240,500224
1775629374242,500224
1775629374246,500224
1775629374248,500224
1775629374252,500224
1775629374254,500224
1775629374256,500224
1775629374257,500224
1775629374258,500224
1775629374260,500224
1775629374262,500224
1775629374264,500224
1775629374265,500224
1775629374266,500224
1775629374267,500224
1775629374269,500224
1775629374273,500224
1775629374274,500224
1775629374276,500224
1775629374279,500224
1775629374284,500224
1775629374287,500224
1775629374289,500224
1775629374290,500224
1775629374292,500224
1775629374293,500224
1775629374294,500224
1775629374295,500224
1775629374297,500224
1775629374298,500224
1775629374299,500224
1775629374301,500224
1775629374733,500224
1775629374736,500224
1775629374738,500224
1775629374744,500224
1775629374746,500224
1775629374747,500224
1775629374748,500224
1775629374750,500224
1775629374752,500224
1775629374755,500224
1775629374758,500224
1775629374760,500224
1775629374765,500224
1775629374768,500224
1775629374770,500224
1775629374772,500224
1775629374774,500224
1775629374777,500224
1775629374779,500224
1775629374781,500224
1775629374784,500224
1775629374786,500224
1775629374787,500224
1775629374788,500224
1775629374796,500224
1775629374799,500224
1775629374802,500224
1775629374803,500224
1775629374808,500224
1775629374810,500224
1775629374811,500224
1775629374812,500224
1775629374814,500224
1775629374815,500224
1775629374820,500224
1775629374823,500224
1775629374826,500224
1775629374828,500224
1775629374830,500224
1775629374832,500224
1775629374834,500224
1775629374835,500224
1775629374836,500224
1775629374838,500224
1775629374840,500224
1775629374841,500224
1775629374843,500224
1775629374844,500224
1775629374849,500224
1775629374854,500224
1775629374856,500224
1775629374858,500224
1775629374860,500224
1775629374862,500224
1775629374863,500224
1775629374865,500224
1775629374867,500224
1775629374869,500224
1775629374870,500224
1775629374872,500224
1775629374873,500224
1775629374874,500224
1775629374881,500224
1775629374883,500224
1775629374885,500224
1775629374886,500224
1775629374888,500224
1775629374889,500224
1775629374892,500224
1775629374894,500224
1775629374896,500224
1775629374897,500224
1775629374898,500224
1775629374899,500224
1775629374901,500224
1775629374902,500224
1775629374903,500224
1775629374904,500224
1775629374906,500224
1775629375338,500224
1775629375342,500224
1775629375343,500224
1775629375345,500224
1775629375346,500224
1775629375347,500224
1775629375349,500224
1775629375351,500224
1775629375354,500224
1775629375356,500224
1775629375360,500224
1775629375362,500224
1775629375363,500224
1775629375365,500224
1775629375366,500224
1775629375368,500224
1775629375369,500224
1775629375371,500224
1775629375375,500224
1775629375376,500224
1775629375377,500224
1775629375378,500224
1775629375380,500224
1775629375381,500224
1775629375382,500224
1775629375383,500224
1775629375385,500224
1775629375386,500224
1775629375387,500224
1775629375388,500224
1775629375390,500224
1775629375391,500224
1775629375395,500224
1775629375397,500224
1775629375399,500224
1775629375400,500224
1775629375401,500224
1775629375403,500224
1775629375404,500224
1775629375405,500224
1775629375407,500224
1775629375408,500224
1775629375409,500224
1775629375410,500224
1775629375412,500224
1775629375413,500224
1775629375414,500224
1775629375415,500224
1775629375417,500224
1775629375418,500224
1775629375419,500224
1775629375421,500224
1775629375422,500224
1775629375423,500224
1775629375429,500224
1775629375430,500224
1775629375431,500224
1775629375433,500224
1775629375434,500224
1775629375436,500224
1775629375437,500224
1775629375438,500224
1775629375439,500224
1775629375441,500224
1775629375442,500224
1775629375443,500224
1775629375445,500224
1775629375446,500224
1775629375448,500224
1775629375449,500224
1775629375450,500224
1775629375451,500224
1775629375934,500224
1775629375939,500224
1775629375942,500224
1775629375945,500224
1775629375953,500224
1775629375955,500224
1775629375957,500224
1775629375958,500224
1775629375961,500224
1775629375965,500224
1775629375966,500224
1775629375968,500224
1775629375969,500224
1775629375971,500224
1775629375972,500224
1775629375974,500224
1775629375981,500224
1775629375984,500224
1775629375986,500224
1775629375989,500224
1775629375992,500224
1775629375994,500224
1775629375996,500224
1775629375998,500224
1775629375999,500224
1775629376000,500224
1775629376002,500224
1775629376003,500224
1775629376005,500224
1775629376007,500224
1775629376009,500224
1775629376013,500224
1775629376015,500224
1775629376018,500224
1775629376022,500224
1775629376025,500224
1775629376027,500224
1775629376029,500224
1775629376032,500224
1775629376036,500224
1775629376040,500224
1775629376041,500224
1775629376043,500224
1775629376044,500224
1775629376047,500224
1775629376049,500224
1775629376051,500224
1775629376054,500224
1775629376055,500224
1775629376057,500224
1775629376058,500224
1775629376061,500224
1775629376063,500224
1775629376064,500224
1775629376066,500224
1775629376068,500224
1775629376069,500224
1775629376070,500224
1775629376072,500224
1775629376073,500224
1775629376075,500224
1775629376077,500224
1775629376078,500224
1775629376080,500224
1775629376081,500224
1775629376083,500224
1775629376084,500224
1775629376086,500224
1775629376087,500224
1775629376089,500224
1775629376090,500224
1775629376091,500224
1775629376093,500224
1775629376094,500224
1775629376095,500224
1775629376097,500224
1775629376099,500224
1775629376100,500224
1775629376101,500224
1775629376103,500224
1775629376104,500224
1775629376106,500224
1775629376107,500224
1775629376109,500224
1775629376110,500224
1775629376112,500224
1775629376113,500224
1775629376114,500224
1775629376115,500224
1775629376117,500224
1775629376119,500224
1775629376120,500224
1775629376535,500224
1775629376538,500224
1775629376539,500224
1775629376542,500224
1775629376545,500224
1775629376547,500224
1775629376550,500224
1775629376552,500224
1775629376554,500224
1775629376557,500224
1775629376559,500224
1775629376560,500224
1775629376564,500224
1775629376565,500224
1775629376567,500224
1775629376569,500224
1775629376570,500224
1775629376572,500224
1775629376573,500224
1775629376575,500224
1775629376576,500224
1775629376579,500224
1775629376581,500224
1775629376583,500224
1775629376587,500224
1775629376590,500224
1775629376592,500224
1775629376594,500224
1775629376596,500224
1775629376598,500224
1775629376599,500224
1775629376601,500224
1775629376602,500224
1775629376604,500224
1775629376605,500224
1775629376607,500224
1775629376608,500224
1775629376610,500224
1775629376611,500224
1775629376613,500224
1775629376614,500224
1775629376616,500224
1775629376618,500224
1775629376620,500224
1775629376623,500224
1775629376625,500224
1775629376627,500224
1775629376628,500224
1775629376633,500224
1775629376635,500224
1775629376637,500224
1775629376638,500224
1775629376640,500224
1775629376641,500224
1775629376642,500224
1775629376643,500224
1775629376645,500224
1775629376646,500224
1775629376647,500224
1775629376649,500224
1775629376650,500224
1775629376651,500224
1775629376653,500224
1775629376654,500224
1775629376655,500224
1775629376656,500224
1775629376658,500224
1775629376659,500224
1775629376660,500224
1775629376661,500224
1775629376663,500224
1775629376664,500224
1775629376665,500224
1775629376666,500224
1775629376668,500224
1775629376669,500224
1775629376670,500224
1775629376671,500224
1775629376673,500224
1775629376674,500224
1775629376675,500224
1775629376676,500224
1775629376678,500224
1775629376679,500224
1775629376680,500224
1775629376682,500224
1775629376683,500224
1775629377136,500224
1775629377140,500224
1775629377142,500224
1775629377152,500224
1775629377155,500224
1775629377158,500224
1775629377160,500224
1775629377162,500224
1775629377165,500224
1775629377166,500224
1775629377168,500224
1775629377170,500224
1775629377174,500224
1775629377178,500224
1775629377183,500224
1775629377186,500224
1775629377188,500224
1775629377190,500224
1775629377192,500224
1775629377195,500224
1775629377197,500224
1775629377199,500224
1775629377201,500224
1775629377203,500224
1775629377205,500224
1775629377207,500224
1775629377208,500224
1775629377210,500224
1775629377211,500224
1775629377213,500224
1775629377214,500224
1775629377216,500224
1775629377217,500224
1775629377219,500224
1775629377220,500224
1775629377222,500224
1775629377223,500224
1775629377224,500224
1775629377228,500224
1775629377230,500224
1775629377231,500224
1775629377233,500224
1775629377234,500224
1775629377236,500224
1775629377237,500224
1775629377238,500224
1775629377240,500224
1775629377241,500224
1775629377242,500224
1775629377244,500224
1775629377245,500224
1775629377246,500224
1775629377248,500224
1775629377249,500224
1775629377250,500224
1775629377251,500224
1775629377253,500224
1775629377254,500224
1775629377255,500224
1775629377256,500224
1775629377258,500224
1775629377259,500224
1775629377261,500224
1775629377262,500224
1775629377264,500224
1775629377266,500224
1775629377267,500224
1775629377269,500224
1775629377270,500224
1775629377272,500224
1775629377276,500224
1775629377279,500224
1775629377281,500224
1775629377736,500224
1775629377741,500224
1775629377748,500224
1775629377749,500224
1775629377754,500224
1775629377756,500224
1775629377759,500224
1775629377761,500224
1775629377762,500224
1775629377763,500224
1775629377769,500224
1775629377770,500224
1775629377772,500224
1775629377774,500224
1775629377775,500224
1775629377779,500224
1775629377783,500224
1775629377784,500224
1775629377785,500224
1775629377789,500224
1775629377791,500224
1775629377793,500224
1775629377794,500224
1775629377795,500224
1775629377799,500224
1775629377802,500224
1775629377805,500224
1775629377806,500224
1775629377808,500224
1775629377809,500224
1775629377810,500224
1775629377811,500224
1775629377813,500224
1775629377814,500224
1775629377815,500224
1775629377816,500224
1775629377818,500224
1775629377819,500224
1775629377820,500224
1775629377821,500224
1775629377823,500224
1775629377825,500224
1775629377827,500224
1775629377829,500224
1775629377831,500224
1775629377832,500224
1775629377834,500224
1775629377835,500224
1775629377837,500224
1775629377838,500224
1775629377839,500224
1775629377841,500224
1775629377842,500224
1775629377843,500224
1775629377845,500224
1775629377847,500224
1775629377849,500224
1775629377855,500224
1775629377860,500224
1775629377864,500224
1775629377866,500224
1775629377869,500224
1775629377872,500224
1775629377877,500224
1775629377879,500224
1775629377882,500224
1775629377885,500224
1775629377886,500224
1775629377887,500224
1775629377890,500224
1775629377893,500224
1775629377895,500224
1775629377898,500224
1775629377900,500224
1775629377903,500224
1775629377905,500224
1775629377907,500224
1775629377909,500224
1775629377911,500224
1775629377912,500224
1775629378334,500224
1775629378336,500224
1775629378337,500224
1775629378338,500224
1775629378339,500224
1775629378343,500224
1775629378347,500224
1775629378348,500224
1775629378350,500224
1775629378352,500224
1775629378353,500224
1775629378358,500224
1775629378362,500224
1775629378365,500224
1775629378370,500224
1775629378373,500224
1775629378375,500224
1775629378381,500224
1775629378387,500224
1775629378389,500224
1775629378390,500224
1775629378393,500224
1775629378395,500224
1775629378396,500224
1775629378399,500224
1775629378403,500224
1775629378404,500224
1775629378405,500224
1775629378407,500224
1775629378408,500224
1775629378410,500224
1775629378411,500224
1775629378413,500224
1775629378416,500224
1775629378418,500224
1775629378419,500224
1775629378421,500224
1775629378423,500224
1775629378425,500224
1775629378427,500224
1775629378429,500224
1775629378431,500224
1775629378433,500224
1775629378435,500224
1775629378436,500224
1775629378438,500224
1775629378440,500224
1775629378442,500224
1775629378444,500224
1775629378445,500224
1775629378446,500224
1775629378448,500224
1775629378449,500224
1775629378450,500224
1775629378452,500224
1775629378453,500224
1775629378454,500224
1775629378456,500224
1775629378457,500224
1775629378458,500224
1775629378460,500224
1775629378461,500224
1775629378462,500224
1775629378463,500224
1775629378465,500224
1775629378467,500224
1775629378468,500224
1775629378470,500224
1775629378471,500224
1775629378472,500224
1775629378473,500224
1775629378475,500224
1775629378476,500224
1775629378477,500224
1775629378479,500224
1775629378480,500224
1775629378482,500224
1775629378483,500224
1775629378484,500224
1775629378486,500224
1775629378487,500224
1775629378488,500224
1775629378942,500224
1775629378946,500224
1775629378949,500224
1775629378952,500224
1775629378955,500224
1775629378957,500224
1775629378960,500224
1775629378963,500224
1775629378965,500224
1775629378967,500224
1775629378970,500224
1775629378971,500224
1775629378973,500224
1775629378975,500224
1775629378977,500224
1775629378978,500224
1775629378980,500224
1775629378981,500224
1775629378984,500224
1775629378985,500224
1775629378997,500224
1775629378998,500224
1775629379000,500224
1775629379001,500224
1775629379003,500224
1775629379004,500224
1775629379006,500224
1775629379007,500224
1775629379009,500224
1775629379010,500224
1775629379014,500224
1775629379016,500224
1775629379019,500224
1775629379023,500224
1775629379024,500224
1775629379025,500224
1775629379029,500224
1775629379031,500224
1775629379032,500224
1775629379033,500224
1775629379034,500224
1775629379036,500224
1775629379037,500224
1775629379038,500224
1775629379039,500224
1775629379040,500224
1775629379042,500224
1775629379043,500224
1775629379044,500224
1775629379045,500224
1775629379047,500224
1775629379048,500224
1775629379049,500224
1775629379051,500224
1775629379052,500224
1775629379054,500224
1775629379055,500224
1775629379056,500224
1775629379057,500224
1775629379059,500224
1775629379060,500224
1775629379061,500224
1775629379063,500224
1775629379064,500224
1775629379065,500224
1775629379067,500224
1775629379069,500224
1775629379070,500224
1775629379072,500224
1775629379073,500224
1775629379074,500224
1775629379076,500224
1775629379077,500224
1775629379078,500224
1775629379080,500224
1775629379081,500224
1775629379083,500224
1775629379084,500224
1775629379085,500224
1775629379087,500224
1775629379088,500224
1775629379542,500224
1775629379543,500224
1775629379545,500224
1775629379547,500224
1775629379548,500224
1775629379549,500224
1775629379550,500224
1775629379552,500224
1775629379553,500224
1775629379554,500224
1775629379556,500224
1775629379557,500224
1775629379565,500224
1775629379571,500224
1775629379576,500224
1775629379579,500224
1775629379581,500224
1775629379583,500224
1775629379585,500224
1775629379586,500224
1775629379588,500224
1775629379590,500224
1775629379593,500224
1775629379595,500224
1775629379598,500224
1775629379599,500224
1775629379600,500224
1775629379601,500224
1775629379603,500224
1775629379604,500224
1775629379609,500224
1775629379611,500224
1775629379613,500224
1775629379614,500224
1775629379615,500224
1775629379617,500224
1775629379618,500224
1775629379619,500224
1775629379620,500224
1775629379623,500224
1775629379625,500224
1775629379629,500224
1775629379631,500224
1775629379633,500224
1775629379635,500224
1775629379637,500224
1775629379638,500224
1775629379640,500224
1775629379641,500224
1775629379643,500224
1775629379644,500224
1775629379646,500224
1775629379647,500224
1775629379648,500224
1775629379649,500224
1775629379651,500224
1775629379652,500224
1775629379653,500224
1775629379654,500224
1775629379656,500224
1775629379658,500224
1775629379659,500224
1775629379664,500224
1775629379666,500224
1775629379667,500224
1775629379668,500224
1775629379669,500224
1775629379671,500224
1775629379672,500224
1775629379673,500224
1775629379675,500224
1775629379676,500224
1775629380138,500224
1775629380143,500224
1775629380146,500224
1775629380149,500224
1775629380151,500224
1775629380152,500224
1775629380153,500224
1775629380155,500224
1775629380157,500224
1775629380158,500224
1775629380161,500224
1775629380164,500224
1775629380167,500224
1775629380169,500224
1775629380172,500224
1775629380174,500224
1775629380179,500224
1775629380181,500224
1775629380184,500224
1775629380187,500224
1775629380191,500224
1775629380194,500224
1775629380197,500224
1775629380199,500224
1775629380201,500224
1775629380202,500224
1775629380204,500224
1775629380205,500224
1775629380207,500224
1775629380208,500224
1775629380209,500224
1775629380211,500224
1775629380212,500224
1775629380213,500224
1775629380215,500224
1775629380216,500224
1775629380218,500224
1775629380219,500224
1775629380220,500224
1775629380222,500224
1775629380223,500224
1775629380224,500224
1775629380228,500224
1775629380231,500224
1775629380233,500224
1775629380235,500224
1775629380237,500224
1775629380238,500224
1775629380239,500224
1775629380240,500224
1775629380242,500224
1775629380243,500224
1775629380244,500224
1775629380245,500224
1775629380247,500224
1775629380248,500224
1775629380249,500224
1775629380251,500224
1775629380252,500224
1775629380253,500224
1775629380254,500224
1775629380256,500224
1775629380257,500224
1775629380258,500224
1775629380260,500224
1775629380261,500224
1775629380264,500224
1775629380267,500224
1775629380269,500224
1775629380270,500224
1775629380272,500224
1775629380274,500224
1775629380275,500224
1775629380277,500224
1775629380279,500224
1775629380282,500224
1775629380283,500224
1775629380284,500224
1775629380286,500224
1775629380287,500224
1775629380289,500224
1775629380290,500224
1775629380292,500224
1775629380293,500224
1775629380294,500224
1775629380296,500224
1775629380297,500224
1775629380298,500224
1775629380299,500224
1775629380740,500224
1775629380743,500224
1775629380744,500224
1775629380746,500224
1775629380747,500224
1775629380748,500224
1775629380750,500224
1775629380752,500224
1775629380753,500224
1775629380756,500224
1775629380757,500224
1775629380759,500224
1775629380760,500224
1775629380761,500224
1775629380763,500224
1775629380764,500224
1775629380765,500224
1775629380769,500224
1775629380771,500224
1775629380773,500224
1775629380775,500224
1775629380776,500224
1775629380777,500224
1775629380779,500224
1775629380782,500224
1775629380783,500224
1775629380784,500224
1775629380786,500224
1775629380787,500224
1775629380788,500224
1775629380790,500224
1775629380792,500224
1775629380794,500224
1775629380796,500224
1775629380799,500224
1775629380801,500224
1775629380807,500224
1775629380809,500224
1775629380811,500224
1775629380813,500224
1775629380814,500224
1775629380816,500224
1775629380818,500224
1775629380824,500224
1775629380828,500224
1775629380830,500224
1775629380832,500224
1775629380833,500224
1775629380837,500224
1775629380842,500224
1775629380844,500224
1775629380846,500224
1775629380850,500224
1775629380851,500224
1775629380853,500224
1775629380854,500224
1775629380855,500224
1775629380857,500224
1775629380859,500224
1775629380861,500224
1775629380862,500224
1775629380863,500224
1775629380864,500224
1775629380866,500224
1775629380867,500224
1775629380868,500224
1775629380869,500224
1775629380871,500224
1775629380872,500224
1775629380874,500224
1775629380875,500224
1775629380876,500224
1775629380878,500224
1775629380879,500224
1775629380880,500224
1775629380881,500224
1775629380883,500224
1775629380884,500224
1775629380886,500224
1775629380887,500224
1775629380889,500224
1775629381344,500224
1775629381347,500224
1775629381349,500224
1775629381353,500224
1775629381356,500224
1775629381358,500224
1775629381360,500224
1775629381361,500224
1775629381362,500224
1775629381364,500224
1775629381366,500224
1775629381368,500224
1775629381369,500224
1775629381371,500224
1775629381373,500224
1775629381377,500224
1775629381380,500224
1775629381382,500224
1775629381383,500224
1775629381384,500224
1775629381386,500224
1775629381387,500224
1775629381388,500224
1775629381390,500224
1775629381391,500224
1775629381392,500224
1775629381398,500224
1775629381400,500224
1775629381403,500224
1775629381406,500224
1775629381408,500224
1775629381412,500224
1775629381416,500224
1775629381418,500224
1775629381420,500224
1775629381421,500224
1775629381422,500224
1775629381425,500224
1775629381427,500224
1775629381429,500224
1775629381432,500224
1775629381434,500224
1775629381436,500224
1775629381438,500224
1775629381440,500224
1775629381444,500224
1775629381445,500224
1775629381447,500224
1775629381448,500224
1775629381450,500224
1775629381451,500224
1775629381455,500224
1775629381456,500224
1775629381457,500224
1775629381459,500224
1775629381460,500224
1775629381461,500224
1775629381463,500224
1775629381464,500224
1775629381465,500224
1775629381467,500224
1775629381468,500224
1775629381470,500224
1775629381471,500224
1775629381473,500224
1775629381474,500224
1775629381476,500224
1775629381478,500224
1775629381480,500224
1775629381481,500224
1775629381483,500224
1775629381484,500224
1775629381485,500224
1775629381486,500224
1775629381488,500224
1775629381492,500224
1775629381493,500224
1775629381495,500224
1775629381496,500224
1775629381498,500224
1775629381499,500224
1775629381500,500224
1775629381502,500224
1775629381503,500224
1775629381945,500224
1775629381951,500224
1775629381953,500224
1775629381955,500224
1775629381958,500224
1775629381959,500224
1775629381961,500224
1775629381962,500224
1775629381967,500224
1775629381970,500224
1775629381972,500224
1775629381973,500224
1775629381976,500224
1775629381977,500224
1775629381979,500224
1775629381981,500224
1775629381983,500224
1775629381985,500224
1775629381987,500224
1775629381989,500224
1775629381990,500224
1775629381992,500224
1775629381993,500224
1775629381995,500224
1775629381996,500224
1775629381998,500224
1775629382000,500224
1775629382003,500224
1775629382006,500224
1775629382008,500224
1775629382015,500224
1775629382017,500224
1775629382018,500224
1775629382020,500224
1775629382021,500224
1775629382022,500224
1775629382023,500224
1775629382026,500224
1775629382028,500224
1775629382029,500224
1775629382030,500224
1775629382032,500224
1775629382033,500224
1775629382034,500224
1775629382036,500224
1775629382037,500224
1775629382039,500224
1775629382040,500224
1775629382041,500224
1775629382042,500224
1775629382044,500224
1775629382045,500224
1775629382046,500224
1775629382047,500224
1775629382049,500224
1775629382050,500224
1775629382051,500224
1775629382053,500224
1775629382054,500224
1775629382055,500224
1775629382057,500224
1775629382058,500224
1775629382059,500224
1775629382060,500224
1775629382062,500224
1775629382063,500224
1775629382064,500224
1775629382065,500224
1775629382067,500224
1775629382068,500224
1775629382069,500224
1775629382071,500224
1775629382073,500224
1775629382074,500224
1775629382075,500224
1775629382080,500224
1775629382082,500224
1775629382083,500224
1775629382541,500224
1775629382544,500224
1775629382546,500224
1775629382548,500224
1775629382549,500224
1775629382552,500224
1775629382554,500224
1775629382556,500224
1775629382557,500224
1775629382559,500224
1775629382560,500224
1775629382562,500224
1775629382563,500224
1775629382566,500224
1775629382568,500224
1775629382570,500224
1775629382572,500224
1775629382574,500224
1775629382575,500224
1775629382576,500224
1775629382578,500224
1775629382579,500224
1775629382582,500224
1775629382588,500224
1775629382590,500224
1775629382596,500224
1775629382599,500224
1775629382600,500224
1775629382601,500224
1775629382603,500224
1775629382604,500224
1775629382608,500224
1775629382610,500224
1775629382612,500224
1775629382617,500224
1775629382618,500224
1775629382620,500224
1775629382621,500224
1775629382622,500224
1775629382623,500224
1775629382625,500224
1775629382626,500224
1775629382627,500224
1775629382628,500224
1775629382630,500224
1775629382631,500224
1775629382632,500224
1775629382634,500224
1775629382637,500224
1775629382644,500224
1775629382647,500224
1775629382650,500224
1775629382652,500224
1775629382654,500224
1775629382656,500224
1775629382657,500224
1775629382659,500224
1775629382660,500224
1775629382662,500224
1775629382663,500224
1775629382664,500224
1775629382668,500224
1775629382669,500224
1775629382671,500224
1775629382673,500224
1775629382675,500224
1775629382676,500224
1775629382678,500224
1775629382679,500224
1775629382680,500224
1775629382681,500224
1775629382683,500224
1775629382684,500224
1775629382685,500224
1775629382690,500224
1775629382694,500224
1775629382695,500224
1775629382697,500224
1775629382699,500224
1775629382701,500224
1775629382703,500224
1775629382705,500224
1775629382706,500224
1775629382707,500224
1775629383142,500224
1775629383147,500224
1775629383149,500224
1775629383153,500224
1775629383156,500224
1775629383157,500224
1775629383159,500224
1775629383161,500224
1775629383163,500224
1775629383165,500224
1775629383167,500224
1775629383168,500224
1775629383170,500224
1775629383174,500224
1775629383179,500224
1775629383182,500224
1775629383188,500224
1775629383190,500224
1775629383192,500224
1775629383194,500224
1775629383197,500224
1775629383198,500224
1775629383200,500224
1775629383201,500224
1775629383203,500224
1775629383204,500224
1775629383206,500224
1775629383207,500224
1775629383208,500224
1775629383210,500224
1775629383211,500224
1775629383213,500224
1775629383214,500224
1775629383216,500224
1775629383218,500224
1775629383219,500224
1775629383221,500224
1775629383222,500224
1775629383224,500224
1775629383225,500224
1775629383226,500224
1775629383228,500224
1775629383230,500224
1775629383233,500224
1775629383236,500224
1775629383239,500224
1775629383241,500224
1775629383243,500224
1775629383245,500224
1775629383246,500224
1775629383248,500224
1775629383250,500224
1775629383251,500224
1775629383253,500224
1775629383254,500224
1775629383256,500224
1775629383258,500224
1775629383259,500224
1775629383260,500224
1775629383262,500224
1775629383263,500224
1775629383264,500224
1775629383268,500224
1775629383269,500224
1775629383272,500224
1775629383275,500224
1775629383278,500224
1775629383284,500224
1775629383288,500224
1775629383291,500224
1775629383293,500224
1775629383296,500224
1775629383298,500224
1775629383299,500224
1775629383304,500224
1775629383744,500224
1775629383745,500224
1775629383747,500224
1775629383752,500224
1775629383755,500224
1775629383758,500224
1775629383759,500224
1775629383761,500224
1775629383763,500224
1775629383764,500224
1775629383765,500224
1775629383767,500224
1775629383768,500224
1775629383770,500224
1775629383771,500224
1775629383772,500224
1775629383777,500224
1775629383779,500224
1775629383780,500224
1775629383781,500224
1775629383783,500224
1775629383784,500224
1775629383785,500224
1775629383786,500224
1775629383791,500224
1775629383794,500224
1775629383796,500224
1775629383797,500224
1775629383798,500224
1775629383805,500224
1775629383810,500224
1775629383812,500224
1775629383814,500224
1775629383816,500224
1775629383818,500224
1775629383819,500224
1775629383821,500224
1775629383822,500224
1775629383824,500224
1775629383826,500224
1775629383827,500224
1775629383829,500224
1775629383832,500224
1775629383838,500224
1775629383840,500224
1775629383842,500224
1775629383843,500224
1775629383845,500224
1775629383846,500224
1775629383849,500224
1775629383850,500224
1775629383851,500224
1775629383853,500224
1775629383854,500224
1775629383855,500224
1775629383856,500224
1775629383858,500224
1775629383860,500224
1775629383861,500224
1775629383863,500224
1775629383864,500224
1775629383865,500224
1775629383867,500224
1775629383868,500224
1775629383869,500224
1775629383870,500224
1775629383872,500224
1775629383873,500224
1775629383874,500224
1775629383876,500224
1775629383877,500224
1775629383878,500224
1775629383880,500224
1775629383881,500224
1775629383883,500224
1775629383885,500224
1775629383886,500224
1775629383887,500224
1775629383889,500224
1775629383890,500224
1775629383891,500224
1775629383893,500224
1775629384345,500224
1775629384348,500224
1775629384349,500224
1775629384351,500224
1775629384352,500224
1775629384353,500224
1775629384354,500224
1775629384358,500224
1775629384361,500224
1775629384363,500224
1775629384366,500224
1775629384369,500224
1775629384371,500224
1775629384374,500224
1775629384378,500224
1775629384381,500224
1775629384383,500224
1775629384385,500224
1775629384387,500224
1775629384388,500224
1775629384390,500224
1775629384392,500224
1775629384394,500224
1775629384397,500224
1775629384398,500224
1775629384400,500224
1775629384402,500224
1775629384404,500224
1775629384406,500224
1775629384407,500224
1775629384409,500224
1775629384410,500224
1775629384412,500224
1775629384413,500224
1775629384414,500224
1775629384416,500224
1775629384417,500224
1775629384418,500224
1775629384420,500224
1775629384421,500224
1775629384422,500224
1775629384428,500224
1775629384430,500224
1775629384432,500224
1775629384434,500224
1775629384436,500224
1775629384438,500224
1775629384440,500224
1775629384441,500224
1775629384443,500224
1775629384444,500224
1775629384446,500224
1775629384447,500224
1775629384449,500224
1775629384450,500224
1775629384452,500224
1775629384455,500224
1775629384460,500224
1775629384462,500224
1775629384465,500224
1775629384468,500224
1775629384471,500224
1775629384473,500224
1775629384476,500224
1775629384478,500224
1775629384480,500224
1775629384481,500224
1775629384485,500224
1775629384486,500224
1775629384488,500224
1775629384490,500224
1775629384492,500224
1775629384493,500224
1775629384495,500224
1775629384497,500224
1775629384498,500224
1775629384500,500224
1775629384501,500224
1775629384502,500224
1775629384503,500224
1775629384505,500224
1775629384506,500224
1775629384507,500224
1775629384945,500224
1775629384947,500224
1775629384948,500224
1775629384949,500224
1775629384951,500224
1775629384952,500224
1775629384953,500224
1775629384954,500224
1775629384956,500224
1775629384957,500224
1775629384958,500224
1775629384959,500224
1775629384961,500224
1775629384962,500224
1775629384963,500224
1775629384964,500224
1775629384966,500224
1775629384967,500224
1775629384969,500224
1775629384971,500224
1775629384973,500224
1775629384974,500224
1775629384983,500224
1775629384986,500224
1775629384987,500224
1775629384989,500224
1775629384990,500224
1775629384997,500224
1775629384998,500224
1775629385000,500224
1775629385001,500224
1775629385004,500224
1775629385007,500224
1775629385009,500224
1775629385011,500224
1775629385015,500224
1775629385017,500224
1775629385019,500224
1775629385020,500224
1775629385022,500224
1775629385023,500224
1775629385024,500224
1775629385026,500224
1775629385027,500224
1775629385028,500224
1775629385029,500224
1775629385031,500224
1775629385032,500224
1775629385033,500224
1775629385034,500224
1775629385036,500224
1775629385038,500224
1775629385039,500224
1775629385041,500224
1775629385043,500224
1775629385045,500224
1775629385046,500224
1775629385047,500224
1775629385049,500224
1775629385050,500224
1775629385051,500224
1775629385053,500224
1775629385054,500224
1775629385057,500224
1775629385059,500224
1775629385060,500224
1775629385061,500224
1775629385063,500224
1775629385064,500224
1775629385065,500224
1775629385067,500224
1775629385068,500224
1775629385070,500224
1775629385071,500224
1775629385072,500224
1775629385074,500224
1775629385078,500224
1775629385080,500224
1775629385082,500224
1775629385084,500224
1775629385085,500224
1775629385087,500224
1775629385088,500224
1775629385089,500224
1775629385090,500224
1775629385092,500224
1775629385095,500224
1775629385548,500224
1775629385549,500224
1775629385550,500224
1775629385553,500224
1775629385554,500224
1775629385555,500224
1775629385557,500224
1775629385558,500224
1775629385559,500224
1775629385561,500224
1775629385563,500224
1775629385565,500224
1775629385567,500224
1775629385568,500224
1775629385570,500224
1775629385572,500224
1775629385573,500224
1775629385575,500224
1775629385576,500224
1775629385578,500224
1775629385580,500224
1775629385586,500224
1775629385590,500224
1775629385596,500224
1775629385599,500224
1775629385602,500224
1775629385603,500224
1775629385605,500224
1775629385607,500224
1775629385608,500224
1775629385611,500224
1775629385612,500224
1775629385614,500224
1775629385615,500224
1775629385618,500224
1775629385620,500224
1775629385622,500224
1775629385625,500224
1775629385627,500224
1775629385630,500224
1775629385632,500224
1775629385634,500224
1775629385636,500224
1775629385637,500224
1775629385639,500224
1775629385641,500224
1775629385642,500224
1775629385645,500224
1775629385647,500224
1775629385648,500224
1775629385650,500224
1775629385651,500224
1775629385652,500224
1775629385654,500224
1775629385655,500224
1775629385656,500224
1775629385658,500224
1775629385659,500224
1775629385661,500224
1775629385662,500224
1775629385664,500224
1775629385667,500224
1775629385671,500224
1775629385674,500224
1775629385677,500224
1775629385679,500224
1775629385681,500224
1775629385682,500224
1775629386149,500224
1775629386152,500224
1775629386154,500224
1775629386156,500224
1775629386158,500224
1775629386161,500224
1775629386163,500224
1775629386165,500224
1775629386167,500224
1775629386169,500224
1775629386171,500224
1775629386173,500224
1775629386175,500224
1775629386177,500224
1775629386179,500224
1775629386180,500224
1775629386182,500224
1775629386184,500224
1775629386187,500224
1775629386191,500224
1775629386194,500224
1775629386195,500224
1775629386197,500224
1775629386199,500224
1775629386201,500224
1775629386203,500224
1775629386204,500224
1775629386206,500224
1775629386208,500224
1775629386209,500224
1775629386211,500224
1775629386212,500224
1775629386214,500224
1775629386215,500224
1775629386217,500224
1775629386218,500224
1775629386219,500224
1775629386221,500224
1775629386222,500224
1775629386225,500224
1775629386226,500224
1775629386228,500224
1775629386229,500224
1775629386230,500224
1775629386231,500224
1775629386233,500224
1775629386241,500224
1775629386243,500224
1775629386245,500224
1775629386246,500224
1775629386253,500224
1775629386258,500224
1775629386262,500224
1775629386264,500224
1775629386265,500224
1775629386267,500224
1775629386268,500224
1775629386270,500224
1775629386271,500224
1775629386273,500224
1775629386274,500224
1775629386275,500224
1775629386277,500224
1775629386278,500224
1775629386279,500224
1775629386280,500224
1775629386282,500224
1775629386283,500224
1775629386284,500224
1775629386291,500224
1775629386292,500224
1775629386294,500224
1775629386295,500224
1775629386296,500224
1775629386299,500224
1775629386302,500224
1775629386304,500224
1775629386308,500224
1775629386310,500224
1775629386312,500224
1775629386314,500224
1775629386316,500224
1775629386318,500224
1775629386747,500224
1775629386749,500224
1775629386751,500224
1775629386754,500224
1775629386755,500224
1775629386757,500224
1775629386758,500224
1775629386760,500224
1775629386762,500224
1775629386764,500224
1775629386766,500224
1775629386768,500224
1775629386770,500224
1775629386772,500224
1775629386773,500224
1775629386775,500224
1775629386776,500224
1775629386777,500224
1775629386779,500224
1775629386781,500224
1775629386787,500224
1775629386789,500224
1775629386791,500224
1775629386793,500224
1775629386795,500224
1775629386796,500224
1775629386798,500224
1775629386799,500224
1775629386800,500224
1775629386802,500224
1775629386803,500224
1775629386806,500224
1775629386809,500224
1775629386811,500224
1775629386813,500224
1775629386815,500224
1775629386821,500224
1775629386830,500224
1775629386835,500224
1775629386839,500224
1775629386842,500224
1775629386844,500224
1775629386846,500224
1775629386849,500224
1775629386850,500224
1775629386852,500224
1775629386854,500224
1775629386856,500224
1775629386858,500224
1775629386859,500224
1775629386861,500224
1775629386864,500224
1775629386865,500224
1775629386866,500224
1775629386867,500224
1775629386869,500224
1775629386870,500224
1775629386871,500224
1775629386872,500224
1775629386874,500224
1775629386875,500224
1775629386876,500224
1775629386878,500224
1775629386880,500224
1775629386882,500224
1775629386883,500224
1775629386888,500224
1775629386889,500224
1775629386890,500224
1775629386892,500224
1775629386894,500224
1775629386896,500224
1775629386898,500224
1775629386900,500224
1775629386902,500224
1775629386904,500224
1775629386906,500224
1775629387349,500224
1775629387352,500224
1775629387354,500224
1775629387356,500224
1775629387360,500224
1775629387362,500224
1775629387364,500224
1775629387366,500224
1775629387367,500224
1775629387369,500224
1775629387371,500224
1775629387373,500224
1775629387375,500224
1775629387380,500224
1775629387382,500224
1775629387384,500224
1775629387386,500224
1775629387388,500224
1775629387390,500224
1775629387394,500224
1775629387396,500224
1775629387403,500224
1775629387406,500224
1775629387407,500224
1775629387409,500224
1775629387410,500224
1775629387411,500224
1775629387412,500224
1775629387416,500224
1775629387417,500224
1775629387419,500224
1775629387421,500224
1775629387422,500224
1775629387424,500224
1775629387425,500224
1775629387427,500224
1775629387428,500224
1775629387432,500224
1775629387435,500224
1775629387439,500224
1775629387441,500224
1775629387443,500224
1775629387446,500224
1775629387448,500224
1775629387450,500224
1775629387452,500224
1775629387453,500224
1775629387455,500224
1775629387457,500224
1775629387459,500224
1775629387463,500224
1775629387465,500224
1775629387469,500224
1775629387471,500224
1775629387473,500224
1775629387474,500224
1775629387476,500224
1775629387479,500224
1775629387481,500224
1775629387483,500224
1775629387485,500224
1775629387487,500224
1775629387489,500224
1775629387491,500224
1775629387492,500224
1775629387493,500224
1775629387494,500224
1775629387496,500224
1775629387497,500224
1775629387498,500224
1775629387500,500224
1775629387502,500224
1775629387504,500224
1775629387505,500224
1775629387506,500224
1775629387509,500224
1775629387513,500224
1775629387514,500224
1775629387516,500224
1775629387518,500224
1775629387520,500224
1775629387522,500224
1775629387523,500224
1775629387525,500224
1775629387526,500224
1775629387527,500224
1775629387529,500224
1775629387530,500224
1775629387531,500224
1775629387534,500224
1775629387950,500224
1775629387953,500224
1775629387955,500224
1775629387957,500224
1775629387959,500224
1775629387961,500224
1775629387963,500224
1775629387966,500224
1775629387967,500224
1775629387969,500224
1775629387970,500224
1775629387972,500224
1775629387974,500224
1775629387975,500224
1775629387976,500224
1775629387979,500224
1775629387981,500224
1775629387985,500224
1775629387987,500224
1775629387989,500224
1775629387992,500224
1775629387994,500224
1775629387998,500224
1775629388000,500224
1775629388002,500224
1775629388003,500224
1775629388008,500224
1775629388012,500224
1775629388016,500224
1775629388019,500224
1775629388020,500224
1775629388022,500224
1775629388025,500224
1775629388027,500224
1775629388030,500224
1775629388032,500224
1775629388034,500224
1775629388036,500224
1775629388037,500224
1775629388038,500224
1775629388040,500224
1775629388041,500224
1775629388042,500224
1775629388044,500224
1775629388045,500224
1775629388047,500224
1775629388048,500224
1775629388049,500224
1775629388050,500224
1775629388051,500224
1775629388053,500224
1775629388055,500224
1775629388057,500224
1775629388058,500224
1775629388060,500224
1775629388061,500224
1775629388063,500224
1775629388064,500224
1775629388065,500224
1775629388066,500224
1775629388068,500224
1775629388069,500224
1775629388070,500224
1775629388071,500224
1775629388073,500224
1775629388074,500224
1775629388075,500224
1775629388076,500224
1775629388078,500224
1775629388079,500224
1775629388080,500224
1775629388081,500224
1775629388083,500224
1775629388084,500224
1775629388085,500224
1775629388086,500224
1775629388088,500224
1775629388089,500224
1775629388549,500224
1775629388552,500224
1775629388554,500224
1775629388555,500224
1775629388556,500224
1775629388558,500224
1775629388559,500224
1775629388560,500224
1775629388562,500224
1775629388563,500224
1775629388567,500224
1775629388571,500224
1775629388573,500224
1775629388574,500224
1775629388579,500224
1775629388584,500224
1775629388587,500224
1775629388589,500224
1775629388591,500224
1775629388596,500224
1775629388601,500224
1775629388603,500224
1775629388604,500224
1775629388607,500224
1775629388609,500224
1775629388611,500224
1775629388613,500224
1775629388615,500224
1775629388616,500224
1775629388618,500224
1775629388620,500224
1775629388624,500224
1775629388627,500224
1775629388630,500224
1775629388633,500224
1775629388636,500224
1775629388638,500224
1775629388641,500224
1775629388642,500224
1775629388643,500224
1775629388645,500224
1775629388646,500224
1775629388647,500224
1775629388649,500224
1775629388650,500224
1775629388652,500224
1775629388653,500224
1775629388655,500224
1775629388656,500224
1775629388657,500224
1775629388659,500224
1775629388660,500224
1775629388662,500224
1775629388664,500224
1775629388665,500224
1775629388667,500224
1775629388668,500224
1775629388669,500224
1775629388671,500224
1775629388672,500224
1775629388673,500224
1775629388675,500224
1775629388676,500224
1775629388677,500224
1775629388679,500224
1775629388680,500224
1775629388681,500224
1775629388683,500224
1775629388684,500224
1775629388685,500224
1775629388687,500224
1775629388688,500224
1775629388690,500224
1775629388691,500224
1775629388692,500224
1775629389151,500224
1775629389153,500224
1775629389155,500224
1775629389157,500224
1775629389158,500224
1775629389160,500224
1775629389161,500224
1775629389163,500224
1775629389164,500224
1775629389166,500224
1775629389167,500224
1775629389169,500224
1775629389174,500224
1775629389177,500224
1775629389180,500224
1775629389187,500224
1775629389189,500224
1775629389192,500224
1775629389194,500224
1775629389196,500224
1775629389199,500224
1775629389201,500224
1775629389205,500224
1775629389208,500224
1775629389209,500224
1775629389211,500224
1775629389212,500224
1775629389214,500224
1775629389216,500224
1775629389220,500224
1775629389223,500224
1775629389225,500224
1775629389227,500224
1775629389228,500224
1775629389230,500224
1775629389231,500224
1775629389233,500224
1775629389234,500224
1775629389235,500224
1775629389236,500224
1775629389238,500224
1775629389239,500224
1775629389241,500224
1775629389242,500224
1775629389243,500224
1775629389244,500224
1775629389249,500224
1775629389251,500224
1775629389252,500224
1775629389253,500224
1775629389255,500224
1775629389256,500224
1775629389257,500224
1775629389259,500224
1775629389260,500224
1775629389262,500224
1775629389263,500224
1775629389265,500224
1775629389266,500224
1775629389267,500224
1775629389269,500224
1775629389270,500224
1775629389271,500224
1775629389273,500224
1775629389274,500224
1775629389275,500224
1775629389276,500224
1775629389278,500224
1775629389279,500224
1775629389280,500224
1775629389282,500224
1775629389283,500224
1775629389284,500224
1775629389285,500224
1775629389287,500224
1775629389288,500224
1775629389289,500224
1775629389291,500224
1775629389292,500224
1775629389293,500224
1775629389295,500224
1775629389296,500224
1775629389297,500224
1775629389751,500224
1775629389753,500224
1775629389756,500224
1775629389757,500224
1775629389758,500224
1775629389760,500224
1775629389761,500224
1775629389763,500224
1775629389765,500224
1775629389766,500224
1775629389767,500224
1775629389768,500224
1775629389770,500224
1775629389772,500224
1775629389773,500224
1775629389774,500224
1775629389776,500224
1775629389779,500224
1775629389780,500224
1775629389782,500224
1775629389784,500224
1775629389787,500224
1775629389789,500224
1775629389791,500224
1775629389792,500224
1775629389793,500224
1775629389794,500224
1775629389796,500224
1775629389800,500224
1775629389804,500224
1775629389805,500224
1775629389808,500224
1775629389809,500224
1775629389811,500224
1775629389812,500224
1775629389813,500224
1775629389814,500224
1775629389816,500224
1775629389817,500224
1775629389818,500224
1775629389820,500224
1775629389821,500224
1775629389822,500224
1775629389824,500224
1775629389825,500224
1775629389827,500224
1775629389828,500224
1775629389831,500224
1775629389838,500224
1775629389840,500224
1775629389841,500224
1775629389844,500224
1775629389846,500224
1775629389848,500224
1775629389849,500224
1775629389850,500224
1775629389858,500224
1775629389862,500224
1775629389863,500224
1775629389865,500224
1775629389866,500224
1775629389867,500224
1775629389869,500224
1775629389870,500224
1775629389871,500224
1775629389872,500224
1775629389874,500224
1775629389875,500224
1775629389876,500224
1775629389879,500224
1775629389882,500224
1775629389884,500224
1775629389885,500224
1775629389886,500224
1775629389889,500224
1775629389891,500224
1775629389892,500224
1775629389893,500224
1775629389895,500224
1775629389896,500224
1775629389897,500224
1775629389899,500224
1775629389900,500224
1775629389902,500224
1775629390352,500224
1775629390354,500224
1775629390355,500224
1775629390358,500224
1775629390359,500224
1775629390363,500224
1775629390365,500224
1775629390367,500224
1775629390368,500224
1775629390370,500224
1775629390372,500224
1775629390373,500224
1775629390374,500224
1775629390375,500224
1775629390379,500224
1775629390387,500224
1775629390389,500224
1775629390390,500224
1775629390392,500224
1775629390394,500224
1775629390398,500224
1775629390400,500224
1775629390405,500224
1775629390408,500224
1775629390410,500224
1775629390413,500224
1775629390416,500224
1775629390419,500224
1775629390421,500224
1775629390424,500224
1775629390426,500224
1775629390428,500224
1775629390430,500224
1775629390432,500224
1775629390434,500224
1775629390436,500224
1775629390437,500224
1775629390439,500224
1775629390441,500224
1775629390442,500224
1775629390443,500224
1775629390445,500224
1775629390446,500224
1775629390448,500224
1775629390451,500224
1775629390453,500224
1775629390454,500224
1775629390456,500224
1775629390457,500224
1775629390459,500224
1775629390460,500224
1775629390462,500224
1775629390463,500224
1775629390465,500224
1775629390466,500224
1775629390469,500224
1775629390470,500224
1775629390472,500224
1775629390474,500224
1775629390476,500224
1775629390477,500224
1775629390478,500224
1775629390480,500224
1775629390481,500224
1775629390482,500224
1775629390483,500224
1775629390485,500224
1775629390488,500224
1775629390490,500224
1775629390492,500224
1775629390493,500224
1775629390495,500224
1775629390496,500224
1775629390497,500224
1775629390499,500224
1775629390500,500224
1775629390502,500224
1775629390503,500224
1775629390505,500224
1775629390507,500224
1775629390509,500224
1775629390510,500224
1775629390511,500224
1775629390521,500224
1775629390952,500224
1775629390954,500224
1775629390956,500224
1775629390957,500224
1775629390959,500224
1775629390960,500224
1775629390961,500224
1775629390962,500224
1775629390966,500224
1775629390969,500224
1775629390971,500224
1775629390972,500224
1775629390973,500224
1775629390977,500224
1775629390980,500224
1775629390981,500224
1775629390984,500224
1775629390987,500224
1775629390989,500224
1775629390991,500224
1775629390994,500224
1775629390996,500224
1775629390998,500224
1775629391000,500224
1775629391001,500224
1775629391002,500224
1775629391004,500224
1775629391006,500224
1775629391007,500224
1775629391010,500224
1775629391013,500224
1775629391016,500224
1775629391018,500224
1775629391020,500224
1775629391022,500224
1775629391024,500224
1775629391026,500224
1775629391028,500224
1775629391030,500224
1775629391031,500224
1775629391033,500224
1775629391034,500224
1775629391035,500224
1775629391037,500224
1775629391039,500224
1775629391040,500224
1775629391042,500224
1775629391046,500224
1775629391049,500224
1775629391050,500224
1775629391052,500224
1775629391053,500224
1775629391055,500224
1775629391056,500224
1775629391058,500224
1775629391059,500224
1775629391060,500224
1775629391061,500224
1775629391063,500224
1775629391065,500224
1775629391066,500224
1775629391067,500224
1775629391069,500224
1775629391070,500224
1775629391071,500224
1775629391073,500224
1775629391074,500224
1775629391076,500224
1775629391077,500224
1775629391079,500224
1775629391080,500224
1775629391081,500224
1775629391083,500224
1775629391084,500224
1775629391085,500224
1775629391087,500224
1775629391088,500224
1775629391089,500224
1775629391091,500224
1775629391553,500224
1775629391557,500224
1775629391559,500224
1775629391560,500224
1775629391562,500224
1775629391565,500224
1775629391567,500224
1775629391569,500224
1775629391570,500224
1775629391572,500224
1775629391573,500224
1775629391575,500224
1775629391577,500224
1775629391578,500224
1775629391580,500224
1775629391581,500224
1775629391587,500224
1775629391588,500224
1775629391590,500224
1775629391593,500224
1775629391595,500224
1775629391597,500224
1775629391598,500224
1775629391602,500224
1775629391603,500224
1775629391605,500224
1775629391609,500224
1775629391611,500224
1775629391614,500224
1775629391616,500224
1775629391618,500224
1775629391621,500224
1775629391623,500224
1775629391630,500224
1775629391634,500224
1775629391636,500224
1775629391638,500224
1775629391641,500224
1775629391643,500224
1775629391645,500224
1775629391647,500224
1775629391650,500224
1775629391653,500224
1775629391656,500224
1775629391659,500224
1775629391660,500224
1775629391662,500224
1775629391663,500224
1775629391664,500224
1775629391666,500224
1775629391668,500224
1775629391670,500224
1775629391672,500224
1775629391673,500224
1775629391675,500224
1775629391677,500224
1775629391679,500224
1775629391680,500224
1775629391682,500224
1775629391683,500224
1775629391685,500224
1775629391686,500224
1775629391688,500224
1775629391689,500224
1775629391690,500224
1775629391691,500224
1775629391693,500224
1775629391695,500224
1775629391696,500224
1775629391697,500224
1775629391698,500224
1775629391700,500224
1775629391701,500224
1775629391702,500224
1775629391703,500224
1775629391705,500224
1775629391706,500224
1775629391707,500224
1775629391709,500224
1775629391710,500224
1775629391712,500224
1775629392156,500224
1775629392159,500224
1775629392161,500224
1775629392162,500224
1775629392164,500224
1775629392166,500224
1775629392167,500224
1775629392169,500224
1775629392172,500224
1775629392174,500224
1775629392176,500224
1775629392178,500224
1775629392180,500224
1775629392181,500224
1775629392183,500224
1775629392184,500224
1775629392187,500224
1775629392189,500224
1775629392192,500224
1775629392195,500224
1775629392199,500224
1775629392202,500224
1775629392203,500224
1775629392205,500224
1775629392206,500224
1775629392207,500224
1775629392209,500224
1775629392211,500224
1775629392212,500224
1775629392213,500224
1775629392214,500224
1775629392216,500224
1775629392218,500224
1775629392219,500224
1775629392223,500224
1775629392225,500224
1775629392226,500224
1775629392228,500224
1775629392229,500224
1775629392236,500224
1775629392241,500224
1775629392242,500224
1775629392245,500224
1775629392247,500224
1775629392248,500224
1775629392252,500224
1775629392253,500224
1775629392254,500224
1775629392256,500224
1775629392257,500224
1775629392258,500224
1775629392259,500224
1775629392261,500224
1775629392262,500224
1775629392263,500224
1775629392265,500224
1775629392266,500224
1775629392268,500224
1775629392271,500224
1775629392273,500224
1775629392276,500224
1775629392278,500224
1775629392280,500224
1775629392282,500224
1775629392284,500224
1775629392286,500224
1775629392290,500224
1775629392292,500224
1775629392294,500224
1775629392296,500224
1775629392297,500224
1775629392299,500224
1775629392301,500224
1775629392303,500224
1775629392304,500224
1775629392306,500224
1775629392309,500224
1775629392312,500224
1775629392314,500224
1775629392755,500224
1775629392757,500224
1775629392758,500224
1775629392759,500224
1775629392761,500224
1775629392764,500224
1775629392766,500224
1775629392767,500224
1775629392769,500224
1775629392770,500224
1775629392772,500224
1775629392774,500224
1775629392778,500224
1775629392779,500224
1775629392782,500224
1775629392783,500224
1775629392785,500224
1775629392787,500224
1775629392791,500224
1775629392795,500224
1775629392800,500224
1775629392805,500224
1775629392807,500224
1775629392809,500224
1775629392810,500224
1775629392812,500224
1775629392814,500224
1775629392817,500224
1775629392820,500224
1775629392825,500224
1775629392827,500224
1775629392828,500224
1775629392831,500224
1775629392834,500224
1775629392836,500224
1775629392839,500224
1775629392841,500224
1775629392842,500224
1775629392844,500224
1775629392845,500224
1775629392849,500224
1775629392852,500224
1775629392853,500224
1775629392856,500224
1775629392859,500224
1775629392862,500224
1775629392865,500224
1775629392870,500224
1775629392873,500224
1775629392876,500224
1775629392880,500224
1775629392882,500224
1775629392883,500224
1775629392885,500224
1775629392886,500224
1775629392888,500224
1775629392889,500224
1775629392890,500224
1775629392891,500224
1775629392894,500224
1775629392897,500224
1775629392899,500224
1775629392901,500224
1775629392903,500224
1775629392905,500224
1775629392906,500224
1775629392908,500224
1775629392911,500224
1775629392912,500224
1775629392914,500224
1775629392917,500224
1775629392919,500224
1775629392920,500224
1775629392921,500224
1775629392923,500224
1775629392924,500224
1775629393358,500224
1775629393361,500224
1775629393363,500224
1775629393366,500224
1775629393368,500224
1775629393369,500224
1775629393375,500224
1775629393376,500224
1775629393377,500224
1775629393380,500224
1775629393381,500224
1775629393385,500224
1775629393386,500224
1775629393388,500224
1775629393389,500224
1775629393390,500224
1775629393392,500224
1775629393394,500224
1775629393395,500224
1775629393396,500224
1775629393397,500224
1775629393399,500224
1775629393400,500224
1775629393402,500224
1775629393403,500224
1775629393405,500224
1775629393406,500224
1775629393408,500224
1775629393414,500224
1775629393416,500224
1775629393418,500224
1775629393419,500224
1775629393421,500224
1775629393423,500224
1775629393424,500224
1775629393426,500224
1775629393428,500224
1775629393429,500224
1775629393431,500224
1775629393432,500224
1775629393433,500224
1775629393436,500224
1775629393442,500224
1775629393444,500224
1775629393446,500224
1775629393447,500224
1775629393449,500224
1775629393451,500224
1775629393453,500224
1775629393454,500224
1775629393455,500224
1775629393457,500224
1775629393458,500224
1775629393459,500224
1775629393461,500224
1775629393462,500224
1775629393465,500224
1775629393469,500224
1775629393471,500224
1775629393473,500224
1775629393474,500224
1775629393476,500224
1775629393477,500224
1775629393478,500224
1775629393480,500224
1775629393482,500224
1775629393484,500224
1775629393485,500224
1775629393486,500224
1775629393487,500224
1775629393488,500224
1775629393490,500224
1775629393491,500224
1775629393492,500224
1775629393494,500224
1775629393495,500224
1775629393497,500224
1775629393498,500224
1775629393499,500224
1775629393501,500224
1775629393502,500224
1775629393503,500224
1775629393504,500224
1775629393506,500224
1775629393507,500224
1775629393508,500224
1775629393509,500224
1775629393511,500224
1775629393512,500224
1775629393513,500224
1775629393958,500224
1775629393962,500224
1775629393965,500224
1775629393966,500224
1775629393972,500224
1775629393974,500224
1775629393980,500224
1775629393981,500224
1775629393983,500224
1775629393985,500224
1775629393987,500224
1775629393989,500224
1775629393990,500224
1775629393991,500224
1775629393993,500224
1775629393994,500224
1775629393996,500224
1775629393997,500224
1775629393998,500224
1775629394000,500224
1775629394001,500224
1775629394002,500224
1775629394003,500224
1775629394007,500224
1775629394010,500224
1775629394011,500224
1775629394014,500224
1775629394016,500224
1775629394017,500224
1775629394018,500224
1775629394021,500224
1775629394023,500224
1775629394024,500224
1775629394026,500224
1775629394027,500224
1775629394028,500224
1775629394030,500224
1775629394031,500224
1775629394032,500224
1775629394034,500224
1775629394038,500224
1775629394039,500224
1775629394040,500224
1775629394041,500224
1775629394043,500224
1775629394044,500224
1775629394046,500224
1775629394047,500224
1775629394050,500224
1775629394054,500224
1775629394055,500224
1775629394057,500224
1775629394060,500224
1775629394061,500224
1775629394063,500224
1775629394064,500224
1775629394066,500224
1775629394067,500224
1775629394068,500224
1775629394070,500224
1775629394071,500224
1775629394072,500224
1775629394073,500224
1775629394075,500224
1775629394076,500224
1775629394077,500224
1775629394078,500224
1775629394080,500224
1775629394081,500224
1775629394082,500224
1775629394085,500224
1775629394087,500224
1775629394556,500224
1775629394558,500224
1775629394560,500224
1775629394563,500224
1775629394566,500224
1775629394567,500224
1775629394569,500224
1775629394571,500224
1775629394575,500224
1775629394578,500224
1775629394580,500224
1775629394583,500224
1775629394584,500224
1775629394587,500224
1775629394589,500224
1775629394592,500224
1775629394593,500224
1775629394595,500224
1775629394596,500224
1775629394598,500224
1775629394599,500224
1775629394603,500224
1775629394608,500224
1775629394610,500224
1775629394612,500224
1775629394613,500224
1775629394615,500224
1775629394616,500224
1775629394619,500224
1775629394620,500224
1775629394622,500224
1775629394624,500224
1775629394625,500224
1775629394626,500224
1775629394628,500224
1775629394629,500224
1775629394631,500224
1775629394633,500224
1775629394635,500224
1775629394640,500224
1775629394641,500224
1775629394643,500224
1775629394644,500224
1775629394645,500224
1775629394646,500224
1775629394648,500224
1775629394649,500224
1775629394651,500224
1775629394652,500224
1775629394654,500224
1775629394655,500224
1775629394657,500224
1775629394658,500224
1775629394659,500224
1775629394661,500224
1775629394662,500224
1775629394663,500224
1775629394665,500224
1775629394666,500224
1775629394667,500224
1775629394668,500224
1775629394670,500224
1775629394672,500224
1775629394674,500224
1775629394676,500224
1775629394678,500224
1775629394680,500224
1775629394682,500224
1775629394683,500224
1775629394685,500224
1775629394686,500224
1775629394688,500224
1775629394689,500224
1775629394690,500224
1775629394691,500224
1775629394693,500224
1775629394694,500224
1775629394695,500224
1775629394697,500224
1775629394698,500224
1775629394699,500224
1775629394700,500224
1775629394702,500224
1775629394703,500224
1775629394704,500224
1775629394705,500224
1775629394707,500224
1775629394708,500224
1775629394709,500224
1775629395159,500224
1775629395162,500224
1775629395164,500224
1775629395166,500224
1775629395168,500224
1775629395170,500224
1775629395173,500224
1775629395175,500224
1775629395181,500224
1775629395184,500224
1775629395187,500224
1775629395191,500224
1775629395195,500224
1775629395199,500224
1775629395204,500224
1775629395208,500224
1775629395210,500224
1775629395212,500224
1775629395213,500224
1775629395215,500224
1775629395217,500224
1775629395218,500224
1775629395220,500224
1775629395221,500224
1775629395223,500224
1775629395224,500224
1775629395225,500224
1775629395227,500224
1775629395228,500224
1775629395233,500224
1775629395236,500224
1775629395239,500224
1775629395242,500224
1775629395245,500224
1775629395247,500224
1775629395249,500224
1775629395250,500224
1775629395251,500224
1775629395253,500224
1775629395254,500224
1775629395255,500224
1775629395257,500224
1775629395258,500224
1775629395259,500224
1775629395262,500224
1775629395264,500224
1775629395267,500224
1775629395269,500224
1775629395271,500224
1775629395273,500224
1775629395274,500224
1775629395276,500224
1775629395277,500224
1775629395279,500224
1775629395281,500224
1775629395283,500224
1775629395284,500224
1775629395285,500224
1775629395289,500224
1775629395292,500224
1775629395294,500224
1775629395296,500224
1775629395298,500224
1775629395302,500224
1775629395304,500224
1775629395308,500224
1775629395309,500224
1775629395311,500224
1775629395313,500224
1775629395314,500224
1775629395316,500224
1775629395758,500224
1775629395760,500224
1775629395762,500224
1775629395764,500224
1775629395765,500224
1775629395768,500224
1775629395772,500224
1775629395775,500224
1775629395777,500224
1775629395779,500224
1775629395781,500224
1775629395782,500224
1775629395784,500224
1775629395785,500224
1775629395792,500224
1775629395794,500224
1775629395796,500224
1775629395798,500224
1775629395801,500224
1775629395803,500224
1775629395805,500224
1775629395807,500224
1775629395808,500224
1775629395810,500224
1775629395811,500224
1775629395813,500224
1775629395814,500224
1775629395815,500224
1775629395817,500224
1775629395818,500224
1775629395820,500224
1775629395821,500224
1775629395823,500224
1775629395826,500224
1775629395828,500224
1775629395829,500224
1775629395830,500224
1775629395832,500224
1775629395834,500224
1775629395838,500224
1775629395840,500224
1775629395842,500224
1775629395843,500224
1775629395845,500224
1775629395846,500224
1775629395848,500224
1775629395849,500224
1775629395851,500224
1775629395852,500224
1775629395854,500224
1775629395859,500224
1775629395862,500224
1775629395866,500224
1775629395867,500224
1775629395869,500224
1775629395870,500224
1775629395871,500224
1775629395872,500224
1775629395874,500224
1775629395876,500224
1775629395878,500224
1775629395880,500224
1775629395881,500224
1775629395883,500224
1775629395885,500224
1775629395886,500224
1775629395887,500224
1775629395889,500224
1775629395892,500224
1775629395894,500224
1775629395895,500224
1775629395896,500224
1775629395897,500224
1775629395900,500224
1775629395903,500224
1775629395906,500224
1775629395908,500224
1775629395911,500224
1775629395912,500224
1775629395914,500224
1775629395915,500224
1775629395916,500224
1775629395917,500224
1775629395919,500224
1775629395920,500224
1775629395921,500224
1775629395922,500224
1775629395924,500224
1775629396360,500224
1775629396362,500224
1775629396363,500224
1775629396364,500224
1775629396369,500224
1775629396371,500224
1775629396373,500224
1775629396376,500224
1775629396379,500224
1775629396381,500224
1775629396383,500224
1775629396385,500224
1775629396386,500224
1775629396388,500224
1775629396389,500224
1775629396391,500224
1775629396392,500224
1775629396393,500224
1775629396400,500224
1775629396404,500224
1775629396408,500224
1775629396410,500224
1775629396411,500224
1775629396413,500224
1775629396414,500224
1775629396416,500224
1775629396417,500224
1775629396418,500224
1775629396420,500224
1775629396422,500224
1775629396427,500224
1775629396429,500224
1775629396431,500224
1775629396435,500224
1775629396436,500224
1775629396438,500224
1775629396440,500224
1775629396442,500224
1775629396444,500224
1775629396445,500224
1775629396447,500224
1775629396448,500224
1775629396450,500224
1775629396452,500224
1775629396453,500224
1775629396455,500224
1775629396458,500224
1775629396460,500224
1775629396461,500224
1775629396463,500224
1775629396464,500224
1775629396466,500224
1775629396467,500224
1775629396468,500224
1775629396472,500224
1775629396473,500224
1775629396474,500224
1775629396476,500224
1775629396477,500224
1775629396478,500224
1775629396479,500224
1775629396481,500224
1775629396482,500224
1775629396483,500224
1775629396484,500224
1775629396486,500224
1775629396487,500224
1775629396489,500224
1775629396490,500224
1775629396492,500224
1775629396493,500224
1775629396495,500224
1775629396496,500224
1775629396498,500224
1775629396499,500224
1775629396501,500224
1775629396502,500224
1775629396503,500224
1775629396505,500224
1775629396506,500224
1775629396960,500224
1775629396961,500224
1775629396963,500224
1775629396964,500224
1775629396966,500224
1775629396967,500224
1775629396969,500224
1775629396970,500224
1775629396972,500224
1775629396973,500224
1775629396974,500224
1775629396975,500224
1775629396977,500224
1775629396978,500224
1775629396979,500224
1775629396982,500224
1775629396995,500224
1775629396997,500224
1775629396999,500224
1775629397002,500224
1775629397004,500224
1775629397006,500224
1775629397008,500224
1775629397009,500224
1775629397012,500224
1775629397016,500224
1775629397017,500224
1775629397019,500224
1775629397020,500224
1775629397022,500224
1775629397023,500224
1775629397026,500224
1775629397028,500224
1775629397031,500224
1775629397038,500224
1775629397040,500224
1775629397041,500224
1775629397042,500224
1775629397045,500224
1775629397048,500224
1775629397051,500224
1775629397053,500224
1775629397055,500224
1775629397058,500224
1775629397060,500224
1775629397062,500224
1775629397064,500224
1775629397065,500224
1775629397067,500224
1775629397068,500224
1775629397070,500224
1775629397071,500224
1775629397073,500224
1775629397074,500224
1775629397075,500224
1775629397077,500224
1775629397079,500224
1775629397080,500224
1775629397082,500224
1775629397083,500224
1775629397085,500224
1775629397086,500224
1775629397087,500224
1775629397089,500224
1775629397090,500224
1775629397091,500224
1775629397093,500224
1775629397094,500224
1775629397096,500224
1775629397097,500224
1775629397099,500224
1775629397100,500224
1775629397101,500224
1775629397103,500224
1775629397561,500224
1775629397564,500224
1775629397565,500224
1775629397567,500224
1775629397571,500224
1775629397572,500224
1775629397574,500224
1775629397575,500224
1775629397576,500224
1775629397578,500224
1775629397581,500224
1775629397584,500224
1775629397587,500224
1775629397589,500224
1775629397592,500224
1775629397595,500224
1775629397598,500224
1775629397599,500224
1775629397602,500224
1775629397604,500224
1775629397606,500224
1775629397609,500224
1775629397611,500224
1775629397613,500224
1775629397614,500224
1775629397618,500224
1775629397620,500224
1775629397622,500224
1775629397624,500224
1775629397626,500224
1775629397628,500224
1775629397629,500224
1775629397631,500224
1775629397632,500224
1775629397633,500224
1775629397635,500224
1775629397636,500224
1775629397637,500224
1775629397638,500224
1775629397639,500224
1775629397641,500224
1775629397642,500224
1775629397643,500224
1775629397645,500224
1775629397646,500224
1775629397647,500224
1775629397648,500224
1775629397650,500224
1775629397651,500224
1775629397652,500224
1775629397656,500224
1775629397658,500224
1775629397660,500224
1775629397662,500224
1775629397664,500224
1775629397666,500224
1775629397668,500224
1775629397669,500224
1775629397671,500224
1775629397675,500224
1775629397677,500224
1775629397682,500224
1775629397685,500224
1775629397686,500224
1775629397689,500224
1775629397694,500224
1775629397696,500224
1775629397698,500224
1775629397700,500224
1775629397702,500224
1775629397704,500224
1775629397706,500224
1775629397708,500224
1775629397710,500224
1775629397712,500224
1775629397713,500224
1775629397715,500224
1775629397716,500224
1775629397718,500224
1775629397719,500224
1775629397721,500224
1775629397723,500224
1775629398161,500224
1775629398163,500224
1775629398168,500224
1775629398169,500224
1775629398171,500224
1775629398172,500224
1775629398173,500224
1775629398175,500224
1775629398176,500224
1775629398177,500224
1775629398179,500224
1775629398180,500224
1775629398182,500224
1775629398185,500224
1775629398187,500224
1775629398189,500224
1775629398191,500224
1775629398193,500224
1775629398194,500224
1775629398195,500224
1775629398196,500224
1775629398198,500224
1775629398199,500224
1775629398200,500224
1775629398205,500224
1775629398208,500224
1775629398211,500224
1775629398213,500224
1775629398216,500224
1775629398218,500224
1775629398221,500224
1775629398224,500224
1775629398226,500224
1775629398227,500224
1775629398228,500224
1775629398229,500224
1775629398231,500224
1775629398232,500224
1775629398233,500224
1775629398235,500224
1775629398237,500224
1775629398239,500224
1775629398241,500224
1775629398242,500224
1775629398244,500224
1775629398245,500224
1775629398246,500224
1775629398247,500224
1775629398249,500224
1775629398250,500224
1775629398251,500224
1775629398253,500224
1775629398254,500224
1775629398255,500224
1775629398256,500224
1775629398262,500224
1775629398263,500224
1775629398265,500224
1775629398266,500224
1775629398268,500224
1775629398269,500224
1775629398270,500224
1775629398273,500224
1775629398274,500224
1775629398276,500224
1775629398277,500224
1775629398278,500224
1775629398280,500224
1775629398281,500224
1775629398282,500224
1775629398283,500224
1775629398285,500224
1775629398286,500224
1775629398287,500224
1775629398288,500224
1775629398290,500224
1775629398291,500224
1775629398292,500224
1775629398293,500224
1775629398762,500224
1775629398765,500224
1775629398767,500224
1775629398769,500224
1775629398771,500224
1775629398773,500224
1775629398775,500224
1775629398778,500224
1775629398780,500224
1775629398781,500224
1775629398783,500224
1775629398784,500224
1775629398786,500224
1775629398787,500224
1775629398790,500224
1775629398792,500224
1775629398793,500224
1775629398795,500224
1775629398798,500224
1775629398800,500224
1775629398801,500224
1775629398803,500224
1775629398804,500224
1775629398807,500224
1775629398809,500224
1775629398811,500224
1775629398812,500224
1775629398813,500224
1775629398815,500224
1775629398816,500224
1775629398819,500224
1775629398820,500224
1775629398822,500224
1775629398823,500224
1775629398824,500224
1775629398825,500224
1775629398827,500224
1775629398828,500224
1775629398829,500224
1775629398830,500224
1775629398832,500224
1775629398834,500224
1775629398836,500224
1775629398838,500224
1775629398840,500224
1775629398842,500224
1775629398844,500224
1775629398847,500224
1775629398848,500224
1775629398850,500224
1775629398854,500224
1775629398855,500224
1775629398856,500224
1775629398857,500224
1775629398859,500224
1775629398860,500224
1775629398861,500224
1775629398863,500224
1775629398865,500224
1775629398866,500224
1775629398872,500224
1775629398874,500224
1775629398877,500224
1775629398881,500224
1775629398885,500224
1775629398886,500224
1775629398887,500224
1775629398889,500224
1775629398892,500224
1775629398894,500224
1775629398895,500224
1775629398896,500224
1775629398898,500224
1775629398899,500224
1775629398900,500224
1775629398902,500224
1775629398903,500224
1775629398904,500224
1775629398905,500224
1775629398907,500224
1775629398908,500224
1775629398909,500224
1775629398910,500224
1775629398911,500224
1775629398913,500224
1775629398914,500224
1775629398915,500224
1775629398916,500224
1775629398918,500224
1775629398919,500224
1775629399363,500224
1775629399365,500224
1775629399367,500224
1775629399369,500224
1775629399372,500224
1775629399377,500224
1775629399379,500224
1775629399381,500224
1775629399384,500224
1775629399386,500224
1775629399387,500224
1775629399388,500224
1775629399394,500224
1775629399396,500224
1775629399397,500224
1775629399399,500224
1775629399400,500224
1775629399402,500224
1775629399403,500224
1775629399406,500224
1775629399409,500224
1775629399413,500224
1775629399415,500224
1775629399417,500224
1775629399419,500224
1775629399420,500224
1775629399422,500224
1775629399424,500224
1775629399426,500224
1775629399427,500224
1775629399428,500224
1775629399430,500224
1775629399431,500224
1775629399432,500224
1775629399434,500224
1775629399435,500224
1775629399439,500224
1775629399450,500224
1775629399452,500224
1775629399454,500224
1775629399456,500224
1775629399457,500224
1775629399460,500224
1775629399463,500224
1775629399465,500224
1775629399468,500224
1775629399470,500224
1775629399472,500224
1775629399473,500224
1775629399475,500224
1775629399477,500224
1775629399480,500224
1775629399482,500224
1775629399484,500224
1775629399486,500224
1775629399488,500224
1775629399491,500224
1775629399493,500224
1775629399495,500224
1775629399497,500224
1775629399498,500224
1775629399501,500224
1775629399502,500224
1775629399504,500224
1775629399505,500224
1775629399507,500224
1775629399508,500224
1775629399510,500224
1775629399511,500224
1775629399512,500224
1775629399514,500224
1775629399515,500224
1775629399517,500224
1775629399518,500224
1775629399519,500224
1775629399521,500224
1775629399522,500224
1775629399524,500224
1775629399964,500224
1775629399966,500224
1775629399970,500224
1775629399973,500224
1775629399976,500224
1775629399981,500224
1775629399984,500224
1775629399986,500224
1775629399987,500224
1775629399989,500224
1775629399990,500224
1775629399992,500224
1775629399996,500224
1775629399998,500224
1775629400001,500224
1775629400004,500224
1775629400006,500224
1775629400009,500224
1775629400012,500224
1775629400014,500224
1775629400017,500224
1775629400020,500224
1775629400025,500224
1775629400027,500224
1775629400029,500224
1775629400031,500224
1775629400034,500224
1775629400037,500224
1775629400038,500224
1775629400040,500224
1775629400042,500224
1775629400044,500224
1775629400046,500224
1775629400047,500224
1775629400049,500224
1775629400051,500224
1775629400052,500224
1775629400054,500224
1775629400056,500224
1775629400058,500224
1775629400059,500224
1775629400061,500224
1775629400062,500224
1775629400064,500224
1775629400065,500224
1775629400067,500224
1775629400068,500224
1775629400070,500224
1775629400071,500224
1775629400073,500224
1775629400074,500224
1775629400075,500224
1775629400077,500224
1775629400080,500224
1775629400082,500224
1775629400084,500224
1775629400086,500224
1775629400087,500224
1775629400088,500224
1775629400090,500224
1775629400091,500224
1775629400093,500224
1775629400095,500224
1775629400098,500224
1775629400101,500224
1775629400105,500224
1775629400108,500224
1775629400110,500224
1775629400111,500224
1775629400113,500224
1775629400114,500224
1775629400115,500224
1775629400117,500224
1775629400118,500224
1775629400119,500224
1775629400121,500224
1775629400122,500224
1775629400123,500224
1775629400124,500224
1775629400565,500224
1775629400568,500224
1775629400569,500224
1775629400571,500224
1775629400572,500224
1775629400575,500224
1775629400577,500224
1775629400578,500224
1775629400584,500224
1775629400586,500224
1775629400588,500224
1775629400590,500224
1775629400591,500224
1775629400593,500224
1775629400594,500224
1775629400595,500224
1775629400596,500224
1775629400598,500224
1775629400599,500224
1775629400600,500224
1775629400602,500224
1775629400603,500224
1775629400607,500224
1775629400612,500224
1775629400618,500224
1775629400620,500224
1775629400622,500224
1775629400623,500224
1775629400624,500224
1775629400626,500224
1775629400627,500224
1775629400628,500224
1775629400630,500224
1775629400631,500224
1775629400633,500224
1775629400635,500224
1775629400636,500224
1775629400637,500224
1775629400639,500224
1775629400641,500224
1775629400643,500224
1775629400644,500224
1775629400645,500224
1775629400647,500224
1775629400649,500224
1775629400651,500224
1775629400652,500224
1775629400654,500224
1775629400655,500224
1775629400656,500224
1775629400658,500224
1775629400659,500224
1775629400660,500224
1775629400661,500224
1775629400663,500224
1775629400664,500224
1775629400665,500224
1775629400667,500224
1775629400668,500224
1775629400669,500224
1775629400671,500224
1775629400672,500224
1775629400673,500224
1775629400674,500224
1775629400676,500224
1775629400677,500224
1775629400678,500224
1775629400680,500224
1775629400681,500224
1775629400683,500224
1775629400684,500224
1775629400685,500224
1775629400687,500224
1775629400688,500224
1775629400690,500224
1775629400691,500224
1775629400692,500224
1775629400694,500224
1775629400695,500224
1775629400696,500224
1775629401165,500224
1775629401169,500224
1775629401172,500224
1775629401173,500224
1775629401182,500224
1775629401184,500224
1775629401186,500224
1775629401193,500224
1775629401198,500224
1775629401201,500224
1775629401203,500224
1775629401205,500224
1775629401207,500224
1775629401208,500224
1775629401210,500224
1775629401212,500224
1775629401214,500224
1775629401215,500224
1775629401218,500224
1775629401219,500224
1775629401221,500224
1775629401223,500224
1775629401230,500224
1775629401232,500224
1775629401233,500224
1775629401235,500224
1775629401236,500224
1775629401238,500224
1775629401239,500224
1775629401243,500224
1775629401245,500224
1775629401252,500224
1775629401254,500224
1775629401255,500224
1775629401257,500224
1775629401258,500224
1775629401260,500224
1775629401261,500224
1775629401263,500224
1775629401264,500224
1775629401265,500224
1775629401267,500224
1775629401269,500224
1775629401274,500224
1775629401275,500224
1775629401277,500224
1775629401278,500224
1775629401279,500224
1775629401281,500224
1775629401282,500224
1775629401285,500224
1775629401287,500224
1775629401289,500224
1775629401290,500224
1775629401293,500224
1775629401294,500224
1775629401296,500224
1775629401300,500224
1775629401302,500224
1775629401304,500224
1775629401305,500224
1775629401307,500224
1775629401308,500224
1775629401310,500224
1775629401311,500224
1775629401312,500224
1775629401314,500224
1775629401315,500224
1775629401316,500224
1775629401318,500224
1775629401319,500224
1775629401320,500224
1775629401322,500224
1775629401323,500224
1775629401324,500224
1775629401326,500224
1775629401327,500224
1775629401328,500224
1775629401330,500224
1775629401331,500224
1775629401333,500224
1775629401334,500224
1775629401335,500224
1775629401336,500224
1775629401338,500224
1775629401339,500224
1775629401340,500224
1775629401341,500224
1775629401343,500224
1775629401767,500224
1775629401769,500224
1775629401770,500224
1775629401772,500224
1775629401774,500224
1775629401775,500224
1775629401776,500224
1775629401778,500224
1775629401779,500224
1775629401780,500224
1775629401781,500224
1775629401784,500224
1775629401785,500224
1775629401789,500224
1775629401791,500224
1775629401792,500224
1775629401795,500224
1775629401796,500224
1775629401798,500224
1775629401800,500224
1775629401801,500224
1775629401802,500224
1775629401804,500224
1775629401806,500224
1775629401812,500224
1775629401817,500224
1775629401820,500224
1775629401822,500224
1775629401824,500224
1775629401826,500224
1775629401829,500224
1775629401831,500224
1775629401833,500224
1775629401835,500224
1775629401837,500224
1775629401839,500224
1775629401841,500224
1775629401842,500224
1775629401844,500224
1775629401846,500224
1775629401847,500224
1775629401849,500224
1775629401850,500224
1775629401852,500224
1775629401854,500224
1775629401855,500224
1775629401857,500224
1775629401858,500224
1775629401860,500224
1775629401862,500224
1775629401864,500224
1775629401865,500224
1775629401866,500224
1775629401868,500224
1775629401869,500224
1775629401871,500224
1775629401872,500224
1775629401873,500224
1775629401875,500224
1775629401876,500224
1775629401877,500224
1775629401878,500224
1775629401880,500224
1775629401881,500224
1775629401882,500224
1775629401883,500224
1775629401885,500224
1775629401886,500224
1775629401887,500224
1775629401889,500224
1775629401890,500224
1775629401891,500224
1775629401892,500224
1775629401894,500224
1775629401895,500224
1775629401896,500224
1775629401898,500224
1775629401899,500224
1775629401901,500224
1775629401902,500224
1775629401903,500224
1775629402366,500224
1775629402367,500224
1775629402370,500224
1775629402376,500224
1775629402381,500224
1775629402383,500224
1775629402385,500224
1775629402386,500224
1775629402387,500224
1775629402389,500224
1775629402390,500224
1775629402392,500224
1775629402393,500224
1775629402395,500224
1775629402396,500224
1775629402398,500224
1775629402399,500224
1775629402400,500224
1775629402402,500224
1775629402403,500224
1775629402404,500224
1775629402406,500224
1775629402407,500224
1775629402408,500224
1775629402410,500224
1775629402411,500224
1775629402412,500224
1775629402415,500224
1775629402418,500224
1775629402420,500224
1775629402422,500224
1775629402423,500224
1775629402425,500224
1775629402426,500224
1775629402428,500224
1775629402429,500224
1775629402431,500224
1775629402432,500224
1775629402434,500224
1775629402435,500224
1775629402437,500224
1775629402438,500224
1775629402439,500224
1775629402441,500224
1775629402442,500224
1775629402444,500224
1775629402445,500224
1775629402447,500224
1775629402448,500224
1775629402450,500224
1775629402453,500224
1775629402456,500224
1775629402458,500224
1775629402461,500224
1775629402463,500224
1775629402465,500224
1775629402467,500224
1775629402469,500224
1775629402470,500224
1775629402472,500224
1775629402473,500224
1775629402474,500224
1775629402477,500224
1775629402478,500224
1775629402480,500224
1775629402485,500224
1775629402488,500224
1775629402490,500224
1775629402491,500224
1775629402493,500224
1775629402495,500224
1775629402496,500224
1775629402499,500224
1775629402500,500224
1775629402502,500224
1775629402503,500224
1775629402504,500224
1775629402505,500224
1775629402507,500224
1775629402968,500224
1775629402970,500224
1775629402972,500224
1775629402973,500224
1775629402974,500224
1775629402975,500224
1775629402977,500224
1775629402978,500224
1775629402979,500224
1775629402981,500224
1775629402982,500224
1775629402983,500224
1775629402984,500224
1775629402986,500224
1775629402987,500224
1775629402988,500224
1775629402990,500224
1775629402991,500224
1775629402993,500224
1775629402995,500224
1775629402996,500224
1775629402998,500224
1775629402999,500224
1775629403002,500224
1775629403005,500224
1775629403008,500224
1775629403010,500224
1775629403013,500224
1775629403016,500224
1775629403019,500224
1775629403021,500224
1775629403022,500224
1775629403025,500224
1775629403027,500224
1775629403030,500224
1775629403034,500224
1775629403036,500224
1775629403038,500224
1775629403041,500224
1775629403043,500224
1775629403044,500224
1775629403046,500224
1775629403048,500224
1775629403050,500224
1775629403051,500224
1775629403053,500224
1775629403055,500224
1775629403056,500224
1775629403058,500224
1775629403060,500224
1775629403062,500224
1775629403064,500224
1775629403066,500224
1775629403068,500224
1775629403070,500224
1775629403073,500224
1775629403075,500224
1775629403076,500224
1775629403078,500224
1775629403079,500224
1775629403080,500224
1775629403082,500224
1775629403083,500224
1775629403084,500224
1775629403085,500224
1775629403087,500224
1775629403090,500224
1775629403093,500224
1775629403095,500224
1775629403097,500224
1775629403099,500224
1775629403100,500224
1775629403101,500224
1775629403103,500224
1775629403104,500224
1775629403105,500224
1775629403106,500224
1775629403568,500224
1775629403571,500224
1775629403574,500224
1775629403576,500224
1775629403578,500224
1775629403580,500224
1775629403583,500224
1775629403584,500224
1775629403586,500224
1775629403591,500224
1775629403593,500224
1775629403595,500224
1775629403597,500224
1775629403598,500224
1775629403600,500224
1775629403601,500224
1775629403602,500224
1775629403604,500224
1775629403605,500224
1775629403606,500224
1775629403608,500224
1775629403611,500224
1775629403612,500224
1775629403613,500224
1775629403615,500224
1775629403616,500224
1775629403617,500224
1775629403618,500224
1775629403620,500224
1775629403621,500224
1775629403622,500224
1775629403624,500224
1775629403625,500224
1775629403626,500224
1775629403628,500224
1775629403630,500224
1775629403631,500224
1775629403633,500224
1775629403634,500224
1775629403636,500224
1775629403637,500224
1775629403639,500224
1775629403640,500224
1775629403642,500224
1775629403643,500224
1775629403645,500224
1775629403646,500224
1775629403648,500224
1775629403650,500224
1775629403651,500224
1775629403653,500224
1775629403654,500224
1775629403655,500224
1775629403657,500224
1775629403658,500224
1775629403659,500224
1775629403660,500224
1775629403662,500224
1775629403663,500224
1775629403664,500224
1775629403666,500224
1775629403668,500224
1775629403669,500224
1775629403670,500224
1775629403671,500224
1775629403672,500224
1775629403674,500224
1775629403676,500224
1775629403678,500224
1775629403680,500224
1775629403682,500224
1775629403684,500224
1775629403685,500224
1775629403687,500224
1775629403689,500224
1775629403690,500224
1775629403691,500224
1775629403693,500224
1775629404170,500224
1775629404173,500224
1775629404175,500224
1775629404177,500224
1775629404180,500224
1775629404182,500224
1775629404184,500224
1775629404186,500224
1775629404188,500224
1775629404190,500224
1775629404192,500224
1775629404194,500224
1775629404196,500224
1775629404199,500224
1775629404203,500224
1775629404205,500224
1775629404206,500224
1775629404208,500224
1775629404210,500224
1775629404212,500224
1775629404214,500224
1775629404215,500224
1775629404219,500224
1775629404221,500224
1775629404222,500224
1775629404224,500224
1775629404226,500224
1775629404227,500224
1775629404229,500224
1775629404230,500224
1775629404231,500224
1775629404233,500224
1775629404235,500224
1775629404237,500224
1775629404239,500224
1775629404241,500224
1775629404243,500224
1775629404244,500224
1775629404246,500224
1775629404247,500224
1775629404249,500224
1775629404250,500224
1775629404252,500224
1775629404253,500224
1775629404255,500224
1775629404256,500224
1775629404258,500224
1775629404260,500224
1775629404261,500224
1775629404262,500224
1775629404263,500224
1775629404265,500224
1775629404266,500224
1775629404267,500224
1775629404268,500224
1775629404270,500224
1775629404271,500224
1775629404273,500224
1775629404274,500224
1775629404276,500224
1775629404277,500224
1775629404279,500224
1775629404280,500224
1775629404283,500224
1775629404285,500224
1775629404287,500224
1775629404288,500224
1775629404290,500224
1775629404292,500224
1775629404293,500224
1775629404295,500224
1775629404297,500224
1775629404299,500224
1775629404301,500224
1775629404304,500224
1775629404306,500224
1775629404308,500224
1775629404309,500224
1775629404311,500224
1775629404312,500224
1775629404314,500224
1775629404316,500224
1775629404317,500224
1775629404319,500224
1775629404322,500224
1775629404324,500224
1775629404326,500224
1775629404769,500224
1775629404771,500224
1775629404772,500224
1775629404775,500224
1775629404778,500224
1775629404780,500224
1775629404783,500224
1775629404785,500224
1775629404786,500224
1775629404787,500224
1775629404791,500224
1775629404793,500224
1775629404795,500224
1775629404797,500224
1775629404803,500224
1775629404805,500224
1775629404807,500224
1775629404809,500224
1775629404810,500224
1775629404811,500224
1775629404813,500224
1775629404815,500224
1775629404816,500224
1775629404817,500224
1775629404819,500224
1775629404820,500224
1775629404821,500224
1775629404823,500224
1775629404824,500224
1775629404827,500224
1775629404828,500224
1775629404833,500224
1775629404834,500224
1775629404836,500224
1775629404837,500224
1775629404838,500224
1775629404840,500224
1775629404841,500224
1775629404842,500224
1775629404844,500224
1775629404845,500224
1775629404846,500224
1775629404848,500224
1775629404849,500224
1775629404850,500224
1775629404852,500224
1775629404853,500224
1775629404855,500224
1775629404856,500224
1775629404857,500224
1775629404859,500224
1775629404861,500224
1775629404863,500224
1775629404865,500224
1775629404869,500224
1775629404873,500224
1775629404874,500224
1775629404876,500224
1775629404877,500224
1775629404878,500224
1775629404879,500224
1775629404881,500224
1775629404882,500224
1775629404883,500224
1775629404884,500224
1775629404886,500224
1775629404887,500224
1775629404888,500224
1775629404889,500224
1775629404891,500224
1775629404892,500224
1775629405369,500224
1775629405370,500224
1775629405371,500224
1775629405373,500224
1775629405375,500224
1775629405376,500224
1775629405378,500224
1775629405379,500224
1775629405381,500224
1775629405382,500224
1775629405384,500224
1775629405385,500224
1775629405386,500224
1775629405387,500224
1775629405389,500224
1775629405390,500224
1775629405391,500224
1775629405395,500224
1775629405396,500224
1775629405398,500224
1775629405399,500224
1775629405401,500224
1775629405402,500224
1775629405406,500224
1775629405408,500224
1775629405411,500224
1775629405413,500224
1775629405415,500224
1775629405417,500224
1775629405419,500224
1775629405423,500224
1775629405424,500224
1775629405426,500224
1775629405427,500224
1775629405429,500224
1775629405431,500224
1775629405432,500224
1775629405434,500224
1775629405435,500224
1775629405437,500224
1775629405439,500224
1775629405441,500224
1775629405443,500224
1775629405448,500224
1775629405451,500224
1775629405453,500224
1775629405455,500224
1775629405456,500224
1775629405457,500224
1775629405459,500224
1775629405460,500224
1775629405462,500224
1775629405463,500224
1775629405464,500224
1775629405466,500224
1775629405467,500224
1775629405468,500224
1775629405470,500224
1775629405471,500224
1775629405472,500224
1775629405473,500224
1775629405475,500224
1775629405476,500224
1775629405477,500224
1775629405478,500224
1775629405480,500224
1775629405481,500224
1775629405482,500224
1775629405484,500224
1775629405485,500224
1775629405486,500224
1775629405488,500224
1775629405489,500224
1775629405971,500224
1775629405974,500224
1775629405976,500224
1775629405978,500224
1775629405980,500224
1775629405992,500224
1775629405995,500224
1775629405997,500224
1775629406000,500224
1775629406002,500224
1775629406005,500224
1775629406008,500224
1775629406010,500224
1775629406013,500224
1775629406017,500224
1775629406020,500224
1775629406024,500224
1775629406026,500224
1775629406029,500224
1775629406032,500224
1775629406034,500224
1775629406035,500224
1775629406037,500224
1775629406039,500224
1775629406040,500224
1775629406042,500224
1775629406044,500224
1775629406045,500224
1775629406047,500224
1775629406048,500224
1775629406049,500224
1775629406051,500224
1775629406052,500224
1775629406053,500224
1775629406055,500224
1775629406056,500224
1775629406058,500224
1775629406059,500224
1775629406061,500224
1775629406062,500224
1775629406063,500224
1775629406064,500224
1775629406074,500224
1775629406077,500224
1775629406079,500224
1775629406082,500224
1775629406083,500224
1775629406085,500224
1775629406086,500224
1775629406087,500224
1775629406091,500224
1775629406094,500224
1775629406095,500224
1775629406099,500224
1775629406101,500224
1775629406102,500224
1775629406103,500224
1775629406104,500224
1775629406106,500224
1775629406107,500224
1775629406109,500224
1775629406110,500224
1775629406111,500224
1775629406112,500224
1775629406114,500224
1775629406117,500224
1775629406124,500224
1775629406126,500224
1775629406127,500224
1775629406128,500224
1775629406130,500224
1775629406131,500224
1775629406134,500224
1775629406136,500224
1775629406139,500224
1775629406142,500224
1775629406144,500224
1775629406147,500224
1775629406149,500224
1775629406152,500224
1775629406154,500224
1775629406157,500224
1775629406160,500224
1775629406163,500224
1775629406166,500224
1775629406168,500224
1775629406171,500224
1775629406173,500224
1775629406174,500224
1775629406175,500224
1775629406177,500224
1775629406178,500224
1775629406571,500224
1775629406573,500224
1775629406576,500224
1775629406577,500224
1775629406579,500224
1775629406580,500224
1775629406582,500224
1775629406583,500224
1775629406585,500224
1775629406586,500224
1775629406587,500224
1775629406588,500224
1775629406590,500224
1775629406591,500224
1775629406593,500224
1775629406594,500224
1775629406595,500224
1775629406598,500224
1775629406600,500224
1775629406602,500224
1775629406608,500224
1775629406610,500224
1775629406611,500224
1775629406613,500224
1775629406614,500224
1775629406616,500224
1775629406617,500224
1775629406618,500224
1775629406620,500224
1775629406621,500224
1775629406622,500224
1775629406624,500224
1775629406625,500224
1775629406627,500224
1775629406628,500224
1775629406629,500224
1775629406630,500224
1775629406632,500224
1775629406633,500224
1775629406636,500224
1775629406642,500224
1775629406644,500224
1775629406645,500224
1775629406646,500224
1775629406647,500224
1775629406649,500224
1775629406650,500224
1775629406651,500224
1775629406652,500224
1775629406654,500224
1775629406655,500224
1775629406656,500224
1775629406657,500224
1775629406659,500224
1775629406660,500224
1775629406661,500224
1775629406662,500224
1775629406664,500224
1775629406665,500224
1775629406666,500224
1775629406667,500224
1775629406669,500224
1775629406670,500224
1775629406671,500224
1775629406672,500224
1775629406674,500224
1775629406675,500224
1775629406676,500224
1775629406677,500224
1775629406679,500224
1775629406681,500224
1775629406682,500224
1775629406683,500224
1775629406684,500224
1775629406685,500224
1775629406687,500224
1775629406688,500224
1775629406691,500224
1775629406692,500224
1775629406693,500224
1775629406695,500224
1775629406696,500224
1775629406697,500224
1775629406698,500224
1775629406700,500224
1775629406701,500224
1775629406703,500224
1775629406705,500224
1775629406707,500224
1775629406708,500224
1775629406710,500224
1775629406711,500224
1775629407174,500224
1775629407175,500224
1775629407181,500224
1775629407183,500224
1775629407186,500224
1775629407188,500224
1775629407189,500224
1775629407191,500224
1775629407193,500224
1775629407208,500224
1775629407209,500224
1775629407211,500224
1775629407212,500224
1775629407214,500224
1775629407215,500224
1775629407218,500224
1775629407220,500224
1775629407222,500224
1775629407224,500224
1775629407225,500224
1775629407226,500224
1775629407230,500224
1775629407232,500224
1775629407234,500224
1775629407236,500224
1775629407238,500224
1775629407239,500224
1775629407241,500224
1775629407242,500224
1775629407244,500224
1775629407245,500224
1775629407247,500224
1775629407248,500224
1775629407249,500224
1775629407251,500224
1775629407254,500224
1775629407256,500224
1775629407257,500224
1775629407259,500224
1775629407260,500224
1775629407261,500224
1775629407263,500224
1775629407264,500224
1775629407265,500224
1775629407266,500224
1775629407268,500224
1775629407269,500224
1775629407270,500224
1775629407271,500224
1775629407273,500224
1775629407274,500224
1775629407275,500224
1775629407276,500224
1775629407278,500224
1775629407279,500224
1775629407280,500224
1775629407282,500224
1775629407283,500224
1775629407284,500224
1775629407286,500224
1775629407287,500224
1775629407289,500224
1775629407290,500224
1775629407291,500224
1775629407292,500224
1775629407294,500224
1775629407295,500224
1775629407296,500224
1775629407298,500224
1775629407299,500224
1775629407300,500224
1775629407302,500224
1775629407303,500224
1775629407305,500224
1775629407772,500224
1775629407775,500224
1775629407777,500224
1775629407780,500224
1775629407781,500224
1775629407783,500224
1775629407785,500224
1775629407787,500224
1775629407788,500224
1775629407790,500224
1775629407793,500224
1775629407796,500224
1775629407797,500224
1775629407799,500224
1775629407803,500224
1775629407805,500224
1775629407807,500224
1775629407809,500224
1775629407810,500224
1775629407812,500224
1775629407813,500224
1775629407815,500224
1775629407816,500224
1775629407818,500224
1775629407820,500224
1775629407827,500224
1775629407829,500224
1775629407831,500224
1775629407832,500224
1775629407834,500224
1775629407835,500224
1775629407836,500224
1775629407838,500224
1775629407839,500224
1775629407841,500224
1775629407842,500224
1775629407844,500224
1775629407845,500224
1775629407847,500224
1775629407850,500224
1775629407853,500224
1775629407855,500224
1775629407858,500224
1775629407865,500224
1775629407868,500224
1775629407869,500224
1775629407871,500224
1775629407872,500224
1775629407876,500224
1775629407878,500224
1775629407879,500224
1775629407880,500224
1775629407882,500224
1775629407885,500224
1775629407888,500224
1775629407891,500224
1775629407892,500224
1775629407894,500224
1775629407895,500224
1775629407896,500224
1775629407898,500224
1775629407899,500224
1775629407902,500224
1775629407904,500224
1775629407907,500224
1775629407909,500224
1775629407912,500224
1775629408372,500224
1775629408374,500224
1775629408375,500224
1775629408376,500224
1775629408377,500224
1775629408379,500224
1775629408380,500224
1775629408381,500224
1775629408383,500224
1775629408384,500224
1775629408385,500224
1775629408387,500224
1775629408388,500224
1775629408389,500224
1775629408391,500224
1775629408392,500224
1775629408393,500224
1775629408396,500224
1775629408397,500224
1775629408399,500224
1775629408400,500224
1775629408402,500224
1775629408403,500224
1775629408406,500224
1775629408407,500224
1775629408409,500224
1775629408411,500224
1775629408413,500224
1775629408414,500224
1775629408416,500224
1775629408417,500224
1775629408419,500224
1775629408420,500224
1775629408421,500224
1775629408423,500224
1775629408424,500224
1775629408426,500224
1775629408427,500224
1775629408429,500224
1775629408430,500224
1775629408432,500224
1775629408433,500224
1775629408435,500224
1775629408438,500224
1775629408443,500224
1775629408444,500224
1775629408447,500224
1775629408451,500224
1775629408454,500224
1775629408456,500224
1775629408459,500224
1775629408462,500224
1775629408464,500224
1775629408468,500224
1775629408469,500224
1775629408470,500224
1775629408472,500224
1775629408473,500224
1775629408474,500224
1775629408475,500224
1775629408477,500224
1775629408479,500224
1775629408480,500224
1775629408482,500224
1775629408484,500224
1775629408489,500224
1775629408491,500224
1775629408493,500224
1775629408495,500224
1775629408497,500224
1775629408499,500224
1775629408501,500224
1775629408503,500224
1775629408505,500224
1775629408506,500224
1775629408508,500224
1775629408510,500224
1775629408511,500224
1775629408513,500224
1775629408514,500224
1775629408515,500224
1775629408516,500224
1775629408518,500224
1775629408519,500224
1775629408520,500224
1775629408973,500224
1775629408976,500224
1775629408978,500224
1775629408980,500224
1775629408982,500224
1775629408985,500224
1775629408987,500224
1775629408992,500224
1775629408994,500224
1775629409000,500224
1775629409001,500224
1775629409003,500224
1775629409004,500224
1775629409005,500224
1775629409007,500224
1775629409008,500224
1775629409009,500224
1775629409010,500224
1775629409012,500224
1775629409016,500224
1775629409018,500224
1775629409024,500224
1775629409026,500224
1775629409028,500224
1775629409030,500224
1775629409031,500224
1775629409033,500224
1775629409034,500224
1775629409036,500224
1775629409037,500224
1775629409038,500224
1775629409040,500224
1775629409042,500224
1775629409043,500224
1775629409045,500224
1775629409047,500224
1775629409048,500224
1775629409050,500224
1775629409051,500224
1775629409053,500224
1775629409054,500224
1775629409055,500224
1775629409056,500224
1775629409058,500224
1775629409059,500224
1775629409060,500224
1775629409062,500224
1775629409063,500224
1775629409065,500224
1775629409066,500224
1775629409067,500224
1775629409069,500224
1775629409070,500224
1775629409071,500224
1775629409072,500224
1775629409073,500224
1775629409075,500224
1775629409076,500224
1775629409077,500224
1775629409078,500224
1775629409080,500224
1775629409081,500224
1775629409082,500224
1775629409086,500224
1775629409087,500224
1775629409089,500224
1775629409090,500224
1775629409091,500224
1775629409093,500224
1775629409094,500224
1775629409095,500224
1775629409096,500224
1775629409098,500224
1775629409099,500224
1775629409100,500224
1775629409102,500224
1775629409103,500224
1775629409104,500224
1775629409106,500224
1775629409107,500224
1775629409108,500224
1775629409110,500224
1775629409111,500224
1775629409112,500224
1775629409113,500224
1775629409115,500224
1775629409116,500224
1775629409117,500224
1775629409573,500224
1775629409575,500224
1775629409578,500224
1775629409580,500224
1775629409582,500224
1775629409584,500224
1775629409586,500224
1775629409588,500224
1775629409590,500224
1775629409592,500224
1775629409593,500224
1775629409595,500224
1775629409596,500224
1775629409598,500224
1775629409599,500224
1775629409601,500224
1775629409603,500224
1775629409604,500224
1775629409606,500224
1775629409608,500224
1775629409610,500224
1775629409611,500224
1775629409613,500224
1775629409615,500224
1775629409617,500224
1775629409619,500224
1775629409620,500224
1775629409622,500224
1775629409623,500224
1775629409624,500224
1775629409626,500224
1775629409627,500224
1775629409628,500224
1775629409630,500224
1775629409631,500224
1775629409633,500224
1775629409634,500224
1775629409636,500224
1775629409637,500224
1775629409641,500224
1775629409643,500224
1775629409646,500224
1775629409650,500224
1775629409653,500224
1775629409654,500224
1775629409656,500224
1775629409657,500224
1775629409658,500224
1775629409660,500224
1775629409661,500224
1775629409662,500224
1775629409664,500224
1775629409666,500224
1775629409667,500224
1775629409668,500224
1775629409669,500224
1775629409671,500224
1775629409672,500224
1775629409673,500224
1775629409674,500224
1775629409676,500224
1775629409677,500224
1775629409679,500224
1775629409680,500224
1775629409688,500224
1775629409690,500224
1775629409691,500224
1775629409692,500224
1775629409693,500224
1775629409695,500224
1775629409696,500224
1775629409697,500224
1775629409698,500224
1775629409700,500224
1775629409701,500224
1775629409702,500224
1775629409703,500224
1775629409705,500224
1775629409706,500224
1775629409707,500224
1775629410176,500224
1775629410179,500224
1775629410182,500224
1775629410184,500224
1775629410187,500224
1775629410190,500224
1775629410195,500224
1775629410199,500224
1775629410205,500224
1775629410209,500224
1775629410212,500224
1775629410215,500224
1775629410217,500224
1775629410220,500224
1775629410222,500224
1775629410225,500224
1775629410227,500224
1775629410229,500224
1775629410231,500224
1775629410232,500224
1775629410236,500224
1775629410238,500224
1775629410239,500224
1775629410241,500224
1775629410242,500224
1775629410244,500224
1775629410245,500224
1775629410246,500224
1775629410248,500224
1775629410249,500224
1775629410250,500224
1775629410251,500224
1775629410253,500224
1775629410254,500224
1775629410255,500224
1775629410256,500224
1775629410258,500224
1775629410259,500224
1775629410260,500224
1775629410261,500224
1775629410262,500224
1775629410264,500224
1775629410266,500224
1775629410267,500224
1775629410269,500224
1775629410270,500224
1775629410271,500224
1775629410273,500224
1775629410274,500224
1775629410275,500224
1775629410277,500224
1775629410283,500224
1775629410286,500224
1775629410288,500224
1775629410290,500224
1775629410292,500224
1775629410294,500224
1775629410296,500224
1775629410298,500224
1775629410300,500224
1775629410302,500224
1775629410303,500224
1775629410305,500224
1775629410306,500224
1775629410309,500224
1775629410312,500224
1775629410314,500224
1775629410316,500224
1775629410318,500224
1775629410320,500224
1775629410321,500224
1775629410323,500224
1775629410324,500224
1775629410325,500224
1775629410335,500224
1775629410339,500224
1775629410341,500224
1775629410342,500224
1775629410343,500224
1775629410345,500224
1775629410346,500224
1775629410347,500224
1775629410348,500224
1775629410350,500224
1775629410774,500224
1775629410776,500224
1775629410780,500224
1775629410783,500224
1775629410785,500224
1775629410787,500224
1775629410789,500224
1775629410791,500224
1775629410793,500224
1775629410795,500224
1775629410796,500224
1775629410798,500224
1775629410800,500224
1775629410802,500224
1775629410803,500224
1775629410804,500224
1775629410806,500224
1775629410807,500224
1775629410808,500224
1775629410809,500224
1775629410812,500224
1775629410815,500224
1775629410817,500224
1775629410820,500224
1775629410822,500224
1775629410825,500224
1775629410835,500224
1775629410836,500224
1775629410838,500224
1775629410841,500224
1775629410843,500224
1775629410845,500224
1775629410847,500224
1775629410849,500224
1775629410850,500224
1775629410852,500224
1775629410854,500224
1775629410855,500224
1775629410857,500224
1775629410858,500224
1775629410859,500224
1775629410861,500224
1775629410862,500224
1775629410864,500224
1775629410865,500224
1775629410867,500224
1775629410868,500224
1775629410869,500224
1775629410873,500224
1775629410874,500224
1775629410876,500224
1775629410877,500224
1775629410878,500224
1775629410880,500224
1775629410881,500224
1775629410882,500224
1775629410883,500224
1775629410890,500224
1775629410891,500224
1775629410893,500224
1775629410895,500224
1775629410896,500224
1775629410897,500224
1775629410899,500224
1775629410900,500224
1775629410901,500224
1775629410902,500224
1775629410904,500224
1775629410905,500224
1775629410906,500224
1775629410908,500224
1775629411377,500224
1775629411385,500224
1775629411388,500224
1775629411393,500224
1775629411394,500224
1775629411396,500224
1775629411400,500224
1775629411403,500224
1775629411404,500224
1775629411406,500224
1775629411407,500224
1775629411408,500224
1775629411410,500224
1775629411411,500224
1775629411412,500224
1775629411413,500224
1775629411414,500224
1775629411416,500224
1775629411417,500224
1775629411418,500224
1775629411419,500224
1775629411421,500224
1775629411422,500224
1775629411423,500224
1775629411424,500224
1775629411426,500224
1775629411427,500224
1775629411428,500224
1775629411429,500224
1775629411431,500224
1775629411433,500224
1775629411435,500224
1775629411437,500224
1775629411439,500224
1775629411441,500224
1775629411443,500224
1775629411450,500224
1775629411452,500224
1775629411454,500224
1775629411456,500224
1775629411459,500224
1775629411461,500224
1775629411463,500224
1775629411465,500224
1775629411467,500224
1775629411469,500224
1775629411471,500224
1775629411473,500224
1775629411475,500224
1775629411477,500224
1775629411479,500224
1775629411481,500224
1775629411482,500224
1775629411484,500224
1775629411486,500224
1775629411487,500224
1775629411488,500224
1775629411490,500224
1775629411491,500224
1775629411492,500224
1775629411493,500224
1775629411495,500224
1775629411496,500224
1775629411497,500224
1775629411498,500224
1775629411500,500224
1775629411502,500224
1775629411503,500224
1775629411505,500224
1775629411506,500224
1775629411509,500224
1775629411511,500224
1775629411513,500224
1775629411514,500224
1775629411516,500224
1775629411517,500224
1775629411979,500224
1775629411982,500224
1775629411983,500224
1775629411985,500224
1775629411988,500224
1775629411990,500224
1775629411991,500224
1775629411993,500224
1775629411995,500224
1775629411997,500224
1775629411999,500224
1775629412001,500224
1775629412002,500224
1775629412004,500224
1775629412006,500224
1775629412007,500224
1775629412010,500224
1775629412011,500224
1775629412012,500224
1775629412014,500224
1775629412015,500224
1775629412017,500224
1775629412018,500224
1775629412021,500224
1775629412022,500224
1775629412024,500224
1775629412025,500224
1775629412027,500224
1775629412029,500224
1775629412031,500224
1775629412033,500224
1775629412034,500224
1775629412035,500224
1775629412036,500224
1775629412038,500224
1775629412039,500224
1775629412041,500224
1775629412042,500224
1775629412043,500224
1775629412045,500224
1775629412046,500224
1775629412047,500224
1775629412048,500224
1775629412050,500224
1775629412051,500224
1775629412052,500224
1775629412054,500224
1775629412055,500224
1775629412056,500224
1775629412058,500224
1775629412059,500224
1775629412060,500224
1775629412062,500224
1775629412063,500224
1775629412066,500224
1775629412067,500224
1775629412068,500224
1775629412070,500224
1775629412074,500224
1775629412075,500224
1775629412077,500224
1775629412078,500224
1775629412080,500224
1775629412082,500224
1775629412084,500224
1775629412085,500224
1775629412086,500224
1775629412087,500224
1775629412089,500224
1775629412091,500224
1775629412092,500224
1775629412093,500224
1775629412096,500224
1775629412098,500224
1775629412099,500224
1775629412101,500224
1775629412102,500224
1775629412103,500224
1775629412105,500224
1775629412106,500224
1775629412107,500224
1775629412108,500224
1775629412110,500224
1775629412111,500224
1775629412112,500224
1775629412114,500224
1775629412577,500224
1775629412580,500224
1775629412582,500224
1775629412587,500224
1775629412588,500224
1775629412590,500224
1775629412592,500224
1775629412593,500224
1775629412594,500224
1775629412596,500224
1775629412597,500224
1775629412599,500224
1775629412600,500224
1775629412601,500224
1775629412606,500224
1775629412607,500224
1775629412608,500224
1775629412610,500224
1775629412613,500224
1775629412616,500224
1775629412617,500224
1775629412624,500224
1775629412625,500224
1775629412626,500224
1775629412628,500224
1775629412629,500224
1775629412632,500224
1775629412634,500224
1775629412636,500224
1775629412638,500224
1775629412640,500224
1775629412643,500224
1775629412645,500224
1775629412649,500224
1775629412653,500224
1775629412655,500224
1775629412656,500224
1775629412658,500224
1775629412660,500224
1775629412661,500224
1775629412662,500224
1775629412665,500224
1775629412667,500224
1775629412669,500224
1775629412672,500224
1775629412675,500224
1775629412677,500224
1775629412685,500224
1775629412686,500224
1775629412688,500224
1775629412689,500224
1775629412692,500224
1775629412693,500224
1775629412695,500224
1775629412696,500224
1775629412697,500224
1775629412699,500224
1775629412700,500224
1775629412701,500224
1775629412703,500224
1775629412706,500224
1775629412707,500224
1775629412709,500224
1775629412711,500224
1775629412712,500224
1775629412713,500224
1775629412715,500224
1775629412717,500224
1775629412718,500224
1775629412720,500224
1775629412721,500224
1775629412723,500224
1775629412724,500224
1775629412726,500224
1775629412727,500224
1775629412729,500224
1775629412730,500224
1775629412732,500224
1775629412733,500224
1775629412734,500224
1775629412735,500224
1775629412737,500224
1775629413184,500224
1775629413188,500224
1775629413192,500224
1775629413193,500224
1775629413195,500224
1775629413197,500224
1775629413198,500224
1775629413200,500224
1775629413202,500224
1775629413204,500224
1775629413206,500224
1775629413208,500224
1775629413209,500224
1775629413211,500224
1775629413213,500224
1775629413215,500224
1775629413217,500224
1775629413219,500224
1775629413221,500224
1775629413223,500224
1775629413224,500224
1775629413226,500224
1775629413228,500224
1775629413229,500224
1775629413232,500224
1775629413234,500224
1775629413235,500224
1775629413237,500224
1775629413240,500224
1775629413243,500224
1775629413246,500224
1775629413248,500224
1775629413249,500224
1775629413250,500224
1775629413251,500224
1775629413254,500224
1775629413256,500224
1775629413258,500224
1775629413260,500224
1775629413261,500224
1775629413262,500224
1775629413265,500224
1775629413268,500224
1775629413269,500224
1775629413270,500224
1775629413272,500224
1775629413273,500224
1775629413274,500224
1775629413275,500224
1775629413276,500224
1775629413278,500224
1775629413279,500224
1775629413280,500224
1775629413282,500224
1775629413283,500224
1775629413285,500224
1775629413286,500224
1775629413287,500224
1775629413289,500224
1775629413290,500224
1775629413292,500224
1775629413293,500224
1775629413294,500224
1775629413295,500224
1775629413296,500224
1775629413298,500224
1775629413299,500224
1775629413302,500224
1775629413305,500224
1775629413308,500224
1775629413310,500224
1775629413313,500224
1775629413315,500224
1775629413317,500224
1775629413319,500224
1775629413321,500224
1775629413323,500224
1775629413325,500224
1775629413327,500224
1775629413329,500224
1775629413330,500224
1775629413332,500224
1775629413334,500224
1775629413335,500224
1775629413785,500224
1775629413788,500224
1775629413790,500224
1775629413792,500224
1775629413793,500224
1775629413795,500224
1775629413796,500224
1775629413797,500224
1775629413798,500224
1775629413800,500224
1775629413801,500224
1775629413803,500224
1775629413807,500224
1775629413812,500224
1775629413815,500224
1775629413818,500224
1775629413820,500224
1775629413822,500224
1775629413823,500224
1775629413825,500224
1775629413827,500224
1775629413828,500224
1775629413830,500224
1775629413832,500224
1775629413833,500224
1775629413835,500224
1775629413838,500224
1775629413840,500224
1775629413845,500224
1775629413847,500224
1775629413848,500224
1775629413849,500224
1775629413851,500224
1775629413855,500224
1775629413858,500224
1775629413860,500224
1775629413862,500224
1775629413864,500224
1775629413865,500224
1775629413866,500224
1775629413868,500224
1775629413869,500224
1775629413872,500224
1775629413874,500224
1775629413876,500224
1775629413878,500224
1775629413880,500224
1775629413882,500224
1775629413883,500224
1775629413884,500224
1775629413886,500224
1775629413887,500224
1775629413889,500224
1775629413890,500224
1775629413892,500224
1775629413897,500224
1775629413899,500224
1775629413900,500224
1775629413903,500224
1775629413905,500224
1775629413906,500224
1775629413908,500224
1775629413909,500224
1775629413910,500224
1775629413911,500224
1775629413913,500224
1775629413916,500224
1775629413919,500224
1775629413921,500224
1775629413923,500224
1775629413925,500224
1775629413928,500224
1775629413929,500224
1775629413931,500224
1775629414380,500224
1775629414383,500224
1775629414386,500224
1775629414388,500224
1775629414391,500224
1775629414393,500224
1775629414395,500224
1775629414397,500224
1775629414398,500224
1775629414400,500224
1775629414402,500224
1775629414403,500224
1775629414405,500224
1775629414406,500224
1775629414407,500224
1775629414409,500224
1775629414410,500224
1775629414412,500224
1775629414414,500224
1775629414415,500224
1775629414417,500224
1775629414419,500224
1775629414420,500224
1775629414421,500224
1775629414423,500224
1775629414425,500224
1775629414426,500224
1775629414428,500224
1775629414429,500224
1775629414430,500224
1775629414431,500224
1775629414433,500224
1775629414434,500224
1775629414435,500224
1775629414436,500224
1775629414438,500224
1775629414443,500224
1775629414444,500224
1775629414447,500224
1775629414449,500224
1775629414451,500224
1775629414453,500224
1775629414455,500224
1775629414456,500224
1775629414458,500224
1775629414459,500224
1775629414461,500224
1775629414462,500224
1775629414463,500224
1775629414465,500224
1775629414466,500224
1775629414469,500224
1775629414471,500224
1775629414473,500224
1775629414474,500224
1775629414475,500224
1775629414477,500224
1775629414479,500224
1775629414481,500224
1775629414482,500224
1775629414483,500224
1775629414484,500224
1775629414486,500224
1775629414487,500224
1775629414489,500224
1775629414491,500224
1775629414493,500224
1775629414494,500224
1775629414496,500224
1775629414497,500224
1775629414503,500224
1775629414504,500224
1775629414505,500224
1775629414507,500224
1775629414508,500224
1775629414509,500224
1775629414511,500224
1775629414512,500224
1775629414513,500224
1775629414515,500224
1775629414516,500224
1775629414517,500224
1775629414518,500224
1775629414520,500224
1775629414979,500224
1775629414980,500224
1775629414982,500224
1775629414983,500224
1775629414984,500224
1775629414985,500224
1775629414987,500224
1775629414988,500224
1775629414995,500224
1775629414999,500224
1775629415000,500224
1775629415003,500224
1775629415005,500224
1775629415007,500224
1775629415008,500224
1775629415012,500224
1775629415014,500224
1775629415016,500224
1775629415017,500224
1775629415019,500224
1775629415020,500224
1775629415022,500224
1775629415023,500224
1775629415025,500224
1775629415026,500224
1775629415027,500224
1775629415029,500224
1775629415030,500224
1775629415031,500224
1775629415034,500224
1775629415035,500224
1775629415036,500224
1775629415038,500224
1775629415039,500224
1775629415040,500224
1775629415041,500224
1775629415043,500224
1775629415044,500224
1775629415045,500224
1775629415046,500224
1775629415048,500224
1775629415049,500224
1775629415050,500224
1775629415052,500224
1775629415053,500224
1775629415055,500224
1775629415059,500224
1775629415061,500224
1775629415063,500224
1775629415064,500224
1775629415066,500224
1775629415067,500224
1775629415068,500224
1775629415070,500224
1775629415072,500224
1775629415073,500224
1775629415074,500224
1775629415077,500224
1775629415078,500224
1775629415079,500224
1775629415081,500224
1775629415082,500224
1775629415083,500224
1775629415085,500224
1775629415086,500224
1775629415087,500224
1775629415089,500224
1775629415090,500224
1775629415091,500224
1775629415092,500224
1775629415094,500224
1775629415095,500224
1775629415096,500224
1775629415098,500224
1775629415099,500224
1775629415101,500224
1775629415104,500224
1775629415107,500224
1775629415111,500224
1775629415116,500224
1775629415117,500224
1775629415119,500224
1775629415120,500224
1775629415121,500224
1775629415122,500224
1775629415124,500224
1775629415125,500224
1775629415127,500224
1775629415580,500224
1775629415583,500224
1775629415585,500224
1775629415587,500224
1775629415589,500224
1775629415590,500224
1775629415592,500224
1775629415594,500224
1775629415596,500224
1775629415597,500224
1775629415600,500224
1775629415602,500224
1775629415604,500224
1775629415606,500224
1775629415607,500224
1775629415609,500224
1775629415610,500224
1775629415611,500224
1775629415612,500224
1775629415614,500224
1775629415615,500224
1775629415617,500224
1775629415619,500224
1775629415620,500224
1775629415623,500224
1775629415624,500224
1775629415626,500224
1775629415628,500224
1775629415630,500224
1775629415632,500224
1775629415633,500224
1775629415634,500224
1775629415640,500224
1775629415643,500224
1775629415644,500224
1775629415647,500224
1775629415650,500224
1775629415652,500224
1775629415655,500224
1775629415658,500224
1775629415659,500224
1775629415661,500224
1775629415662,500224
1775629415663,500224
1775629415664,500224
1775629415666,500224
1775629415669,500224
1775629415671,500224
1775629415674,500224
1775629415676,500224
1775629415677,500224
1775629415679,500224
1775629415681,500224
1775629415682,500224
1775629415684,500224
1775629415685,500224
1775629415687,500224
1775629415688,500224
1775629415690,500224
1775629415691,500224
1775629415693,500224
1775629415694,500224
1775629415696,500224
1775629415697,500224
1775629415698,500224
1775629415699,500224
1775629415701,500224
1775629415702,500224
1775629415703,500224
1775629415705,500224
1775629415706,500224
1775629415707,500224
1775629415709,500224
1775629415710,500224
1775629415711,500224
1775629415712,500224
1775629415714,500224
1775629415715,500224
1775629416180,500224
1775629416182,500224
1775629416184,500224
1775629416185,500224
1775629416186,500224
1775629416188,500224
1775629416189,500224
1775629416191,500224
1775629416194,500224
1775629416196,500224
1775629416197,500224
1775629416199,500224
1775629416200,500224
1775629416202,500224
1775629416204,500224
1775629416205,500224
1775629416208,500224
1775629416209,500224
1775629416212,500224
1775629416214,500224
1775629416217,500224
1775629416219,500224
1775629416222,500224
1775629416224,500224
1775629416228,500224
1775629416231,500224
1775629416233,500224
1775629416234,500224
1775629416235,500224
1775629416237,500224
1775629416238,500224
1775629416239,500224
1775629416240,500224
1775629416242,500224
1775629416243,500224
1775629416244,500224
1775629416246,500224
1775629416247,500224
1775629416248,500224
1775629416251,500224
1775629416253,500224
1775629416255,500224
1775629416256,500224
1775629416257,500224
1775629416259,500224
1775629416260,500224
1775629416261,500224
1775629416262,500224
1775629416265,500224
1775629416267,500224
1775629416268,500224
1775629416270,500224
1775629416272,500224
1775629416274,500224
1775629416275,500224
1775629416277,500224
1775629416278,500224
1775629416281,500224
1775629416282,500224
1775629416284,500224
1775629416286,500224
1775629416288,500224
1775629416290,500224
1775629416292,500224
1775629416294,500224
1775629416296,500224
1775629416298,500224
1775629416300,500224
1775629416302,500224
1775629416304,500224
1775629416306,500224
1775629416308,500224
1775629416310,500224
1775629416312,500224
1775629416314,500224
1775629416315,500224
1775629416317,500224
1775629416318,500224
1775629416319,500224
1775629416321,500224
1775629416322,500224
1775629416782,500224
1775629416783,500224
1775629416785,500224
1775629416786,500224
1775629416787,500224
1775629416789,500224
1775629416790,500224
1775629416792,500224
1775629416793,500224
1775629416794,500224
1775629416796,500224
1775629416797,500224
1775629416798,500224
1775629416799,500224
1775629416801,500224
1775629416802,500224
1775629416803,500224
1775629416804,500224
1775629416806,500224
1775629416807,500224
1775629416808,500224
1775629416809,500224
1775629416811,500224
1775629416812,500224
1775629416814,500224
1775629416815,500224
1775629416816,500224
1775629416818,500224
1775629416819,500224
1775629416820,500224
1775629416822,500224
1775629416823,500224
1775629416824,500224
1775629416826,500224
1775629416827,500224
1775629416828,500224
1775629416829,500224
1775629416831,500224
1775629416832,500224
1775629416834,500224
1775629416835,500224
1775629416836,500224
1775629416837,500224
1775629416841,500224
1775629416843,500224
1775629416845,500224
1775629416847,500224
1775629416850,500224
1775629416853,500224
1775629416855,500224
1775629416858,500224
1775629416860,500224
1775629416861,500224
1775629416863,500224
1775629416864,500224
1775629416866,500224
1775629416867,500224
1775629416869,500224
1775629416870,500224
1775629416871,500224
1775629416873,500224
1775629416875,500224
1775629416878,500224
1775629416880,500224
1775629416883,500224
1775629416886,500224
1775629416889,500224
1775629416893,500224
1775629416895,500224
1775629416897,500224
1775629416899,500224
1775629416902,500224
1775629416905,500224
1775629416907,500224
1775629416910,500224
1775629416911,500224
1775629416913,500224
1775629416914,500224
1775629416915,500224
1775629416917,500224
1775629416918,500224
1775629416920,500224
1775629416921,500224
1775629417385,500224
1775629417390,500224
1775629417391,500224
1775629417393,500224
1775629417395,500224
1775629417397,500224
1775629417398,500224
1775629417401,500224
1775629417402,500224
1775629417404,500224
1775629417406,500224
1775629417408,500224
1775629417409,500224
1775629417410,500224
1775629417412,500224
1775629417414,500224
1775629417416,500224
1775629417417,500224
1775629417419,500224
1775629417420,500224
1775629417421,500224
1775629417422,500224
1775629417424,500224
1775629417426,500224
1775629417427,500224
1775629417429,500224
1775629417430,500224
1775629417432,500224
1775629417433,500224
1775629417435,500224
1775629417437,500224
1775629417438,500224
1775629417445,500224
1775629417448,500224
1775629417450,500224
1775629417452,500224
1775629417453,500224
1775629417455,500224
1775629417461,500224
1775629417464,500224
1775629417466,500224
1775629417468,500224
1775629417470,500224
1775629417472,500224
1775629417474,500224
1775629417476,500224
1775629417477,500224
1775629417479,500224
1775629417481,500224
1775629417482,500224
1775629417483,500224
1775629417490,500224
1775629417492,500224
1775629417493,500224
1775629417494,500224
1775629417495,500224
1775629417497,500224
1775629417500,500224
1775629417502,500224
1775629417508,500224
1775629417509,500224
1775629417510,500224
1775629417512,500224
1775629417514,500224
1775629417516,500224
1775629417518,500224
1775629417520,500224
1775629417522,500224
1775629417524,500224
1775629417526,500224
1775629417528,500224
1775629417530,500224
1775629417531,500224
1775629417532,500224
1775629417534,500224
1775629417984,500224
1775629417986,500224
1775629417988,500224
1775629417992,500224
1775629417993,500224
1775629417994,500224
1775629417996,500224
1775629417997,500224
1775629418001,500224
1775629418004,500224
1775629418006,500224
1775629418009,500224
1775629418012,500224
1775629418015,500224
1775629418019,500224
1775629418021,500224
1775629418022,500224
1775629418025,500224
1775629418027,500224
1775629418029,500224
1775629418030,500224
1775629418031,500224
1775629418033,500224
1775629418035,500224
1775629418037,500224
1775629418039,500224
1775629418040,500224
1775629418042,500224
1775629418044,500224
1775629418045,500224
1775629418047,500224
1775629418048,500224
1775629418050,500224
1775629418051,500224
1775629418053,500224
1775629418054,500224
1775629418055,500224
1775629418057,500224
1775629418058,500224
1775629418059,500224
1775629418060,500224
1775629418062,500224
1775629418063,500224
1775629418064,500224
1775629418067,500224
1775629418068,500224
1775629418070,500224
1775629418071,500224
1775629418073,500224
1775629418074,500224
1775629418076,500224
1775629418078,500224
1775629418080,500224
1775629418081,500224
1775629418083,500224
1775629418084,500224
1775629418085,500224
1775629418087,500224
1775629418092,500224
1775629418093,500224
1775629418094,500224
1775629418096,500224
1775629418097,500224
1775629418098,500224
1775629418099,500224
1775629418101,500224
1775629418102,500224
1775629418103,500224
1775629418104,500224
1775629418106,500224
1775629418107,500224
1775629418108,500224
1775629418109,500224
1775629418111,500224
1775629418113,500224
1775629418114,500224
1775629418115,500224
1775629418117,500224
1775629418585,500224
1775629418588,500224
1775629418590,500224
1775629418592,500224
1775629418594,500224
1775629418596,500224
1775629418599,500224
1775629418601,500224
1775629418603,500224
1775629418605,500224
1775629418609,500224
1775629418612,500224
1775629418614,500224
1775629418616,500224
1775629418618,500224
1775629418620,500224
1775629418622,500224
1775629418627,500224
1775629418630,500224
1775629418634,500224
1775629418636,500224
1775629418637,500224
1775629418638,500224
1775629418640,500224
1775629418641,500224
1775629418644,500224
1775629418646,500224
1775629418648,500224
1775629418649,500224
1775629418650,500224
1775629418651,500224
1775629418653,500224
1775629418654,500224
1775629418655,500224
1775629418657,500224
1775629418658,500224
1775629418659,500224
1775629418661,500224
1775629418662,500224
1775629418663,500224
1775629418665,500224
1775629418666,500224
1775629418668,500224
1775629418669,500224
1775629418671,500224
1775629418672,500224
1775629418674,500224
1775629418675,500224
1775629418677,500224
1775629418679,500224
1775629418681,500224
1775629418682,500224
1775629418684,500224
1775629418688,500224
1775629418690,500224
1775629418695,500224
1775629418696,500224
1775629418698,500224
1775629418699,500224
1775629418701,500224
1775629418702,500224
1775629418704,500224
1775629418705,500224
1775629418707,500224
1775629418708,500224
1775629418709,500224
1775629418711,500224
1775629418712,500224
1775629418714,500224
1775629418715,500224
1775629418717,500224
1775629418718,500224
1775629419184,500224
1775629419186,500224
1775629419189,500224
1775629419191,500224
1775629419197,500224
1775629419200,500224
1775629419205,500224
1775629419207,500224
1775629419208,500224
1775629419209,500224
1775629419211,500224
1775629419212,500224
1775629419213,500224
1775629419215,500224
1775629419216,500224
1775629419217,500224
1775629419218,500224
1775629419220,500224
1775629419221,500224
1775629419222,500224
1775629419224,500224
1775629419225,500224
1775629419226,500224
1775629419228,500224
1775629419229,500224
1775629419230,500224
1775629419231,500224
1775629419233,500224
1775629419235,500224
1775629419238,500224
1775629419240,500224
1775629419241,500224
1775629419243,500224
1775629419244,500224
1775629419246,500224
1775629419247,500224
1775629419248,500224
1775629419250,500224
1775629419251,500224
1775629419252,500224
1775629419254,500224
1775629419255,500224
1775629419256,500224
1775629419257,500224
1775629419259,500224
1775629419260,500224
1775629419261,500224
1775629419262,500224
1775629419265,500224
1775629419267,500224
1775629419268,500224
1775629419269,500224
1775629419270,500224
1775629419272,500224
1775629419273,500224
1775629419274,500224
1775629419275,500224
1775629419277,500224
1775629419279,500224
1775629419280,500224
1775629419281,500224
1775629419283,500224
1775629419284,500224
1775629419285,500224
1775629419286,500224
1775629419288,500224
1775629419290,500224
1775629419292,500224
1775629419294,500224
1775629419299,500224
1775629419303,500224
1775629419304,500224
1775629419305,500224
1775629419307,500224
1775629419309,500224
1775629419311,500224
1775629419314,500224
1775629419317,500224
1775629419321,500224
1775629419323,500224
1775629419325,500224
1775629419327,500224
1775629419329,500224
1775629419330,500224
1775629419332,500224
1775629419333,500224
1775629419334,500224
1775629419336,500224
1775629419337,500224
1775629419790,500224
1775629419792,500224
1775629419794,500224
1775629419795,500224
1775629419797,500224
1775629419798,500224
1775629419800,500224
1775629419802,500224
1775629419805,500224
1775629419806,500224
1775629419808,500224
1775629419810,500224
1775629419811,500224
1775629419813,500224
1775629419814,500224
1775629419816,500224
1775629419817,500224
1775629419821,500224
1775629419822,500224
1775629419823,500224
1775629419825,500224
1775629419826,500224
1775629419830,500224
1775629419834,500224
1775629419837,500224
1775629419839,500224
1775629419842,500224
1775629419845,500224
1775629419848,500224
1775629419851,500224
1775629419854,500224
1775629419856,500224
1775629419858,500224
1775629419860,500224
1775629419864,500224
1775629419867,500224
1775629419869,500224
1775629419871,500224
1775629419874,500224
1775629419877,500224
1775629419880,500224
1775629419883,500224
1775629419885,500224
1775629419887,500224
1775629419888,500224
1775629419890,500224
1775629419891,500224
1775629419893,500224
1775629419894,500224
1775629419896,500224
1775629419898,500224
1775629419899,500224
1775629419901,500224
1775629419902,500224
1775629419903,500224
1775629419904,500224
1775629419906,500224
1775629419907,500224
1775629419908,500224
1775629419910,500224
1775629419911,500224
1775629419912,500224
1775629419913,500224
1775629419915,500224
1775629419916,500224
1775629419917,500224
1775629419919,500224
1775629419920,500224
1775629419921,500224
1775629419922,500224
1775629419924,500224
1775629419925,500224
1775629419927,500224
1775629419928,500224
1775629419930,500224
1775629419931,500224
1775629419933,500224
1775629419934,500224
1775629419936,500224
1775629419937,500224
1775629419939,500224
1775629419940,500224
1775629419942,500224
1775629419943,500224
1775629419945,500224
1775629419946,500224
1775629419947,500224
1775629419950,500224
1775629419951,500224
1775629419953,500224
1775629419954,500224
1775629419955,500224
1775629419957,500224
1775629420391,500224
1775629420392,500224
1775629420394,500224
1775629420396,500224
1775629420398,500224
1775629420400,500224
1775629420403,500224
1775629420405,500224
1775629420407,500224
1775629420410,500224
1775629420412,500224
1775629420414,500224
1775629420416,500224
1775629420418,500224
1775629420420,500224
1775629420422,500224
1775629420424,500224
1775629420430,500224
1775629420432,500224
1775629420437,500224
1775629420442,500224
1775629420447,500224
1775629420449,500224
1775629420452,500224
1775629420458,500224
1775629420459,500224
1775629420461,500224
1775629420462,500224
1775629420463,500224
1775629420465,500224
1775629420467,500224
1775629420469,500224
1775629420471,500224
1775629420473,500224
1775629420475,500224
1775629420481,500224
1775629420483,500224
1775629420484,500224
1775629420486,500224
1775629420488,500224
1775629420489,500224
1775629420490,500224
1775629420492,500224
1775629420494,500224
1775629420497,500224
1775629420499,500224
1775629420501,500224
1775629420502,500224
1775629420504,500224
1775629420507,500224
1775629420510,500224
1775629420512,500224
1775629420516,500224
1775629420518,500224
1775629420519,500224
1775629420520,500224
1775629420522,500224
1775629420523,500224
1775629420525,500224
1775629420526,500224
1775629420528,500224
1775629420530,500224
1775629420531,500224
1775629420533,500224
1775629420535,500224
1775629420537,500224
1775629420540,500224
1775629420543,500224
1775629420546,500224
1775629420548,500224
1775629420549,500224
1775629420551,500224
1775629420552,500224
1775629420554,500224
1775629420555,500224
1775629420556,500224
1775629420558,500224
1775629420561,500224
1775629420564,500224
1775629420566,500224
1775629420567,500224
1775629420569,500224
1775629420570,500224
1775629420572,500224
1775629420573,500224
1775629420575,500224
1775629420576,500224
1775629420582,500224
1775629420583,500224
1775629420585,500224
1775629420586,500224
1775629420589,500224
1775629420591,500224
1775629420593,500224
1775629420594,500224
1775629420596,500224
1775629420597,500224
1775629420599,500224
1775629420601,500224
1775629420603,500224
1775629420604,500224
1775629420605,500224
1775629420607,500224
1775629420609,500224
1775629420611,500224
1775629420613,500224
1775629420614,500224
1775629420616,500224
1775629420619,500224
1775629420620,500224
1775629420622,500224
1775629420623,500224
1775629420624,500224
1775629420626,500224
1775629420627,500224
1775629420629,500224
1775629420630,500224
1775629420632,500224
1775629420633,500224
1775629420635,500224
1775629420636,500224
1775629420638,500224
1775629420639,500224
1775629420640,500224
1775629420641,500224
1775629420643,500224
1775629420644,500224
1775629420645,500224
1775629420646,500224
1775629420648,500224
1775629420649,500224
1775629420651,500224
1775629420652,500224
1775629420653,500224
1775629420655,500224
1775629420656,500224
1775629420657,500224
1775629420659,500224
1775629420660,500224
1775629420663,500224
1775629420666,500224
1775629420668,500224
1775629420670,500224
1775629420673,500224
1775629420675,500224
1775629420678,500224
1775629420680,500224
1775629420683,500224
1775629420684,500224
1775629420687,500224
1775629420689,500224
1775629420690,500224
1775629420692,500224
1775629420694,500224
1775629420696,500224
1775629420698,500224
1775629420702,500224
1775629420704,500224
1775629420709,500224
1775629420711,500224
1775629420713,500224
1775629420714,500224
1775629420716,500224
1775629420722,500224
1775629420725,500224
1775629420727,500224
1775629420728,500224
1775629420729,500224
1775629420731,500224
1775629420732,500224
1775629420733,500224
1775629420735,500224
1775629420736,500224
1775629420742,500224
1775629420744,500224
1775629420745,500224
1775629420748,500224
1775629420751,500224
1775629420754,500224
1775629420757,500224
1775629420759,500224
1775629420761,500224
1775629420764,500224
1775629420766,500224
1775629420767,500224
1775629420770,500224
1775629420772,500224
1775629420774,500224
1775629420776,500224
1775629420778,500224
1775629420779,500224
1775629420781,500224
1775629420783,500224
1775629420784,500224
1775629420787,500224
1775629420790,500224
1775629420793,500224
1775629420796,500224
1775629420798,500224
1775629420800,500224
1775629420801,500224
1775629420802,500224
1775629420805,500224
1775629420808,500224
1775629420810,500224
1775629420811,500224
1775629420814,500224
1775629420816,500224
1775629420819,500224
1775629420822,500224
1775629420825,500224
1775629420827,500224
1775629420829,500224
1775629420831,500224
1775629420832,500224
1775629420833,500224
1775629420835,500224
1775629420836,500224
1775629420838,500224
1775629420840,500224
1775629420842,500224
1775629420844,500224
1775629420846,500224
1775629420848,500224
1775629420850,500224
1775629420852,500224
1775629420853,500224
1775629420855,500224
1775629420857,500224
1775629420858,500224
1775629420860,500224
1775629420862,500224
1775629420863,500224
1775629420864,500224
1775629420866,500224
1775629420868,500224
1775629420869,500224
1775629420870,500224
1775629420872,500224
1775629420873,500224
1775629420874,500224
1775629420877,500224
1775629420880,500224
1775629420883,500224
1775629420885,500224
1775629420888,500224
1775629420891,500224
1775629420893,500224
1775629420895,500224
1775629420896,500224
1775629420899,500224
1775629420901,500224
1775629420902,500224
1775629420905,500224
1775629420908,500224
1775629420910,500224
1775629420912,500224
1775629420915,500224
1775629420917,500224
1775629420918,500224
1775629420919,500224
1775629420921,500224
1775629420923,500224
1775629420924,500224
1775629420925,500224
1775629420927,500224
1775629420928,500224
1775629420929,500224
1775629420931,500224
1775629420932,500224
1775629420933,500224
1775629420935,500224
1775629420936,500224
1775629420937,500224
1775629420938,500224
1775629420940,500224
1775629420941,500224
1775629420942,500224
1775629420944,500224
1775629420946,500224
1775629420948,500224
1775629420951,500224
1775629420952,500224
1775629420953,500224
1775629420955,500224
1775629420956,500224
1775629420958,500224
1775629420959,500224
1775629420960,500224
1775629420962,500224
1775629420964,500224
1775629420967,500224
1775629420969,500224
1775629420970,500224
1775629420972,500224
1775629420977,500224
1775629420978,500224
1775629420980,500224
1775629420981,500224
1775629420982,500224
1775629420984,500224
1775629420985,500224
1775629420986,500224
1775629420988,500224
1775629420989,500224
1775629420990,500224
1775629420991,500224
1775629420993,500224
1775629420994,500224
1775629420997,500224
1775629421001,500224
1775629421002,500224
1775629421004,500224
1775629421005,500224
1775629421006,500224
1775629421008,500224
1775629421009,500224
1775629421010,500224
1775629421011,500224
1775629421013,500224
1775629421016,500224
1775629421018,500224
1775629421020,500224
1775629421022,500224
1775629421023,500224
1775629421024,500224
1775629421026,500224
1775629421027,500224
1775629421028,500224
1775629421029,500224
1775629421031,500224
1775629421032,500224
1775629421033,500224
1775629421034,500224
1775629421036,500224
1775629421038,500224
1775629421039,500224
1775629421041,500224
1775629421042,500224
1775629421043,500224
1775629421045,500224
1775629421049,500224
1775629421051,500224
1775629421053,500224
1775629421054,500224
1775629421055,500224
1775629421057,500224
1775629421058,500224
1775629421059,500224
1775629421061,500224
1775629421062,500224
1775629421063,500224
1775629421065,500224
1775629421066,500224
1775629421069,500224
1775629421072,500224
1775629421075,500224
1775629421077,500224
1775629421080,500224
1775629421082,500224
1775629421084,500224
1775629421086,500224
1775629421088,500224
1775629421090,500224
1775629421091,500224
1775629421093,500224
1775629421094,500224
1775629421095,500224
1775629421098,500224
1775629421100,500224
1775629421102,500224
1775629421104,500224
1775629421106,500224
1775629421109,500224
1775629421111,500224
1775629421114,500224
1775629421115,500224
1775629421118,500224
1775629421121,500224
1775629421122,500224
1775629421124,500224
1775629421126,500224
1775629421128,500224
1775629421132,500224
1775629421135,500224
1775629421136,500224
1775629421139,500224
1775629421141,500224
1775629421142,500224
1775629421144,500224
1775629421145,500224
1775629421146,500224
1775629421148,500224
1775629421150,500224
1775629421151,500224
1775629421152,500224
1775629421153,500224
1775629421155,500224
1775629421156,500224
1775629421157,500224
1775629421158,500224
1775629421160,500224
1775629421161,500224
1775629421162,500224
1775629421164,500224
1775629421165,500224
1775629421167,500224
1775629421168,500224
1775629421170,500224
1775629421171,500224
1775629421173,500224
1775629421174,500224
1775629421175,500224
1775629421177,500224
1775629421178,500224
1775629421179,500224
1775629421181,500224
1775629421182,500224
1775629421183,500224
1775629421184,500224
1775629421186,500224
1775629421187,500224
1775629421189,500224
1775629421190,500224
1775629421192,500224
1775629421193,500224
1775629421195,500224
1775629421196,500224
1775629421197,500224
1775629421201,500224
1775629421202,500224
1775629421204,500224
1775629421205,500224
1775629421207,500224
1775629421208,500224
1775629421210,500224
1775629421212,500224
1775629421214,500224
1775629421215,500224
1775629421217,500224
1775629421219,500224
1775629421222,500224
1775629421223,500224
1775629421224,500224
1775629421226,500224
1775629421228,500224
1775629421230,500224
1775629421231,500224
1775629421234,500224
1775629421236,500224
1775629421238,500224
1775629421239,500224
1775629421243,500224
1775629421246,500224
1775629421248,500224
1775629421249,500224
1775629421251,500224
1775629421253,500224
1775629421254,500224
1775629421255,500224
1775629421257,500224
1775629421258,500224
1775629421259,500224
1775629421261,500224
1775629421262,500224
1775629421263,500224
1775629421265,500224
1775629421267,500224
1775629421268,500224
1775629421270,500224
1775629421272,500224
1775629421273,500224
1775629421275,500224
1775629421276,500224
1775629421278,500224
1775629421282,500224
1775629421285,500224
1775629421287,500224
1775629421288,500224
1775629421289,500224
1775629421290,500224
1775629421292,500224
1775629421293,500224
1775629421294,500224
1775629421295,500224
1775629421297,500224
1775629421298,500224
1775629421299,500224
1775629421301,500224
1775629421302,500224
1775629421305,500224
1775629421307,500224
1775629421310,500224
1775629421312,500224
1775629421314,500224
1775629421316,500224
1775629421319,500224
1775629421320,500224
1775629421325,500224
1775629421326,500224
1775629421328,500224
1775629421329,500224
1775629421331,500224
1775629421333,500224
1775629421335,500224
1775629421336,500224
1775629421337,500224
1775629421339,500224
1775629421340,500224
1775629421342,500224
1775629421343,500224
1775629421344,500224
1775629421346,500224
1775629421347,500224
1775629421348,500224
1775629421350,500224
1775629421351,500224
1775629421352,500224
1775629421353,500224
1775629421355,500224
1775629421356,500224
1775629421357,500224
1775629421358,500224
1775629421360,500224
1775629421361,500224
1775629421362,500224
1775629421364,500224
1775629421365,500224
1775629421366,500224
1775629421367,500224
1775629421369,500224
1775629421370,500224
1775629421372,500224
1775629421373,500224
1775629421374,500224
1775629421377,500224
1775629421379,500224
1775629421381,500224
1775629421382,500224
1775629421384,500224
1775629421387,500224
1775629421389,500224
1775629421392,500224
1775629421395,500224
1775629421398,500224
1775629421400,500224
1775629421403,500224
1775629421405,500224
1775629421407,500224
1775629421409,500224
1775629421412,500224
1775629421414,500224
1775629421416,500224
1775629421418,500224
1775629421419,500224
1775629421421,500224
1775629421422,500224
1775629421424,500224
1775629421427,500224
1775629421430,500224
1775629421432,500224
1775629421435,500224
1775629421437,500224
1775629421440,500224
1775629421442,500224
1775629421444,500224
1775629421445,500224
1775629421446,500224
1775629421447,500224
1775629421449,500224
1775629421450,500224
1775629421451,500224
1775629421453,500224
1775629421454,500224
1775629421455,500224
1775629421457,500224
1775629421458,500224
1775629421459,500224
1775629421461,500224
1775629421463,500224
1775629421464,500224
1775629421466,500224
1775629421467,500224
1775629421468,500224
1775629421470,500224
1775629421471,500224
1775629421472,500224
1775629421474,500224
1775629421475,500224
1775629421476,500224
1775629421477,500224
1775629421479,500224
1775629421480,500224
1775629421481,500224
1775629421483,500224
1775629421484,500224
1775629421485,500224
1775629421487,500224
1775629421489,500224
1775629421490,500224
1775629421491,500224
1775629421492,500224
1775629421494,500224
1775629421495,500224
1775629421496,500224
1775629421498,500224
1775629421499,500224
1775629421500,500224
1775629421501,500224
1775629421503,500224
1775629421505,500224
1775629421506,500224
1775629421507,500224
1775629421508,500224
1775629421510,500224
1775629421511,500224
1775629421512,500224
1775629421514,500224
1775629421515,500224
1775629421516,500224
1775629421517,500224
1775629421519,500224
1775629421520,500224
1775629421522,500224
1775629421524,500224
1775629421525,500224
1775629421527,500224
1775629421528,500224
1775629421529,500224
1775629421531,500224
1775629421532,500224
1775629421534,500224
1775629421535,500224
1775629421536,500224
1775629421537,500224
1775629421539,500224
1775629421540,500224
1775629421541,500224
1775629421543,500224
1775629421544,500224
1775629421545,500224
1775629421546,500224
1775629421548,500224
1775629421549,500224
1775629421550,500224
1775629421551,500224
1775629421553,500224
1775629421554,500224
1775629421555,500224
1775629421557,500224
1775629421559,500224
1775629421562,500224
1775629421564,500224
1775629421565,500224
1775629421567,500224
1775629421569,500224
1775629421570,500224
1775629421572,500224
1775629421573,500224
1775629421574,500224
1775629421576,500224
1775629421577,500224
1775629421580,500224
1775629421582,500224
1775629421583,500224
1775629421585,500224
1775629421586,500224
1775629421587,500224
1775629421588,500224
1775629421590,500224
1775629421591,500224
1775629421592,500224
1775629421593,500224
1775629421595,500224
1775629421596,500224
1775629421597,500224
1775629421599,500224
1775629421601,500224
1775629421603,500224
1775629421604,500224
1775629421606,500224
1775629421607,500224
1775629421608,500224
1775629421610,500224
1775629421611,500224
1775629421612,500224
1775629421614,500224
1775629421615,500224
1775629421616,500224
1775629421618,500224
1775629421619,500224
1775629421621,500224
1775629421623,500224
1775629421624,500224
1775629421625,500224
1775629421627,500224
1775629421628,500224
1775629421629,500224
1775629421630,500224
1775629421632,500224
1775629421634,500224
1775629421635,500224
1775629421637,500224
1775629421638,500224
1775629421639,500224
1775629421641,500224
1775629421642,500224
1775629421643,500224
1775629421644,500224
1775629421646,500224
1775629421647,500224
1775629421648,500224
1775629421649,500224
1775629421651,500224
1775629421652,500224
1775629421653,500224
1775629421655,500224
1775629421656,500224
1775629421658,500224
1775629421659,500224
1775629421662,500224
1775629421663,500224
1775629421665,500224
1775629421666,500224
1775629421667,500224
1775629421669,500224
1775629421670,500224
1775629421671,500224
1775629421672,500224
1775629421674,500224
1775629421675,500224
1775629421676,500224
1775629421677,500224
1775629421679,500224
1775629421681,500224
1775629421682,500224
1775629421683,500224
1775629421686,500224
1775629421688,500224
1775629421689,500224
1775629421690,500224
1775629421692,500224
1775629421693,500224
1775629421694,500224
1775629421695,500224
1775629421697,500224
1775629421698,500224
1775629421700,500224
1775629421701,500224
1775629421703,500224
1775629421705,500224
1775629421706,500224
1775629421707,500224
1775629421709,500224
1775629421710,500224
1775629421712,500224
1775629421713,500224
1775629421716,500224
1775629421718,500224
1775629421720,500224
1775629421722,500224
1775629421724,500224
1775629421725,500224
1775629421727,500224
1775629421728,500224
1775629421730,500224
1775629421731,500224
1775629421733,500224
1775629421734,500224
1775629421735,500224
1775629421737,500224
1775629421738,500224
1775629421739,500224
1775629421740,500224
1775629421742,500224
1775629421743,500224
1775629421744,500224
1775629421746,500224
1775629421747,500224
1775629421749,500224
1775629421750,500224
1775629421751,500224
1775629421753,500224
1775629421754,500224
1775629421755,500224
1775629421757,500224
1775629421758,500224
1775629421759,500224
1775629421761,500224
1775629421762,500224
1775629421763,500224
1775629421764,500224
1775629421766,500224
1775629421768,500224
1775629421770,500224
1775629421771,500224
1775629421773,500224
1775629421775,500224
1775629421776,500224
1775629421778,500224
1775629421779,500224
1775629421781,500224
1775629421782,500224
1775629421786,500224
1775629421788,500224
1775629421789,500224
1775629421791,500224
1775629421792,500224
1775629421793,500224
1775629421794,500224
1775629421796,500224
1775629421798,500224
1775629421800,500224
1775629421801,500224
1775629421803,500224
1775629421805,500224
1775629421806,500224
1775629421808,500224
1775629421809,500224
1775629421810,500224
1775629421812,500224
1775629421813,500224
1775629421815,500224
1775629421817,500224
1775629421819,500224
1775629421821,500224
1775629421822,500224
1775629421823,500224
1775629421825,500224
1775629421826,500224
1775629421827,500224
1775629421828,500224
1775629421830,500224
1775629421831,500224
1775629421832,500224
1775629421834,500224
1775629421835,500224
1775629421836,500224
1775629421837,500224
1775629421839,500224
1775629421840,500224
1775629421841,500224
1775629421843,500224
1775629421844,500224
1775629421845,500224
1775629421846,500224
1775629421848,500224
1775629421849,500224
1775629421850,500224
1775629421852,500224
1775629421853,500224
1775629421854,500224
1775629421855,500224
1775629421857,500224
1775629421859,500224
1775629421861,500224
1775629421864,500224
1775629421866,500224
1775629421867,500224
1775629421869,500224
1775629421871,500224
1775629421872,500224
1775629421874,500224
1775629421875,500224
1775629421876,500224
1775629421878,500224
1775629421879,500224
1775629421880,500224
1775629421881,500224
1775629421884,500224
1775629421885,500224
1775629421887,500224
1775629421890,500224
1775629421893,500224
1775629421895,500224
1775629421897,500224
1775629421900,500224
1775629421905,500224
1775629421907,500224
1775629421910,500224
1775629421913,500224
1775629421915,500224
1775629421918,500224
1775629421920,500224
1775629421922,500224
1775629421924,500224
1775629421925,500224
1775629421927,500224
1775629421928,500224
1775629421930,500224
1775629421931,500224
1775629421933,500224
1775629421937,500224
1775629421940,500224
1775629421943,500224
1775629421946,500224
1775629421949,500224
1775629421951,500224
1775629421952,500224
1775629421953,500224
1775629421954,500224
1775629421956,500224
1775629421957,500224
1775629421959,500224
1775629421961,500224
1775629421962,500224
1775629421963,500224
1775629421965,500224
1775629421967,500224
1775629421968,500224
1775629421970,500224
1775629421971,500224
1775629421973,500224
1775629421974,500224
1775629421975,500224
1775629421977,500224
1775629421978,500224
1775629421980,500224
1775629421981,500224
1775629421982,500224
1775629421984,500224
1775629421985,500224
1775629421986,500224
1775629421988,500224
1775629421989,500224
1775629421990,500224
1775629421991,500224
1775629421993,500224
1775629421994,500224
1775629421995,500224
1775629421996,500224
1775629421998,500224
1775629421999,500224
1775629422000,500224
1775629422001,500224
1775629422003,500224
1775629422004,500224
1775629422005,500224
1775629422006,500224
1775629422008,500224
1775629422009,500224
1775629422010,500224
1775629422012,500224
1775629422013,500224
1775629422014,500224
1775629422015,500224
1775629422017,500224
1775629422018,500224
1775629422019,500224
1775629422020,500224
1775629422022,500224
1775629422024,500224
1775629422028,500224
1775629422030,500224
1775629422033,500224
1775629422036,500224
1775629422039,500224
1775629422042,500224
1775629422044,500224
1775629422047,500224
1775629422049,500224
1775629422052,500224
1775629422054,500224
1775629422056,500224
1775629422058,500224
1775629422059,500224
1775629422061,500224
1775629422062,500224
1775629422064,500224
1775629422065,500224
1775629422067,500224
1775629422069,500224
1775629422189,500224
1775629422192,500224
1775629422195,500224
1775629422197,500224
1775629422200,500224
1775629422205,500224
1775629422208,500224
1775629422210,500224
1775629422212,500224
1775629422213,500224
1775629422216,500224
1775629422219,500224
1775629422222,500224
1775629422226,500224
1775629422229,500224
1775629422231,500224
1775629422234,500224
1775629422237,500224
1775629422239,500224
1775629422241,500224
1775629422243,500224
1775629422246,500224
1775629422249,500224
1775629422251,500224
1775629422253,500224
1775629422255,500224
1775629422259,500224
1775629422261,500224
1775629422262,500224
1775629422264,500224
1775629422266,500224
1775629422267,500224
1775629422268,500224
1775629422270,500224
1775629422271,500224
1775629422273,500224
1775629422274,500224
1775629422275,500224
1775629422277,500224
1775629422278,500224
1775629422279,500224
1775629422280,500224
1775629422282,500224
1775629422283,500224
1775629422284,500224
1775629422285,500224
1775629422287,500224
1775629422288,500224
1775629422289,500224
1775629422290,500224
1775629422292,500224
1775629422293,500224
1775629422294,500224
1775629422300,500224
1775629422301,500224
1775629422303,500224
1775629422304,500224
1775629422305,500224
1775629422306,500224
1775629422308,500224
1775629422316,500224
1775629422318,500224
1775629422320,500224
1775629422321,500224
1775629422324,500224
1775629422326,500224
1775629422327,500224
1775629422329,500224
1775629422330,500224
1775629422332,500224
1775629422333,500224
1775629422334,500224
1775629422335,500224
1775629422337,500224
1775629422338,500224
1775629422339,500224
1775629422340,500224
1775629422342,500224
1775629422345,500224
1775629422347,500224
1775629422348,500224
1775629422350,500224
1775629422351,500224
1775629422352,500224
1775629422354,500224
1775629422355,500224
1775629422357,500224
1775629422358,500224
1775629422359,500224
1775629422361,500224
1775629422363,500224
1775629422364,500224
1775629422366,500224
1775629422368,500224
1775629422369,500224
1775629422371,500224
1775629422373,500224
1775629422374,500224
1775629422376,500224
1775629422377,500224
1775629422378,500224
1775629422380,500224
1775629422381,500224
1775629422382,500224
1775629422384,500224
1775629422385,500224
1775629422386,500224
1775629422387,500224
1775629422389,500224
1775629422791,500224
1775629422795,500224
1775629422798,500224
1775629422800,500224
1775629422802,500224
1775629422804,500224
1775629422805,500224
1775629422807,500224
1775629422808,500224
1775629422810,500224
1775629422811,500224
1775629422813,500224
1775629422814,500224
1775629422815,500224
1775629422817,500224
1775629422819,500224
1775629422820,500224
1775629422821,500224
1775629422823,500224
1775629422824,500224
1775629422827,500224
1775629422829,500224
1775629422831,500224
1775629422832,500224
1775629422833,500224
1775629422837,500224
1775629422838,500224
1775629422840,500224
1775629422842,500224
1775629422843,500224
1775629422845,500224
1775629422848,500224
1775629422849,500224
1775629422851,500224
1775629422853,500224
1775629422854,500224
1775629422855,500224
1775629422857,500224
1775629422858,500224
1775629422861,500224
1775629422863,500224
1775629422864,500224
1775629422866,500224
1775629422868,500224
1775629422870,500224
1775629422871,500224
1775629422873,500224
1775629422875,500224
1775629422876,500224
1775629422878,500224
1775629422880,500224
1775629422881,500224
1775629422883,500224
1775629422885,500224
1775629422887,500224
1775629422889,500224
1775629422890,500224
1775629422892,500224
1775629422893,500224
1775629422894,500224
1775629422895,500224
1775629422897,500224
1775629422898,500224
1775629422900,500224
1775629422901,500224
1775629422903,500224
1775629422905,500224
1775629422906,500224
1775629422909,500224
1775629423391,500224
1775629423392,500224
1775629423394,500224
1775629423395,500224
1775629423396,500224
1775629423400,500224
1775629423402,500224
1775629423404,500224
1775629423405,500224
1775629423406,500224
1775629423407,500224
1775629423409,500224
1775629423416,500224
1775629423418,500224
1775629423419,500224
1775629423421,500224
1775629423422,500224
1775629423424,500224
1775629423426,500224
1775629423427,500224
1775629423428,500224
1775629423430,500224
1775629423431,500224
1775629423433,500224
1775629423437,500224
1775629423439,500224
1775629423441,500224
1775629423442,500224
1775629423444,500224
1775629423445,500224
1775629423992,500224
1775629423995,500224
1775629423998,500224
1775629424001,500224
1775629424003,500224
1775629424008,500224
1775629424011,500224
1775629424014,500224
1775629424016,500224
1775629424018,500224
1775629424020,500224
1775629424022,500224
1775629424025,500224
1775629424026,500224
1775629424027,500224
1775629424028,500224
1775629424030,500224
1775629424031,500224
1775629424032,500224
1775629424035,500224
1775629424038,500224
1775629424040,500224
1775629424040,129024
1775629424042,500224
1775629424043,500224
1775629424045,500224
1775629424046,500224
1775629424047,500224
1775629424050,500224
1775629424052,500224
1775629424053,500224
1775629424054,500224
1775629424056,500224
1775629424057,500224
1775629424058,500224
1775629424059,500224
1775629424061,500224
1775629424064,500224
1775629424065,500224
1775629424067,500224
1775629424068,500224
1775629424069,500224
1775629424071,500224
1775629424072,500224
1775629424073,500224
1775629424075,500224
1775629424076,500224
1775629424077,500224
1775629424079,500224
1775629424081,500224
1775629424082,500224
1775629424083,500224
1775629424085,500224
1775629424086,500224
1775629424087,500224
1775629424088,500224
1775629424090,500224
1775629424091,500224
1775629424092,500224
1775629424094,500224
1775629424095,500224
1775629424096,500224
1775629424097,500224
1775629424099,500224
1775629424100,500224
1775629424101,500224
1775629424102,500224
1775629424104,500224
1775629424105,500224
1775629424106,500224
1775629424109,500224
1775629424112,500224
1775629424114,500224
1775629424115,500224
1775629424120,500224
1775629424123,500224
1775629424124,500224
1775629424126,500224
1775629424129,500224
1775629424130,500224
1775629424132,500224
1775629424133,500224
1775629424135,500224
1775629424136,500224
1775629424138,500224
1775629424139,500224
1775629424140,500224
1775629424141,500224
1775629424143,500224
1775629424144,500224
1775629424145,500224
1775629424593,500224
1775629424594,500224
1775629424596,500224
1775629424597,500224
1775629424598,500224
1775629424600,500224
1775629424601,500224
1775629424604,500224
1775629424607,500224
1775629424610,500224
1775629424613,500224
1775629424614,500224
1775629424616,500224
1775629424617,500224
1775629424618,500224
1775629424619,500224
1775629424621,500224
1775629424622,500224
1775629424623,500224
1775629424625,500224
1775629424626,500224
1775629424628,500224
1775629424632,500224
1775629424633,500224
1775629424635,500224
1775629424637,500224
1775629424638,500224
1775629424640,500224
1775629424648,500224
1775629424650,500224
1775629424651,500224
1775629424652,500224
1775629424654,500224
1775629424655,500224
1775629424656,500224
1775629424657,500224
1775629424659,500224
1775629424660,500224
1775629424662,500224
1775629424663,500224
1775629424664,500224
1775629424666,500224
1775629424667,500224
1775629424668,500224
1775629424669,500224
1775629424671,500224
1775629424672,500224
1775629424673,500224
1775629424675,500224
1775629424676,500224
1775629424677,500224
1775629424678,500224
1775629424680,500224
1775629424681,500224
1775629424682,500224
1775629424684,500224
1775629424685,500224
1775629424686,500224
1775629424688,500224
1775629424694,500224
1775629424696,500224
1775629424699,500224
1775629424702,500224
1775629424705,500224
1775629424707,500224
1775629424710,500224
1775629424713,500224
1775629424715,500224
1775629424717,500224
1775629424720,500224
1775629424722,500224
1775629424724,500224
1775629424726,500224
1775629424731,500224
1775629424732,500224
1775629424735,500224
1775629424737,500224
1775629424742,500224
1775629424744,500224
1775629424746,500224
1775629424747,500224
1775629424749,500224
1775629424751,500224
1775629424752,500224
1775629425192,500224
1775629425198,500224
1775629425201,500224
1775629425203,500224
1775629425205,500224
1775629425207,500224
1775629425209,500224
1775629425211,500224
1775629425213,500224
1775629425214,500224
1775629425216,500224
1775629425218,500224
1775629425220,500224
1775629425221,500224
1775629425222,500224
1775629425224,500224
1775629425227,500224
1775629425229,500224
1775629425230,500224
1775629425232,500224
1775629425233,500224
1775629425234,500224
1775629425236,500224
1775629425237,500224
1775629425239,500224
1775629425240,500224
1775629425242,500224
1775629425244,500224
1775629425245,500224
1775629425247,500224
1775629425248,500224
1775629425250,500224
1775629425251,500224
1775629425252,500224
1775629425254,500224
1775629425256,500224
1775629425260,500224
1775629425261,500224
1775629425263,500224
1775629425264,500224
1775629425265,500224
1775629425266,500224
1775629425268,500224
1775629425269,500224
1775629425270,500224
1775629425272,500224
1775629425273,500224
1775629425274,500224
1775629425275,500224
1775629425277,500224
1775629425278,500224
1775629425279,500224
1775629425280,500224
1775629425282,500224
1775629425283,500224
1775629425284,500224
1775629425285,500224
1775629425287,500224
1775629425288,500224
1775629425289,500224
1775629425290,500224
1775629425292,500224
1775629425293,500224
1775629425294,500224
1775629425295,500224
1775629425297,500224
1775629425298,500224
1775629425299,500224
1775629425300,500224
1775629425304,500224
1775629425306,500224
1775629425309,500224
1775629425312,500224
1775629425315,500224
1775629425317,500224
1775629425319,500224
1775629425321,500224
1775629425322,500224
1775629425324,500224
1775629425325,500224
1775629425327,500224
1775629425328,500224
1775629425330,500224
1775629425332,500224
1775629425335,500224
1775629425337,500224
1775629425339,500224
1775629425340,500224
1775629425342,500224
1775629425343,500224
1775629425344,500224
1775629425346,500224
1775629425347,500224
1775629425348,500224
1775629425350,500224
1775629425352,500224
1775629425354,500224
1775629425355,500224
1775629425357,500224
1775629425358,500224
1775629425359,500224
1775629425361,500224
1775629425362,500224
1775629425364,500224
1775629425365,500224
1775629425367,500224
1775629425368,500224
1775629425370,500224
1775629425371,500224
1775629425372,500224
1775629425373,500224
1775629425796,500224
1775629425799,500224
1775629425803,500224
1775629425805,500224
1775629425807,500224
1775629425808,500224
1775629425810,500224
1775629425811,500224
1775629425813,500224
1775629425814,500224
1775629425815,500224
1775629425817,500224
1775629425818,500224
1775629425819,500224
1775629425821,500224
1775629425822,500224
1775629425824,500224
1775629425825,500224
1775629425826,500224
1775629425828,500224
1775629425830,500224
1775629425831,500224
1775629425833,500224
1775629425834,500224
1775629425835,500224
1775629425836,500224
1775629425838,500224
1775629425839,500224
1775629425841,500224
1775629425842,500224
1775629425844,500224
1775629425846,500224
1775629425847,500224
1775629425848,500224
1775629425850,500224
1775629425851,500224
1775629425853,500224
1775629425855,500224
1775629425856,500224
1775629425858,500224
1775629425859,500224
1775629425860,500224
1775629425861,500224
1775629425863,500224
1775629425864,500224
1775629425865,500224
1775629425866,500224
1775629425868,500224
1775629425869,500224
1775629425870,500224
1775629425871,500224
1775629425873,500224
1775629425874,500224
1775629425875,500224
1775629425877,500224
1775629425878,500224
1775629425879,500224
1775629425881,500224
1775629425882,500224
1775629425883,500224
1775629425884,500224
1775629425886,500224
1775629425887,500224
1775629425888,500224
1775629425889,500224
1775629425890,500224
1775629425892,500224
1775629425893,500224
1775629425897,500224
1775629425901,500224
1775629425903,500224
1775629425905,500224
1775629425906,500224
1775629425907,500224
1775629425909,500224
1775629425910,500224
1775629425911,500224
1775629425912,500224
1775629425915,500224
1775629425917,500224
1775629425921,500224
1775629425924,500224
1775629425926,500224
1775629425928,500224
1775629425929,500224
1775629425930,500224
1775629425936,500224
1775629425938,500224
1775629425939,500224
1775629425941,500224
1775629425942,500224
1775629425945,500224
1775629425947,500224
1775629425948,500224
1775629425949,500224
1775629425951,500224
1775629425954,500224
1775629425957,500224
1775629425959,500224
1775629425962,500224
1775629425966,500224
1775629425968,500224
1775629425970,500224
1775629425972,500224
1775629425974,500224
1775629425976,500224
1775629425977,500224
1775629425979,500224
1775629426395,500224
1775629426397,500224
1775629426399,500224
1775629426400,500224
1775629426401,500224
1775629426403,500224
1775629426405,500224
1775629426407,500224
1775629426417,500224
1775629426418,500224
1775629426420,500224
1775629426421,500224
1775629426423,500224
1775629426424,500224
1775629426426,500224
1775629426427,500224
1775629426429,500224
1775629426430,500224
1775629426433,500224
1775629426435,500224
1775629426436,500224
1775629426437,500224
1775629426438,500224
1775629426441,500224
1775629426444,500224
1775629426447,500224
1775629426449,500224
1775629426451,500224
1775629426454,500224
1775629426456,500224
1775629426458,500224
1775629426460,500224
1775629426462,500224
1775629426463,500224
1775629426465,500224
1775629426466,500224
1775629426468,500224
1775629426469,500224
1775629426470,500224
1775629426472,500224
1775629426473,500224
1775629426475,500224
1775629426476,500224
1775629426477,500224
1775629426479,500224
1775629426480,500224
1775629426481,500224
1775629426483,500224
1775629426484,500224
1775629426485,500224
1775629426486,500224
1775629426488,500224
1775629426489,500224
1775629426490,500224
1775629426491,500224
1775629426493,500224
1775629426494,500224
1775629426495,500224
1775629426496,500224
1775629426498,500224
1775629426499,500224
1775629426500,500224
1775629426503,500224
1775629426506,500224
1775629426509,500224
1775629426513,500224
1775629426516,500224
1775629426518,500224
1775629426519,500224
1775629426521,500224
1775629426523,500224
1775629426525,500224
1775629426526,500224
1775629426528,500224
1775629426529,500224
1775629426531,500224
1775629426532,500224
1775629426534,500224
1775629426535,500224
1775629426536,500224
1775629426538,500224
1775629426539,500224
1775629426541,500224
1775629426542,500224
1775629426544,500224
1775629426545,500224
1775629426546,500224
1775629426548,500224
1775629426549,500224
1775629426550,500224
1775629426551,500224
1775629426553,500224
1775629426555,500224
1775629426558,500224
1775629426560,500224
1775629426562,500224
1775629426563,500224
1775629426564,500224
1775629426566,500224
1775629426568,500224
1775629426569,500224
1775629426571,500224
1775629426574,500224
1775629426577,500224
1775629426579,500224
1775629426581,500224
1775629426583,500224
1775629426584,500224
1775629426585,500224
1775629426588,500224
1775629426591,500224
1775629426594,500224
1775629426995,500224
1775629426996,500224
1775629426998,500224
1775629427004,500224
1775629427006,500224
1775629427007,500224
1775629427008,500224
1775629427010,500224
1775629427011,500224
1775629427012,500224
1775629427014,500224
1775629427015,500224
1775629427016,500224
1775629427017,500224
1775629427019,500224
1775629427020,500224
1775629427021,500224
1775629427023,500224
1775629427024,500224
1775629427025,500224
1775629427027,500224
1775629427028,500224
1775629427030,500224
1775629427032,500224
1775629427034,500224
1775629427035,500224
1775629427037,500224
1775629427038,500224
1775629427039,500224
1775629427041,500224
1775629427043,500224
1775629427044,500224
1775629427046,500224
1775629427047,500224
1775629427048,500224
1775629427053,500224
1775629427055,500224
1775629427058,500224
1775629427060,500224
1775629427062,500224
1775629427064,500224
1775629427065,500224
1775629427067,500224
1775629427069,500224
1775629427070,500224
1775629427073,500224
1775629427074,500224
1775629427076,500224
1775629427079,500224
1775629427080,500224
1775629427082,500224
1775629427083,500224
1775629427084,500224
1775629427085,500224
1775629427087,500224
1775629427092,500224
1775629427095,500224
1775629427099,500224
1775629427102,500224
1775629427105,500224
1775629427108,500224
1775629427111,500224
1775629427114,500224
1775629427116,500224
1775629427117,500224
1775629427118,500224
1775629427120,500224
1775629427122,500224
1775629427124,500224
1775629427125,500224
1775629427127,500224
1775629427128,500224
1775629427129,500224
1775629427131,500224
1775629427132,500224
1775629427133,500224
1775629427137,500224
1775629427140,500224
1775629427142,500224
1775629427143,500224
1775629427146,500224
1775629427148,500224
1775629427149,500224
1775629427150,500224
1775629427152,500224
1775629427153,500224
1775629427154,500224
1775629427156,500224
1775629427157,500224
1775629427158,500224
1775629427160,500224
1775629427162,500224
1775629427164,500224
1775629427166,500224
1775629427168,500224
1775629427169,500224
1775629427171,500224
1775629427172,500224
1775629427173,500224
1775629427174,500224
1775629427176,500224
1775629427177,500224
1775629427178,500224
1775629427179,500224
1775629427181,500224
1775629427182,500224
1775629427183,500224
1775629427185,500224
1775629427186,500224
1775629427187,500224
1775629427188,500224
1775629427190,500224
1775629427191,500224
1775629427192,500224
1775629427193,500224
1775629427195,500224
1775629427196,500224
1775629427197,500224
1775629427597,500224
1775629427600,500224
1775629427602,500224
1775629427603,500224
1775629427604,500224
1775629427606,500224
1775629427607,500224
1775629427608,500224
1775629427609,500224
1775629427611,500224
1775629427612,500224
1775629427613,500224
1775629427614,500224
1775629427616,500224
1775629427617,500224
1775629427618,500224
1775629427619,500224
1775629427621,500224
1775629427622,500224
1775629427625,500224
1775629427628,500224
1775629427630,500224
1775629427632,500224
1775629427633,500224
1775629427634,500224
1775629427636,500224
1775629427637,500224
1775629427638,500224
1775629427639,500224
1775629427642,500224
1775629427644,500224
1775629427646,500224
1775629427648,500224
1775629427649,500224
1775629427650,500224
1775629427652,500224
1775629427653,500224
1775629427655,500224
1775629427657,500224
1775629427659,500224
1775629427662,500224
1775629427665,500224
1775629427667,500224
1775629427670,500224
1775629427672,500224
1775629427675,500224
1775629427676,500224
1775629427678,500224
1775629427681,500224
1775629427684,500224
1775629427686,500224
1775629427687,500224
1775629427688,500224
1775629427690,500224
1775629427692,500224
1775629427694,500224
1775629427696,500224
1775629427697,500224
1775629427698,500224
1775629427700,500224
1775629427702,500224
1775629427703,500224
1775629427704,500224
1775629427706,500224
1775629427707,500224
1775629427709,500224
1775629427710,500224
1775629427712,500224
1775629427713,500224
1775629427714,500224
1775629427716,500224
1775629427717,500224
1775629427719,500224
1775629427720,500224
1775629427721,500224
1775629427723,500224
1775629427724,500224
1775629427725,500224
1775629427727,500224
1775629427728,500224
1775629427729,500224
1775629427730,500224
1775629427732,500224
1775629427733,500224
1775629427735,500224
1775629427736,500224
1775629427739,500224
1775629427741,500224
1775629427742,500224
1775629427744,500224
1775629427745,500224
1775629427747,500224
1775629427748,500224
1775629427750,500224
1775629427751,500224
1775629427752,500224
1775629427754,500224
1775629427755,500224
1775629427756,500224
1775629427758,500224
1775629427762,500224
1775629428236,500224
1775629428237,500224
1775629428240,500224
1775629428242,500224
1775629428244,500224
1775629428245,500224
1775629428246,500224
1775629428247,500224
1775629428249,500224
1775629428250,500224
1775629428251,500224
1775629428253,500224
1775629428255,500224
1775629428257,500224
1775629428260,500224
1775629428264,500224
1775629428270,500224
1775629428272,500224
1775629428274,500224
1775629428275,500224
1775629428277,500224
1775629428279,500224
1775629428281,500224
1775629428282,500224
1775629428284,500224
1775629428285,500224
1775629428287,500224
1775629428288,500224
1775629428290,500224
1775629428291,500224
1775629428292,500224
1775629428294,500224
1775629428295,500224
1775629428296,500224
1775629428297,500224
1775629428299,500224
1775629428300,500224
1775629428303,500224
1775629428306,500224
1775629428310,500224
1775629428311,500224
1775629428312,500224
1775629428314,500224
1775629428315,500224
1775629428316,500224
1775629428318,500224
1775629428319,500224
1775629428320,500224
1775629428321,500224
1775629428324,500224
1775629428327,500224
1775629428329,500224
1775629428330,500224
1775629428331,500224
1775629428333,500224
1775629428334,500224
1775629428335,500224
1775629428337,500224
1775629428338,500224
1775629428340,500224
1775629428341,500224
1775629428344,500224
1775629428347,500224
1775629428348,500224
1775629428349,500224
1775629428351,500224
1775629428352,500224
1775629428353,500224
1775629428355,500224
1775629428356,500224
1775629428359,500224
1775629428840,500224
1775629428841,500224
1775629428843,500224
1775629428844,500224
1775629428846,500224
1775629428848,500224
1775629428849,500224
1775629428851,500224
1775629428853,500224
1775629428854,500224
1775629428856,500224
1775629428857,500224
1775629428858,500224
1775629428860,500224
1775629428862,500224
1775629428864,500224
1775629428865,500224
1775629428867,500224
1775629428869,500224
1775629428872,500224
1775629428874,500224
1775629428875,500224
1775629428878,500224
1775629428882,500224
1775629428884,500224
1775629428886,500224
1775629428888,500224
1775629428889,500224
1775629428891,500224
1775629428894,500224
1775629428896,500224
1775629428898,500224
1775629428899,500224
1775629428901,500224
1775629428903,500224
1775629428904,500224
1775629428906,500224
1775629428909,500224
1775629428910,500224
1775629428912,500224
1775629428913,500224
1775629428914,500224
1775629428916,500224
1775629428917,500224
1775629428918,500224
1775629428922,500224
1775629428926,500224
1775629428927,500224
1775629428928,500224
1775629428930,500224
1775629428932,500224
1775629428933,500224
1775629428935,500224
1775629428936,500224
1775629428938,500224
1775629428939,500224
1775629428940,500224
1775629428941,500224
1775629428943,500224
1775629428944,500224
1775629428945,500224
1775629428947,500224
1775629428948,500224
1775629428950,500224
1775629428951,500224
1775629428952,500224
1775629428953,500224
1775629428955,500224
1775629428956,500224
1775629428957,500224
1775629428958,500224
1775629428960,500224
1775629428961,500224
1775629428962,500224
1775629428963,500224
1775629428965,500224
1775629428966,500224
1775629428967,500224
1775629428969,500224
1775629428970,500224
1775629428971,500224
1775629428973,500224
1775629428974,500224
1775629428975,500224
1775629428977,500224
1775629428978,500224
1775629428982,500224
1775629428983,500224
1775629428985,500224
1775629428986,500224
1775629428988,500224
1775629428989,500224
1775629428991,500224
1775629428992,500224
1775629428993,500224
1775629428995,500224
1775629428996,500224
1775629428997,500224
1775629428999,500224
1775629429000,500224
1775629429002,500224
1775629429004,500224
1775629429007,500224
1775629429010,500224
1775629429012,500224
1775629429014,500224
1775629429017,500224
1775629429019,500224
1775629429021,500224
1775629429023,500224
1775629429025,500224
1775629429027,500224
1775629429028,500224
1775629429031,500224
1775629429033,500224
1775629429035,500224
1775629429037,500224
1775629429044,500224
1775629429046,500224
1775629429048,500224
1775629429050,500224
1775629429052,500224
1775629429053,500224
1775629429055,500224
1775629429057,500224
1775629429059,500224
1775629429061,500224
1775629429062,500224
1775629429064,500224
1775629429066,500224
1775629429067,500224
1775629429069,500224
1775629429070,500224
1775629429071,500224
1775629429072,500224
1775629429074,500224
1775629429075,500224
1775629429076,500224
1775629429078,500224
1775629429079,500224
1775629429080,500224
1775629429082,500224
1775629429083,500224
1775629429084,500224
1775629429086,500224
1775629429087,500224
1775629429088,500224
1775629429089,500224
1775629429091,500224
1775629429093,500224
1775629429095,500224
1775629429097,500224
1775629429098,500224
1775629429099,500224
1775629429101,500224
1775629429438,500224
1775629429439,500224
1775629429442,500224
1775629429446,500224
1775629429448,500224
1775629429450,500224
1775629429451,500224
1775629429453,500224
1775629429455,500224
1775629429456,500224
1775629429458,500224
1775629429459,500224
1775629429461,500224
1775629429462,500224
1775629429464,500224
1775629429465,500224
1775629429469,500224
1775629429471,500224
1775629429474,500224
1775629429476,500224
1775629429478,500224
1775629429480,500224
1775629429490,500224
1775629429494,500224
1775629429497,500224
1775629429498,500224
1775629429500,500224
1775629429502,500224
1775629429503,500224
1775629429505,500224
1775629429507,500224
1775629429510,500224
1775629429512,500224
1775629429514,500224
1775629429516,500224
1775629429519,500224
1775629429521,500224
1775629429523,500224
1775629429525,500224
1775629429527,500224
1775629429528,500224
1775629429529,500224
1775629429531,500224
1775629429532,500224
1775629429533,500224
1775629429534,500224
1775629429538,500224
1775629429541,500224
1775629429546,500224
1775629429548,500224
1775629429551,500224
1775629429553,500224
1775629429555,500224
1775629429556,500224
1775629429559,500224
1775629429560,500224
1775629429561,500224
1775629429563,500224
1775629429564,500224
1775629429565,500224
1775629429567,500224
1775629429569,500224
1775629429571,500224
1775629429573,500224
1775629429581,500224
1775629429585,500224
1775629429587,500224
1775629429588,500224
1775629429590,500224
1775629429591,500224
1775629429593,500224
1775629429594,500224
1775629429595,500224
1775629429596,500224
1775629429599,500224
1775629429601,500224
1775629429603,500224
1775629429604,500224
1775629429605,500224
1775629429607,500224
1775629429608,500224
1775629429609,500224
1775629429611,500224
1775629429613,500224
1775629429615,500224
1775629429616,500224
1775629429617,500224
1775629429618,500224
1775629429619,500224
1775629429621,500224
1775629429622,500224
1775629429624,500224
1775629429625,500224
1775629429626,500224
1775629429628,500224
1775629429630,500224
1775629429632,500224
1775629429633,500224
1775629429636,500224
1775629429638,500224
1775629429639,500224
1775629429642,500224
1775629429644,500224
1775629429645,500224
1775629429648,500224
1775629429650,500224
1775629429653,500224
1775629429656,500224
1775629429657,500224
1775629429659,500224
1775629429665,500224
1775629429669,500224
1775629429670,500224
1775629429672,500224
1775629429673,500224
1775629429675,500224
1775629429677,500224
1775629429678,500224
1775629429680,500224
1775629429681,500224
1775629429682,500224
1775629429684,500224
1775629429685,500224
1775629429687,500224
1775629429688,500224
1775629429689,500224
1775629429691,500224
1775629429693,500224
1775629429694,500224
1775629429696,500224
1775629429697,500224
1775629429698,500224
1775629429700,500224
1775629429701,500224
1775629430041,500224
1775629430043,500224
1775629430045,500224
1775629430046,500224
1775629430048,500224
1775629430050,500224
1775629430052,500224
1775629430054,500224
1775629430055,500224
1775629430057,500224
1775629430058,500224
1775629430059,500224
1775629430061,500224
1775629430062,500224
1775629430064,500224
1775629430065,500224
1775629430066,500224
1775629430068,500224
1775629430070,500224
1775629430072,500224
1775629430073,500224
1775629430074,500224
1775629430075,500224
1775629430077,500224
1775629430079,500224
1775629430081,500224
1775629430082,500224
1775629430084,500224
1775629430086,500224
1775629430088,500224
1775629430089,500224
1775629430091,500224
1775629430092,500224
1775629430093,500224
1775629430095,500224
1775629430096,500224
1775629430097,500224
1775629430098,500224
1775629430100,500224
1775629430101,500224
1775629430102,500224
1775629430103,500224
1775629430105,500224
1775629430106,500224
1775629430107,500224
1775629430108,500224
1775629430110,500224
1775629430111,500224
1775629430112,500224
1775629430113,500224
1775629430117,500224
1775629430119,500224
1775629430120,500224
1775629430122,500224
1775629430124,500224
1775629430126,500224
1775629430127,500224
1775629430129,500224
1775629430131,500224
1775629430132,500224
1775629430134,500224
1775629430135,500224
1775629430136,500224
1775629430138,500224
1775629430140,500224
1775629430141,500224
1775629430143,500224
1775629430146,500224
1775629430152,500224
1775629430153,500224
1775629430157,500224
1775629430160,500224
1775629430162,500224
1775629430163,500224
1775629430165,500224
1775629430166,500224
1775629430169,500224
1775629430171,500224
1775629430174,500224
1775629430176,500224
1775629430178,500224
1775629430180,500224
1775629430182,500224
1775629430184,500224
1775629430186,500224
1775629430188,500224
1775629430189,500224
1775629430191,500224
1775629430192,500224
1775629430193,500224
1775629430195,500224
1775629430196,500224
1775629430197,500224
1775629430198,500224
1775629430200,500224
1775629430201,500224
1775629430202,500224
1775629430203,500224
1775629430204,500224
1775629430206,500224
1775629430207,500224
1775629430208,500224
1775629430210,500224
1775629430211,500224
1775629430212,500224
1775629430214,500224
1775629430640,500224
1775629430645,500224
1775629430647,500224
1775629430650,500224
1775629430652,500224
1775629430655,500224
1775629430657,500224
1775629430666,500224
1775629430667,500224
1775629430669,500224
1775629430673,500224
1775629430675,500224
1775629430677,500224
1775629430679,500224
1775629430681,500224
1775629430683,500224
1775629430685,500224
1775629430687,500224
1775629430688,500224
1775629430689,500224
1775629430692,500224
1775629430693,500224
1775629430695,500224
1775629430699,500224
1775629430701,500224
1775629430704,500224
1775629430705,500224
1775629430707,500224
1775629430708,500224
1775629430709,500224
1775629430710,500224
1775629430712,500224
1775629430713,500224
1775629430714,500224
1775629430716,500224
1775629430718,500224
1775629430719,500224
1775629430721,500224
1775629430722,500224
1775629430724,500224
1775629430725,500224
1775629430727,500224
1775629430728,500224
1775629430729,500224
1775629430731,500224
1775629430732,500224
1775629430733,500224
1775629430734,500224
1775629430737,500224
1775629430740,500224
1775629430743,500224
1775629430745,500224
1775629430747,500224
1775629430749,500224
1775629430751,500224
1775629430753,500224
1775629430756,500224
1775629430758,500224
1775629430759,500224
1775629430763,500224
1775629430765,500224
1775629430767,500224
1775629430769,500224
1775629430771,500224
1775629430772,500224
1775629430774,500224
1775629430776,500224
1775629430778,500224
1775629430779,500224
1775629430783,500224
1775629430784,500224
1775629430786,500224
1775629430787,500224
1775629430788,500224
1775629430789,500224
1775629430791,500224
1775629430792,500224
1775629430795,500224
1775629430798,500224
1775629430801,500224
1775629430803,500224
1775629430806,500224
1775629430809,500224
1775629430811,500224
1775629430812,500224
1775629430813,500224
1775629430815,500224
1775629430816,500224
1775629430817,500224
1775629430819,500224
1775629430820,500224
1775629430821,500224
1775629430823,500224
1775629430824,500224
1775629430826,500224
1775629430827,500224
1775629430829,500224
1775629430830,500224
1775629430831,500224
1775629430833,500224
1775629430834,500224
1775629430837,500224
1775629430841,500224
1775629430845,500224
1775629430847,500224
1775629430848,500224
1775629430850,500224
1775629430851,500224
1775629430853,500224
1775629430854,500224
1775629430857,500224
1775629430859,500224
1775629430860,500224
1775629430862,500224
1775629430863,500224
1775629430865,500224
1775629430866,500224
1775629430867,500224
1775629430869,500224
1775629430870,500224
1775629430872,500224
1775629430874,500224
1775629430875,500224
1775629430877,500224
1775629430878,500224
1775629430879,500224
1775629430880,500224
1775629430882,500224
1775629430883,500224
1775629430884,500224
1775629430885,500224
1775629430887,500224
1775629430889,500224
1775629431241,500224
1775629431243,500224
1775629431244,500224
1775629431246,500224
1775629431247,500224
1775629431250,500224
1775629431252,500224
1775629431254,500224
1775629431256,500224
1775629431258,500224
1775629431259,500224
1775629431261,500224
1775629431263,500224
1775629431269,500224
1775629431271,500224
1775629431273,500224
1775629431274,500224
1775629431276,500224
1775629431279,500224
1775629431280,500224
1775629431282,500224
1775629431283,500224
1775629431285,500224
1775629431287,500224
1775629431288,500224
1775629431291,500224
1775629431293,500224
1775629431296,500224
1775629431298,500224
1775629431300,500224
1775629431302,500224
1775629431304,500224
1775629431305,500224
1775629431307,500224
1775629431309,500224
1775629431310,500224
1775629431312,500224
1775629431313,500224
1775629431315,500224
1775629431316,500224
1775629431317,500224
1775629431319,500224
1775629431320,500224
1775629431324,500224
1775629431326,500224
1775629431328,500224
1775629431330,500224
1775629431331,500224
1775629431334,500224
1775629431336,500224
1775629431338,500224
1775629431340,500224
1775629431342,500224
1775629431347,500224
1775629431352,500224
1775629431354,500224
1775629431358,500224
1775629431359,500224
1775629431361,500224
1775629431362,500224
1775629431363,500224
1775629431365,500224
1775629431367,500224
1775629431370,500224
1775629431371,500224
1775629431373,500224
1775629431374,500224
1775629431375,500224
1775629431376,500224
1775629431378,500224
1775629431379,500224
1775629431380,500224
1775629431382,500224
1775629431384,500224
1775629431387,500224
1775629431390,500224
1775629431392,500224
1775629431395,500224
1775629431397,500224
1775629431399,500224
1775629431401,500224
1775629431402,500224
1775629431403,500224
1775629431405,500224
1775629431407,500224
1775629431409,500224
1775629431410,500224
1775629431412,500224
1775629431415,500224
1775629431417,500224
1775629431418,500224
1775629431419,500224
1775629431421,500224
1775629431422,500224
1775629431423,500224
1775629431425,500224
1775629431426,500224
1775629431428,500224
1775629431429,500224
1775629431431,500224
1775629431433,500224
1775629431434,500224
1775629431436,500224
1775629431437,500224
1775629431439,500224
1775629431440,500224
1775629431442,500224
1775629431444,500224
1775629431445,500224
1775629431448,500224
1775629431453,500224
1775629431457,500224
1775629431461,500224
1775629431842,500224
1775629431845,500224
1775629431847,500224
1775629431849,500224
1775629431851,500224
1775629431853,500224
1775629431857,500224
1775629431859,500224
1775629431861,500224
1775629431863,500224
1775629431865,500224
1775629431867,500224
1775629431869,500224
1775629431872,500224
1775629431874,500224
1775629431877,500224
1775629431879,500224
1775629431880,500224
1775629431882,500224
1775629431883,500224
1775629431884,500224
1775629431886,500224
1775629431892,500224
1775629431893,500224
1775629431895,500224
1775629431901,500224
1775629431903,500224
1775629431905,500224
1775629431907,500224
1775629431909,500224
1775629431911,500224
1775629431913,500224
1775629431915,500224
1775629431917,500224
1775629431919,500224
1775629431921,500224
1775629431923,500224
1775629431924,500224
1775629431925,500224
1775629431927,500224
1775629431928,500224
1775629431929,500224
1775629431930,500224
1775629431932,500224
1775629431933,500224
1775629431934,500224
1775629431935,500224
1775629431945,500224
1775629431947,500224
1775629431949,500224
1775629431951,500224
1775629431953,500224
1775629431954,500224
1775629431956,500224
1775629431957,500224
1775629431958,500224
1775629431959,500224
1775629431961,500224
1775629431962,500224
1775629431964,500224
1775629431965,500224
1775629431966,500224
1775629431968,500224
1775629431969,500224
1775629431970,500224
1775629431971,500224
1775629431973,500224
1775629431974,500224
1775629431975,500224
1775629431977,500224
1775629431978,500224
1775629431980,500224
1775629431982,500224
1775629431984,500224
1775629431985,500224
1775629431987,500224
1775629431989,500224
1775629431991,500224
1775629431992,500224
1775629431993,500224
1775629431995,500224
1775629431996,500224
1775629431998,500224
1775629432000,500224
1775629432001,500224
1775629432003,500224
1775629432004,500224
1775629432006,500224
1775629432007,500224
1775629432010,500224
1775629432012,500224
1775629432014,500224
1775629432015,500224
1775629432016,500224
1775629432018,500224
1775629432021,500224
1775629432024,500224
1775629432026,500224
1775629432029,500224
1775629432032,500224
1775629432034,500224
1775629432037,500224
1775629432039,500224
1775629432042,500224
1775629432044,500224
1775629432048,500224
1775629432052,500224
1775629432053,500224
1775629432055,500224
1775629432056,500224
1775629432061,500224
1775629432064,500224
1775629432066,500224
1775629432073,500224
1775629432075,500224
1775629432077,500224
1775629432079,500224
1775629432083,500224
1775629432084,500224
1775629432086,500224
1775629432092,500224
1775629432094,500224
1775629432096,500224
1775629432098,500224
1775629432100,500224
1775629432102,500224
1775629432104,500224
1775629432105,500224
1775629432108,500224
1775629432110,500224
1775629432113,500224
1775629432114,500224
1775629432442,500224
1775629432443,500224
1775629432445,500224
1775629432447,500224
1775629432448,500224
1775629432450,500224
1775629432452,500224
1775629432453,500224
1775629432454,500224
1775629432456,500224
1775629432457,500224
1775629432458,500224
1775629432460,500224
1775629432461,500224
1775629432462,500224
1775629432463,500224
1775629432465,500224
1775629432466,500224
1775629432467,500224
1775629432468,500224
1775629432470,500224
1775629432471,500224
1775629432472,500224
1775629432473,500224
1775629432475,500224
1775629432477,500224
1775629432480,500224
1775629432485,500224
1775629432486,500224
1775629432488,500224
1775629432489,500224
1775629432491,500224
1775629432492,500224
1775629432493,500224
1775629432495,500224
1775629432498,500224
1775629432500,500224
1775629432502,500224
1775629432503,500224
1775629432506,500224
1775629432509,500224
1775629432511,500224
1775629432512,500224
1775629432513,500224
1775629432516,500224
1775629432521,500224
1775629432524,500224
1775629432526,500224
1775629432528,500224
1775629432529,500224
1775629432531,500224
1775629432533,500224
1775629432535,500224
1775629432536,500224
1775629432538,500224
1775629432540,500224
1775629432541,500224
1775629432543,500224
1775629432545,500224
1775629432546,500224
1775629432547,500224
1775629432549,500224
1775629432550,500224
1775629432551,500224
1775629432552,500224
1775629432554,500224
1775629432555,500224
1775629432556,500224
1775629432558,500224
1775629432559,500224
1775629432560,500224
1775629432562,500224
1775629432563,500224
1775629432564,500224
1775629432565,500224
1775629432567,500224
1775629432568,500224
1775629432569,500224
1775629432571,500224
1775629432572,500224
1775629432575,500224
1775629432579,500224
1775629432581,500224
1775629432583,500224
1775629432585,500224
1775629432588,500224
1775629432589,500224
1775629432591,500224
1775629432592,500224
1775629432593,500224
1775629432595,500224
1775629432596,500224
1775629432597,500224
1775629432599,500224
1775629432600,500224
1775629432602,500224
1775629432603,500224
1775629432604,500224
1775629432606,500224
1775629432607,500224
1775629432608,500224
1775629432610,500224
1775629432611,500224
1775629432612,500224
1775629432614,500224
1775629432615,500224
1775629432617,500224
1775629432619,500224
1775629432621,500224
1775629432623,500224
1775629432624,500224
1775629432625,500224
1775629432626,500224
1775629432627,500224
1775629432629,500224
1775629432630,500224
1775629432631,500224
1775629432632,500224
1775629432634,500224
1775629432635,500224
1775629432636,500224
1775629432637,500224
1775629432639,500224
1775629432640,500224
1775629432641,500224
1775629432642,500224
1775629432644,500224
1775629432645,500224
1775629432646,500224
1775629432647,500224
1775629432648,500224
1775629432650,500224
1775629432651,500224
1775629433044,500224
1775629433046,500224
1775629433048,500224
1775629433050,500224
1775629433052,500224
1775629433054,500224
1775629433055,500224
1775629433059,500224
1775629433062,500224
1775629433068,500224
1775629433070,500224
1775629433072,500224
1775629433074,500224
1775629433076,500224
1775629433079,500224
1775629433080,500224
1775629433082,500224
1775629433083,500224
1775629433085,500224
1775629433086,500224
1775629433087,500224
1775629433090,500224
1775629433093,500224
1775629433096,500224
1775629433099,500224
1775629433101,500224
1775629433104,500224
1775629433106,500224
1775629433109,500224
1775629433111,500224
1775629433114,500224
1775629433116,500224
1775629433119,500224
1775629433121,500224
1775629433123,500224
1775629433125,500224
1775629433127,500224
1775629433129,500224
1775629433131,500224
1775629433133,500224
1775629433135,500224
1775629433137,500224
1775629433139,500224
1775629433140,500224
1775629433142,500224
1775629433144,500224
1775629433145,500224
1775629433147,500224
1775629433148,500224
1775629433150,500224
1775629433152,500224
1775629433154,500224
1775629433157,500224
1775629433159,500224
1775629433161,500224
1775629433163,500224
1775629433164,500224
1775629433166,500224
1775629433167,500224
1775629433169,500224
1775629433170,500224
1775629433172,500224
1775629433173,500224
1775629433175,500224
1775629433176,500224
1775629433178,500224
1775629433180,500224
1775629433181,500224
1775629433182,500224
1775629433184,500224
1775629433185,500224
1775629433186,500224
1775629433187,500224
1775629433189,500224
1775629433190,500224
1775629433192,500224
1775629433193,500224
1775629433195,500224
1775629433196,500224
1775629433198,500224
1775629433200,500224
1775629433201,500224
1775629433202,500224
1775629433203,500224
1775629433205,500224
1775629433206,500224
1775629433207,500224
1775629433208,500224
1775629433213,500224
1775629433217,500224
1775629433219,500224
1775629433221,500224
1775629433222,500224
1775629433224,500224
1775629433225,500224
1775629433226,500224
1775629433228,500224
1775629433229,500224
1775629433230,500224
1775629433232,500224
1775629433233,500224
1775629433235,500224
1775629433236,500224
1775629433237,500224
1775629433239,500224
1775629433240,500224
1775629433241,500224
1775629433242,500224
1775629433244,500224
1775629433644,500224
1775629433646,500224
1775629433647,500224
1775629433650,500224
1775629433653,500224
1775629433655,500224
1775629433658,500224
1775629433661,500224
1775629433664,500224
1775629433667,500224
1775629433670,500224
1775629433673,500224
1775629433675,500224
1775629433678,500224
1775629433680,500224
1775629433682,500224
1775629433684,500224
1775629433686,500224
1775629433688,500224
1775629433690,500224
1775629433692,500224
1775629433693,500224
1775629433695,500224
1775629433697,500224
1775629433698,500224
1775629433700,500224
1775629433701,500224
1775629433703,500224
1775629433704,500224
1775629433706,500224
1775629433708,500224
1775629433710,500224
1775629433711,500224
1775629433713,500224
1775629433714,500224
1775629433718,500224
1775629433721,500224
1775629433724,500224
1775629433727,500224
1775629433728,500224
1775629433730,500224
1775629433732,500224
1775629433736,500224
1775629433737,500224
1775629433740,500224
1775629433741,500224
1775629433743,500224
1775629433744,500224
1775629433745,500224
1775629433747,500224
1775629433748,500224
1775629433749,500224
1775629433751,500224
1775629433752,500224
1775629433753,500224
1775629433754,500224
1775629433756,500224
1775629433757,500224
1775629433758,500224
1775629433760,500224
1775629433761,500224
1775629433762,500224
1775629433763,500224
1775629433765,500224
1775629433767,500224
1775629433769,500224
1775629433770,500224
1775629433772,500224
1775629433773,500224
1775629433775,500224
1775629433776,500224
1775629433778,500224
1775629433779,500224
1775629433781,500224
1775629433782,500224
1775629433784,500224
1775629433786,500224
1775629433788,500224
1775629433790,500224
1775629433792,500224
1775629433795,500224
1775629433796,500224
1775629433798,500224
1775629433800,500224
1775629433802,500224
1775629433805,500224
1775629433807,500224
1775629433809,500224
1775629433810,500224
1775629433812,500224
1775629433814,500224
1775629433817,500224
1775629433818,500224
1775629433819,500224
1775629433821,500224
1775629433822,500224
1775629433823,500224
1775629433824,500224
1775629433826,500224
1775629433827,500224
1775629433828,500224
1775629433830,500224
1775629433831,500224
1775629433832,500224
1775629433833,500224
1775629433835,500224
1775629433836,500224
1775629433837,500224
1775629433839,500224
1775629433841,500224
1775629433842,500224
1775629433843,500224
1775629433844,500224
1775629433846,500224
1775629433847,500224
1775629433848,500224
1775629433850,500224
1775629433851,500224
1775629433852,500224
1775629433854,500224
1775629433855,500224
1775629433856,500224
1775629433857,500224
1775629433859,500224
1775629433860,500224
1775629433861,500224
1775629433863,500224
1775629433864,500224
1775629433865,500224
1775629434244,500224
1775629434246,500224
1775629434248,500224
1775629434250,500224
1775629434251,500224
1775629434253,500224
1775629434255,500224
1775629434256,500224
1775629434258,500224
1775629434259,500224
1775629434260,500224
1775629434262,500224
1775629434265,500224
1775629434267,500224
1775629434268,500224
1775629434270,500224
1775629434273,500224
1775629434274,500224
1775629434281,500224
1775629434284,500224
1775629434285,500224
1775629434289,500224
1775629434292,500224
1775629434294,500224
1775629434296,500224
1775629434299,500224
1775629434301,500224
1775629434303,500224
1775629434305,500224
1775629434306,500224
1775629434308,500224
1775629434310,500224
1775629434313,500224
1775629434317,500224
1775629434322,500224
1775629434324,500224
1775629434325,500224
1775629434327,500224
1775629434328,500224
1775629434330,500224
1775629434331,500224
1775629434332,500224
1775629434334,500224
1775629434335,500224
1775629434336,500224
1775629434338,500224
1775629434339,500224
1775629434340,500224
1775629434342,500224
1775629434344,500224
1775629434345,500224
1775629434347,500224
1775629434348,500224
1775629434349,500224
1775629434350,500224
1775629434352,500224
1775629434353,500224
1775629434354,500224
1775629434355,500224
1775629434357,500224
1775629434358,500224
1775629434359,500224
1775629434361,500224
1775629434362,500224
1775629434363,500224
1775629434365,500224
1775629434366,500224
1775629434367,500224
1775629434369,500224
1775629434370,500224
1775629434371,500224
1775629434372,500224
1775629434374,500224
1775629434375,500224
1775629434376,500224
1775629434377,500224
1775629434379,500224
1775629434380,500224
1775629434383,500224
1775629434385,500224
1775629434387,500224
1775629434389,500224
1775629434391,500224
1775629434393,500224
1775629434394,500224
1775629434395,500224
1775629434397,500224
1775629434398,500224
1775629434400,500224
1775629434401,500224
1775629434403,500224
1775629434404,500224
1775629434406,500224
1775629434408,500224
1775629434410,500224
1775629434412,500224
1775629434413,500224
1775629434414,500224
1775629434417,500224
1775629434418,500224
1775629434421,500224
1775629434425,500224
1775629434427,500224
1775629434430,500224
1775629434432,500224
1775629434434,500224
1775629434437,500224
1775629434440,500224
1775629434443,500224
1775629434445,500224
1775629434446,500224
1775629434448,500224
1775629434449,500224
1775629434450,500224
