timestamp,size
1775337426231,3072
1775337426834,3072
1775337426834,3072
1775337426835,76800
1775337426835,76800
1775337426835,28672
1775337426837,281600
1775337426838,179200
1775337427429,76800
1775337427431,332800
1775337427432,230400
1775337427433,128000
1775337427434,179200
1775337427436,281600
1775337427437,179200
1775337427438,281600
1775337427441,500224
1775337427443,384000
1775337427445,435200
1775337427448,486400
1775337427450,384000
1775337427453,500224
1775337427455,500224
1775337428034,486400
1775337428036,384000
1775337428038,500224
1775337428041,500224
1775337428048,500224
1775337428053,500224
1775337428057,500224
1775337428062,500224
1775337428066,500224
1775337428070,500224
1775337428074,500224
1775337428077,500224
1775337428079,500224
1775337428082,500224
1775337428084,500224
1775337428087,500224
1775337428089,500224
1775337428635,500224
1775337428638,500224
1775337428641,500224
1775337428643,500224
1775337428646,500224
1775337428649,500224
1775337428652,500224
1775337428654,500224
1775337428657,500224
1775337428660,500224
1775337428663,500224
1775337428665,500224
1775337428668,500224
1775337428671,500224
1775337428674,500224
1775337428677,500224
1775337428679,500224
1775337428682,500224
1775337428686,500224
1775337428689,500224
1775337428691,500224
1775337428694,500224
1775337428697,500224
1775337429241,500224
1775337429244,500224
1775337429246,500224
1775337429250,500224
1775337429252,500224
1775337429260,500224
1775337429263,500224
1775337429265,500224
1775337429268,500224
1775337429271,500224
1775337429273,500224
1775337429276,500224
1775337429279,500224
1775337429281,500224
1775337429284,500224
1775337429287,500224
1775337429289,500224
1775337429292,500224
1775337429295,500224
1775337429298,500224
1775337429301,500224
1775337429304,500224
1775337429306,500224
1775337429308,500224
1775337429310,500224
1775337429311,500224
1775337429313,500224
1775337429315,500224
1775337429318,500224
1775337429845,500224
1775337429848,500224
1775337429850,500224
1775337429853,500224
1775337429856,500224
1775337429858,500224
1775337429861,500224
1775337429864,500224
1775337429866,500224
1775337429869,500224
1775337429872,500224
1775337429874,500224
1775337429877,500224
1775337429879,500224
1775337429882,500224
1775337429884,500224
1775337429886,500224
1775337429888,500224
1775337429889,500224
1775337429893,500224
1775337429895,500224
1775337429897,500224
1775337429900,500224
1775337429902,500224
1775337429905,500224
1775337429908,500224
1775337429910,500224
1775337429913,500224
1775337429916,500224
1775337429919,500224
1775337429921,500224
1775337429924,500224
1775337429931,500224
1775337429934,500224
1775337429937,500224
1775337429939,500224
1775337429942,500224
1775337429944,500224
1775337429947,500224
1775337429949,500224
1775337430441,500224
1775337430445,500224
1775337430449,500224
1775337430452,500224
1775337430456,500224
1775337430460,500224
1775337430465,500224
1775337430468,500224
1775337430472,500224
1775337430475,500224
1775337430479,500224
1775337430483,500224
1775337430488,500224
1775337430491,500224
1775337430494,500224
1775337430497,500224
1775337430500,500224
1775337430502,500224
1775337430505,500224
1775337430506,500224
1775337430509,500224
1775337430510,500224
1775337430515,500224
1775337430517,500224
1775337430519,500224
1775337430523,500224
1775337430525,500224
1775337430527,500224
1775337430529,500224
1775337430531,500224
1775337430534,500224
1775337430537,500224
1775337430540,500224
1775337430542,500224
1775337430546,500224
1775337430547,500224
1775337430556,500224
1775337430558,500224
1775337430560,500224
1775337430563,500224
1775337430565,500224
1775337430567,500224
1775337430571,500224
1775337430574,500224
1775337430577,500224
1775337430581,500224
1775337431044,500224
1775337431047,500224
1775337431052,500224
1775337431055,500224
1775337431058,500224
1775337431061,500224
1775337431064,500224
1775337431067,500224
1775337431070,500224
1775337431074,500224
1775337431076,500224
1775337431079,500224
1775337431082,500224
1775337431085,500224
1775337431088,500224
1775337431092,500224
1775337431094,500224
1775337431096,500224
1775337431098,500224
1775337431100,500224
1775337431102,500224
1775337431103,500224
1775337431105,500224
1775337431107,500224
1775337431110,500224
1775337431113,500224
1775337431116,500224
1775337431118,500224
1775337431121,500224
1775337431124,500224
1775337431125,500224
1775337431126,500224
1775337431128,500224
1775337431131,500224
1775337431133,500224
1775337431136,500224
1775337431139,500224
1775337431141,500224
1775337431142,500224
1775337431144,500224
1775337431146,500224
1775337431147,500224
1775337431150,500224
1775337431152,500224
1775337431153,500224
1775337431155,500224
1775337431158,500224
1775337431159,500224
1775337431160,500224
1775337431164,500224
1775337431167,500224
1775337431168,500224
1775337431685,500224
1775337431691,500224
1775337431695,500224
1775337431700,500224
1775337431704,500224
1775337431708,500224
1775337431713,500224
1775337431717,500224
1775337431720,500224
1775337431723,500224
1775337431726,500224
1775337431728,500224
1775337431732,500224
1775337431734,500224
1775337431738,500224
1775337431741,500224
1775337431746,500224
1775337431748,500224
1775337431751,500224
1775337431753,500224
1775337431754,500224
1775337431758,500224
1775337431762,500224
1775337431765,500224
1775337431768,500224
1775337431770,500224
1775337431771,500224
1775337431775,500224
1775337431777,500224
1775337431779,500224
1775337431780,500224
1775337431784,500224
1775337431787,500224
1775337431789,500224
1775337431791,500224
1775337431795,500224
1775337431798,500224
1775337431800,500224
1775337431804,500224
1775337431809,500224
1775337431812,500224
1775337431814,500224
1775337431816,500224
1775337431817,500224
1775337431819,500224
1775337431821,500224
1775337431823,500224
1775337431825,500224
1775337431828,500224
1775337431831,500224
1775337431833,500224
1775337431834,500224
1775337431836,500224
1775337431837,500224
1775337431838,500224
1775337431839,500224
1775337431841,500224
1775337431843,500224
1775337431845,500224
1775337431846,500224
1775337432289,500224
1775337432293,500224
1775337432296,500224
1775337432300,500224
1775337432302,500224
1775337432305,500224
1775337432308,500224
1775337432309,500224
1775337432311,500224
1775337432313,500224
1775337432315,500224
1775337432316,500224
1775337432320,500224
1775337432322,500224
1775337432325,500224
1775337432327,500224
1775337432330,500224
1775337432332,500224
1775337432335,500224
1775337432337,500224
1775337432345,500224
1775337432348,500224
1775337432351,500224
1775337432353,500224
1775337432361,500224
1775337432365,500224
1775337432368,500224
1775337432370,500224
1775337432373,500224
1775337432376,500224
1775337432378,500224
1775337432381,500224
1775337432384,500224
1775337432387,500224
1775337432388,500224
1775337432390,500224
1775337432392,500224
1775337432393,500224
1775337432395,500224
1775337432396,500224
1775337432398,500224
1775337432400,500224
1775337432402,500224
1775337432403,500224
1775337432404,500224
1775337432406,500224
1775337432407,500224
1775337432409,500224
1775337432410,500224
1775337432412,500224
1775337432415,500224
1775337432418,500224
1775337432419,500224
1775337432421,500224
1775337432422,500224
1775337432424,500224
1775337432425,500224
1775337432427,500224
1775337432429,500224
1775337432430,500224
1775337432432,500224
1775337432435,500224
1775337432438,500224
1775337432445,500224
1775337432450,500224
1775337432451,500224
1775337432452,500224
1775337432454,500224
1775337432885,500224
1775337432887,500224
1775337432888,500224
1775337432890,500224
1775337432892,500224
1775337432894,500224
1775337432895,500224
1775337432897,500224
1775337432899,500224
1775337432900,500224
1775337432902,500224
1775337432905,500224
1775337432907,500224
1775337432910,500224
1775337432921,500224
1775337432925,500224
1775337432928,500224
1775337432931,500224
1775337432934,500224
1775337432936,500224
1775337432938,500224
1775337432940,500224
1775337432942,500224
1775337432943,500224
1775337432946,500224
1775337432949,500224
1775337432952,500224
1775337432954,500224
1775337432957,500224
1775337432959,500224
1775337432961,500224
1775337432963,500224
1775337432965,500224
1775337432967,500224
1775337432969,500224
1775337432971,500224
1775337432972,500224
1775337432975,500224
1775337432978,500224
1775337432981,500224
1775337432983,500224
1775337432985,500224
1775337432987,500224
1775337432990,500224
1775337432992,500224
1775337432995,500224
1775337432998,500224
1775337433000,500224
1775337433003,500224
1775337433005,500224
1775337433007,500224
1775337433009,500224
1775337433011,500224
1775337433013,500224
1775337433015,500224
1775337433018,500224
1775337433019,500224
1775337433025,500224
1775337433030,500224
1775337433032,500224
1775337433034,500224
1775337433035,500224
1775337433037,500224
1775337433039,500224
1775337433040,500224
1775337433042,500224
1775337433044,500224
1775337433045,500224
1775337433047,500224
1775337433048,500224
1775337433052,500224
1775337433055,500224
1775337433058,500224
1775337433061,500224
1775337433528,500224
1775337433530,500224
1775337433533,500224
1775337433535,500224
1775337433538,500224
1775337433541,500224
1775337433544,500224
1775337433546,500224
1775337433549,500224
1775337433551,500224
1775337433553,500224
1775337433556,500224
1775337433558,500224
1775337433561,500224
1775337433563,500224
1775337433565,500224
1775337433571,500224
1775337433574,500224
1775337433576,500224
1775337433578,500224
1775337433584,500224
1775337433586,500224
1775337433588,500224
1775337433590,500224
1775337433592,500224
1775337433594,500224
1775337433596,500224
1775337433602,500224
1775337433605,500224
1775337433607,500224
1775337433610,500224
1775337433612,500224
1775337433614,500224
1775337433616,500224
1775337433617,500224
1775337433619,500224
1775337433620,500224
1775337433621,500224
1775337433623,500224
1775337433624,500224
1775337433625,500224
1775337433626,500224
1775337433628,500224
1775337433629,500224
1775337433631,500224
1775337433634,500224
1775337433636,500224
1775337433639,500224
1775337433642,500224
1775337433645,500224
1775337433647,500224
1775337433649,500224
1775337433651,500224
1775337433653,500224
1775337433655,500224
1775337433656,500224
1775337433660,500224
1775337433663,500224
1775337433666,500224
1775337433668,500224
1775337433671,500224
1775337433674,500224
1775337433676,500224
1775337433677,500224
1775337433679,500224
1775337433680,500224
1775337433682,500224
1775337433688,500224
1775337433689,500224
1775337433691,500224
1775337433693,500224
1775337433695,500224
1775337433697,500224
1775337433698,500224
1775337433700,500224
1775337433702,500224
1775337433703,500224
1775337433704,500224
1775337434072,500224
1775337434075,500224
1775337434078,500224
1775337434080,500224
1775337434081,500224
1775337434084,500224
1775337434086,500224
1775337434088,500224
1775337434094,500224
1775337434100,500224
1775337434105,500224
1775337434108,500224
1775337434112,500224
1775337434115,500224
1775337434119,500224
1775337434121,500224
1775337434123,500224
1775337434126,500224
1775337434128,500224
1775337434130,500224
1775337434131,500224
1775337434135,500224
1775337434139,500224
1775337434141,500224
1775337434143,500224
1775337434144,500224
1775337434146,500224
1775337434148,500224
1775337434149,500224
1775337434150,500224
1775337434152,500224
1775337434153,500224
1775337434157,500224
1775337434159,500224
1775337434161,500224
1775337434162,500224
1775337434164,500224
1775337434165,500224
1775337434166,500224
1775337434168,500224
1775337434169,500224
1775337434171,500224
1775337434173,500224
1775337434174,500224
1775337434176,500224
1775337434177,500224
1775337434178,500224
1775337434183,500224
1775337434188,500224
1775337434191,500224
1775337434194,500224
1775337434197,500224
1775337434198,500224
1775337434200,500224
1775337434201,500224
1775337434203,500224
1775337434204,500224
1775337434206,500224
1775337434208,500224
1775337434210,500224
1775337434213,500224
1775337434215,500224
1775337434218,500224
1775337434221,500224
1775337434224,500224
1775337434227,500224
1775337434229,500224
1775337434231,500224
1775337434232,500224
1775337434235,500224
1775337434238,500224
1775337434241,500224
1775337434244,500224
1775337434247,500224
1775337434250,500224
1775337434252,500224
1775337434255,500224
1775337434257,500224
1775337434259,500224
1775337434262,500224
1775337434264,500224
1775337434266,500224
1775337434268,500224
1775337434270,500224
1775337434272,500224
1775337434274,500224
1775337434276,500224
1775337434277,500224
1775337434282,500224
1775337434284,500224
1775337434287,500224
1775337434290,500224
1775337434672,500224
1775337434675,500224
1775337434678,500224
1775337434680,500224
1775337434683,500224
1775337434686,500224
1775337434692,500224
1775337434694,500224
1775337434698,500224
1775337434705,500224
1775337434708,500224
1775337434710,500224
1775337434712,500224
1775337434715,500224
1775337434717,500224
1775337434719,500224
1775337434721,500224
1775337434723,500224
1775337434725,500224
1775337434726,500224
1775337434728,500224
1775337434730,500224
1775337434731,500224
1775337434738,500224
1775337434740,500224
1775337434741,500224
1775337434743,500224
1775337434745,500224
1775337434747,500224
1775337434749,500224
1775337434750,500224
1775337434752,500224
1775337434754,500224
1775337434756,500224
1775337434758,500224
1775337434760,500224
1775337434761,500224
1775337434763,500224
1775337434764,500224
1775337434766,500224
1775337434767,500224
1775337434769,500224
1775337434770,500224
1775337434773,500224
1775337434775,500224
1775337434776,500224
1775337434778,500224
1775337434780,500224
1775337434782,500224
1775337434785,500224
1775337434791,500224
1775337434794,500224
1775337434797,500224
1775337434800,500224
1775337434802,500224
1775337434805,500224
1775337434808,500224
1775337434811,500224
1775337434813,500224
1775337434816,500224
1775337434818,500224
1775337434819,500224
1775337434821,500224
1775337434823,500224
1775337434827,500224
1775337434833,500224
1775337434835,500224
1775337434836,500224
1775337434838,500224
1775337434839,500224
1775337434841,500224
1775337434842,500224
1775337434844,500224
1775337434845,500224
1775337434848,500224
1775337434855,500224
1775337434858,500224
1775337434860,500224
1775337434863,500224
1775337434866,500224
1775337434868,500224
1775337434871,500224
1775337434873,500224
1775337434876,500224
1775337434878,500224
1775337434880,500224
1775337434882,500224
1775337434884,500224
1775337434886,500224
1775337434888,500224
1775337434891,500224
1775337434893,500224
1775337434895,500224
1775337434896,500224
1775337434897,500224
1775337434898,500224
1775337435280,500224
1775337435282,500224
1775337435284,500224
1775337435286,500224
1775337435289,500224
1775337435292,500224
1775337435295,500224
1775337435298,500224
1775337435301,500224
1775337435303,500224
1775337435306,500224
1775337435308,500224
1775337435310,500224
1775337435311,500224
1775337435313,500224
1775337435315,500224
1775337435318,500224
1775337435321,500224
1775337435324,500224
1775337435327,500224
1775337435329,500224
1775337435331,500224
1775337435334,500224
1775337435337,500224
1775337435339,500224
1775337435340,500224
1775337435342,500224
1775337435343,500224
1775337435344,500224
1775337435345,500224
1775337435347,500224
1775337435348,500224
1775337435349,500224
1775337435351,500224
1775337435352,500224
1775337435353,500224
1775337435355,500224
1775337435358,500224
1775337435360,500224
1775337435362,500224
1775337435364,500224
1775337435366,500224
1775337435368,500224
1775337435369,500224
1775337435370,500224
1775337435372,500224
1775337435373,500224
1775337435375,500224
1775337435376,500224
1775337435377,500224
1775337435378,500224
1775337435380,500224
1775337435381,500224
1775337435382,500224
1775337435384,500224
1775337435385,500224
1775337435386,500224
1775337435387,500224
1775337435388,500224
1775337435390,500224
1775337435393,500224
1775337435395,500224
1775337435405,500224
1775337435408,500224
1775337435409,500224
1775337435410,500224
1775337435412,500224
1775337435413,500224
1775337435414,500224
1775337435415,500224
1775337435417,500224
1775337435418,500224
1775337435421,500224
1775337435425,500224
1775337435429,500224
1775337435431,500224
1775337435434,500224
1775337435436,500224
1775337435439,500224
1775337435441,500224
1775337435445,500224
1775337435447,500224
1775337435449,500224
1775337435451,500224
1775337435453,500224
1775337435455,500224
1775337435456,500224
1775337435458,500224
1775337435460,500224
1775337435463,500224
1775337435465,500224
1775337435467,500224
1775337435469,500224
1775337435471,500224
1775337435473,500224
1775337435474,500224
1775337435477,500224
1775337435480,500224
1775337435486,500224
1775337435488,500224
1775337435490,500224
1775337435491,500224
1775337435873,500224
1775337435877,500224
1775337435879,500224
1775337435882,500224
1775337435884,500224
1775337435886,500224
1775337435888,500224
1775337435890,500224
1775337435892,500224
1775337435895,500224
1775337435904,500224
1775337435909,500224
1775337435911,500224
1775337435913,500224
1775337435914,500224
1775337435916,500224
1775337435918,500224
1775337435919,500224
1775337435921,500224
1775337435924,500224
1775337435926,500224
1775337435929,500224
1775337435934,500224
1775337435937,500224
1775337435939,500224
1775337435940,500224
1775337435942,500224
1775337435943,500224
1775337435944,500224
1775337435945,500224
1775337435947,500224
1775337435948,500224
1775337435951,500224
1775337435953,500224
1775337435960,500224
1775337435964,500224
1775337435967,500224
1775337435969,500224
1775337435972,500224
1775337435974,500224
1775337435977,500224
1775337435979,500224
1775337435981,500224
1775337435983,500224
1775337435984,500224
1775337435985,500224
1775337435992,500224
1775337435994,500224
1775337436002,500224
1775337436009,500224
1775337436012,500224
1775337436014,500224
1775337436016,500224
1775337436018,500224
1775337436019,500224
1775337436021,500224
1775337436025,500224
1775337436028,500224
1775337436030,500224
1775337436031,500224
1775337436033,500224
1775337436035,500224
1775337436037,500224
1775337436038,500224
1775337436040,500224
1775337436041,500224
1775337436043,500224
1775337436044,500224
1775337436046,500224
1775337436048,500224
1775337436050,500224
1775337436052,500224
1775337436053,500224
1775337436055,500224
1775337436057,500224
1775337436058,500224
1775337436060,500224
1775337436061,500224
1775337436063,500224
1775337436064,500224
1775337436066,500224
1775337436067,500224
1775337436068,500224
1775337436070,500224
1775337436071,500224
1775337436073,500224
1775337436075,500224
1775337436076,500224
1775337436077,500224
1775337436079,500224
1775337436080,500224
1775337436081,500224
1775337436082,500224
1775337436084,500224
1775337436085,500224
1775337436086,500224
1775337436088,500224
1775337436089,500224
1775337436460,500224
1775337436462,500224
1775337436464,500224
1775337436465,500224
1775337436468,500224
1775337436470,500224
1775337436472,500224
1775337436473,500224
1775337436476,500224
1775337436478,500224
1775337436480,500224
1775337436482,500224
1775337436487,500224
1775337436491,500224
1775337436494,500224
1775337436495,500224
1775337436497,500224
1775337436499,500224
1775337436500,500224
1775337436509,500224
1775337436518,500224
1775337436525,500224
1775337436527,500224
1775337436533,500224
1775337436534,500224
1775337436536,500224
1775337436538,500224
1775337436541,500224
1775337436543,500224
1775337436546,500224
1775337436547,500224
1775337436548,500224
1775337436556,500224
1775337436558,500224
1775337436566,500224
1775337436572,500224
1775337436574,500224
1775337436578,500224
1775337436580,500224
1775337436582,500224
1775337436584,500224
1775337436587,500224
1775337436590,500224
1775337436594,500224
1775337436601,500224
1775337436606,500224
1775337436612,500224
1775337436615,500224
1775337436617,500224
1775337436620,500224
1775337436621,500224
1775337436623,500224
1775337436624,500224
1775337436625,500224
1775337436626,500224
1775337436628,500224
1775337436630,500224
1775337436633,500224
1775337436634,500224
1775337436637,500224
1775337436638,500224
1775337436640,500224
1775337436641,500224
1775337436642,500224
1775337436645,500224
1775337436647,500224
1775337436649,500224
1775337436665,500224
1775337436668,500224
1775337436672,500224
1775337436674,500224
1775337436676,500224
1775337436677,500224
1775337436679,500224
1775337436681,500224
1775337436683,500224
1775337436685,500224
1775337436687,500224
1775337436688,500224
1775337436692,500224
1775337436694,500224
1775337436697,500224
1775337436699,500224
1775337436700,500224
1775337436704,500224
1775337436706,500224
1775337436707,500224
1775337436711,500224
1775337436714,500224
1775337436718,500224
1775337436722,500224
1775337436724,500224
1775337436726,500224
1775337436729,500224
1775337436731,500224
1775337436734,500224
1775337436736,500224
1775337436739,500224
1775337436743,500224
1775337436745,500224
1775337436747,500224
1775337436749,500224
1775337436752,500224
1775337436754,500224
1775337436756,500224
1775337436758,500224
1775337436760,500224
1775337436764,500224
1775337436767,500224
1775337436770,500224
1775337436772,500224
1775337436775,500224
1775337436777,500224
1775337436780,500224
1775337436782,500224
1775337436785,500224
1775337436787,500224
1775337436789,500224
1775337436792,500224
1775337436794,500224
1775337436796,500224
1775337437062,500224
1775337437065,500224
1775337437067,500224
1775337437069,500224
1775337437071,500224
1775337437074,500224
1775337437078,500224
1775337437079,500224
1775337437080,500224
1775337437083,500224
1775337437085,500224
1775337437089,500224
1775337437091,500224
1775337437092,500224
1775337437095,500224
1775337437097,500224
1775337437099,500224
1775337437101,500224
1775337437102,500224
1775337437103,500224
1775337437104,500224
1775337437106,500224
1775337437108,500224
1775337437110,500224
1775337437111,500224
1775337437113,500224
1775337437114,500224
1775337437116,500224
1775337437118,500224
1775337437121,500224
1775337437124,500224
1775337437127,500224
1775337437130,500224
1775337437132,500224
1775337437134,500224
1775337437135,500224
1775337437137,500224
1775337437138,500224
1775337437142,500224
1775337437145,500224
1775337437148,500224
1775337437150,500224
1775337437152,500224
1775337437153,500224
1775337437155,500224
1775337437158,500224
1775337437160,500224
1775337437162,500224
1775337437164,500224
1775337437166,500224
1775337437167,500224
1775337437168,500224
1775337437169,500224
1775337437171,500224
1775337437172,500224
1775337437173,500224
1775337437174,500224
1775337437189,500224
1775337437192,500224
1775337437194,500224
1775337437196,500224
1775337437198,500224
1775337437202,500224
1775337437204,500224
1775337437207,500224
1775337437210,500224
1775337437213,500224
1775337437215,500224
1775337437218,500224
1775337437220,500224
1775337437223,500224
1775337437225,500224
1775337437227,500224
1775337437229,500224
1775337437231,500224
1775337437232,500224
1775337437234,500224
1775337437237,500224
1775337437239,500224
1775337437242,500224
1775337437246,500224
1775337437248,500224
1775337437249,500224
1775337437252,500224
1775337437254,500224
1775337437255,500224
1775337437258,500224
1775337437260,500224
1775337437262,500224
1775337437266,500224
1775337437270,500224
1775337437273,500224
1775337437274,500224
1775337437276,500224
1775337437279,500224
1775337437286,500224
1775337437291,500224
1775337437294,500224
1775337437296,500224
1775337437298,500224
1775337437302,500224
1775337437305,500224
1775337437308,500224
1775337437309,500224
1775337437319,500224
1775337437320,500224
1775337437331,500224
1775337437662,500224
1775337437665,500224
1775337437668,500224
1775337437671,500224
1775337437673,500224
1775337437675,500224
1775337437679,500224
1775337437682,500224
1775337437686,500224
1775337437691,500224
1775337437694,500224
1775337437696,500224
1775337437697,500224
1775337437699,500224
1775337437701,500224
1775337437702,500224
1775337437704,500224
1775337437705,500224
1775337437707,500224
1775337437708,500224
1775337437710,500224
1775337437711,500224
1775337437715,500224
1775337437717,500224
1775337437719,500224
1775337437721,500224
1775337437722,500224
1775337437724,500224
1775337437726,500224
1775337437727,500224
1775337437731,500224
1775337437735,500224
1775337437738,500224
1775337437740,500224
1775337437742,500224
1775337437744,500224
1775337437745,500224
1775337437754,500224
1775337437756,500224
1775337437759,500224
1775337437761,500224
1775337437764,500224
1775337437766,500224
1775337437767,500224
1775337437769,500224
1775337437770,500224
1775337437774,500224
1775337437777,500224
1775337437778,500224
1775337437779,500224
1775337437782,500224
1775337437784,500224
1775337437786,500224
1775337437789,500224
1775337437792,500224
1775337437795,500224
1775337437797,500224
1775337437799,500224
1775337437801,500224
1775337437803,500224
1775337437804,500224
1775337437806,500224
1775337437811,500224
1775337437813,500224
1775337437814,500224
1775337437816,500224
1775337437818,500224
1775337437819,500224
1775337437820,500224
1775337437822,500224
1775337437824,500224
1775337437825,500224
1775337437826,500224
1775337437828,500224
1775337437831,500224
1775337437834,500224
1775337437842,500224
1775337437844,500224
1775337437848,500224
1775337437851,500224
1775337437855,500224
1775337437856,500224
1775337437858,500224
1775337437859,500224
1775337437861,500224
1775337437862,500224
1775337437865,500224
1775337437869,500224
1775337437877,500224
1775337437880,500224
1775337437882,500224
1775337437885,500224
1775337437888,500224
1775337437890,500224
1775337437892,500224
1775337437895,500224
1775337437897,500224
1775337437903,500224
1775337437905,500224
1775337437908,500224
1775337437910,500224
1775337437913,500224
1775337437915,500224
1775337437917,500224
1775337437922,500224
1775337437927,500224
1775337438268,500224
1775337438272,500224
1775337438274,500224
1775337438276,500224
1775337438300,500224
1775337438302,500224
1775337438306,500224
1775337438308,500224
1775337438311,500224
1775337438313,500224
1775337438317,500224
1775337438321,500224
1775337438324,500224
1775337438326,500224
1775337438328,500224
1775337438336,500224
1775337438339,500224
1775337438342,500224
1775337438344,500224
1775337438346,500224
1775337438349,500224
1775337438352,500224
1775337438360,500224
1775337438362,500224
1775337438364,500224
1775337438368,500224
1775337438371,500224
1775337438374,500224
1775337438377,500224
1775337438378,500224
1775337438380,500224
1775337438382,500224
1775337438383,500224
1775337438386,500224
1775337438389,500224
1775337438391,500224
1775337438394,500224
1775337438396,500224
1775337438398,500224
1775337438400,500224
1775337438403,500224
1775337438405,500224
1775337438408,500224
1775337438414,500224
1775337438415,500224
1775337438417,500224
1775337438419,500224
1775337438421,500224
1775337438423,500224
1775337438425,500224
1775337438427,500224
1775337438429,500224
1775337438432,500224
1775337438437,500224
1775337438439,500224
1775337438441,500224
1775337438442,500224
1775337438445,500224
1775337438446,500224
1775337438448,500224
1775337438449,500224
1775337438451,500224
1775337438454,500224
1775337438459,500224
1775337438461,500224
1775337438464,500224
1775337438467,500224
1775337438469,500224
1775337438472,500224
1775337438475,500224
1775337438478,500224
1775337438483,500224
1775337438489,500224
1775337438491,500224
1775337438494,500224
1775337438496,500224
1775337438498,500224
1775337438503,500224
1775337438505,500224
1775337438507,500224
1775337438509,500224
1775337438511,500224
1775337438515,500224
1775337438517,500224
1775337438519,500224
1775337438521,500224
1775337438522,500224
1775337438524,500224
1775337438526,500224
1775337438528,500224
1775337438530,500224
1775337438532,500224
1775337438534,500224
1775337438536,500224
1775337438537,500224
1775337438547,500224
1775337438550,500224
1775337438553,500224
1775337438555,500224
1775337438558,500224
1775337438562,500224
1775337438566,500224
1775337438568,500224
1775337438571,500224
1775337438573,500224
1775337438576,500224
1775337438577,500224
1775337438579,500224
1775337438581,500224
1775337438583,500224
1775337438585,500224
1775337438587,500224
1775337438591,500224
1775337438594,500224
1775337438602,500224
1775337438605,500224
1775337438610,500224
1775337438612,500224
1775337438613,500224
1775337438614,500224
1775337438617,500224
1775337438618,500224
1775337438620,500224
1775337438621,500224
1775337438623,500224
1775337438625,500224
1775337438626,500224
1775337438628,500224
1775337438629,500224
1775337438631,500224
1775337438633,500224
1775337438637,500224
1775337438640,500224
1775337438643,500224
1775337438645,500224
1775337438648,500224
1775337438650,500224
1775337438863,500224
1775337438865,500224
1775337438868,500224
1775337438871,500224
1775337438873,500224
1775337438874,500224
1775337438876,500224
1775337438878,500224
1775337438882,500224
1775337438885,500224
1775337438889,500224
1775337438891,500224
1775337438893,500224
1775337438899,500224
1775337438906,500224
1775337438910,500224
1775337438913,500224
1775337438916,500224
1775337438918,500224
1775337438920,500224
1775337438924,500224
1775337438926,500224
1775337438929,500224
1775337438933,500224
1775337438938,500224
1775337438949,500224
1775337438962,500224
1775337438965,500224
1775337438970,500224
1775337438973,500224
1775337438975,500224
1775337438978,500224
1775337438988,500224
1775337438991,500224
1775337438994,500224
1775337438998,500224
1775337439000,500224
1775337439002,500224
1775337439004,500224
1775337439007,500224
1775337439012,500224
1775337439015,500224
1775337439018,500224
1775337439020,500224
1775337439022,500224
1775337439024,500224
1775337439026,500224
1775337439027,500224
1775337439029,500224
1775337439031,500224
1775337439035,500224
1775337439037,500224
1775337439039,500224
1775337439041,500224
1775337439043,500224
1775337439045,500224
1775337439048,500224
1775337439050,500224
1775337439052,500224
1775337439054,500224
1775337439056,500224
1775337439057,500224
1775337439059,500224
1775337439060,500224
1775337439063,500224
1775337439065,500224
1775337439067,500224
1775337439069,500224
1775337439071,500224
1775337439073,500224
1775337439074,500224
1775337439078,500224
1775337439081,500224
1775337439083,500224
1775337439084,500224
1775337439085,500224
1775337439087,500224
1775337439090,500224
1775337439092,500224
1775337439093,500224
1775337439094,500224
1775337439096,500224
1775337439097,500224
1775337439103,500224
1775337439107,500224
1775337439109,500224
1775337439114,500224
1775337439119,500224
1775337439122,500224
1775337439125,500224
1775337439128,500224
1775337439131,500224
1775337439134,500224
1775337439139,500224
1775337439144,500224
1775337439149,500224
1775337439151,500224
1775337439154,500224
1775337439156,500224
1775337439158,500224
1775337439159,500224
1775337439162,500224
1775337439165,500224
1775337439168,500224
1775337439169,500224
1775337439171,500224
1775337439172,500224
1775337439174,500224
1775337439176,500224
1775337439178,500224
1775337439182,500224
1775337439184,500224
1775337439186,500224
1775337439465,500224
1775337439471,500224
1775337439474,500224
1775337439476,500224
1775337439480,500224
1775337439483,500224
1775337439485,500224
1775337439487,500224
1775337439490,500224
1775337439495,500224
1775337439498,500224
1775337439500,500224
1775337439502,500224
1775337439511,500224
1775337439519,500224
1775337439522,500224
1775337439525,500224
1775337439528,500224
1775337439532,500224
1775337439534,500224
1775337439537,500224
1775337439539,500224
1775337439540,500224
1775337439542,500224
1775337439543,500224
1775337439545,500224
1775337439547,500224
1775337439549,500224
1775337439552,500224
1775337439555,500224
1775337439557,500224
1775337439560,500224
1775337439563,500224
1775337439568,500224
1775337439572,500224
1775337439575,500224
1775337439577,500224
1775337439579,500224
1775337439582,500224
1775337439584,500224
1775337439586,500224
1775337439590,500224
1775337439594,500224
1775337439597,500224
1775337439599,500224
1775337439602,500224
1775337439604,500224
1775337439606,500224
1775337439608,500224
1775337439609,500224
1775337439611,500224
1775337439613,500224
1775337439615,500224
1775337439616,500224
1775337439618,500224
1775337439619,500224
1775337439621,500224
1775337439623,500224
1775337439624,500224
1775337439626,500224
1775337439629,500224
1775337439632,500224
1775337439637,500224
1775337439639,500224
1775337439640,500224
1775337439642,500224
1775337439644,500224
1775337439645,500224
1775337439646,500224
1775337439647,500224
1775337439649,500224
1775337439652,500224
1775337439654,500224
1775337439658,500224
1775337439660,500224
1775337439662,500224
1775337439666,500224
1775337439669,500224
1775337439672,500224
1775337439674,500224
1775337439676,500224
1775337439678,500224
1775337439683,500224
1775337439686,500224
1775337439689,500224
1775337439692,500224
1775337439695,500224
1775337439701,500224
1775337439703,500224
1775337439707,500224
1775337439714,500224
1775337439717,500224
1775337439719,500224
1775337439721,500224
1775337439723,500224
1775337439724,500224
1775337439726,500224
1775337439729,500224
1775337439732,500224
1775337439734,500224
1775337439735,500224
1775337439738,500224
1775337439740,500224
1775337439742,500224
1775337439744,500224
1775337439746,500224
1775337439750,500224
1775337439753,500224
1775337439756,500224
1775337439758,500224
1775337439761,500224
1775337439763,500224
1775337439766,500224
1775337439768,500224
1775337439772,500224
1775337439776,500224
1775337439777,500224
1775337439781,500224
1775337439784,500224
1775337439786,500224
1775337439787,500224
1775337439789,500224
1775337439791,500224
1775337439793,500224
1775337439794,500224
1775337440066,500224
1775337440070,500224
1775337440079,500224
1775337440081,500224
1775337440084,500224
1775337440086,500224
1775337440089,500224
1775337440093,500224
1775337440096,500224
1775337440099,500224
1775337440102,500224
1775337440104,500224
1775337440106,500224
1775337440109,500224
1775337440116,500224
1775337440123,500224
1775337440125,500224
1775337440127,500224
1775337440128,500224
1775337440132,500224
1775337440139,500224
1775337440141,500224
1775337440143,500224
1775337440146,500224
1775337440149,500224
1775337440152,500224
1775337440159,500224
1775337440163,500224
1775337440170,500224
1775337440173,500224
1775337440175,500224
1775337440182,500224
1775337440183,500224
1775337440186,500224
1775337440189,500224
1775337440192,500224
1775337440196,500224
1775337440199,500224
1775337440203,500224
1775337440204,500224
1775337440207,500224
1775337440210,500224
1775337440213,500224
1775337440215,500224
1775337440218,500224
1775337440220,500224
1775337440221,500224
1775337440223,500224
1775337440224,500224
1775337440225,500224
1775337440227,500224
1775337440229,500224
1775337440231,500224
1775337440241,500224
1775337440245,500224
1775337440248,500224
1775337440250,500224
1775337440252,500224
1775337440253,500224
1775337440255,500224
1775337440258,500224
1775337440261,500224
1775337440264,500224
1775337440265,500224
1775337440266,500224
1775337440268,500224
1775337440269,500224
1775337440270,500224
1775337440271,500224
1775337440273,500224
1775337440274,500224
1775337440275,500224
1775337440277,500224
1775337440278,500224
1775337440280,500224
1775337440281,500224
1775337440282,500224
1775337440283,500224
1775337440285,500224
1775337440286,500224
1775337440287,500224
1775337440290,500224
1775337440293,500224
1775337440295,500224
1775337440298,500224
1775337440305,500224
1775337440313,500224
1775337440316,500224
1775337440319,500224
1775337440321,500224
1775337440322,500224
1775337440323,500224
1775337440324,500224
1775337440326,500224
1775337440328,500224
1775337440331,500224
1775337440334,500224
1775337440337,500224
1775337440339,500224
1775337440342,500224
1775337440344,500224
1775337440346,500224
1775337440348,500224
1775337440352,500224
1775337440354,500224
1775337440357,500224
1775337440359,500224
1775337440361,500224
1775337440363,500224
1775337440364,500224
1775337440365,500224
1775337440367,500224
1775337440370,500224
1775337440373,500224
1775337440380,500224
1775337440382,500224
1775337440383,500224
1775337440385,500224
1775337440386,500224
1775337440390,500224
1775337440393,500224
1775337440397,500224
1775337440399,500224
1775337440665,500224
1775337440668,500224
1775337440671,500224
1775337440676,500224
1775337440682,500224
1775337440685,500224
1775337440688,500224
1775337440697,500224
1775337440699,500224
1775337440701,500224
1775337440703,500224
1775337440713,500224
1775337440720,500224
1775337440724,500224
1775337440727,500224
1775337440730,500224
1775337440733,500224
1775337440735,500224
1775337440737,500224
1775337440739,500224
1775337440741,500224
1775337440743,500224
1775337440745,500224
1775337440747,500224
1775337440749,500224
1775337440750,500224
1775337440752,500224
1775337440754,500224
1775337440755,500224
1775337440757,500224
1775337440759,500224
1775337440760,500224
1775337440761,500224
1775337440764,500224
1775337440765,500224
1775337440766,500224
1775337440773,500224
1775337440775,500224
1775337440777,500224
1775337440780,500224
1775337440787,500224
1775337440792,500224
1775337440795,500224
1775337440797,500224
1775337440803,500224
1775337440806,500224
1775337440809,500224
1775337440811,500224
1775337440812,500224
1775337440820,500224
1775337440823,500224
1775337440825,500224
1775337440831,500224
1775337440834,500224
1775337440836,500224
1775337440838,500224
1775337440839,500224
1775337440841,500224
1775337440843,500224
1775337440846,500224
1775337440848,500224
1775337440851,500224
1775337440854,500224
1775337440856,500224
1775337440859,500224
1775337440862,500224
1775337440864,500224
1775337440866,500224
1775337440868,500224
1775337440874,500224
1775337440878,500224
1775337440880,500224
1775337440881,500224
1775337440882,500224
1775337440884,500224
1775337440885,500224
1775337440886,500224
1775337440887,500224
1775337440889,500224
1775337440890,500224
1775337440891,500224
1775337440893,500224
1775337440894,500224
1775337440896,500224
1775337440899,500224
1775337440901,500224
1775337440903,500224
1775337440904,500224
1775337440906,500224
1775337440907,500224
1775337440908,500224
1775337440910,500224
1775337440912,500224
1775337440913,500224
1775337440915,500224
1775337440916,500224
1775337440919,500224
1775337440922,500224
1775337440925,500224
1775337440928,500224
1775337440930,500224
1775337440933,500224
1775337440936,500224
1775337440938,500224
1775337440950,500224
1775337440957,500224
1775337440959,500224
1775337440962,500224
1775337440965,500224
1775337440967,500224
1775337440970,500224
1775337440972,500224
1775337440980,500224
1775337441266,500224
1775337441268,500224
1775337441269,500224
1775337441270,500224
1775337441272,500224
1775337441273,500224
1775337441274,500224
1775337441277,500224
1775337441278,500224
1775337441280,500224
1775337441281,500224
1775337441282,500224
1775337441283,500224
1775337441285,500224
1775337441286,500224
1775337441287,500224
1775337441289,500224
1775337441292,500224
1775337441294,500224
1775337441296,500224
1775337441298,500224
1775337441299,500224
1775337441306,500224
1775337441309,500224
1775337441314,500224
1775337441318,500224
1775337441321,500224
1775337441324,500224
1775337441328,500224
1775337441331,500224
1775337441335,500224
1775337441337,500224
1775337441340,500224
1775337441343,500224
1775337441346,500224
1775337441348,500224
1775337441351,500224
1775337441353,500224
1775337441356,500224
1775337441358,500224
1775337441365,500224
1775337441366,500224
1775337441368,500224
1775337441369,500224
1775337441371,500224
1775337441372,500224
1775337441373,500224
1775337441374,500224
1775337441376,500224
1775337441377,500224
1775337441379,500224
1775337441381,500224
1775337441383,500224
1775337441386,500224
1775337441388,500224
1775337441390,500224
1775337441392,500224
1775337441393,500224
1775337441395,500224
1775337441397,500224
1775337441400,500224
1775337441402,500224
1775337441404,500224
1775337441406,500224
1775337441408,500224
1775337441411,500224
1775337441412,500224
1775337441414,500224
1775337441415,500224
1775337441417,500224
1775337441420,500224
1775337441422,500224
1775337441423,500224
1775337441426,500224
1775337441430,500224
1775337441431,500224
1775337441440,500224
1775337441443,500224
1775337441446,500224
1775337441449,500224
1775337441451,500224
1775337441453,500224
1775337441455,500224
1775337441458,500224
1775337441460,500224
1775337441463,500224
1775337441465,500224
1775337441467,500224
1775337441469,500224
1775337441470,500224
1775337441472,500224
1775337441474,500224
1775337441476,500224
1775337441478,500224
1775337441487,500224
1775337441489,500224
1775337441491,500224
1775337441493,500224
1775337441495,500224
1775337441497,500224
1775337441499,500224
1775337441501,500224
1775337441505,500224
1775337441508,500224
1775337441510,500224
1775337441514,500224
1775337441515,500224
1775337441519,500224
1775337441522,500224
1775337441524,500224
1775337441526,500224
1775337441529,500224
1775337441531,500224
1775337441533,500224
1775337441535,500224
1775337441537,500224
1775337441539,500224
1775337441540,500224
1775337441868,500224
1775337441871,500224
1775337441874,500224
1775337441877,500224
1775337441884,500224
1775337441890,500224
1775337441893,500224
1775337441896,500224
1775337441899,500224
1775337441902,500224
1775337441905,500224
1775337441909,500224
1775337441911,500224
1775337441914,500224
1775337441917,500224
1775337441919,500224
1775337441922,500224
1775337441924,500224
1775337441927,500224
1775337441929,500224
1775337441931,500224
1775337441933,500224
1775337441935,500224
1775337441937,500224
1775337441938,500224
1775337441940,500224
1775337441942,500224
1775337441950,500224
1775337441958,500224
1775337441960,500224
1775337441963,500224
1775337441966,500224
1775337441969,500224
1775337441972,500224
1775337441974,500224
1775337441977,500224
1775337441980,500224
1775337441982,500224
1775337441984,500224
1775337441986,500224
1775337441989,500224
1775337441992,500224
1775337441994,500224
1775337441997,500224
1775337441999,500224
1775337442001,500224
1775337442003,500224
1775337442006,500224
1775337442011,500224
1775337442012,500224
1775337442014,500224
1775337442015,500224
1775337442019,500224
1775337442026,500224
1775337442029,500224
1775337442032,500224
1775337442034,500224
1775337442037,500224
1775337442038,500224
1775337442040,500224
1775337442041,500224
1775337442042,500224
1775337442043,500224
1775337442045,500224
1775337442046,500224
1775337442048,500224
1775337442050,500224
1775337442052,500224
1775337442053,500224
1775337442055,500224
1775337442056,500224
1775337442059,500224
1775337442062,500224
1775337442064,500224
1775337442065,500224
1775337442067,500224
1775337442068,500224
1775337442070,500224
1775337442072,500224
1775337442073,500224
1775337442075,500224
1775337442076,500224
1775337442079,500224
1775337442082,500224
1775337442085,500224
1775337442088,500224
1775337442091,500224
1775337442093,500224
1775337442095,500224
1775337442097,500224
1775337442105,500224
1775337442106,500224
1775337442108,500224
1775337442110,500224
1775337442111,500224
1775337442113,500224
1775337442115,500224
1775337442121,500224
1775337442123,500224
1775337442125,500224
1775337442126,500224
1775337442130,500224
1775337442133,500224
1775337442135,500224
1775337442138,500224
1775337442141,500224
1775337442146,500224
1775337442147,500224
1775337442149,500224
1775337442151,500224
1775337442153,500224
1775337442154,500224
1775337442156,500224
1775337442157,500224
1775337442160,500224
1775337442163,500224
1775337442166,500224
1775337442168,500224
1775337442472,500224
1775337442475,500224
1775337442478,500224
1775337442481,500224
1775337442483,500224
1775337442486,500224
1775337442489,500224
1775337442491,500224
1775337442493,500224
1775337442495,500224
1775337442497,500224
1775337442499,500224
1775337442501,500224
1775337442503,500224
1775337442504,500224
1775337442512,500224
1775337442515,500224
1775337442518,500224
1775337442520,500224
1775337442522,500224
1775337442523,500224
1775337442525,500224
1775337442526,500224
1775337442528,500224
1775337442533,500224
1775337442536,500224
1775337442542,500224
1775337442544,500224
1775337442546,500224
1775337442548,500224
1775337442550,500224
1775337442551,500224
1775337442552,500224
1775337442553,500224
1775337442555,500224
1775337442556,500224
1775337442557,500224
1775337442559,500224
1775337442560,500224
1775337442561,500224
1775337442564,500224
1775337442565,500224
1775337442567,500224
1775337442568,500224
1775337442569,500224
1775337442570,500224
1775337442572,500224
1775337442573,500224
1775337442574,500224
1775337442575,500224
1775337442577,500224
1775337442578,500224
1775337442579,500224
1775337442580,500224
1775337442588,500224
1775337442590,500224
1775337442593,500224
1775337442598,500224
1775337442600,500224
1775337442601,500224
1775337442603,500224
1775337442604,500224
1775337442607,500224
1775337442610,500224
1775337442613,500224
1775337442616,500224
1775337442622,500224
1775337442624,500224
1775337442626,500224
1775337442628,500224
1775337442630,500224
1775337442632,500224
1775337442633,500224
1775337442634,500224
1775337442636,500224
1775337442637,500224
1775337442638,500224
1775337442645,500224
1775337442648,500224
1775337442651,500224
1775337442654,500224
1775337442655,500224
1775337442657,500224
1775337442658,500224
1775337442660,500224
1775337442661,500224
1775337442662,500224
1775337442663,500224
1775337442665,500224
1775337442667,500224
1775337442675,500224
1775337442678,500224
1775337442685,500224
1775337442690,500224
1775337442693,500224
1775337442695,500224
1775337442698,500224
1775337442703,500224
1775337442711,500224
1775337442713,500224
1775337442715,500224
1775337442718,500224
1775337442721,500224
1775337442723,500224
1775337442726,500224
1775337442728,500224
1775337442731,500224
1775337442733,500224
1775337442735,500224
1775337442737,500224
1775337442739,500224
1775337442742,500224
1775337442744,500224
1775337442747,500224
1775337442750,500224
1775337442752,500224
1775337442753,500224
1775337442755,500224
1775337443069,500224
1775337443072,500224
1775337443075,500224
1775337443077,500224
1775337443079,500224
1775337443083,500224
1775337443087,500224
1775337443090,500224
1775337443094,500224
1775337443097,500224
1775337443099,500224
1775337443102,500224
1775337443105,500224
1775337443108,500224
1775337443110,500224
1775337443115,500224
1775337443117,500224
1775337443119,500224
1775337443122,500224
1775337443125,500224
1775337443128,500224
1775337443130,500224
1775337443132,500224
1775337443134,500224
1775337443136,500224
1775337443138,500224
1775337443140,500224
1775337443142,500224
1775337443144,500224
1775337443149,500224
1775337443156,500224
1775337443158,500224
1775337443163,500224
1775337443171,500224
1775337443173,500224
1775337443175,500224
1775337443176,500224
1775337443178,500224
1775337443179,500224
1775337443180,500224
1775337443182,500224
1775337443183,500224
1775337443184,500224
1775337443186,500224
1775337443187,500224
1775337443190,500224
1775337443193,500224
1775337443194,500224
1775337443197,500224
1775337443198,500224
1775337443199,500224
1775337443201,500224
1775337443202,500224
1775337443203,500224
1775337443205,500224
1775337443207,500224
1775337443210,500224
1775337443213,500224
1775337443215,500224
1775337443218,500224
1775337443220,500224
1775337443222,500224
1775337443225,500224
1775337443226,500224
1775337443228,500224
1775337443229,500224
1775337443230,500224
1775337443235,500224
1775337443240,500224
1775337443242,500224
1775337443249,500224
1775337443250,500224
1775337443252,500224
1775337443257,500224
1775337443259,500224
1775337443260,500224
1775337443261,500224
1775337443263,500224
1775337443265,500224
1775337443266,500224
1775337443267,500224
1775337443269,500224
1775337443270,500224
1775337443271,500224
1775337443272,500224
1775337443274,500224
1775337443275,500224
1775337443276,500224
1775337443277,500224
1775337443279,500224
1775337443280,500224
1775337443281,500224
1775337443282,500224
1775337443283,500224
1775337443285,500224
1775337443287,500224
1775337443288,500224
1775337443290,500224
1775337443291,500224
1775337443292,500224
1775337443294,500224
1775337443295,500224
1775337443299,500224
1775337443302,500224
1775337443303,500224
1775337443304,500224
1775337443306,500224
1775337443307,500224
1775337443308,500224
1775337443309,500224
1775337443311,500224
1775337443314,500224
1775337443316,500224
1775337443319,500224
1775337443322,500224
1775337443324,500224
1775337443327,500224
1775337443330,500224
1775337443332,500224
1775337443335,500224
1775337443671,500224
1775337443674,500224
1775337443679,500224
1775337443682,500224
1775337443685,500224
1775337443688,500224
1775337443692,500224
1775337443694,500224
1775337443701,500224
1775337443703,500224
1775337443705,500224
1775337443708,500224
1775337443711,500224
1775337443713,500224
1775337443715,500224
1775337443716,500224
1775337443718,500224
1775337443733,500224
1775337443734,500224
1775337443736,500224
1775337443738,500224
1775337443740,500224
1775337443741,500224
1775337443744,500224
1775337443749,500224
1775337443751,500224
1775337443754,500224
1775337443756,500224
1775337443759,500224
1775337443761,500224
1775337443763,500224
1775337443765,500224
1775337443767,500224
1775337443774,500224
1775337443776,500224
1775337443782,500224
1775337443789,500224
1775337443791,500224
1775337443792,500224
1775337443795,500224
1775337443798,500224
1775337443803,500224
1775337443806,500224
1775337443810,500224
1775337443813,500224
1775337443815,500224
1775337443822,500224
1775337443830,500224
1775337443832,500224
1775337443835,500224
1775337443842,500224
1775337443844,500224
1775337443853,500224
1775337443857,500224
1775337443859,500224
1775337443861,500224
1775337443863,500224
1775337443864,500224
1775337443865,500224
1775337443867,500224
1775337443869,500224
1775337443871,500224
1775337443874,500224
1775337443877,500224
1775337443880,500224
1775337443888,500224
1775337443890,500224
1775337443891,500224
1775337443894,500224
1775337443897,500224
1775337443900,500224
1775337443903,500224
1775337443906,500224
1775337443908,500224
1775337443911,500224
1775337443913,500224
1775337443916,500224
1775337443919,500224
1775337443921,500224
1775337443924,500224
1775337443927,500224
1775337443930,500224
1775337443933,500224
1775337443936,500224
1775337443941,500224
1775337443944,500224
1775337443950,500224
1775337443953,500224
1775337443956,500224
1775337443958,500224
1775337443961,500224
1775337443964,500224
1775337443968,500224
1775337443970,500224
1775337443972,500224
1775337443973,500224
1775337443975,500224
1775337443977,500224
1775337443978,500224
1775337443981,500224
1775337443983,500224
1775337443985,500224
1775337443988,500224
1775337443990,500224
1775337443991,500224
1775337443993,500224
1775337443995,500224
1775337443997,500224
1775337443998,500224
1775337444000,500224
1775337444001,500224
1775337444003,500224
1775337444004,500224
1775337444006,500224
1775337444008,500224
1775337444275,500224
1775337444277,500224
1775337444279,500224
1775337444281,500224
1775337444283,500224
1775337444287,500224
1775337444296,500224
1775337444298,500224
1775337444300,500224
1775337444303,500224
1775337444304,500224
1775337444306,500224
1775337444313,500224
1775337444318,500224
1775337444319,500224
1775337444320,500224
1775337444322,500224
1775337444323,500224
1775337444324,500224
1775337444326,500224
1775337444327,500224
1775337444328,500224
1775337444330,500224
1775337444331,500224
1775337444334,500224
1775337444338,500224
1775337444340,500224
1775337444343,500224
1775337444346,500224
1775337444348,500224
1775337444351,500224
1775337444361,500224
1775337444363,500224
1775337444366,500224
1775337444368,500224
1775337444370,500224
1775337444372,500224
1775337444374,500224
1775337444376,500224
1775337444378,500224
1775337444381,500224
1775337444384,500224
1775337444387,500224
1775337444390,500224
1775337444393,500224
1775337444394,500224
1775337444396,500224
1775337444397,500224
1775337444398,500224
1775337444400,500224
1775337444402,500224
1775337444404,500224
1775337444406,500224
1775337444407,500224
1775337444409,500224
1775337444411,500224
1775337444412,500224
1775337444416,500224
1775337444418,500224
1775337444419,500224
1775337444421,500224
1775337444424,500224
1775337444426,500224
1775337444428,500224
1775337444429,500224
1775337444431,500224
1775337444433,500224
1775337444434,500224
1775337444436,500224
1775337444438,500224
1775337444439,500224
1775337444441,500224
1775337444442,500224
1775337444445,500224
1775337444448,500224
1775337444454,500224
1775337444457,500224
1775337444460,500224
1775337444462,500224
1775337444466,500224
1775337444475,500224
1775337444477,500224
1775337444481,500224
1775337444482,500224
1775337444484,500224
1775337444485,500224
1775337444486,500224
1775337444489,500224
1775337444492,500224
1775337444495,500224
1775337444505,500224
1775337444506,500224
1775337444508,500224
1775337444509,500224
1775337444512,500224
1775337444521,500224
1775337444523,500224
1775337444529,500224
1775337444536,500224
1775337444539,500224
1775337444542,500224
1775337444544,500224
1775337444547,500224
1775337444550,500224
1775337444552,500224
1775337444555,500224
1775337444558,500224
1775337444560,500224
1775337444563,500224
1775337444568,500224
1775337444571,500224
1775337444573,500224
1775337444578,500224
1775337444581,500224
1775337444586,500224
1775337444589,500224
1775337444592,500224
1775337444596,500224
1775337444601,500224
1775337444606,500224
1775337444609,500224
1775337444614,500224
1775337444617,500224
1775337444619,500224
1775337444870,500224
1775337444873,500224
1775337444874,500224
1775337444876,500224
1775337444883,500224
1775337444885,500224
1775337444888,500224
1775337444891,500224
1775337444894,500224
1775337444896,500224
1775337444898,500224
1775337444902,500224
1775337444910,500224
1775337444913,500224
1775337444923,500224
1775337444925,500224
1775337444926,500224
1775337444933,500224
1775337444934,500224
1775337444939,500224
1775337444947,500224
1775337444949,500224
1775337444950,500224
1775337444954,500224
1775337444956,500224
1775337444959,500224
1775337444962,500224
1775337444964,500224
1775337444966,500224
1775337444968,500224
1775337444969,500224
1775337444970,500224
1775337444971,500224
1775337444976,500224
1775337444982,500224
1775337444983,500224
1775337444988,500224
1775337444991,500224
1775337444993,500224
1775337444996,500224
1775337444998,500224
1775337445000,500224
1775337445002,500224
1775337445003,500224
1775337445005,500224
1775337445007,500224
1775337445008,500224
1775337445010,500224
1775337445012,500224
1775337445013,500224
1775337445016,500224
1775337445019,500224
1775337445022,500224
1775337445024,500224
1775337445026,500224
1775337445040,500224
1775337445043,500224
1775337445045,500224
1775337445047,500224
1775337445050,500224
1775337445052,500224
1775337445054,500224
1775337445060,500224
1775337445062,500224
1775337445069,500224
1775337445072,500224
1775337445074,500224
1775337445075,500224
1775337445077,500224
1775337445079,500224
1775337445080,500224
1775337445082,500224
1775337445083,500224
1775337445085,500224
1775337445086,500224
1775337445088,500224
1775337445089,500224
1775337445090,500224
1775337445092,500224
1775337445095,500224
1775337445097,500224
1775337445099,500224
1775337445102,500224
1775337445103,500224
1775337445105,500224
1775337445106,500224
1775337445108,500224
1775337445109,500224
1775337445113,500224
1775337445116,500224
1775337445119,500224
1775337445122,500224
1775337445123,500224
1775337445124,500224
1775337445126,500224
1775337445127,500224
1775337445128,500224
1775337445130,500224
1775337445133,500224
1775337445135,500224
1775337445136,500224
1775337445140,500224
1775337445143,500224
1775337445146,500224
1775337445149,500224
1775337445151,500224
1775337445154,500224
1775337445156,500224
1775337445158,500224
1775337445472,500224
1775337445474,500224
1775337445477,500224
1775337445480,500224
1775337445482,500224
1775337445484,500224
1775337445486,500224
1775337445494,500224
1775337445496,500224
1775337445498,500224
1775337445500,500224
1775337445502,500224
1775337445504,500224
1775337445506,500224
1775337445508,500224
1775337445510,500224
1775337445512,500224
1775337445514,500224
1775337445516,500224
1775337445519,500224
1775337445525,500224
1775337445526,500224
1775337445528,500224
1775337445529,500224
1775337445531,500224
1775337445533,500224
1775337445535,500224
1775337445537,500224
1775337445539,500224
1775337445540,500224
1775337445541,500224
1775337445543,500224
1775337445545,500224
1775337445546,500224
1775337445547,500224
1775337445549,500224
1775337445550,500224
1775337445551,500224
1775337445553,500224
1775337445554,500224
1775337445555,500224
1775337445557,500224
1775337445558,500224
1775337445561,500224
1775337445564,500224
1775337445566,500224
1775337445569,500224
1775337445571,500224
1775337445574,500224
1775337445576,500224
1775337445583,500224
1775337445586,500224
1775337445594,500224
1775337445597,500224
1775337445600,500224
1775337445602,500224
1775337445605,500224
1775337445608,500224
1775337445613,500224
1775337445616,500224
1775337445619,500224
1775337445622,500224
1775337445625,500224
1775337445628,500224
1775337445631,500224
1775337445633,500224
1775337445637,500224
1775337445640,500224
1775337445642,500224
1775337445644,500224
1775337445646,500224
1775337445647,500224
1775337445648,500224
1775337445650,500224
1775337445651,500224
1775337445652,500224
1775337445654,500224
1775337445655,500224
1775337445659,500224
1775337445661,500224
1775337445662,500224
1775337445664,500224
1775337445666,500224
1775337445667,500224
1775337445668,500224
1775337445670,500224
1775337445673,500224
1775337445674,500224
1775337445681,500224
1775337445684,500224
1775337445687,500224
1775337445689,500224
1775337445691,500224
1775337445694,500224
1775337445700,500224
1775337445701,500224
1775337445703,500224
1775337445704,500224
1775337445706,500224
1775337445707,500224
1775337445708,500224
1775337445710,500224
1775337445711,500224
1775337445712,500224
1775337445714,500224
1775337445718,500224
1775337445719,500224
1775337445722,500224
1775337445725,500224
1775337445726,500224
1775337445728,500224
1775337445729,500224
1775337446073,500224
1775337446075,500224
1775337446078,500224
1775337446080,500224
1775337446083,500224
1775337446085,500224
1775337446087,500224
1775337446091,500224
1775337446095,500224
1775337446098,500224
1775337446099,500224
1775337446101,500224
1775337446103,500224
1775337446105,500224
1775337446107,500224
1775337446110,500224
1775337446112,500224
1775337446114,500224
1775337446116,500224
1775337446124,500224
1775337446129,500224
1775337446132,500224
1775337446134,500224
1775337446137,500224
1775337446139,500224
1775337446141,500224
1775337446143,500224
1775337446145,500224
1775337446148,500224
1775337446150,500224
1775337446153,500224
1775337446155,500224
1775337446157,500224
1775337446159,500224
1775337446161,500224
1775337446163,500224
1775337446165,500224
1775337446167,500224
1775337446168,500224
1775337446170,500224
1775337446171,500224
1775337446181,500224
1775337446184,500224
1775337446187,500224
1775337446190,500224
1775337446193,500224
1775337446195,500224
1775337446197,500224
1775337446199,500224
1775337446201,500224
1775337446203,500224
1775337446205,500224
1775337446211,500224
1775337446216,500224
1775337446218,500224
1775337446221,500224
1775337446223,500224
1775337446225,500224
1775337446226,500224
1775337446228,500224
1775337446233,500224
1775337446235,500224
1775337446237,500224
1775337446239,500224
1775337446241,500224
1775337446243,500224
1775337446244,500224
1775337446248,500224
1775337446251,500224
1775337446252,500224
1775337446255,500224
1775337446258,500224
1775337446260,500224
1775337446262,500224
1775337446264,500224
1775337446266,500224
1775337446268,500224
1775337446270,500224
1775337446273,500224
1775337446275,500224
1775337446278,500224
1775337446280,500224
1775337446283,500224
1775337446285,500224
1775337446287,500224
1775337446292,500224
1775337446303,500224
1775337446306,500224
1775337446309,500224
1775337446312,500224
1775337446315,500224
1775337446318,500224
1775337446320,500224
1775337446321,500224
1775337446322,500224
1775337446324,500224
1775337446327,500224
1775337446330,500224
1775337446332,500224
1775337446334,500224
1775337446336,500224
1775337446338,500224
1775337446340,500224
1775337446342,500224
1775337446344,500224
1775337446345,500224
1775337446348,500224
1775337446350,500224
1775337446352,500224
1775337446354,500224
1775337446356,500224
1775337446358,500224
1775337446673,500224
1775337446677,500224
1775337446680,500224
1775337446682,500224
1775337446685,500224
1775337446688,500224
1775337446690,500224
1775337446693,500224
1775337446697,500224
1775337446700,500224
1775337446703,500224
1775337446705,500224
1775337446708,500224
1775337446711,500224
1775337446713,500224
1775337446715,500224
1775337446716,500224
1775337446718,500224
1775337446720,500224
1775337446721,500224
1775337446723,500224
1775337446724,500224
1775337446726,500224
1775337446729,500224
1775337446731,500224
1775337446733,500224
1775337446735,500224
1775337446737,500224
1775337446738,500224
1775337446740,500224
1775337446742,500224
1775337446744,500224
1775337446750,500224
1775337446751,500224
1775337446753,500224
1775337446768,500224
1775337446778,500224
1775337446781,500224
1775337446782,500224
1775337446784,500224
1775337446785,500224
1775337446787,500224
1775337446788,500224
1775337446791,500224
1775337446793,500224
1775337446796,500224
1775337446798,500224
1775337446800,500224
1775337446803,500224
1775337446811,500224
1775337446819,500224
1775337446822,500224
1775337446825,500224
1775337446832,500224
1775337446834,500224
1775337446836,500224
1775337446838,500224
1775337446840,500224
1775337446842,500224
1775337446844,500224
1775337446846,500224
1775337446848,500224
1775337446850,500224
1775337446852,500224
1775337446853,500224
1775337446855,500224
1775337446857,500224
1775337446859,500224
1775337446860,500224
1775337446867,500224
1775337446875,500224
1775337446877,500224
1775337446878,500224
1775337446880,500224
1775337446881,500224
1775337446882,500224
1775337446884,500224
1775337446885,500224
1775337446887,500224
1775337446889,500224
1775337446892,500224
1775337446895,500224
1775337446897,500224
1775337446901,500224
1775337446905,500224
1775337446907,500224
1775337446913,500224
1775337446916,500224
1775337446919,500224
1775337446922,500224
1775337446924,500224
1775337446927,500224
1775337446930,500224
1775337446932,500224
1775337446934,500224
1775337446936,500224
1775337446939,500224
1775337446940,500224
1775337446942,500224
1775337446944,500224
1775337446946,500224
1775337446949,500224
1775337446950,500224
1775337446952,500224
1775337446953,500224
1775337446955,500224
1775337446958,500224
1775337446961,500224
1775337446963,500224
1775337446964,500224
1775337446966,500224
1775337446967,500224
1775337446969,500224
1775337446971,500224
1775337446972,500224
1775337446974,500224
1775337446976,500224
1775337446979,500224
1775337446982,500224
1775337447274,500224
1775337447279,500224
1775337447281,500224
1775337447285,500224
1775337447292,500224
1775337447295,500224
1775337447297,500224
1775337447298,500224
1775337447300,500224
1775337447301,500224
1775337447302,500224
1775337447304,500224
1775337447305,500224
1775337447306,500224
1775337447307,500224
1775337447309,500224
1775337447310,500224
1775337447311,500224
1775337447313,500224
1775337447315,500224
1775337447317,500224
1775337447319,500224
1775337447320,500224
1775337447321,500224
1775337447323,500224
1775337447324,500224
1775337447325,500224
1775337447326,500224
1775337447328,500224
1775337447329,500224
1775337447330,500224
1775337447332,500224
1775337447334,500224
1775337447336,500224
1775337447337,500224
1775337447339,500224
1775337447341,500224
1775337447342,500224
1775337447344,500224
1775337447345,500224
1775337447348,500224
1775337447351,500224
1775337447353,500224
1775337447355,500224
1775337447361,500224
1775337447363,500224
1775337447370,500224
1775337447372,500224
1775337447373,500224
1775337447375,500224
1775337447376,500224
1775337447377,500224
1775337447379,500224
1775337447380,500224
1775337447381,500224
1775337447382,500224
1775337447386,500224
1775337447389,500224
1775337447390,500224
1775337447392,500224
1775337447393,500224
1775337447399,500224
1775337447400,500224
1775337447402,500224
1775337447404,500224
1775337447405,500224
1775337447407,500224
1775337447409,500224
1775337447410,500224
1775337447412,500224
1775337447416,500224
1775337447419,500224
1775337447422,500224
1775337447424,500224
1775337447427,500224
1775337447430,500224
1775337447433,500224
1775337447436,500224
1775337447438,500224
1775337447441,500224
1775337447444,500224
1775337447458,500224
1775337447465,500224
1775337447468,500224
1775337447471,500224
1775337447473,500224
1775337447475,500224
1775337447477,500224
1775337447481,500224
1775337447484,500224
1775337447486,500224
1775337447488,500224
1775337447489,500224
1775337447491,500224
1775337447492,500224
1775337447495,500224
1775337447498,500224
1775337447500,500224
1775337447502,500224
1775337447504,500224
1775337447505,500224
1775337447506,500224
1775337447508,500224
1775337447509,500224
1775337447510,500224
1775337447511,500224
1775337447513,500224
1775337447514,500224
1775337447515,500224
1775337447876,500224
1775337447878,500224
1775337447881,500224
1775337447884,500224
1775337447886,500224
1775337447891,500224
1775337447893,500224
1775337447895,500224
1775337447897,500224
1775337447899,500224
1775337447902,500224
1775337447904,500224
1775337447906,500224
1775337447908,500224
1775337447910,500224
1775337447912,500224
1775337447913,500224
1775337447915,500224
1775337447918,500224
1775337447920,500224
1775337447922,500224
1775337447924,500224
1775337447926,500224
1775337447928,500224
1775337447930,500224
1775337447932,500224
1775337447935,500224
1775337447938,500224
1775337447941,500224
1775337447944,500224
1775337447946,500224
1775337447949,500224
1775337447954,500224
1775337447956,500224
1775337447958,500224
1775337447960,500224
1775337447962,500224
1775337447964,500224
1775337447966,500224
1775337447968,500224
1775337447970,500224
1775337447971,500224
1775337447973,500224
1775337447975,500224
1775337447976,500224
1775337447978,500224
1775337447981,500224
1775337447983,500224
1775337447985,500224
1775337447987,500224
1775337447990,500224
1775337447992,500224
1775337447995,500224
1775337447997,500224
1775337447998,500224
1775337448000,500224
1775337448001,500224
1775337448003,500224
1775337448005,500224
1775337448007,500224
1775337448009,500224
1775337448012,500224
1775337448015,500224
1775337448017,500224
1775337448020,500224
1775337448023,500224
1775337448026,500224
1775337448028,500224
1775337448031,500224
1775337448034,500224
1775337448036,500224
1775337448039,500224
1775337448041,500224
1775337448043,500224
1775337448044,500224
1775337448047,500224
1775337448051,500224
1775337448057,500224
1775337448061,500224
1775337448063,500224
1775337448064,500224
1775337448066,500224
1775337448069,500224
1775337448071,500224
1775337448074,500224
1775337448076,500224
1775337448079,500224
1775337448081,500224
1775337448083,500224
1775337448084,500224
1775337448087,500224
1775337448090,500224
1775337448092,500224
1775337448095,500224
1775337448097,500224
1775337448099,500224
1775337448101,500224
1775337448103,500224
1775337448105,500224
1775337448107,500224
1775337448109,500224
1775337448110,500224
1775337448112,500224
1775337448114,500224
1775337448116,500224
1775337448117,500224
1775337448119,500224
1775337448121,500224
1775337448123,500224
1775337448124,500224
1775337448126,500224
1775337448128,500224
1775337448131,500224
1775337448133,500224
1775337448135,500224
1775337448136,500224
1775337448138,500224
1775337448139,500224
1775337448141,500224
1775337448142,500224
1775337448144,500224
1775337448145,500224
1775337448146,500224
1775337448148,500224
1775337448149,500224
1775337448150,500224
1775337448481,500224
1775337448484,500224
1775337448486,500224
1775337448489,500224
1775337448492,500224
1775337448494,500224
1775337448497,500224
1775337448500,500224
1775337448508,500224
1775337448509,500224
1775337448511,500224
1775337448512,500224
1775337448515,500224
1775337448517,500224
1775337448525,500224
1775337448528,500224
1775337448531,500224
1775337448533,500224
1775337448535,500224
1775337448537,500224
1775337448540,500224
1775337448543,500224
1775337448545,500224
1775337448548,500224
1775337448550,500224
1775337448551,500224
1775337448553,500224
1775337448555,500224
1775337448557,500224
1775337448559,500224
1775337448562,500224
1775337448565,500224
1775337448568,500224
1775337448570,500224
1775337448573,500224
1775337448576,500224
1775337448578,500224
1775337448583,500224
1775337448589,500224
1775337448592,500224
1775337448594,500224
1775337448596,500224
1775337448601,500224
1775337448603,500224
1775337448605,500224
1775337448608,500224
1775337448610,500224
1775337448612,500224
1775337448613,500224
1775337448615,500224
1775337448617,500224
1775337448618,500224
1775337448619,500224
1775337448621,500224
1775337448623,500224
1775337448625,500224
1775337448627,500224
1775337448629,500224
1775337448631,500224
1775337448633,500224
1775337448635,500224
1775337448636,500224
1775337448638,500224
1775337448639,500224
1775337448640,500224
1775337448641,500224
1775337448642,500224
1775337448644,500224
1775337448645,500224
1775337448646,500224
1775337448649,500224
1775337448652,500224
1775337448654,500224
1775337448657,500224
1775337448658,500224
1775337448660,500224
1775337448662,500224
1775337448665,500224
1775337448667,500224
1775337448669,500224
1775337448670,500224
1775337448672,500224
1775337448674,500224
1775337448676,500224
1775337448678,500224
1775337448680,500224
1775337448687,500224
1775337448688,500224
1775337448689,500224
1775337448691,500224
1775337448694,500224
1775337448696,500224
1775337448698,500224
1775337448700,500224
1775337448702,500224
1775337448704,500224
1775337448705,500224
1775337448706,500224
1775337448708,500224
1775337448709,500224
1775337448710,500224
1775337448712,500224
1775337448713,500224
1775337448714,500224
1775337448716,500224
1775337448717,500224
1775337448718,500224
1775337448723,500224
1775337448725,500224
1775337448730,500224
1775337448732,500224
1775337448735,500224
1775337448739,500224
1775337448744,500224
1775337448748,500224
1775337448750,500224
1775337448751,500224
1775337448753,500224
1775337448754,500224
1775337448756,500224
1775337448759,500224
1775337448762,500224
1775337448768,500224
1775337448771,500224
1775337448773,500224
1775337448779,500224
1775337448781,500224
1775337449076,500224
1775337449078,500224
1775337449080,500224
1775337449081,500224
1775337449083,500224
1775337449085,500224
1775337449086,500224
1775337449088,500224
1775337449089,500224
1775337449091,500224
1775337449092,500224
1775337449093,500224
1775337449094,500224
1775337449096,500224
1775337449097,500224
1775337449098,500224
1775337449100,500224
1775337449101,500224
1775337449102,500224
1775337449104,500224
1775337449106,500224
1775337449107,500224
1775337449113,500224
1775337449115,500224
1775337449116,500224
1775337449119,500224
1775337449122,500224
1775337449124,500224
1775337449127,500224
1775337449129,500224
1775337449131,500224
1775337449133,500224
1775337449135,500224
1775337449137,500224
1775337449139,500224
1775337449143,500224
1775337449148,500224
1775337449151,500224
1775337449158,500224
1775337449161,500224
1775337449164,500224
1775337449166,500224
1775337449169,500224
1775337449172,500224
1775337449173,500224
1775337449176,500224
1775337449179,500224
1775337449182,500224
1775337449184,500224
1775337449187,500224
1775337449190,500224
1775337449192,500224
1775337449195,500224
1775337449197,500224
1775337449199,500224
1775337449201,500224
1775337449202,500224
1775337449204,500224
1775337449208,500224
1775337449210,500224
1775337449213,500224
1775337449215,500224
1775337449217,500224
1775337449219,500224
1775337449221,500224
1775337449223,500224
1775337449225,500224
1775337449227,500224
1775337449232,500224
1775337449233,500224
1775337449235,500224
1775337449236,500224
1775337449238,500224
1775337449240,500224
1775337449242,500224
1775337449244,500224
1775337449245,500224
1775337449247,500224
1775337449248,500224
1775337449249,500224
1775337449253,500224
1775337449255,500224
1775337449262,500224
1775337449264,500224
1775337449267,500224
1775337449270,500224
1775337449272,500224
1775337449275,500224
1775337449278,500224
1775337449280,500224
1775337449283,500224
1775337449285,500224
1775337449287,500224
1775337449289,500224
1775337449292,500224
1775337449295,500224
1775337449301,500224
1775337449303,500224
1775337449305,500224
1775337449307,500224
1775337449309,500224
1775337449311,500224
1775337449313,500224
1775337449315,500224
1775337449318,500224
1775337449321,500224
1775337449323,500224
1775337449326,500224
1775337449329,500224
1775337449331,500224
1775337449683,500224
1775337449687,500224
1775337449690,500224
1775337449693,500224
1775337449696,500224
1775337449699,500224
1775337449702,500224
1775337449704,500224
1775337449708,500224
1775337449710,500224
1775337449713,500224
1775337449717,500224
1775337449719,500224
1775337449721,500224
1775337449723,500224
1775337449725,500224
1775337449726,500224
1775337449728,500224
1775337449733,500224
1775337449735,500224
1775337449738,500224
1775337449741,500224
1775337449744,500224
1775337449746,500224
1775337449749,500224
1775337449751,500224
1775337449753,500224
1775337449761,500224
1775337449765,500224
1775337449767,500224
1775337449770,500224
1775337449773,500224
1775337449776,500224
1775337449778,500224
1775337449780,500224
1775337449782,500224
1775337449784,500224
1775337449787,500224
1775337449790,500224
1775337449791,500224
1775337449792,500224
1775337449794,500224
1775337449795,500224
1775337449796,500224
1775337449799,500224
1775337449800,500224
1775337449802,500224
1775337449803,500224
1775337449806,500224
1775337449808,500224
1775337449810,500224
1775337449812,500224
1775337449813,500224
1775337449816,500224
1775337449818,500224
1775337449821,500224
1775337449823,500224
1775337449825,500224
1775337449830,500224
1775337449832,500224
1775337449835,500224
1775337449838,500224
1775337449840,500224
1775337449843,500224
1775337449846,500224
1775337449848,500224
1775337449851,500224
1775337449853,500224
1775337449855,500224
1775337449858,500224
1775337449861,500224
1775337449864,500224
1775337449866,500224
1775337449871,500224
1775337449874,500224
1775337449876,500224
1775337449877,500224
1775337449879,500224
1775337449882,500224
1775337449885,500224
1775337449887,500224
1775337449888,500224
1775337449890,500224
1775337449891,500224
1775337449892,500224
1775337449899,500224
1775337449901,500224
1775337449904,500224
1775337449906,500224
1775337449910,500224
1775337449912,500224
1775337449914,500224
1775337449915,500224
1775337449916,500224
1775337449918,500224
1775337449919,500224
1775337449922,500224
1775337449924,500224
1775337449930,500224
1775337449932,500224
1775337449934,500224
1775337449936,500224
1775337449937,500224
1775337449944,500224
1775337449946,500224
1775337449947,500224
1775337449948,500224
1775337449950,500224
1775337449951,500224
1775337449952,500224
1775337449954,500224
1775337449956,500224
1775337449963,500224
1775337449966,500224
1775337449968,500224
1775337450282,500224
1775337450286,500224
1775337450295,500224
1775337450298,500224
1775337450305,500224
1775337450307,500224
1775337450309,500224
1775337450310,500224
1775337450312,500224
1775337450313,500224
1775337450315,500224
1775337450317,500224
1775337450318,500224
1775337450320,500224
1775337450322,500224
1775337450324,500224
1775337450327,500224
1775337450329,500224
1775337450331,500224
1775337450333,500224
1775337450335,500224
1775337450336,500224
1775337450339,500224
1775337450342,500224
1775337450344,500224
1775337450346,500224
1775337450348,500224
1775337450355,500224
1775337450358,500224
1775337450360,500224
1775337450366,500224
1775337450369,500224
1775337450373,500224
1775337450378,500224
1775337450381,500224
1775337450383,500224
1775337450386,500224
1775337450393,500224
1775337450395,500224
1775337450403,500224
1775337450405,500224
1775337450407,500224
1775337450409,500224
1775337450410,500224
1775337450413,500224
1775337450415,500224
1775337450417,500224
1775337450419,500224
1775337450422,500224
1775337450424,500224
1775337450427,500224
1775337450430,500224
1775337450432,500224
1775337450434,500224
1775337450436,500224
1775337450438,500224
1775337450441,500224
1775337450447,500224
1775337450450,500224
1775337450453,500224
1775337450456,500224
1775337450459,500224
1775337450461,500224
1775337450469,500224
1775337450471,500224
1775337450473,500224
1775337450475,500224
1775337450477,500224
1775337450479,500224
1775337450482,500224
1775337450484,500224
1775337450486,500224
1775337450494,500224
1775337450496,500224
1775337450498,500224
1775337450499,500224
1775337450502,500224
1775337450505,500224
1775337450509,500224
1775337450511,500224
1775337450514,500224
1775337450517,500224
1775337450519,500224
1775337450521,500224
1775337450523,500224
1775337450525,500224
1775337450526,500224
1775337450529,500224
1775337450531,500224
1775337450537,500224
1775337450540,500224
1775337450544,500224
1775337450547,500224
1775337450550,500224
1775337450552,500224
1775337450880,500224
1775337450884,500224
1775337450887,500224
1775337450890,500224
1775337450893,500224
1775337450898,500224
1775337450900,500224
1775337450902,500224
1775337450903,500224
1775337450909,500224
1775337450912,500224
1775337450914,500224
1775337450916,500224
1775337450920,500224
1775337450922,500224
1775337450924,500224
1775337450925,500224
1775337450927,500224
1775337450928,500224
1775337450930,500224
1775337450931,500224
1775337450932,500224
1775337450934,500224
1775337450935,500224
1775337450936,500224
1775337450938,500224
1775337450939,500224
1775337450940,500224
1775337450942,500224
1775337450944,500224
1775337450946,500224
1775337450952,500224
1775337450953,500224
1775337450955,500224
1775337450956,500224
1775337450957,500224
1775337450964,500224
1775337450968,500224
1775337450972,500224
1775337450975,500224
1775337450977,500224
1775337450979,500224
1775337450982,500224
1775337450984,500224
1775337450991,500224
1775337450993,500224
1775337450998,500224
1775337451000,500224
1775337451002,500224
1775337451004,500224
1775337451007,500224
1775337451009,500224
1775337451012,500224
1775337451014,500224
1775337451016,500224
1775337451017,500224
1775337451019,500224
1775337451021,500224
1775337451022,500224
1775337451024,500224
1775337451026,500224
1775337451027,500224
1775337451029,500224
1775337451031,500224
1775337451032,500224
1775337451039,500224
1775337451042,500224
1775337451049,500224
1775337451052,500224
1775337451059,500224
1775337451061,500224
1775337451068,500224
1775337451071,500224
1775337451073,500224
1775337451076,500224
1775337451079,500224
1775337451081,500224
1775337451084,500224
1775337451091,500224
1775337451093,500224
1775337451095,500224
1775337451097,500224
1775337451098,500224
1775337451100,500224
1775337451102,500224
1775337451103,500224
1775337451105,500224
1775337451106,500224
1775337451108,500224
1775337451109,500224
1775337451111,500224
1775337451113,500224
1775337451115,500224
1775337451116,500224
1775337451118,500224
1775337451120,500224
1775337451122,500224
1775337451123,500224
1775337451125,500224
1775337451126,500224
1775337451128,500224
1775337451133,500224
1775337451140,500224
1775337451147,500224
1775337451153,500224
1775337451155,500224
1775337451157,500224
1775337451158,500224
1775337451160,500224
1775337451161,500224
1775337451163,500224
1775337451164,500224
1775337451167,500224
1775337451170,500224
1775337451173,500224
1775337451177,500224
1775337451180,500224
1775337451184,500224
1775337451188,500224
1775337451189,500224
1775337451197,500224
1775337451199,500224
1775337451201,500224
1775337451204,500224
1775337451205,500224
1775337451207,500224
1775337451209,500224
1775337451210,500224
1775337451211,500224
1775337451213,500224
1775337451215,500224
1775337451217,500224
1775337451218,500224
1775337451219,500224
1775337451220,500224
1775337451222,500224
1775337451224,500224
1775337451479,500224
1775337451486,500224
1775337451489,500224
1775337451495,500224
1775337451498,500224
1775337451501,500224
1775337451504,500224
1775337451506,500224
1775337451508,500224
1775337451514,500224
1775337451516,500224
1775337451522,500224
1775337451524,500224
1775337451525,500224
1775337451532,500224
1775337451535,500224
1775337451537,500224
1775337451540,500224
1775337451544,500224
1775337451549,500224
1775337451551,500224
1775337451555,500224
1775337451556,500224
1775337451557,500224
1775337451560,500224
1775337451565,500224
1775337451567,500224
1775337451569,500224
1775337451571,500224
1775337451573,500224
1775337451575,500224
1775337451579,500224
1775337451581,500224
1775337451584,500224
1775337451587,500224
1775337451590,500224
1775337451600,500224
1775337451603,500224
1775337451606,500224
1775337451609,500224
1775337451610,500224
1775337451612,500224
1775337451613,500224
1775337451614,500224
1775337451616,500224
1775337451618,500224
1775337451626,500224
1775337451634,500224
1775337451636,500224
1775337451637,500224
1775337451640,500224
1775337451646,500224
1775337451649,500224
1775337451652,500224
1775337451655,500224
1775337451658,500224
1775337451665,500224
1775337451669,500224
1775337451677,500224
1775337451680,500224
1775337451683,500224
1775337451685,500224
1775337451690,500224
1775337451693,500224
1775337451696,500224
1775337451699,500224
1775337451700,500224
1775337451702,500224
1775337451704,500224
1775337451705,500224
1775337451707,500224
1775337451708,500224
1775337451709,500224
1775337451711,500224
1775337451712,500224
1775337451714,500224
1775337451716,500224
1775337451718,500224
1775337451719,500224
1775337451720,500224
1775337451722,500224
1775337451723,500224
1775337451724,500224
1775337451725,500224
1775337451728,500224
1775337451730,500224
1775337451737,500224
1775337451739,500224
1775337451741,500224
1775337451743,500224
1775337451745,500224
1775337451746,500224
1775337451748,500224
1775337451750,500224
1775337451752,500224
1775337451754,500224
1775337451756,500224
1775337451757,500224
1775337451759,500224
1775337451761,500224
1775337451763,500224
1775337451764,500224
1775337451766,500224
1775337451767,500224
1775337451769,500224
1775337451770,500224
1775337451772,500224
1775337451773,500224
1775337451774,500224
1775337451777,500224
1775337451780,500224
1775337451785,500224
1775337451786,500224
1775337451787,500224
1775337452080,500224
1775337452083,500224
1775337452086,500224
1775337452089,500224
1775337452092,500224
1775337452095,500224
1775337452097,500224
1775337452099,500224
1775337452101,500224
1775337452103,500224
1775337452105,500224
1775337452107,500224
1775337452109,500224
1775337452110,500224
1775337452112,500224
1775337452113,500224
1775337452115,500224
1775337452117,500224
1775337452118,500224
1775337452119,500224
1775337452122,500224
1775337452124,500224
1775337452127,500224
1775337452129,500224
1775337452130,500224
1775337452134,500224
1775337452137,500224
1775337452140,500224
1775337452143,500224
1775337452144,500224
1775337452146,500224
1775337452148,500224
1775337452149,500224
1775337452151,500224
1775337452152,500224
1775337452154,500224
1775337452155,500224
1775337452156,500224
1775337452158,500224
1775337452159,500224
1775337452162,500224
1775337452164,500224
1775337452165,500224
1775337452166,500224
1775337452168,500224
1775337452170,500224
1775337452172,500224
1775337452173,500224
1775337452174,500224
1775337452176,500224
1775337452177,500224
1775337452179,500224
1775337452180,500224
1775337452181,500224
1775337452182,500224
1775337452184,500224
1775337452187,500224
1775337452190,500224
1775337452192,500224
1775337452195,500224
1775337452200,500224
1775337452202,500224
1775337452203,500224
1775337452206,500224
1775337452209,500224
1775337452212,500224
1775337452215,500224
1775337452218,500224
1775337452219,500224
1775337452221,500224
1775337452222,500224
1775337452226,500224
1775337452229,500224
1775337452233,500224
1775337452235,500224
1775337452238,500224
1775337452241,500224
1775337452243,500224
1775337452246,500224
1775337452249,500224
1775337452256,500224
1775337452266,500224
1775337452269,500224
1775337452271,500224
1775337452274,500224
1775337452277,500224
1775337452279,500224
1775337452281,500224
1775337452282,500224
1775337452283,500224
1775337452285,500224
1775337452286,500224
1775337452287,500224
1775337452288,500224
1775337452290,500224
1775337452291,500224
1775337452294,500224
1775337452296,500224
1775337452299,500224
1775337452306,500224
1775337452307,500224
1775337452313,500224
1775337452316,500224
1775337452318,500224
1775337452319,500224
1775337452321,500224
1775337452322,500224
1775337452324,500224
1775337452325,500224
1775337452332,500224
1775337452334,500224
1775337452336,500224
1775337452337,500224
1775337452338,500224
1775337452339,500224
1775337452342,500224
1775337452343,500224
1775337452345,500224
1775337452347,500224
1775337452349,500224
1775337452350,500224
1775337452352,500224
1775337452355,500224
1775337452357,500224
1775337452360,500224
1775337452363,500224
1775337452367,500224
1775337452369,500224
1775337452372,500224
1775337452375,500224
1775337452376,500224
1775337452378,500224
1775337452380,500224
1775337452680,500224
1775337452683,500224
1775337452686,500224
1775337452692,500224
1775337452695,500224
1775337452698,500224
1775337452700,500224
1775337452703,500224
1775337452705,500224
1775337452708,500224
1775337452711,500224
1775337452713,500224
1775337452716,500224
1775337452719,500224
1775337452721,500224
1775337452724,500224
1775337452727,500224
1775337452730,500224
1775337452732,500224
1775337452733,500224
1775337452736,500224
1775337452739,500224
1775337452742,500224
1775337452745,500224
1775337452747,500224
1775337452750,500224
1775337452753,500224
1775337452755,500224
1775337452759,500224
1775337452762,500224
1775337452764,500224
1775337452772,500224
1775337452775,500224
1775337452778,500224
1775337452781,500224
1775337452783,500224
1775337452786,500224
1775337452789,500224
1775337452792,500224
1775337452794,500224
1775337452797,500224
1775337452803,500224
1775337452805,500224
1775337452808,500224
1775337452810,500224
1775337452819,500224
1775337452822,500224
1775337452824,500224
1775337452827,500224
1775337452830,500224
1775337452833,500224
1775337452835,500224
1775337452838,500224
1775337452841,500224
1775337452843,500224
1775337452846,500224
1775337452849,500224
1775337452851,500224
1775337452852,500224
1775337452853,500224
1775337452858,500224
1775337452860,500224
1775337452866,500224
1775337452870,500224
1775337452876,500224
1775337452880,500224
1775337452882,500224
1775337452885,500224
1775337452888,500224
1775337452891,500224
1775337452894,500224
1775337452897,500224
1775337452899,500224
1775337452901,500224
1775337452904,500224
1775337452906,500224
1775337452908,500224
1775337452910,500224
1775337452912,500224
1775337452915,500224
1775337452918,500224
1775337452920,500224
1775337452923,500224
1775337452926,500224
1775337452928,500224
1775337452931,500224
1775337452934,500224
1775337452941,500224
1775337452943,500224
1775337452945,500224
1775337452947,500224
1775337452949,500224
1775337452956,500224
1775337452959,500224
1775337452960,500224
1775337452963,500224
1775337452965,500224
1775337452967,500224
1775337452970,500224
1775337452973,500224
1775337452976,500224
1775337452979,500224
1775337452981,500224
1775337452984,500224
1775337452986,500224
1775337452987,500224
1775337452990,500224
1775337452993,500224
1775337453005,500224
1775337453012,500224
1775337453015,500224
1775337453018,500224
1775337453020,500224
1775337453023,500224
1775337453025,500224
1775337453027,500224
1775337453034,500224
1775337453039,500224
1775337453042,500224
1775337453044,500224
1775337453047,500224
1775337453049,500224
1775337453052,500224
1775337453055,500224
1775337453057,500224
1775337453059,500224
1775337453061,500224
1775337453063,500224
1775337453064,500224
1775337453066,500224
1775337453068,500224
1775337453070,500224
1775337453072,500224
1775337453074,500224
1775337453076,500224
1775337453078,500224
1775337453079,500224
1775337453279,500224
1775337453282,500224
1775337453284,500224
1775337453285,500224
1775337453293,500224
1775337453295,500224
1775337453298,500224
1775337453300,500224
1775337453303,500224
1775337453306,500224
1775337453309,500224
1775337453312,500224
1775337453314,500224
1775337453317,500224
1775337453319,500224
1775337453321,500224
1775337453323,500224
1775337453325,500224
1775337453327,500224
1775337453329,500224
1775337453331,500224
1775337453334,500224
1775337453336,500224
1775337453338,500224
1775337453339,500224
1775337453342,500224
1775337453344,500224
1775337453346,500224
1775337453348,500224
1775337453350,500224
1775337453351,500224
1775337453353,500224
1775337453354,500224
1775337453356,500224
1775337453357,500224
1775337453359,500224
1775337453360,500224
1775337453362,500224
1775337453365,500224
1775337453368,500224
1775337453371,500224
1775337453373,500224
1775337453375,500224
1775337453377,500224
1775337453381,500224
1775337453386,500224
1775337453393,500224
1775337453395,500224
1775337453397,500224
1775337453398,500224
1775337453400,500224
1775337453403,500224
1775337453411,500224
1775337453413,500224
1775337453415,500224
1775337453421,500224
1775337453423,500224
1775337453426,500224
1775337453428,500224
1775337453430,500224
1775337453437,500224
1775337453444,500224
1775337453447,500224
1775337453451,500224
1775337453454,500224
1775337453456,500224
1775337453458,500224
1775337453460,500224
1775337453462,500224
1775337453464,500224
1775337453466,500224
1775337453468,500224
1775337453469,500224
1775337453471,500224
1775337453473,500224
1775337453475,500224
1775337453477,500224
1775337453479,500224
1775337453480,500224
1775337453482,500224
1775337453484,500224
1775337453485,500224
1775337453487,500224
1775337453488,500224
1775337453490,500224
1775337453491,500224
1775337453493,500224
1775337453494,500224
1775337453496,500224
1775337453497,500224
1775337453499,500224
1775337453500,500224
1775337453502,500224
1775337453503,500224
1775337453504,500224
1775337453506,500224
1775337453511,500224
1775337453513,500224
1775337453515,500224
1775337453518,500224
1775337453520,500224
1775337453523,500224
1775337453525,500224
1775337453527,500224
1775337453528,500224
1775337453529,500224
1775337453530,500224
1775337453533,500224
1775337453536,500224
1775337453544,500224
1775337453551,500224
1775337453552,500224
1775337453554,500224
1775337453556,500224
1775337453560,500224
1775337453564,500224
1775337453566,500224
1775337453569,500224
1775337453882,500224
1775337453885,500224
1775337453888,500224
1775337453891,500224
1775337453893,500224
1775337453896,500224
1775337453899,500224
1775337453901,500224
1775337453903,500224
1775337453906,500224
1775337453908,500224
1775337453910,500224
1775337453911,500224
1775337453913,500224
1775337453916,500224
1775337453918,500224
1775337453921,500224
1775337453924,500224
1775337453927,500224
1775337453929,500224
1775337453932,500224
1775337453935,500224
1775337453937,500224
1775337453940,500224
1775337453943,500224
1775337453946,500224
1775337453949,500224
1775337453956,500224
1775337453957,500224
1775337453961,500224
1775337453964,500224
1775337453966,500224
1775337453968,500224
1775337453971,500224
1775337453974,500224
1775337453976,500224
1775337453978,500224
1775337453984,500224
1775337453986,500224
1775337453988,500224
1775337453990,500224
1775337453992,500224
1775337453994,500224
1775337453995,500224
1775337454001,500224
1775337454003,500224
1775337454005,500224
1775337454007,500224
1775337454008,500224
1775337454010,500224
1775337454012,500224
1775337454013,500224
1775337454021,500224
1775337454023,500224
1775337454024,500224
1775337454026,500224
1775337454028,500224
1775337454031,500224
1775337454034,500224
1775337454037,500224
1775337454039,500224
1775337454041,500224
1775337454042,500224
1775337454044,500224
1775337454046,500224
1775337454048,500224
1775337454050,500224
1775337454053,500224
1775337454054,500224
1775337454055,500224
1775337454058,500224
1775337454060,500224
1775337454062,500224
1775337454068,500224
1775337454070,500224
1775337454072,500224
1775337454074,500224
1775337454077,500224
1775337454079,500224
1775337454082,500224
1775337454086,500224
1775337454089,500224
1775337454091,500224
1775337454094,500224
1775337454096,500224
1775337454098,500224
1775337454100,500224
1775337454101,500224
1775337454103,500224
1775337454105,500224
1775337454107,500224
1775337454108,500224
1775337454111,500224
1775337454113,500224
1775337454115,500224
1775337454116,500224
1775337454118,500224
1775337454120,500224
1775337454121,500224
1775337454123,500224
1775337454125,500224
1775337454127,500224
1775337454129,500224
1775337454483,500224
1775337454486,500224
1775337454488,500224
1775337454490,500224
1775337454492,500224
1775337454494,500224
1775337454495,500224
1775337454497,500224
1775337454499,500224
1775337454500,500224
1775337454502,500224
1775337454504,500224
1775337454505,500224
1775337454507,500224
1775337454508,500224
1775337454510,500224
1775337454512,500224
1775337454514,500224
1775337454516,500224
1775337454517,500224
1775337454519,500224
1775337454520,500224
1775337454521,500224
1775337454524,500224
1775337454527,500224
1775337454529,500224
1775337454532,500224
1775337454535,500224
1775337454537,500224
1775337454543,500224
1775337454546,500224
1775337454548,500224
1775337454552,500224
1775337454555,500224
1775337454558,500224
1775337454560,500224
1775337454564,500224
1775337454566,500224
1775337454568,500224
1775337454570,500224
1775337454572,500224
1775337454574,500224
1775337454576,500224
1775337454579,500224
1775337454581,500224
1775337454583,500224
1775337454585,500224
1775337454587,500224
1775337454588,500224
1775337454590,500224
1775337454592,500224
1775337454594,500224
1775337454595,500224
1775337454597,500224
1775337454598,500224
1775337454600,500224
1775337454601,500224
1775337454603,500224
1775337454605,500224
1775337454606,500224
1775337454608,500224
1775337454609,500224
1775337454611,500224
1775337454612,500224
1775337454613,500224
1775337454616,500224
1775337454620,500224
1775337454621,500224
1775337454625,500224
1775337454628,500224
1775337454648,500224
1775337454652,500224
1775337454657,500224
1775337454660,500224
1775337454662,500224
1775337454664,500224
1775337454667,500224
1775337454669,500224
1775337454671,500224
1775337454673,500224
1775337454675,500224
1775337454677,500224
1775337454687,500224
1775337454691,500224
1775337454696,500224
1775337454698,500224
1775337454700,500224
1775337454702,500224
1775337454704,500224
1775337454706,500224
1775337454710,500224
1775337454717,500224
1775337454719,500224
1775337454721,500224
1775337454723,500224
1775337454725,500224
1775337454727,500224
1775337454729,500224
1775337454731,500224
1775337454732,500224
1775337454734,500224
1775337454736,500224
1775337454737,500224
1775337454739,500224
1775337454741,500224
1775337454743,500224
1775337454745,500224
1775337454747,500224
1775337454749,500224
1775337454750,500224
1775337454752,500224
1775337454756,500224
1775337454759,500224
1775337454762,500224
1775337454764,500224
1775337454766,500224
1775337454767,500224
1775337454769,500224
1775337454770,500224
1775337454772,500224
1775337454773,500224
1775337454774,500224
1775337454776,500224
1775337454777,500224
1775337454778,500224
1775337454779,500224
1775337454781,500224
1775337454782,500224
1775337454783,500224
1775337454789,500224
1775337455096,500224
1775337455102,500224
1775337455106,500224
1775337455109,500224
1775337455111,500224
1775337455113,500224
1775337455115,500224
1775337455118,500224
1775337455121,500224
1775337455124,500224
1775337455132,500224
1775337455139,500224
1775337455142,500224
1775337455145,500224
1775337455148,500224
1775337455150,500224
1775337455155,500224
1775337455161,500224
1775337455163,500224
1775337455165,500224
1775337455167,500224
1775337455169,500224
1775337455170,500224
1775337455172,500224
1775337455174,500224
1775337455175,500224
1775337455177,500224
1775337455178,500224
1775337455180,500224
1775337455182,500224
1775337455183,500224
1775337455185,500224
1775337455192,500224
1775337455196,500224
1775337455198,500224
1775337455204,500224
1775337455207,500224
1775337455210,500224
1775337455213,500224
1775337455216,500224
1775337455219,500224
1775337455222,500224
1775337455225,500224
1775337455227,500224
1775337455229,500224
1775337455232,500224
1775337455236,500224
1775337455239,500224
1775337455241,500224
1775337455244,500224
1775337455246,500224
1775337455249,500224
1775337455251,500224
1775337455253,500224
1775337455256,500224
1775337455258,500224
1775337455260,500224
1775337455263,500224
1775337455265,500224
1775337455272,500224
1775337455276,500224
1775337455282,500224
1775337455284,500224
1775337455286,500224
1775337455288,500224
1775337455289,500224
1775337455296,500224
1775337455297,500224
1775337455299,500224
1775337455304,500224
1775337455306,500224
1775337455307,500224
1775337455309,500224
1775337455310,500224
1775337455312,500224
1775337455313,500224
1775337455315,500224
1775337455316,500224
1775337455318,500224
1775337455319,500224
1775337455321,500224
1775337455322,500224
1775337455324,500224
1775337455325,500224
1775337455328,500224
1775337455330,500224
1775337455331,500224
1775337455334,500224
1775337455336,500224
1775337455339,500224
1775337455342,500224
1775337455347,500224
1775337455353,500224
1775337455356,500224
1775337455359,500224
1775337455362,500224
1775337455364,500224
1775337455367,500224
1775337455371,500224
1775337455374,500224
1775337455376,500224
1775337455377,500224
1775337455379,500224
1775337455382,500224
1775337455384,500224
1775337455386,500224
1775337455389,500224
1775337455391,500224
1775337455393,500224
1775337455395,500224
1775337455397,500224
1775337455398,500224
1775337455400,500224
1775337455402,500224
1775337455405,500224
1775337455406,500224
1775337455411,500224
1775337455412,500224
1775337455414,500224
1775337455415,500224
1775337455417,500224
1775337455421,500224
1775337455423,500224
1775337455425,500224
1775337455426,500224
1775337455427,500224
1775337455429,500224
1775337455431,500224
1775337455434,500224
1775337455436,500224
1775337455686,500224
1775337455688,500224
1775337455689,500224
1775337455690,500224
1775337455692,500224
1775337455693,500224
1775337455696,500224
1775337455698,500224
1775337455700,500224
1775337455701,500224
1775337455703,500224
1775337455704,500224
1775337455705,500224
1775337455707,500224
1775337455709,500224
1775337455711,500224
1775337455713,500224
1775337455714,500224
1775337455716,500224
1775337455717,500224
1775337455719,500224
1775337455721,500224
1775337455723,500224
1775337455725,500224
1775337455727,500224
1775337455729,500224
1775337455731,500224
1775337455732,500224
1775337455734,500224
1775337455741,500224
1775337455743,500224
1775337455745,500224
1775337455747,500224
1775337455749,500224
1775337455750,500224
1775337455754,500224
1775337455756,500224
1775337455759,500224
1775337455763,500224
1775337455766,500224
1775337455768,500224
1775337455771,500224
1775337455773,500224
1775337455778,500224
1775337455783,500224
1775337455785,500224
1775337455787,500224
1775337455791,500224
1775337455795,500224
1775337455799,500224
1775337455807,500224
1775337455810,500224
1775337455813,500224
1775337455815,500224
1775337455818,500224
1775337455820,500224
1775337455822,500224
1775337455824,500224
1775337455826,500224
1775337455828,500224
1775337455829,500224
1775337455831,500224
1775337455833,500224
1775337455838,500224
1775337455840,500224
1775337455846,500224
1775337455848,500224
1775337455851,500224
1775337455853,500224
1775337455855,500224
1775337455856,500224
1775337455857,500224
1775337455859,500224
1775337455860,500224
1775337455862,500224
1775337455869,500224
1775337455872,500224
1775337455873,500224
1775337455876,500224
1775337455880,500224
1775337455881,500224
1775337455883,500224
1775337455884,500224
1775337455885,500224
1775337455887,500224
1775337455888,500224
1775337455889,500224
1775337455893,500224
1775337455895,500224
1775337455898,500224
1775337455899,500224
1775337455901,500224
1775337455903,500224
1775337455904,500224
1775337455906,500224
1775337455907,500224
1775337455909,500224
1775337455911,500224
1775337455913,500224
1775337455915,500224
1775337455916,500224
1775337455922,500224
1775337455924,500224
1775337455930,500224
1775337455932,500224
1775337455933,500224
1775337455936,500224
1775337455939,500224
1775337455941,500224
1775337455942,500224
1775337455943,500224
1775337455945,500224
1775337455946,500224
1775337455947,500224
1775337455949,500224
1775337455950,500224
1775337455953,500224
1775337455954,500224
1775337455956,500224
1775337455957,500224
1775337455958,500224
1775337456286,500224
1775337456288,500224
1775337456292,500224
1775337456297,500224
1775337456300,500224
1775337456301,500224
1775337456303,500224
1775337456304,500224
1775337456305,500224
1775337456307,500224
1775337456308,500224
1775337456309,500224
1775337456311,500224
1775337456313,500224
1775337456316,500224
1775337456319,500224
1775337456321,500224
1775337456324,500224
1775337456327,500224
1775337456329,500224
1775337456331,500224
1775337456333,500224
1775337456339,500224
1775337456341,500224
1775337456342,500224
1775337456343,500224
1775337456345,500224
1775337456346,500224
1775337456349,500224
1775337456352,500224
1775337456355,500224
1775337456357,500224
1775337456360,500224
1775337456363,500224
1775337456366,500224
1775337456368,500224
1775337456370,500224
1775337456371,500224
1775337456372,500224
1775337456373,500224
1775337456375,500224
1775337456376,500224
1775337456377,500224
1775337456379,500224
1775337456380,500224
1775337456384,500224
1775337456387,500224
1775337456390,500224
1775337456393,500224
1775337456395,500224
1775337456398,500224
1775337456403,500224
1775337456408,500224
1775337456412,500224
1775337456414,500224
1775337456417,500224
1775337456418,500224
1775337456419,500224
1775337456421,500224
1775337456422,500224
1775337456425,500224
1775337456428,500224
1775337456430,500224
1775337456433,500224
1775337456435,500224
1775337456437,500224
1775337456439,500224
1775337456441,500224
1775337456449,500224
1775337456452,500224
1775337456455,500224
1775337456459,500224
1775337456462,500224
1775337456464,500224
1775337456472,500224
1775337456477,500224
1775337456479,500224
1775337456481,500224
1775337456483,500224
1775337456485,500224
1775337456487,500224
1775337456488,500224
1775337456490,500224
1775337456494,500224
1775337456496,500224
1775337456497,500224
1775337456499,500224
1775337456501,500224
1775337456503,500224
1775337456504,500224
1775337456506,500224
1775337456507,500224
1775337456509,500224
1775337456511,500224
1775337456512,500224
1775337456514,500224
1775337456516,500224
1775337456518,500224
1775337456520,500224
1775337456522,500224
1775337456525,500224
1775337456530,500224
1775337456533,500224
1775337456534,500224
1775337456536,500224
1775337456537,500224
1775337456538,500224
1775337456540,500224
1775337456541,500224
1775337456542,500224
1775337456543,500224
1775337456545,500224
1775337456546,500224
1775337456547,500224
1775337456549,500224
1775337456550,500224
1775337456552,500224
1775337456554,500224
1775337456559,500224
1775337456565,500224
1775337456570,500224
1775337456572,500224
1775337456574,500224
1775337456576,500224
1775337456578,500224
1775337456581,500224
1775337456583,500224
1775337456585,500224
1775337456587,500224
1775337456588,500224
1775337456590,500224
1775337456592,500224
1775337456593,500224
1775337456595,500224
1775337456596,500224
1775337456597,500224
1775337456599,500224
1775337456601,500224
1775337456602,500224
1775337456608,500224
1775337456609,500224
1775337456612,500224
1775337456616,500224
1775337456619,500224
1775337456622,500224
1775337456624,500224
1775337456627,500224
1775337456630,500224
1775337456631,500224
1775337456633,500224
1775337456635,500224
1775337456638,500224
1775337456886,500224
1775337456888,500224
1775337456892,500224
1775337456894,500224
1775337456897,500224
1775337456900,500224
1775337456902,500224
1775337456905,500224
1775337456908,500224
1775337456911,500224
1775337456914,500224
1775337456916,500224
1775337456919,500224
1775337456921,500224
1775337456923,500224
1775337456927,500224
1775337456930,500224
1775337456932,500224
1775337456935,500224
1775337456938,500224
1775337456940,500224
1775337456942,500224
1775337456943,500224
1775337456945,500224
1775337456947,500224
1775337456948,500224
1775337456950,500224
1775337456956,500224
1775337456959,500224
1775337456960,500224
1775337456962,500224
1775337456964,500224
1775337456965,500224
1775337456967,500224
1775337456969,500224
1775337456970,500224
1775337456972,500224
1775337456974,500224
1775337456976,500224
1775337456977,500224
1775337456979,500224
1775337456980,500224
1775337456982,500224
1775337456983,500224
1775337456985,500224
1775337456986,500224
1775337456988,500224
1775337456989,500224
1775337456997,500224
1775337457000,500224
1775337457002,500224
1775337457006,500224
1775337457010,500224
1775337457019,500224
1775337457021,500224
1775337457023,500224
1775337457025,500224
1775337457027,500224
1775337457030,500224
1775337457033,500224
1775337457036,500224
1775337457037,500224
1775337457039,500224
1775337457041,500224
1775337457042,500224
1775337457044,500224
1775337457046,500224
1775337457047,500224
1775337457049,500224
1775337457051,500224
1775337457053,500224
1775337457055,500224
1775337457057,500224
1775337457059,500224
1775337457061,500224
1775337457063,500224
1775337457066,500224
1775337457069,500224
1775337457076,500224
1775337457079,500224
1775337457082,500224
1775337457085,500224
1775337457087,500224
1775337457091,500224
1775337457093,500224
1775337457099,500224
1775337457100,500224
1775337457108,500224
1775337457113,500224
1775337457114,500224
1775337457116,500224
1775337457119,500224
1775337457121,500224
1775337457123,500224
1775337457125,500224
1775337457131,500224
1775337457134,500224
1775337457140,500224
1775337457146,500224
1775337457148,500224
1775337457150,500224
1775337457151,500224
1775337457153,500224
1775337457154,500224
1775337457155,500224
1775337457157,500224
1775337457158,500224
1775337457159,500224
1775337457161,500224
1775337457162,500224
1775337457163,500224
1775337457165,500224
1775337457166,500224
1775337457167,500224
1775337457486,500224
1775337457490,500224
1775337457492,500224
1775337457494,500224
1775337457497,500224
1775337457499,500224
1775337457503,500224
1775337457506,500224
1775337457509,500224
1775337457512,500224
1775337457517,500224
1775337457519,500224
1775337457521,500224
1775337457522,500224
1775337457524,500224
1775337457526,500224
1775337457527,500224
1775337457529,500224
1775337457530,500224
1775337457533,500224
1775337457536,500224
1775337457543,500224
1775337457546,500224
1775337457552,500224
1775337457553,500224
1775337457555,500224
1775337457556,500224
1775337457558,500224
1775337457559,500224
1775337457562,500224
1775337457564,500224
1775337457566,500224
1775337457568,500224
1775337457572,500224
1775337457574,500224
1775337457576,500224
1775337457583,500224
1775337457586,500224
1775337457588,500224
1775337457590,500224
1775337457592,500224
1775337457594,500224
1775337457596,500224
1775337457598,500224
1775337457600,500224
1775337457601,500224
1775337457609,500224
1775337457612,500224
1775337457617,500224
1775337457619,500224
1775337457621,500224
1775337457623,500224
1775337457625,500224
1775337457627,500224
1775337457629,500224
1775337457630,500224
1775337457633,500224
1775337457638,500224
1775337457641,500224
1775337457644,500224
1775337457646,500224
1775337457650,500224
1775337457652,500224
1775337457654,500224
1775337457661,500224
1775337457663,500224
1775337457665,500224
1775337457666,500224
1775337457668,500224
1775337457669,500224
1775337457671,500224
1775337457675,500224
1775337457678,500224
1775337457680,500224
1775337457683,500224
1775337457686,500224
1775337457693,500224
1775337457699,500224
1775337457703,500224
1775337457706,500224
1775337457707,500224
1775337457709,500224
1775337457710,500224
1775337457711,500224
1775337457713,500224
1775337457714,500224
1775337457715,500224
1775337457718,500224
1775337457719,500224
1775337457720,500224
1775337457722,500224
1775337457723,500224
1775337457724,500224
1775337457726,500224
1775337457727,500224
1775337457728,500224
1775337457730,500224
1775337457733,500224
1775337457735,500224
1775337457736,500224
1775337457738,500224
1775337457739,500224
1775337457740,500224
1775337457742,500224
1775337457743,500224
1775337457744,500224
1775337457746,500224
1775337457748,500224
1775337457756,500224
1775337458087,500224
1775337458089,500224
1775337458091,500224
1775337458092,500224
1775337458093,500224
1775337458094,500224
1775337458096,500224
1775337458098,500224
1775337458099,500224
1775337458101,500224
1775337458102,500224
1775337458104,500224
1775337458110,500224
1775337458112,500224
1775337458117,500224
1775337458119,500224
1775337458120,500224
1775337458122,500224
1775337458123,500224
1775337458125,500224
1775337458132,500224
1775337458135,500224
1775337458138,500224
1775337458141,500224
1775337458144,500224
1775337458146,500224
1775337458149,500224
1775337458152,500224
1775337458154,500224
1775337458156,500224
1775337458158,500224
1775337458159,500224
1775337458161,500224
1775337458162,500224
1775337458163,500224
1775337458164,500224
1775337458166,500224
1775337458167,500224
1775337458168,500224
1775337458169,500224
1775337458172,500224
1775337458174,500224
1775337458176,500224
1775337458179,500224
1775337458181,500224
1775337458183,500224
1775337458185,500224
1775337458186,500224
1775337458189,500224
1775337458190,500224
1775337458193,500224
1775337458196,500224
1775337458199,500224
1775337458202,500224
1775337458204,500224
1775337458207,500224
1775337458210,500224
1775337458212,500224
1775337458215,500224
1775337458218,500224
1775337458219,500224
1775337458220,500224
1775337458223,500224
1775337458225,500224
1775337458227,500224
1775337458229,500224
1775337458231,500224
1775337458233,500224
1775337458234,500224
1775337458235,500224
1775337458237,500224
1775337458240,500224
1775337458244,500224
1775337458248,500224
1775337458250,500224
1775337458253,500224
1775337458255,500224
1775337458257,500224
1775337458258,500224
1775337458260,500224
1775337458261,500224
1775337458263,500224
1775337458264,500224
1775337458266,500224
1775337458267,500224
1775337458269,500224
1775337458271,500224
1775337458274,500224
1775337458275,500224
1775337458277,500224
1775337458278,500224
1775337458279,500224
1775337458281,500224
1775337458282,500224
1775337458283,500224
1775337458284,500224
1775337458286,500224
1775337458287,500224
1775337458288,500224
1775337458291,500224
1775337458294,500224
1775337458298,500224
1775337458301,500224
1775337458303,500224
1775337458305,500224
1775337458307,500224
1775337458310,500224
1775337458313,500224
1775337458316,500224
1775337458318,500224
1775337458320,500224
1775337458321,500224
1775337458323,500224
1775337458325,500224
1775337458327,500224
1775337458333,500224
1775337458335,500224
1775337458336,500224
1775337458338,500224
1775337458339,500224
1775337458341,500224
1775337458342,500224
1775337458344,500224
1775337458688,500224
1775337458690,500224
1775337458692,500224
1775337458695,500224
1775337458697,500224
1775337458699,500224
1775337458701,500224
1775337458704,500224
1775337458713,500224
1775337458720,500224
1775337458723,500224
1775337458725,500224
1775337458728,500224
1775337458731,500224
1775337458733,500224
1775337458736,500224
1775337458739,500224
1775337458741,500224
1775337458742,500224
1775337458744,500224
1775337458746,500224
1775337458751,500224
1775337458756,500224
1775337458758,500224
1775337458760,500224
1775337458761,500224
1775337458762,500224
1775337458764,500224
1775337458765,500224
1775337458766,500224
1775337458769,500224
1775337458772,500224
1775337458778,500224
1775337458781,500224
1775337458789,500224
1775337458797,500224
1775337458800,500224
1775337458803,500224
1775337458805,500224
1775337458809,500224
1775337458811,500224
1775337458815,500224
1775337458817,500224
1775337458819,500224
1775337458821,500224
1775337458824,500224
1775337458826,500224
1775337458829,500224
1775337458832,500224
1775337458835,500224
1775337458837,500224
1775337458841,500224
1775337458844,500224
1775337458846,500224
1775337458849,500224
1775337458852,500224
1775337458856,500224
1775337458860,500224
1775337458862,500224
1775337458865,500224
1775337458867,500224
1775337458870,500224
1775337458871,500224
1775337458873,500224
1775337458874,500224
1775337458877,500224
1775337458883,500224
1775337458886,500224
1775337458889,500224
1775337458892,500224
1775337458894,500224
1775337458895,500224
1775337458897,500224
1775337458902,500224
1775337458905,500224
1775337458911,500224
1775337458915,500224
1775337458919,500224
1775337458921,500224
1775337458923,500224
1775337458925,500224
1775337458927,500224
1775337458929,500224
1775337458930,500224
1775337458932,500224
1775337458936,500224
1775337458944,500224
1775337458947,500224
1775337458950,500224
1775337458951,500224
1775337458953,500224
1775337458954,500224
1775337458955,500224
1775337458957,500224
1775337458960,500224
1775337458966,500224
1775337458969,500224
1775337458970,500224
1775337458972,500224
1775337458975,500224
1775337458976,500224
1775337458978,500224
1775337458983,500224
1775337458984,500224
1775337458985,500224
1775337458988,500224
1775337458990,500224
1775337458993,500224
1775337458996,500224
1775337459003,500224
1775337459006,500224
1775337459012,500224
1775337459014,500224
1775337459016,500224
1775337459022,500224
1775337459027,500224
1775337459030,500224
1775337459032,500224
1775337459034,500224
1775337459036,500224
1775337459039,500224
1775337459041,500224
1775337459043,500224
1775337459045,500224
1775337459048,500224
1775337459051,500224
1775337459053,500224
1775337459056,500224
1775337459059,500224
1775337459061,500224
1775337459064,500224
1775337459066,500224
1775337459069,500224
1775337459071,500224
1775337459287,500224
1775337459289,500224
1775337459292,500224
1775337459295,500224
1775337459297,500224
1775337459302,500224
1775337459304,500224
1775337459305,500224
1775337459306,500224
1775337459307,500224
1775337459309,500224
1775337459312,500224
1775337459314,500224
1775337459317,500224
1775337459321,500224
1775337459324,500224
1775337459327,500224
1775337459329,500224
1775337459332,500224
1775337459335,500224
1775337459337,500224
1775337459339,500224
1775337459340,500224
1775337459343,500224
1775337459347,500224
1775337459350,500224
1775337459358,500224
1775337459363,500224
1775337459366,500224
1775337459369,500224
1775337459372,500224
1775337459376,500224
1775337459379,500224
1775337459383,500224
1775337459386,500224
1775337459389,500224
1775337459392,500224
1775337459399,500224
1775337459402,500224
1775337459407,500224
1775337459413,500224
1775337459415,500224
1775337459418,500224
1775337459420,500224
1775337459423,500224
1775337459426,500224
1775337459428,500224
1775337459430,500224
1775337459432,500224
1775337459434,500224
1775337459436,500224
1775337459438,500224
1775337459441,500224
1775337459443,500224
1775337459448,500224
1775337459454,500224
1775337459458,500224
1775337459460,500224
1775337459464,500224
1775337459467,500224
1775337459470,500224
1775337459472,500224
1775337459474,500224
1775337459476,500224
1775337459478,500224
1775337459480,500224
1775337459486,500224
1775337459490,500224
1775337459491,500224
1775337459493,500224
1775337459494,500224
1775337459496,500224
1775337459497,500224
1775337459498,500224
1775337459500,500224
1775337459501,500224
1775337459503,500224
1775337459504,500224
1775337459507,500224
1775337459510,500224
1775337459513,500224
1775337459516,500224
1775337459518,500224
1775337459521,500224
1775337459524,500224
1775337459526,500224
1775337459532,500224
1775337459536,500224
1775337459538,500224
1775337459541,500224
1775337459543,500224
1775337459545,500224
1775337459547,500224
1775337459550,500224
1775337459553,500224
1775337459556,500224
1775337459559,500224
1775337459561,500224
1775337459563,500224
1775337459566,500224
1775337459570,500224
1775337459579,500224
1775337459587,500224
1775337459589,500224
1775337459590,500224
1775337459591,500224
1775337459593,500224
1775337459594,500224
1775337459596,500224
1775337459598,500224
1775337459600,500224
1775337459602,500224
1775337459604,500224
1775337459606,500224
1775337459608,500224
1775337459610,500224
1775337459612,500224
1775337459614,500224
1775337459615,500224
1775337459617,500224
1775337459891,500224
1775337459894,500224
1775337459897,500224
1775337459900,500224
1775337459903,500224
1775337459905,500224
1775337459913,500224
1775337459915,500224
1775337459917,500224
1775337459920,500224
1775337459922,500224
1775337459924,500224
1775337459926,500224
1775337459928,500224
1775337459929,500224
1775337459931,500224
1775337459933,500224
1775337459934,500224
1775337459936,500224
1775337459938,500224
1775337459941,500224
1775337459942,500224
1775337459944,500224
1775337459945,500224
1775337459953,500224
1775337459957,500224
1775337459959,500224
1775337459961,500224
1775337459963,500224
1775337459966,500224
1775337459969,500224
1775337459971,500224
1775337459974,500224
1775337459976,500224
1775337459978,500224
1775337459980,500224
1775337459982,500224
1775337459984,500224
1775337459986,500224
1775337459988,500224
1775337459991,500224
1775337459994,500224
1775337459997,500224
1775337459999,500224
1775337460002,500224
1775337460005,500224
1775337460008,500224
1775337460009,500224
1775337460010,500224
1775337460013,500224
1775337460015,500224
1775337460017,500224
1775337460019,500224
1775337460021,500224
1775337460022,500224
1775337460025,500224
1775337460030,500224
1775337460031,500224
1775337460033,500224
1775337460040,500224
1775337460042,500224
1775337460045,500224
1775337460048,500224
1775337460051,500224
1775337460054,500224
1775337460056,500224
1775337460071,500224
1775337460085,500224
1775337460088,500224
1775337460094,500224
1775337460096,500224
1775337460097,500224
1775337460100,500224
1775337460105,500224
1775337460106,500224
1775337460109,500224
1775337460110,500224
1775337460112,500224
1775337460113,500224
1775337460114,500224
1775337460116,500224
1775337460117,500224
1775337460120,500224
1775337460123,500224
1775337460126,500224
1775337460129,500224
1775337460131,500224
1775337460134,500224
1775337460140,500224
1775337460143,500224
1775337460146,500224
1775337460149,500224
1775337460151,500224
1775337460153,500224
1775337460154,500224
1775337460156,500224
1775337460157,500224
1775337460160,500224
1775337460162,500224
1775337460164,500224
1775337460166,500224
1775337460168,500224
1775337460170,500224
1775337460176,500224
1775337460179,500224
1775337460180,500224
1775337460182,500224
1775337460184,500224
1775337460186,500224
1775337460188,500224
1775337460191,500224
1775337460192,500224
1775337460194,500224
1775337460196,500224
1775337460197,500224
1775337460198,500224
1775337460200,500224
1775337460201,500224
1775337460203,500224
1775337460204,500224
1775337460205,500224
1775337460207,500224
1775337460208,500224
1775337460209,500224
1775337460212,500224
1775337460213,500224
1775337460214,500224
1775337460215,500224
1775337460217,500224
1775337460218,500224
1775337460219,500224
1775337460220,500224
1775337460222,500224
1775337460223,500224
1775337460224,500224
1775337460227,500224
1775337460492,500224
1775337460496,500224
1775337460499,500224
1775337460503,500224
1775337460510,500224
1775337460513,500224
1775337460514,500224
1775337460516,500224
1775337460519,500224
1775337460521,500224
1775337460524,500224
1775337460527,500224
1775337460529,500224
1775337460531,500224
1775337460533,500224
1775337460535,500224
1775337460537,500224
1775337460542,500224
1775337460551,500224
1775337460553,500224
1775337460555,500224
1775337460557,500224
1775337460559,500224
1775337460562,500224
1775337460565,500224
1775337460567,500224
1775337460569,500224
1775337460570,500224
1775337460572,500224
1775337460574,500224
1775337460575,500224
1775337460577,500224
1775337460580,500224
1775337460581,500224
1775337460586,500224
1775337460589,500224
1775337460592,500224
1775337460594,500224
1775337460597,500224
1775337460600,500224
1775337460603,500224
1775337460606,500224
1775337460608,500224
1775337460611,500224
1775337460613,500224
1775337460617,500224
1775337460621,500224
1775337460624,500224
1775337460627,500224
1775337460630,500224
1775337460632,500224
1775337460634,500224
1775337460637,500224
1775337460639,500224
1775337460646,500224
1775337460649,500224
1775337460651,500224
1775337460654,500224
1775337460658,500224
1775337460660,500224
1775337460661,500224
1775337460663,500224
1775337460664,500224
1775337460666,500224
1775337460667,500224
1775337460670,500224
1775337460672,500224
1775337460673,500224
1775337460676,500224
1775337460680,500224
1775337460682,500224
1775337460691,500224
1775337460704,500224
1775337460706,500224
1775337460711,500224
1775337460712,500224
1775337460714,500224
1775337460715,500224
1775337460717,500224
1775337460719,500224
1775337460720,500224
1775337460722,500224
1775337460723,500224
1775337460724,500224
1775337460726,500224
1775337460729,500224
1775337460732,500224
1775337460734,500224
1775337460735,500224
1775337460736,500224
1775337460738,500224
1775337460739,500224
1775337460740,500224
1775337460743,500224
1775337460745,500224
1775337460747,500224
1775337460749,500224
1775337460751,500224
1775337460753,500224
1775337460757,500224
1775337460759,500224
1775337460762,500224
1775337460764,500224
1775337460767,500224
1775337460769,500224
1775337460771,500224
1775337460773,500224
1775337460777,500224
1775337460786,500224
1775337460789,500224
1775337460791,500224
1775337460793,500224
1775337461092,500224
1775337461094,500224
1775337461097,500224
1775337461100,500224
1775337461102,500224
1775337461105,500224
1775337461108,500224
1775337461110,500224
1775337461112,500224
1775337461114,500224
1775337461116,500224
1775337461117,500224
1775337461119,500224
1775337461121,500224
1775337461125,500224
1775337461128,500224
1775337461131,500224
1775337461133,500224
1775337461136,500224
1775337461140,500224
1775337461143,500224
1775337461145,500224
1775337461148,500224
1775337461149,500224
1775337461151,500224
1775337461152,500224
1775337461154,500224
1775337461156,500224
1775337461158,500224
1775337461160,500224
1775337461161,500224
1775337461163,500224
1775337461164,500224
1775337461166,500224
1775337461167,500224
1775337461168,500224
1775337461169,500224
1775337461171,500224
1775337461172,500224
1775337461173,500224
1775337461175,500224
1775337461180,500224
1775337461182,500224
1775337461188,500224
1775337461191,500224
1775337461193,500224
1775337461196,500224
1775337461202,500224
1775337461204,500224
1775337461206,500224
1775337461207,500224
1775337461208,500224
1775337461210,500224
1775337461211,500224
1775337461213,500224
1775337461214,500224
1775337461215,500224
1775337461217,500224
1775337461218,500224
1775337461220,500224
1775337461221,500224
1775337461222,500224
1775337461224,500224
1775337461225,500224
1775337461228,500224
1775337461229,500224
1775337461232,500224
1775337461234,500224
1775337461236,500224
1775337461238,500224
1775337461240,500224
1775337461247,500224
1775337461248,500224
1775337461249,500224
1775337461260,500224
1775337461267,500224
1775337461271,500224
1775337461277,500224
1775337461281,500224
1775337461287,500224
1775337461289,500224
1775337461291,500224
1775337461293,500224
1775337461295,500224
1775337461296,500224
1775337461297,500224
1775337461299,500224
1775337461300,500224
1775337461301,500224
1775337461302,500224
1775337461304,500224
1775337461305,500224
1775337461306,500224
1775337461309,500224
1775337461312,500224
1775337461315,500224
1775337461318,500224
1775337461320,500224
1775337461322,500224
1775337461323,500224
1775337461324,500224
1775337461325,500224
1775337461327,500224
1775337461329,500224
1775337461331,500224
1775337461333,500224
1775337461335,500224
1775337461337,500224
1775337461338,500224
1775337461340,500224
1775337461342,500224
1775337461343,500224
1775337461346,500224
1775337461349,500224
1775337461352,500224
1775337461355,500224
1775337461357,500224
1775337461360,500224
1775337461363,500224
1775337461366,500224
1775337461369,500224
1775337461374,500224
1775337461380,500224
1775337461382,500224
1775337461386,500224
1775337461389,500224
1775337461390,500224
1775337461391,500224
1775337461393,500224
1775337461692,500224
1775337461694,500224
1775337461700,500224
1775337461705,500224
1775337461707,500224
1775337461709,500224
1775337461711,500224
1775337461713,500224
1775337461715,500224
1775337461717,500224
1775337461718,500224
1775337461720,500224
1775337461722,500224
1775337461723,500224
1775337461725,500224
1775337461727,500224
1775337461729,500224
1775337461732,500224
1775337461735,500224
1775337461738,500224
1775337461742,500224
1775337461744,500224
1775337461746,500224
1775337461749,500224
1775337461751,500224
1775337461752,500224
1775337461754,500224
1775337461755,500224
1775337461756,500224
1775337461758,500224
1775337461762,500224
1775337461765,500224
1775337461767,500224
1775337461769,500224
1775337461770,500224
1775337461778,500224
1775337461781,500224
1775337461787,500224
1775337461792,500224
1775337461795,500224
1775337461798,500224
1775337461801,500224
1775337461804,500224
1775337461806,500224
1775337461809,500224
1775337461812,500224
1775337461814,500224
1775337461817,500224
1775337461819,500224
1775337461821,500224
1775337461823,500224
1775337461826,500224
1775337461828,500224
1775337461830,500224
1775337461832,500224
1775337461834,500224
1775337461836,500224
1775337461839,500224
1775337461846,500224
1775337461849,500224
1775337461857,500224
1775337461859,500224
1775337461866,500224
1775337461867,500224
1775337461874,500224
1775337461876,500224
1775337461877,500224
1775337461879,500224
1775337461881,500224
1775337461883,500224
1775337461884,500224
1775337461886,500224
1775337461887,500224
1775337461889,500224
1775337461892,500224
1775337461894,500224
1775337461896,500224
1775337461903,500224
1775337461905,500224
1775337461907,500224
1775337461909,500224
1775337461910,500224
1775337461911,500224
1775337461912,500224
1775337461914,500224
1775337461915,500224
1775337461916,500224
1775337461917,500224
1775337461919,500224
1775337461920,500224
1775337461921,500224
1775337461922,500224
1775337461924,500224
1775337461926,500224
1775337461929,500224
1775337461932,500224
1775337461934,500224
1775337461936,500224
1775337461939,500224
1775337461941,500224
1775337461943,500224
1775337461945,500224
1775337461947,500224
1775337461949,500224
1775337461951,500224
1775337461952,500224
1775337461954,500224
1775337461956,500224
1775337461959,500224
1775337461962,500224
1775337461965,500224
1775337461968,500224
1775337461969,500224
1775337461971,500224
1775337461973,500224
1775337461974,500224
1775337462292,500224
1775337462294,500224
1775337462302,500224
1775337462305,500224
1775337462308,500224
1775337462311,500224
1775337462313,500224
1775337462316,500224
1775337462320,500224
1775337462322,500224
1775337462324,500224
1775337462329,500224
1775337462331,500224
1775337462332,500224
1775337462334,500224
1775337462337,500224
1775337462339,500224
1775337462341,500224
1775337462343,500224
1775337462345,500224
1775337462347,500224
1775337462348,500224
1775337462350,500224
1775337462352,500224
1775337462354,500224
1775337462355,500224
1775337462357,500224
1775337462358,500224
1775337462360,500224
1775337462369,500224
1775337462372,500224
1775337462374,500224
1775337462375,500224
1775337462377,500224
1775337462378,500224
1775337462379,500224
1775337462381,500224
1775337462384,500224
1775337462385,500224
1775337462387,500224
1775337462388,500224
1775337462390,500224
1775337462391,500224
1775337462395,500224
1775337462400,500224
1775337462406,500224
1775337462409,500224
1775337462411,500224
1775337462414,500224
1775337462416,500224
1775337462418,500224
1775337462421,500224
1775337462424,500224
1775337462427,500224
1775337462430,500224
1775337462431,500224
1775337462434,500224
1775337462437,500224
1775337462440,500224
1775337462442,500224
1775337462445,500224
1775337462447,500224
1775337462450,500224
1775337462455,500224
1775337462457,500224
1775337462459,500224
1775337462464,500224
1775337462466,500224
1775337462469,500224
1775337462473,500224
1775337462476,500224
1775337462479,500224
1775337462481,500224
1775337462483,500224
1775337462485,500224
1775337462487,500224
1775337462489,500224
1775337462493,500224
1775337462495,500224
1775337462498,500224
1775337462500,500224
1775337462503,500224
1775337462505,500224
1775337462507,500224
1775337462509,500224
1775337462511,500224
1775337462513,500224
1775337462515,500224
1775337462517,500224
1775337462522,500224
1775337462526,500224
1775337462528,500224
1775337462529,500224
1775337462531,500224
1775337462533,500224
1775337462535,500224
1775337462536,500224
1775337462537,500224
1775337462539,500224
1775337462541,500224
1775337462547,500224
1775337462550,500224
1775337462552,500224
1775337462555,500224
1775337462562,500224
1775337462564,500224
1775337462567,500224
1775337462570,500224
1775337462572,500224
1775337462575,500224
1775337462578,500224
1775337462585,500224
1775337462588,500224
1775337462590,500224
1775337462592,500224
1775337462594,500224
1775337462596,500224
1775337462598,500224
1775337462600,500224
1775337462602,500224
1775337462604,500224
1775337462606,500224
1775337462611,500224
1775337462613,500224
1775337462614,500224
1775337462615,500224
1775337462617,500224
1775337462892,500224
1775337462894,500224
1775337462895,500224
1775337462897,500224
1775337462898,500224
1775337462899,500224
1775337462900,500224
1775337462902,500224
1775337462903,500224
1775337462904,500224
1775337462906,500224
1775337462907,500224
1775337462908,500224
1775337462909,500224
1775337462911,500224
1775337462913,500224
1775337462917,500224
1775337462920,500224
1775337462922,500224
1775337462925,500224
1775337462929,500224
1775337462934,500224
1775337462936,500224
1775337462940,500224
1775337462942,500224
1775337462944,500224
1775337462946,500224
1775337462948,500224
1775337462949,500224
1775337462951,500224
1775337462955,500224
1775337462958,500224
1775337462963,500224
1775337462972,500224
1775337462980,500224
1775337462988,500224
1775337462994,500224
1775337462996,500224
1775337462998,500224
1775337463002,500224
1775337463005,500224
1775337463007,500224
1775337463009,500224
1775337463011,500224
1775337463014,500224
1775337463016,500224
1775337463023,500224
1775337463025,500224
1775337463027,500224
1775337463029,500224
1775337463030,500224
1775337463032,500224
1775337463033,500224
1775337463035,500224
1775337463036,500224
1775337463038,500224
1775337463040,500224
1775337463041,500224
1775337463043,500224
1775337463047,500224
1775337463048,500224
1775337463050,500224
1775337463051,500224
1775337463052,500224
1775337463054,500224
1775337463055,500224
1775337463056,500224
1775337463057,500224
1775337463064,500224
1775337463066,500224
1775337463067,500224
1775337463070,500224
1775337463073,500224
1775337463075,500224
1775337463077,500224
1775337463078,500224
1775337463079,500224
1775337463081,500224
1775337463082,500224
1775337463083,500224
1775337463084,500224
1775337463086,500224
1775337463087,500224
1775337463088,500224
1775337463089,500224
1775337463091,500224
1775337463092,500224
1775337463093,500224
1775337463094,500224
1775337463096,500224
1775337463097,500224
1775337463098,500224
1775337463099,500224
1775337463101,500224
1775337463106,500224
1775337463112,500224
1775337463119,500224
1775337463121,500224
1775337463122,500224
1775337463124,500224
1775337463125,500224
1775337463126,500224
1775337463127,500224
1775337463129,500224
1775337463132,500224
1775337463135,500224
1775337463138,500224
1775337463139,500224
1775337463140,500224
1775337463144,500224
1775337463147,500224
1775337463149,500224
1775337463152,500224
1775337463154,500224
1775337463157,500224
1775337463160,500224
1775337463493,500224
1775337463495,500224
1775337463497,500224
1775337463499,500224
1775337463500,500224
1775337463502,500224
1775337463503,500224
1775337463504,500224
1775337463506,500224
1775337463507,500224
1775337463509,500224
1775337463510,500224
1775337463513,500224
1775337463514,500224
1775337463516,500224
1775337463517,500224
1775337463526,500224
1775337463528,500224
1775337463536,500224
1775337463540,500224
1775337463549,500224
1775337463557,500224
1775337463560,500224
1775337463562,500224
1775337463565,500224
1775337463568,500224
1775337463570,500224
1775337463572,500224
1775337463575,500224
1775337463577,500224
1775337463579,500224
1775337463581,500224
1775337463583,500224
1775337463585,500224
1775337463587,500224
1775337463589,500224
1775337463592,500224
1775337463596,500224
1775337463599,500224
1775337463601,500224
1775337463608,500224
1775337463609,500224
1775337463611,500224
1775337463613,500224
1775337463615,500224
1775337463617,500224
1775337463619,500224
1775337463620,500224
1775337463627,500224
1775337463629,500224
1775337463630,500224
1775337463632,500224
1775337463633,500224
1775337463635,500224
1775337463636,500224
1775337463638,500224
1775337463639,500224
1775337463641,500224
1775337463643,500224
1775337463647,500224
1775337463650,500224
1775337463653,500224
1775337463655,500224
1775337463657,500224
1775337463659,500224
1775337463661,500224
1775337463662,500224
1775337463664,500224
1775337463666,500224
1775337463667,500224
1775337463669,500224
1775337463670,500224
1775337463673,500224
1775337463676,500224
1775337463685,500224
1775337463690,500224
1775337463697,500224
1775337463701,500224
1775337463704,500224
1775337463707,500224
1775337463709,500224
1775337463716,500224
1775337463717,500224
1775337463719,500224
1775337463720,500224
1775337463722,500224
1775337463723,500224
1775337463724,500224
1775337463726,500224
1775337463729,500224
1775337463731,500224
1775337463734,500224
1775337463737,500224
1775337463739,500224
1775337463741,500224
1775337463742,500224
1775337463743,500224
1775337463745,500224
1775337463746,500224
1775337463747,500224
1775337463749,500224
1775337463750,500224
1775337463751,500224
1775337463752,500224
1775337463754,500224
1775337463755,500224
1775337463756,500224
1775337463758,500224
1775337463759,500224
1775337463760,500224
1775337463761,500224
1775337463763,500224
1775337464094,500224
1775337464098,500224
1775337464100,500224
1775337464106,500224
1775337464107,500224
1775337464109,500224
1775337464116,500224
1775337464119,500224
1775337464126,500224
1775337464129,500224
1775337464130,500224
1775337464132,500224
1775337464133,500224
1775337464135,500224
1775337464137,500224
1775337464138,500224
1775337464141,500224
1775337464144,500224
1775337464147,500224
1775337464150,500224
1775337464152,500224
1775337464155,500224
1775337464157,500224
1775337464160,500224
1775337464162,500224
1775337464171,500224
1775337464173,500224
1775337464178,500224
1775337464180,500224
1775337464182,500224
1775337464189,500224
1775337464193,500224
1775337464197,500224
1775337464199,500224
1775337464205,500224
1775337464207,500224
1775337464208,500224
1775337464209,500224
1775337464211,500224
1775337464215,500224
1775337464216,500224
1775337464217,500224
1775337464220,500224
1775337464223,500224
1775337464225,500224
1775337464227,500224
1775337464229,500224
1775337464231,500224
1775337464233,500224
1775337464235,500224
1775337464238,500224
1775337464239,500224
1775337464244,500224
1775337464249,500224
1775337464252,500224
1775337464254,500224
1775337464257,500224
1775337464259,500224
1775337464260,500224
1775337464262,500224
1775337464264,500224
1775337464266,500224
1775337464267,500224
1775337464269,500224
1775337464271,500224
1775337464273,500224
1775337464274,500224
1775337464276,500224
1775337464278,500224
1775337464279,500224
1775337464281,500224
1775337464283,500224
1775337464285,500224
1775337464287,500224
1775337464288,500224
1775337464290,500224
1775337464292,500224
1775337464293,500224
1775337464295,500224
1775337464296,500224
1775337464298,500224
1775337464299,500224
1775337464301,500224
1775337464302,500224
1775337464304,500224
1775337464305,500224
1775337464307,500224
1775337464308,500224
1775337464309,500224
1775337464311,500224
1775337464313,500224
1775337464315,500224
1775337464318,500224
1775337464321,500224
1775337464323,500224
1775337464325,500224
1775337464327,500224
1775337464329,500224
1775337464331,500224
1775337464333,500224
1775337464337,500224
1775337464344,500224
1775337464355,500224
1775337464358,500224
1775337464361,500224
1775337464364,500224
1775337464366,500224
1775337464369,500224
1775337464372,500224
1775337464374,500224
1775337464376,500224
1775337464382,500224
1775337464385,500224
1775337464387,500224
1775337464389,500224
1775337464392,500224
1775337464393,500224
1775337464396,500224
1775337464404,500224
1775337464407,500224
1775337464410,500224
1775337464418,500224
1775337464422,500224
1775337464696,500224
1775337464698,500224
1775337464700,500224
1775337464701,500224
1775337464706,500224
1775337464708,500224
1775337464711,500224
1775337464713,500224
1775337464715,500224
1775337464718,500224
1775337464720,500224
1775337464723,500224
1775337464726,500224
1775337464728,500224
1775337464737,500224
1775337464740,500224
1775337464747,500224
1775337464751,500224
1775337464753,500224
1775337464755,500224
1775337464758,500224
1775337464760,500224
1775337464762,500224
1775337464764,500224
1775337464766,500224
1775337464768,500224
1775337464769,500224
1775337464771,500224
1775337464773,500224
1775337464775,500224
1775337464776,500224
1775337464778,500224
1775337464779,500224
1775337464781,500224
1775337464783,500224
1775337464784,500224
1775337464785,500224
1775337464787,500224
1775337464788,500224
1775337464790,500224
1775337464806,500224
1775337464809,500224
1775337464816,500224
1775337464819,500224
1775337464822,500224
1775337464827,500224
1775337464832,500224
1775337464836,500224
1775337464838,500224
1775337464842,500224
1775337464844,500224
1775337464845,500224
1775337464846,500224
1775337464848,500224
1775337464849,500224
1775337464851,500224
1775337464852,500224
1775337464853,500224
1775337464855,500224
1775337464856,500224
1775337464857,500224
1775337464859,500224
1775337464861,500224
1775337464863,500224
1775337464865,500224
1775337464867,500224
1775337464869,500224
1775337464872,500224
1775337464874,500224
1775337464879,500224
1775337464882,500224
1775337464884,500224
1775337464886,500224
1775337464888,500224
1775337464890,500224
1775337464892,500224
1775337464894,500224
1775337464897,500224
1775337464899,500224
1775337464902,500224
1775337464904,500224
1775337464906,500224
1775337464908,500224
1775337464911,500224
1775337464914,500224
1775337464917,500224
1775337464918,500224
1775337464920,500224
1775337464921,500224
1775337464923,500224
1775337464925,500224
1775337464927,500224
1775337464928,500224
1775337464934,500224
1775337464935,500224
1775337464937,500224
1775337464939,500224
1775337464940,500224
1775337464942,500224
1775337464943,500224
1775337464945,500224
1775337464948,500224
1775337464949,500224
1775337464954,500224
1775337464956,500224
1775337464957,500224
1775337464965,500224
1775337464968,500224
1775337464970,500224
1775337464973,500224
1775337464976,500224
1775337464978,500224
1775337464980,500224
1775337464982,500224
1775337464984,500224
1775337464986,500224
1775337464987,500224
1775337464989,500224
1775337464990,500224
1775337464993,500224
1775337464996,500224
1775337465296,500224
1775337465298,500224
1775337465299,500224
1775337465301,500224
1775337465303,500224
1775337465307,500224
1775337465311,500224
1775337465314,500224
1775337465316,500224
1775337465319,500224
1775337465322,500224
1775337465325,500224
1775337465328,500224
1775337465331,500224
1775337465340,500224
1775337465350,500224
1775337465352,500224
1775337465358,500224
1775337465363,500224
1775337465366,500224
1775337465367,500224
1775337465369,500224
1775337465371,500224
1775337465373,500224
1775337465374,500224
1775337465376,500224
1775337465397,500224
1775337465400,500224
1775337465402,500224
1775337465404,500224
1775337465406,500224
1775337465407,500224
1775337465409,500224
1775337465411,500224
1775337465412,500224
1775337465414,500224
1775337465415,500224
1775337465417,500224
1775337465424,500224
1775337465426,500224
1775337465428,500224
1775337465430,500224
1775337465432,500224
1775337465434,500224
1775337465436,500224
1775337465448,500224
1775337465453,500224
1775337465458,500224
1775337465460,500224
1775337465462,500224
1775337465463,500224
1775337465464,500224
1775337465466,500224
1775337465467,500224
1775337465469,500224
1775337465470,500224
1775337465471,500224
1775337465473,500224
1775337465474,500224
1775337465475,500224
1775337465476,500224
1775337465478,500224
1775337465479,500224
1775337465481,500224
1775337465482,500224
1775337465484,500224
1775337465486,500224
1775337465488,500224
1775337465489,500224
1775337465491,500224
1775337465493,500224
1775337465494,500224
1775337465496,500224
1775337465498,500224
1775337465499,500224
1775337465501,500224
1775337465503,500224
1775337465504,500224
1775337465507,500224
1775337465512,500224
1775337465514,500224
1775337465516,500224
1775337465517,500224
1775337465519,500224
1775337465521,500224
1775337465522,500224
1775337465523,500224
1775337465531,500224
1775337465532,500224
1775337465536,500224
1775337465538,500224
1775337465540,500224
1775337465543,500224
1775337465544,500224
1775337465546,500224
1775337465547,500224
1775337465548,500224
1775337465550,500224
1775337465551,500224
1775337465552,500224
1775337465553,500224
1775337465555,500224
1775337465556,500224
1775337465559,500224
1775337465582,500224
1775337465585,500224
1775337465587,500224
1775337465589,500224
1775337465592,500224
1775337465594,500224
1775337465596,500224
1775337465599,500224
1775337465601,500224
1775337465897,500224
1775337465902,500224
1775337465905,500224
1775337465908,500224
1775337465911,500224
1775337465913,500224
1775337465916,500224
1775337465919,500224
1775337465921,500224
1775337465924,500224
1775337465927,500224
1775337465929,500224
1775337465931,500224
1775337465933,500224
1775337465935,500224
1775337465937,500224
1775337465939,500224
1775337465941,500224
1775337465943,500224
1775337465945,500224
1775337465947,500224
1775337465949,500224
1775337465950,500224
1775337465952,500224
1775337465953,500224
1775337465955,500224
1775337465956,500224
1775337465957,500224
1775337465959,500224
1775337465960,500224
1775337465961,500224
1775337465963,500224
1775337465964,500224
1775337465965,500224
1775337465967,500224
1775337465975,500224
1775337465977,500224
1775337465980,500224
1775337465985,500224
1775337465987,500224
1775337465994,500224
1775337465996,500224
1775337466006,500224
1775337466019,500224
1775337466022,500224
1775337466027,500224
1775337466029,500224
1775337466032,500224
1775337466035,500224
1775337466038,500224
1775337466041,500224
1775337466044,500224
1775337466047,500224
1775337466050,500224
1775337466052,500224
1775337466054,500224
1775337466056,500224
1775337466058,500224
1775337466060,500224
1775337466062,500224
1775337466065,500224
1775337466067,500224
1775337466069,500224
1775337466071,500224
1775337466073,500224
1775337466074,500224
1775337466077,500224
1775337466081,500224
1775337466082,500224
1775337466084,500224
1775337466085,500224
1775337466087,500224
1775337466088,500224
1775337466090,500224
1775337466095,500224
1775337466099,500224
1775337466102,500224
1775337466103,500224
1775337466105,500224
1775337466109,500224
1775337466111,500224
1775337466117,500224
1775337466118,500224
1775337466120,500224
1775337466122,500224
1775337466124,500224
1775337466126,500224
1775337466128,500224
1775337466137,500224
1775337466139,500224
1775337466141,500224
1775337466143,500224
1775337466144,500224
1775337466146,500224
1775337466148,500224
1775337466151,500224
1775337466156,500224
1775337466158,500224
1775337466160,500224
1775337466162,500224
1775337466165,500224
1775337466167,500224
1775337466168,500224
1775337466170,500224
1775337466171,500224
1775337466173,500224
1775337466174,500224
1775337466175,500224
1775337466176,500224
1775337466178,500224
1775337466179,500224
1775337466180,500224
1775337466182,500224
1775337466184,500224
1775337466186,500224
1775337466187,500224
1775337466188,500224
1775337466190,500224
1775337466191,500224
1775337466192,500224
1775337466194,500224
1775337466195,500224
1775337466196,500224
1775337466197,500224
1775337466201,500224
1775337466498,500224
1775337466504,500224
1775337466507,500224
1775337466509,500224
1775337466510,500224
1775337466511,500224
1775337466513,500224
1775337466514,500224
1775337466519,500224
1775337466521,500224
1775337466524,500224
1775337466527,500224
1775337466535,500224
1775337466537,500224
1775337466538,500224
1775337466540,500224
1775337466543,500224
1775337466545,500224
1775337466548,500224
1775337466553,500224
1775337466555,500224
1775337466557,500224
1775337466558,500224
1775337466560,500224
1775337466561,500224
1775337466563,500224
1775337466564,500224
1775337466565,500224
1775337466567,500224
1775337466569,500224
1775337466571,500224
1775337466574,500224
1775337466577,500224
1775337466578,500224
1775337466580,500224
1775337466581,500224
1775337466583,500224
1775337466584,500224
1775337466586,500224
1775337466588,500224
1775337466589,500224
1775337466590,500224
1775337466599,500224
1775337466600,500224
1775337466607,500224
1775337466608,500224
1775337466611,500224
1775337466616,500224
1775337466619,500224
1775337466621,500224
1775337466626,500224
1775337466629,500224
1775337466631,500224
1775337466636,500224
1775337466639,500224
1775337466642,500224
1775337466647,500224
1775337466650,500224
1775337466652,500224
1775337466654,500224
1775337466656,500224
1775337466658,500224
1775337466660,500224
1775337466661,500224
1775337466663,500224
1775337466665,500224
1775337466666,500224
1775337466668,500224
1775337466669,500224
1775337466671,500224
1775337466672,500224
1775337466675,500224
1775337466677,500224
1775337466680,500224
1775337466682,500224
1775337466684,500224
1775337466686,500224
1775337466689,500224
1775337466695,500224
1775337466699,500224
1775337466701,500224
1775337466702,500224
1775337466709,500224
1775337466712,500224
1775337466714,500224
1775337466717,500224
1775337466720,500224
1775337466722,500224
1775337466725,500224
1775337466727,500224
1775337466730,500224
1775337466739,500224
1775337466741,500224
1775337466742,500224
1775337466744,500224
1775337466746,500224
1775337466748,500224
1775337466750,500224
1775337466751,500224
1775337466753,500224
1775337466755,500224
1775337466757,500224
1775337466761,500224
1775337466764,500224
1775337466771,500224
1775337466777,500224
1775337466780,500224
1775337466786,500224
1775337466787,500224
1775337466788,500224
1775337466792,500224
1775337466794,500224
1775337466798,500224
1775337466801,500224
1775337466803,500224
1775337466805,500224
1775337466808,500224
1775337466811,500224
1775337467100,500224
1775337467102,500224
1775337467104,500224
1775337467106,500224
1775337467107,500224
1775337467112,500224
1775337467115,500224
1775337467118,500224
1775337467120,500224
1775337467123,500224
1775337467125,500224
1775337467127,500224
1775337467128,500224
1775337467131,500224
1775337467133,500224
1775337467135,500224
1775337467136,500224
1775337467142,500224
1775337467144,500224
1775337467151,500224
1775337467154,500224
1775337467157,500224
1775337467163,500224
1775337467165,500224
1775337467171,500224
1775337467174,500224
1775337467175,500224
1775337467177,500224
1775337467178,500224
1775337467179,500224
1775337467180,500224
1775337467182,500224
1775337467183,500224
1775337467184,500224
1775337467185,500224
1775337467187,500224
1775337467188,500224
1775337467191,500224
1775337467192,500224
1775337467193,500224
1775337467196,500224
1775337467199,500224
1775337467201,500224
1775337467203,500224
1775337467204,500224
1775337467206,500224
1775337467208,500224
1775337467211,500224
1775337467214,500224
1775337467217,500224
1775337467219,500224
1775337467221,500224
1775337467233,500224
1775337467240,500224
1775337467241,500224
1775337467243,500224
1775337467246,500224
1775337467248,500224
1775337467251,500224
1775337467254,500224
1775337467257,500224
1775337467260,500224
1775337467262,500224
1775337467267,500224
1775337467270,500224
1775337467271,500224
1775337467273,500224
1775337467274,500224
1775337467276,500224
1775337467278,500224
1775337467281,500224
1775337467284,500224
1775337467286,500224
1775337467289,500224
1775337467293,500224
1775337467296,500224
1775337467298,500224
1775337467300,500224
1775337467302,500224
1775337467304,500224
1775337467306,500224
1775337467308,500224
1775337467309,500224
1775337467311,500224
1775337467314,500224
1775337467316,500224
1775337467318,500224
1775337467320,500224
1775337467321,500224
1775337467323,500224
1775337467325,500224
1775337467327,500224
1775337467332,500224
1775337467334,500224
1775337467339,500224
1775337467341,500224
1775337467342,500224
1775337467344,500224
1775337467345,500224
1775337467346,500224
1775337467348,500224
1775337467349,500224
1775337467350,500224
1775337467351,500224
1775337467353,500224
1775337467354,500224
1775337467355,500224
1775337467357,500224
1775337467364,500224
1775337467365,500224
1775337467369,500224
1775337467370,500224
1775337467371,500224
1775337467373,500224
1775337467374,500224
1775337467376,500224
1775337467378,500224
1775337467380,500224
1775337467382,500224
1775337467385,500224
1775337467701,500224
1775337467704,500224
1775337467708,500224
1775337467711,500224
1775337467713,500224
1775337467719,500224
1775337467722,500224
1775337467731,500224
1775337467734,500224
1775337467737,500224
1775337467740,500224
1775337467743,500224
1775337467746,500224
1775337467749,500224
1775337467752,500224
1775337467754,500224
1775337467756,500224
1775337467758,500224
1775337467760,500224
1775337467762,500224
1775337467763,500224
1775337467765,500224
1775337467767,500224
1775337467768,500224
1775337467770,500224
1775337467772,500224
1775337467773,500224
1775337467775,500224
1775337467777,500224
1775337467778,500224
1775337467780,500224
1775337467783,500224
1775337467785,500224
1775337467787,500224
1775337467792,500224
1775337467799,500224
1775337467801,500224
1775337467802,500224
1775337467804,500224
1775337467806,500224
1775337467808,500224
1775337467809,500224
1775337467811,500224
1775337467813,500224
1775337467815,500224
1775337467817,500224
1775337467818,500224
1775337467820,500224
1775337467824,500224
1775337467828,500224
1775337467831,500224
1775337467835,500224
1775337467838,500224
1775337467840,500224
1775337467842,500224
1775337467843,500224
1775337467844,500224
1775337467846,500224
1775337467847,500224
1775337467848,500224
1775337467849,500224
1775337467851,500224
1775337467852,500224
1775337467853,500224
1775337467854,500224
1775337467858,500224
1775337467861,500224
1775337467864,500224
1775337467866,500224
1775337467869,500224
1775337467872,500224
1775337467875,500224
1775337467877,500224
1775337467880,500224
1775337467883,500224
1775337467888,500224
1775337467893,500224
1775337467896,500224
1775337467899,500224
1775337467901,500224
1775337467904,500224
1775337467906,500224
1775337467908,500224
1775337467910,500224
1775337467912,500224
1775337467913,500224
1775337467915,500224
1775337467918,500224
1775337467923,500224
1775337467930,500224
1775337467939,500224
1775337467942,500224
1775337467945,500224
1775337467948,500224
1775337467950,500224
1775337467952,500224
1775337467954,500224
1775337467955,500224
1775337467957,500224
1775337467958,500224
1775337467959,500224
1775337467961,500224
1775337467962,500224
1775337467964,500224
1775337467966,500224
1775337467967,500224
1775337467969,500224
1775337467970,500224
1775337467972,500224
1775337468301,500224
1775337468304,500224
1775337468306,500224
1775337468309,500224
1775337468312,500224
1775337468315,500224
1775337468318,500224
1775337468322,500224
1775337468325,500224
1775337468328,500224
1775337468330,500224
1775337468333,500224
1775337468336,500224
1775337468338,500224
1775337468339,500224
1775337468343,500224
1775337468351,500224
1775337468354,500224
1775337468357,500224
1775337468362,500224
1775337468365,500224
1775337468368,500224
1775337468376,500224
1775337468380,500224
1775337468382,500224
1775337468384,500224
1775337468385,500224
1775337468387,500224
1775337468389,500224
1775337468391,500224
1775337468393,500224
1775337468396,500224
1775337468398,500224
1775337468402,500224
1775337468404,500224
1775337468406,500224
1775337468408,500224
1775337468413,500224
1775337468416,500224
1775337468418,500224
1775337468421,500224
1775337468424,500224
1775337468426,500224
1775337468429,500224
1775337468432,500224
1775337468437,500224
1775337468439,500224
1775337468441,500224
1775337468443,500224
1775337468448,500224
1775337468452,500224
1775337468454,500224
1775337468455,500224
1775337468456,500224
1775337468457,500224
1775337468459,500224
1775337468460,500224
1775337468461,500224
1775337468463,500224
1775337468464,500224
1775337468465,500224
1775337468469,500224
1775337468479,500224
1775337468481,500224
1775337468484,500224
1775337468487,500224
1775337468489,500224
1775337468491,500224
1775337468493,500224
1775337468494,500224
1775337468501,500224
1775337468504,500224
1775337468506,500224
1775337468507,500224
1775337468512,500224
1775337468514,500224
1775337468516,500224
1775337468518,500224
1775337468519,500224
1775337468521,500224
1775337468522,500224
1775337468524,500224
1775337468525,500224
1775337468527,500224
1775337468529,500224
1775337468530,500224
1775337468532,500224
1775337468533,500224
1775337468535,500224
1775337468536,500224
1775337468538,500224
1775337468539,500224
1775337468541,500224
1775337468543,500224
1775337468545,500224
1775337468548,500224
1775337468549,500224
1775337468550,500224
1775337468552,500224
1775337468554,500224
1775337468557,500224
1775337468559,500224
1775337468565,500224
1775337468567,500224
1775337468569,500224
1775337468571,500224
1775337468572,500224
1775337468574,500224
1775337468576,500224
1775337468577,500224
1775337468579,500224
1775337468581,500224
1775337468584,500224
1775337468590,500224
1775337468594,500224
1775337468597,500224
1775337468600,500224
1775337468602,500224
1775337468605,500224
1775337468608,500224
1775337468610,500224
1775337468613,500224
1775337468616,500224
1775337468618,500224
1775337468620,500224
1775337468622,500224
1775337468624,500224
1775337468626,500224
1775337468628,500224
1775337468902,500224
1775337468907,500224
1775337468910,500224
1775337468913,500224
1775337468915,500224
1775337468918,500224
1775337468921,500224
1775337468924,500224
1775337468926,500224
1775337468929,500224
1775337468931,500224
1775337468938,500224
1775337468946,500224
1775337468950,500224
1775337468954,500224
1775337468957,500224
1775337468960,500224
1775337468962,500224
1775337468964,500224
1775337468967,500224
1775337468970,500224
1775337468973,500224
1775337468975,500224
1775337468976,500224
1775337468978,500224
1775337468985,500224
1775337468990,500224
1775337468994,500224
1775337468997,500224
1775337469000,500224
1775337469003,500224
1775337469004,500224
1775337469005,500224
1775337469008,500224
1775337469011,500224
1775337469021,500224
1775337469035,500224
1775337469039,500224
1775337469040,500224
1775337469042,500224
1775337469045,500224
1775337469047,500224
1775337469048,500224
1775337469050,500224
1775337469052,500224
1775337469053,500224
1775337469055,500224
1775337469057,500224
1775337469061,500224
1775337469064,500224
1775337469066,500224
1775337469072,500224
1775337469075,500224
1775337469076,500224
1775337469078,500224
1775337469079,500224
1775337469080,500224
1775337469083,500224
1775337469085,500224
1775337469088,500224
1775337469090,500224
1775337469091,500224
1775337469093,500224
1775337469095,500224
1775337469097,500224
1775337469099,500224
1775337469101,500224
1775337469102,500224
1775337469104,500224
1775337469105,500224
1775337469107,500224
1775337469109,500224
1775337469110,500224
1775337469112,500224
1775337469113,500224
1775337469114,500224
1775337469117,500224
1775337469120,500224
1775337469128,500224
1775337469130,500224
1775337469132,500224
1775337469134,500224
1775337469136,500224
1775337469138,500224
1775337469140,500224
1775337469142,500224
1775337469144,500224
1775337469152,500224
1775337469154,500224
1775337469155,500224
1775337469157,500224
1775337469160,500224
1775337469165,500224
1775337469172,500224
1775337469177,500224
1775337469180,500224
1775337469182,500224
1775337469184,500224
1775337469185,500224
1775337469187,500224
1775337469189,500224
1775337469191,500224
1775337469192,500224
1775337469195,500224
1775337469197,500224
1775337469198,500224
1775337469199,500224
1775337469202,500224
1775337469204,500224
1775337469210,500224
1775337469212,500224
1775337469214,500224
1775337469215,500224
1775337469218,500224
1775337469220,500224
1775337469223,500224
1775337469225,500224
1775337469227,500224
1775337469228,500224
1775337469235,500224
1775337469504,500224
1775337469507,500224
1775337469511,500224
1775337469514,500224
1775337469517,500224
1775337469519,500224
1775337469521,500224
1775337469526,500224
1775337469529,500224
1775337469531,500224
1775337469533,500224
1775337469536,500224
1775337469541,500224
1775337469544,500224
1775337469550,500224
1775337469555,500224
1775337469557,500224
1775337469560,500224
1775337469563,500224
1775337469565,500224
1775337469568,500224
1775337469570,500224
1775337469573,500224
1775337469575,500224
1775337469578,500224
1775337469580,500224
1775337469582,500224
1775337469584,500224
1775337469586,500224
1775337469587,500224
1775337469590,500224
1775337469592,500224
1775337469595,500224
1775337469596,500224
1775337469597,500224
1775337469599,500224
1775337469600,500224
1775337469602,500224
1775337469603,500224
1775337469605,500224
1775337469606,500224
1775337469617,500224
1775337469620,500224
1775337469622,500224
1775337469631,500224
1775337469639,500224
1775337469640,500224
1775337469650,500224
1775337469654,500224
1775337469657,500224
1775337469659,500224
1775337469661,500224
1775337469664,500224
1775337469666,500224
1775337469672,500224
1775337469678,500224
1775337469682,500224
1775337469685,500224
1775337469687,500224
1775337469690,500224
1775337469693,500224
1775337469696,500224
1775337469698,500224
1775337469701,500224
1775337469704,500224
1775337469707,500224
1775337469710,500224
1775337469712,500224
1775337469714,500224
1775337469716,500224
1775337469721,500224
1775337469723,500224
1775337469726,500224
1775337469729,500224
1775337469732,500224
1775337469734,500224
1775337469736,500224
1775337469739,500224
1775337469743,500224
1775337469747,500224
1775337469748,500224
1775337469749,500224
1775337469751,500224
1775337469752,500224
1775337469753,500224
1775337469756,500224
1775337469757,500224
1775337469763,500224
1775337469765,500224
1775337469772,500224
1775337469773,500224
1775337469783,500224
1775337469787,500224
1775337469790,500224
1775337469792,500224
1775337469793,500224
1775337469795,500224
1775337469797,500224
1775337469800,500224
1775337469804,500224
1775337469807,500224
1775337469809,500224
1775337469811,500224
1775337469815,500224
1775337469817,500224
1775337470106,500224
1775337470110,500224
1775337470116,500224
1775337470119,500224
1775337470125,500224
1775337470127,500224
1775337470130,500224
1775337470132,500224
1775337470134,500224
1775337470137,500224
1775337470139,500224
1775337470140,500224
1775337470142,500224
1775337470145,500224
1775337470147,500224
1775337470150,500224
1775337470152,500224
1775337470160,500224
1775337470162,500224
1775337470167,500224
1775337470170,500224
1775337470177,500224
1775337470179,500224
1775337470182,500224
1775337470184,500224
1775337470186,500224
1775337470188,500224
1775337470190,500224
1775337470192,500224
1775337470194,500224
1775337470197,500224
1775337470198,500224
1775337470200,500224
1775337470202,500224
1775337470204,500224
1775337470205,500224
1775337470208,500224
1775337470210,500224
1775337470212,500224
1775337470214,500224
1775337470217,500224
1775337470219,500224
1775337470221,500224
1775337470223,500224
1775337470233,500224
1775337470237,500224
1775337470239,500224
1775337470241,500224
1775337470243,500224
1775337470245,500224
1775337470247,500224
1775337470250,500224
1775337470252,500224
1775337470254,500224
1775337470256,500224
1775337470258,500224
1775337470266,500224
1775337470269,500224
1775337470271,500224
1775337470274,500224
1775337470277,500224
1775337470279,500224
1775337470282,500224
1775337470284,500224
1775337470288,500224
1775337470292,500224
1775337470297,500224
1775337470299,500224
1775337470301,500224
1775337470303,500224
1775337470307,500224
1775337470309,500224
1775337470312,500224
1775337470314,500224
1775337470319,500224
1775337470320,500224
1775337470323,500224
1775337470326,500224
1775337470328,500224
1775337470331,500224
1775337470333,500224
1775337470335,500224
1775337470337,500224
1775337470342,500224
1775337470347,500224
1775337470349,500224
1775337470355,500224
1775337470357,500224
1775337470358,500224
1775337470361,500224
1775337470364,500224
1775337470367,500224
1775337470370,500224
1775337470373,500224
1775337470375,500224
1775337470376,500224
1775337470378,500224
1775337470380,500224
1775337470383,500224
1775337470385,500224
1775337470386,500224
1775337470387,500224
1775337470391,500224
1775337470394,500224
1775337470397,500224
1775337470398,500224
1775337470400,500224
1775337470402,500224
1775337470404,500224
1775337470416,500224
1775337470425,500224
1775337470432,500224
1775337470435,500224
1775337470437,500224
1775337470439,500224
1775337470440,500224
1775337470442,500224
1775337470704,500224
1775337470706,500224
1775337470708,500224
1775337470709,500224
1775337470710,500224
1775337470712,500224
1775337470715,500224
1775337470717,500224
1775337470718,500224
1775337470722,500224
1775337470723,500224
1775337470726,500224
1775337470728,500224
1775337470730,500224
1775337470732,500224
1775337470734,500224
1775337470735,500224
1775337470738,500224
1775337470740,500224
1775337470743,500224
1775337470746,500224
1775337470748,500224
1775337470749,500224
1775337470751,500224
1775337470753,500224
1775337470754,500224
1775337470756,500224
1775337470758,500224
1775337470760,500224
1775337470762,500224
1775337470770,500224
1775337470773,500224
1775337470775,500224
1775337470780,500224
1775337470784,500224
1775337470790,500224
1775337470794,500224
1775337470797,500224
1775337470802,500224
1775337470803,500224
1775337470810,500224
1775337470813,500224
1775337470815,500224
1775337470818,500224
1775337470820,500224
1775337470822,500224
1775337470825,500224
1775337470828,500224
1775337470831,500224
1775337470834,500224
1775337470841,500224
1775337470845,500224
1775337470847,500224
1775337470849,500224
1775337470850,500224
1775337470852,500224
1775337470854,500224
1775337470856,500224
1775337470858,500224
1775337470860,500224
1775337470862,500224
1775337470864,500224
1775337470873,500224
1775337470876,500224
1775337470880,500224
1775337470882,500224
1775337470884,500224
1775337470886,500224
1775337470889,500224
1775337470891,500224
1775337470894,500224
1775337470897,500224
1775337470899,500224
1775337470902,500224
1775337470905,500224
1775337470907,500224
1775337470910,500224
1775337470911,500224
1775337470913,500224
1775337470915,500224
1775337470917,500224
1775337470920,500224
1775337470921,500224
1775337470923,500224
1775337470925,500224
1775337470927,500224
1775337470931,500224
1775337470933,500224
1775337470936,500224
1775337470937,500224
1775337470940,500224
1775337470944,500224
1775337470945,500224
1775337470947,500224
1775337470949,500224
1775337470951,500224
1775337470952,500224
1775337470963,500224
1775337470965,500224
1775337470968,500224
1775337470971,500224
1775337470973,500224
1775337470976,500224
1775337470979,500224
1775337470980,500224
1775337470982,500224
1775337470986,500224
1775337470988,500224
1775337470990,500224
1775337470992,500224
1775337470995,500224
1775337470998,500224
1775337471001,500224
1775337471004,500224
1775337471007,500224
1775337471008,500224
1775337471010,500224
1775337471011,500224
1775337471013,500224
1775337471015,500224
1775337471018,500224
1775337471021,500224
1775337471024,500224
1775337471026,500224
1775337471027,500224
1775337471028,500224
1775337471029,500224
1775337471031,500224
1775337471033,500224
1775337471034,500224
1775337471035,500224
1775337471037,500224
1775337471040,500224
1775337471043,500224
1775337471047,500224
1775337471049,500224
1775337471050,500224
1775337471053,500224
1775337471054,500224
1775337471056,500224
1775337471057,500224
1775337471058,500224
1775337471060,500224
1775337471062,500224
1775337471064,500224
1775337471065,500224
1775337471071,500224
1775337471072,500224
1775337471305,500224
1775337471311,500224
1775337471314,500224
1775337471317,500224
1775337471318,500224
1775337471320,500224
1775337471326,500224
1775337471329,500224
1775337471331,500224
1775337471337,500224
1775337471339,500224
1775337471341,500224
1775337471343,500224
1775337471344,500224
1775337471346,500224
1775337471348,500224
1775337471351,500224
1775337471354,500224
1775337471359,500224
1775337471369,500224
1775337471372,500224
1775337471377,500224
1775337471379,500224
1775337471380,500224
1775337471381,500224
1775337471383,500224
1775337471384,500224
1775337471385,500224
1775337471387,500224
1775337471388,500224
1775337471389,500224
1775337471390,500224
1775337471392,500224
1775337471393,500224
1775337471394,500224
1775337471396,500224
1775337471397,500224
1775337471399,500224
1775337471400,500224
1775337471401,500224
1775337471406,500224
1775337471410,500224
1775337471416,500224
1775337471421,500224
1775337471423,500224
1775337471426,500224
1775337471433,500224
1775337471438,500224
1775337471441,500224
1775337471442,500224
1775337471444,500224
1775337471445,500224
1775337471447,500224
1775337471449,500224
1775337471451,500224
1775337471453,500224
1775337471455,500224
1775337471456,500224
1775337471457,500224
1775337471459,500224
1775337471460,500224
1775337471462,500224
1775337471466,500224
1775337471468,500224
1775337471469,500224
1775337471470,500224
1775337471472,500224
1775337471473,500224
1775337471475,500224
1775337471476,500224
1775337471477,500224
1775337471478,500224
1775337471480,500224
1775337471481,500224
1775337471488,500224
1775337471489,500224
1775337471492,500224
1775337471495,500224
1775337471497,500224
1775337471498,500224
1775337471499,500224
1775337471503,500224
1775337471506,500224
1775337471508,500224
1775337471510,500224
1775337471512,500224
1775337471514,500224
1775337471515,500224
1775337471517,500224
1775337471519,500224
1775337471522,500224
1775337471524,500224
1775337471526,500224
1775337471528,500224
1775337471531,500224
1775337471533,500224
1775337471534,500224
1775337471536,500224
1775337471538,500224
1775337471541,500224
1775337471544,500224
1775337471545,500224
1775337471546,500224
1775337471549,500224
1775337471554,500224
1775337471557,500224
1775337471563,500224
1775337471566,500224
1775337471568,500224
1775337471910,500224
1775337471913,500224
1775337471916,500224
1775337471918,500224
1775337471921,500224
1775337471923,500224
1775337471927,500224
1775337471931,500224
1775337471938,500224
1775337471944,500224
1775337471946,500224
1775337471949,500224
1775337471952,500224
1775337471954,500224
1775337471957,500224
1775337471960,500224
1775337471962,500224
1775337471964,500224
1775337471966,500224
1775337471968,500224
1775337471971,500224
1775337471972,500224
1775337471975,500224
1775337471979,500224
1775337471981,500224
1775337471983,500224
1775337471984,500224
1775337471987,500224
1775337471989,500224
1775337471991,500224
1775337471993,500224
1775337471995,500224
1775337471997,500224
1775337471998,500224
1775337472000,500224
1775337472002,500224
1775337472004,500224
1775337472007,500224
1775337472009,500224
1775337472010,500224
1775337472014,500224
1775337472016,500224
1775337472018,500224
1775337472019,500224
1775337472021,500224
1775337472025,500224
1775337472028,500224
1775337472036,500224
1775337472039,500224
1775337472041,500224
1775337472043,500224
1775337472051,500224
1775337472065,500224
1775337472066,500224
1775337472068,500224
1775337472069,500224
1775337472070,500224
1775337472071,500224
1775337472077,500224
1775337472079,500224
1775337472082,500224
1775337472083,500224
1775337472085,500224
1775337472088,500224
1775337472091,500224
1775337472095,500224
1775337472097,500224
1775337472100,500224
1775337472101,500224
1775337472106,500224
1775337472108,500224
1775337472111,500224
1775337472114,500224
1775337472116,500224
1775337472118,500224
1775337472120,500224
1775337472121,500224
1775337472122,500224
1775337472123,500224
1775337472125,500224
1775337472126,500224
1775337472127,500224
1775337472128,500224
1775337472130,500224
1775337472138,500224
1775337472141,500224
1775337472143,500224
1775337472146,500224
1775337472149,500224
1775337472151,500224
1775337472154,500224
1775337472158,500224
1775337472161,500224
1775337472166,500224
1775337472168,500224
1775337472169,500224
1775337472170,500224
1775337472171,500224
1775337472172,500224
1775337472174,500224
1775337472175,500224
1775337472176,500224
1775337472178,500224
1775337472179,500224
1775337472180,500224
1775337472182,500224
1775337472183,500224
1775337472186,500224
1775337472188,500224
1775337472191,500224
1775337472194,500224
1775337472196,500224
1775337472507,500224
1775337472510,500224
1775337472512,500224
1775337472515,500224
1775337472518,500224
1775337472521,500224
1775337472523,500224
1775337472524,500224
1775337472526,500224
1775337472535,500224
1775337472543,500224
1775337472545,500224
1775337472548,500224
1775337472551,500224
1775337472553,500224
1775337472556,500224
1775337472558,500224
1775337472560,500224
1775337472562,500224
1775337472564,500224
1775337472566,500224
1775337472568,500224
1775337472570,500224
1775337472585,500224
1775337472589,500224
1775337472594,500224
1775337472597,500224
1775337472600,500224
1775337472602,500224
1775337472606,500224
1775337472608,500224
1775337472611,500224
1775337472614,500224
1775337472621,500224
1775337472624,500224
1775337472626,500224
1775337472628,500224
1775337472631,500224
1775337472633,500224
1775337472636,500224
1775337472638,500224
1775337472641,500224
1775337472643,500224
1775337472649,500224
1775337472651,500224
1775337472654,500224
1775337472658,500224
1775337472660,500224
1775337472663,500224
1775337472666,500224
1775337472669,500224
1775337472676,500224
1775337472680,500224
1775337472682,500224
1775337472685,500224
1775337472691,500224
1775337472700,500224
1775337472703,500224
1775337472705,500224
1775337472712,500224
1775337472714,500224
1775337472717,500224
1775337472719,500224
1775337472722,500224
1775337472724,500224
1775337472727,500224
1775337472729,500224
1775337472731,500224
1775337472733,500224
1775337472734,500224
1775337472737,500224
1775337472739,500224
1775337472741,500224
1775337472746,500224
1775337472771,500224
1775337472775,500224
1775337472777,500224
1775337472780,500224
1775337472783,500224
1775337472785,500224
1775337472787,500224
1775337472791,500224
1775337472794,500224
1775337472798,500224
1775337472799,500224
1775337472801,500224
1775337472802,500224
1775337472803,500224
1775337472805,500224
1775337472806,500224
1775337472807,500224
1775337472809,500224
1775337472811,500224
1775337472813,500224
1775337472816,500224
1775337472818,500224
1775337472823,500224
1775337472826,500224
1775337472833,500224
1775337472842,500224
1775337472845,500224
1775337472847,500224
1775337472851,500224
1775337472854,500224
1775337472857,500224
1775337472860,500224
1775337472866,500224
1775337472869,500224
1775337472872,500224
1775337472874,500224
1775337472877,500224
1775337472881,500224
1775337472884,500224
1775337472886,500224
1775337472889,500224
1775337472891,500224
1775337472893,500224
1775337472896,500224
1775337472897,500224
1775337472899,500224
1775337472901,500224
1775337472902,500224
1775337472904,500224
1775337472906,500224
1775337472907,500224
1775337472918,500224
1775337472928,500224
1775337472930,500224
1775337472933,500224
1775337472938,500224
1775337472941,500224
1775337472944,500224
1775337472946,500224
1775337473108,500224
1775337473111,500224
1775337473113,500224
1775337473115,500224
1775337473118,500224
1775337473120,500224
1775337473122,500224
1775337473124,500224
1775337473125,500224
1775337473127,500224
1775337473130,500224
1775337473132,500224
1775337473133,500224
1775337473135,500224
1775337473137,500224
1775337473143,500224
1775337473146,500224
1775337473149,500224
1775337473154,500224
1775337473157,500224
1775337473160,500224
1775337473163,500224
1775337473167,500224
1775337473169,500224
1775337473179,500224
1775337473181,500224
1775337473183,500224
1775337473184,500224
1775337473188,500224
1775337473191,500224
1775337473195,500224
1775337473196,500224
1775337473198,500224
1775337473200,500224
1775337473201,500224
1775337473203,500224
1775337473205,500224
1775337473209,500224
1775337473210,500224
1775337473213,500224
1775337473214,500224
1775337473216,500224
1775337473217,500224
1775337473218,500224
1775337473220,500224
1775337473224,500224
1775337473227,500224
1775337473229,500224
1775337473230,500224
1775337473233,500224
1775337473239,500224
1775337473242,500224
1775337473246,500224
1775337473253,500224
1775337473254,500224
1775337473256,500224
1775337473258,500224
1775337473260,500224
1775337473263,500224
1775337473267,500224
1775337473270,500224
1775337473273,500224
1775337473275,500224
1775337473277,500224
1775337473280,500224
1775337473283,500224
1775337473286,500224
1775337473288,500224
1775337473296,500224
1775337473307,500224
1775337473313,500224
1775337473315,500224
1775337473317,500224
1775337473319,500224
1775337473321,500224
1775337473323,500224
1775337473324,500224
1775337473326,500224
1775337473328,500224
1775337473330,500224
1775337473337,500224
1775337473339,500224
1775337473341,500224
1775337473344,500224
1775337473346,500224
1775337473350,500224
1775337473353,500224
1775337473356,500224
1775337473358,500224
1775337473361,500224
1775337473363,500224
1775337473365,500224
1775337473367,500224
1775337473369,500224
1775337473372,500224
1775337473375,500224
1775337473382,500224
1775337473385,500224
1775337473388,500224
1775337473391,500224
1775337473394,500224
1775337473403,500224
1775337473405,500224
1775337473407,500224
1775337473409,500224
1775337473412,500224
1775337473414,500224
1775337473417,500224
1775337473421,500224
1775337473424,500224
1775337473426,500224
1775337473429,500224
1775337473432,500224
1775337473435,500224
1775337473437,500224
1775337473440,500224
1775337473442,500224
1775337473445,500224
1775337473447,500224
1775337473449,500224
1775337473452,500224
1775337473454,500224
1775337473456,500224
1775337473458,500224
1775337473462,500224
1775337473464,500224
1775337473465,500224
1775337473720,500224
1775337473723,500224
1775337473727,500224
1775337473730,500224
1775337473734,500224
1775337473737,500224
1775337473741,500224
1775337473744,500224
1775337473747,500224
1775337473750,500224
1775337473752,500224
1775337473755,500224
1775337473758,500224
1775337473760,500224
1775337473763,500224
1775337473765,500224
1775337473767,500224
1775337473781,500224
1775337473787,500224
1775337473789,500224
1775337473791,500224
1775337473793,500224
1775337473795,500224
1775337473798,500224
1775337473806,500224
1775337473809,500224
1775337473811,500224
1775337473814,500224
1775337473816,500224
1775337473818,500224
1775337473820,500224
1775337473821,500224
1775337473823,500224
1775337473826,500224
1775337473829,500224
1775337473830,500224
1775337473832,500224
1775337473833,500224
1775337473836,500224
1775337473838,500224
1775337473840,500224
1775337473841,500224
1775337473843,500224
1775337473845,500224
1775337473846,500224
1775337473848,500224
1775337473849,500224
1775337473850,500224
1775337473852,500224
1775337473861,500224
1775337473864,500224
1775337473866,500224
1775337473875,500224
1775337473879,500224
1775337473880,500224
1775337473882,500224
1775337473883,500224
1775337473887,500224
1775337473890,500224
1775337473893,500224
1775337473894,500224
1775337473895,500224
1775337473897,500224
1775337473898,500224
1775337473899,500224
1775337473901,500224
1775337473911,500224
1775337473917,500224
1775337473921,500224
1775337473925,500224
1775337473927,500224
1775337473930,500224
1775337473934,500224
1775337473937,500224
1775337473940,500224
1775337473943,500224
1775337473946,500224
1775337473948,500224
1775337473951,500224
1775337473954,500224
1775337473956,500224
1775337473959,500224
1775337473961,500224
1775337473966,500224
1775337473968,500224
1775337473971,500224
1775337473973,500224
1775337473975,500224
1775337473977,500224
1775337473979,500224
1775337473981,500224
1775337473983,500224
1775337473986,500224
1775337473988,500224
1775337473990,500224
1775337473996,500224
1775337474000,500224
1775337474002,500224
1775337474004,500224
1775337474006,500224
1775337474007,500224
1775337474009,500224
1775337474011,500224
1775337474013,500224
1775337474016,500224
1775337474017,500224
1775337474018,500224
1775337474020,500224
1775337474021,500224
1775337474022,500224
1775337474023,500224
1775337474025,500224
1775337474026,500224
1775337474028,500224
1775337474029,500224
1775337474031,500224
1775337474032,500224
1775337474310,500224
1775337474313,500224
1775337474316,500224
1775337474319,500224
1775337474321,500224
1775337474323,500224
1775337474325,500224
1775337474327,500224
1775337474330,500224
1775337474332,500224
1775337474335,500224
1775337474336,500224
1775337474338,500224
1775337474340,500224
1775337474345,500224
1775337474347,500224
1775337474348,500224
1775337474350,500224
1775337474352,500224
1775337474353,500224
1775337474355,500224
1775337474356,500224
1775337474362,500224
1775337474365,500224
1775337474366,500224
1775337474368,500224
1775337474369,500224
1775337474375,500224
1775337474377,500224
1775337474379,500224
1775337474381,500224
1775337474385,500224
1775337474389,500224
1775337474392,500224
1775337474394,500224
1775337474397,500224
1775337474400,500224
1775337474402,500224
1775337474406,500224
1775337474409,500224
1775337474411,500224
1775337474415,500224
1775337474417,500224
1775337474421,500224
1775337474423,500224
1775337474428,500224
1775337474434,500224
1775337474435,500224
1775337474437,500224
1775337474438,500224
1775337474440,500224
1775337474441,500224
1775337474443,500224
1775337474444,500224
1775337474445,500224
1775337474449,500224
1775337474455,500224
1775337474457,500224
1775337474460,500224
1775337474462,500224
1775337474465,500224
1775337474467,500224
1775337474469,500224
1775337474472,500224
1775337474476,500224
1775337474477,500224
1775337474479,500224
1775337474483,500224
1775337474490,500224
1775337474493,500224
1775337474496,500224
1775337474498,500224
1775337474500,500224
1775337474501,500224
1775337474505,500224
1775337474506,500224
1775337474508,500224
1775337474511,500224
1775337474513,500224
1775337474515,500224
1775337474517,500224
1775337474520,500224
1775337474522,500224
1775337474525,500224
1775337474526,500224
1775337474530,500224
1775337474532,500224
1775337474534,500224
1775337474536,500224
1775337474538,500224
1775337474540,500224
1775337474542,500224
1775337474544,500224
1775337474551,500224
1775337474556,500224
1775337474558,500224
1775337474562,500224
1775337474564,500224
1775337474565,500224
1775337474567,500224
1775337474570,500224
1775337474572,500224
1775337474574,500224
1775337474576,500224
1775337474582,500224
1775337474584,500224
1775337474585,500224
1775337474589,500224
1775337474591,500224
1775337474594,500224
1775337474597,500224
1775337474599,500224
1775337474600,500224
1775337474602,500224
1775337474604,500224
1775337474606,500224
1775337474608,500224
1775337474610,500224
1775337474910,500224
1775337474911,500224
1775337474912,500224
1775337474915,500224
1775337474917,500224
1775337474918,500224
1775337474921,500224
1775337474922,500224
1775337474926,500224
1775337474930,500224
1775337474933,500224
1775337474937,500224
1775337474940,500224
1775337474943,500224
1775337474945,500224
1775337474947,500224
1775337474950,500224
1775337474952,500224
1775337474954,500224
1775337474955,500224
1775337474956,500224
1775337474963,500224
1775337474965,500224
1775337474966,500224
1775337474968,500224
1775337474975,500224
1775337474980,500224
1775337474982,500224
1775337474983,500224
1775337474986,500224
1775337474987,500224
1775337474989,500224
1775337474992,500224
1775337474996,500224
1775337475000,500224
1775337475004,500224
1775337475008,500224
1775337475011,500224
1775337475014,500224
1775337475017,500224
1775337475020,500224
1775337475022,500224
1775337475025,500224
1775337475026,500224
1775337475028,500224
1775337475030,500224
1775337475031,500224
1775337475033,500224
1775337475034,500224
1775337475036,500224
1775337475037,500224
1775337475039,500224
1775337475041,500224
1775337475043,500224
1775337475045,500224
1775337475047,500224
1775337475048,500224
1775337475050,500224
1775337475051,500224
1775337475052,500224
1775337475054,500224
1775337475056,500224
1775337475057,500224
1775337475059,500224
1775337475061,500224
1775337475062,500224
1775337475063,500224
1775337475065,500224
1775337475066,500224
1775337475069,500224
1775337475070,500224
1775337475072,500224
1775337475074,500224
1775337475076,500224
1775337475077,500224
1775337475079,500224
1775337475080,500224
1775337475082,500224
1775337475083,500224
1775337475084,500224
1775337475086,500224
1775337475088,500224
1775337475090,500224
1775337475091,500224
1775337475094,500224
1775337475100,500224
1775337475103,500224
1775337475108,500224
1775337475114,500224
1775337475118,500224
1775337475121,500224
1775337475124,500224
1775337475125,500224
1775337475127,500224
1775337475130,500224
1775337475133,500224
1775337475135,500224
1775337475138,500224
1775337475141,500224
1775337475147,500224
1775337475150,500224
1775337475154,500224
1775337475155,500224
1775337475160,500224
1775337475162,500224
1775337475167,500224
1775337475168,500224
1775337475171,500224
1775337475173,500224
1775337475174,500224
1775337475176,500224
1775337475177,500224
1775337475180,500224
1775337475183,500224
1775337475185,500224
1775337475512,500224
1775337475515,500224
1775337475518,500224
1775337475522,500224
1775337475525,500224
1775337475528,500224
1775337475530,500224
1775337475533,500224
1775337475536,500224
1775337475538,500224
1775337475539,500224
1775337475541,500224
1775337475543,500224
1775337475544,500224
1775337475546,500224
1775337475548,500224
1775337475550,500224
1775337475551,500224
1775337475554,500224
1775337475556,500224
1775337475558,500224
1775337475559,500224
1775337475561,500224
1775337475563,500224
1775337475565,500224
1775337475566,500224
1775337475568,500224
1775337475570,500224
1775337475571,500224
1775337475574,500224
1775337475576,500224
1775337475578,500224
1775337475582,500224
1775337475584,500224
1775337475586,500224
1775337475590,500224
1775337475592,500224
1775337475593,500224
1775337475598,500224
1775337475607,500224
1775337475610,500224
1775337475616,500224
1775337475620,500224
1775337475623,500224
1775337475625,500224
1775337475627,500224
1775337475629,500224
1775337475631,500224
1775337475632,500224
1775337475634,500224
1775337475636,500224
1775337475638,500224
1775337475645,500224
1775337475648,500224
1775337475651,500224
1775337475653,500224
1775337475656,500224
1775337475659,500224
1775337475661,500224
1775337475664,500224
1775337475666,500224
1775337475668,500224
1775337475671,500224
1775337475673,500224
1775337475675,500224
1775337475677,500224
1775337475678,500224
1775337475680,500224
1775337475681,500224
1775337475684,500224
1775337475686,500224
1775337475688,500224
1775337475690,500224
1775337475692,500224
1775337475694,500224
1775337475695,500224
1775337475702,500224
1775337475705,500224
1775337475707,500224
1775337475710,500224
1775337475711,500224
1775337475720,500224
1775337475721,500224
1775337475723,500224
1775337475725,500224
1775337475728,500224
1775337475731,500224
1775337475734,500224
1775337475736,500224
1775337475739,500224
1775337475745,500224
1775337475748,500224
1775337475754,500224
1775337475756,500224
1775337475758,500224
1775337475760,500224
1775337475761,500224
1775337475762,500224
1775337475763,500224
1775337475765,500224
1775337475766,500224
1775337475767,500224
1775337475768,500224
1775337475770,500224
1775337475771,500224
1775337475772,500224
1775337475776,500224
1775337475778,500224
1775337475781,500224
1775337475783,500224
1775337475785,500224
1775337475788,500224
1775337475793,500224
1775337475796,500224
1775337475797,500224
1775337475799,500224
1775337475801,500224
1775337475803,500224
1775337475805,500224
1775337475806,500224
1775337475807,500224
1775337475809,500224
1775337475810,500224
1775337475813,500224
1775337475814,500224
1775337475816,500224
1775337475819,500224
1775337475824,500224
1775337475826,500224
1775337475829,500224
1775337476110,500224
1775337476114,500224
1775337476116,500224
1775337476118,500224
1775337476130,500224
1775337476132,500224
1775337476133,500224
1775337476134,500224
1775337476136,500224
1775337476139,500224
1775337476140,500224
1775337476143,500224
1775337476147,500224
1775337476149,500224
1775337476150,500224
1775337476152,500224
1775337476155,500224
1775337476157,500224
1775337476159,500224
1775337476161,500224
1775337476162,500224
1775337476165,500224
1775337476168,500224
1775337476170,500224
1775337476171,500224
1775337476173,500224
1775337476174,500224
1775337476176,500224
1775337476179,500224
1775337476181,500224
1775337476184,500224
1775337476186,500224
1775337476188,500224
1775337476190,500224
1775337476194,500224
1775337476197,500224
1775337476199,500224
1775337476200,500224
1775337476203,500224
1775337476205,500224
1775337476206,500224
1775337476207,500224
1775337476209,500224
1775337476210,500224
1775337476213,500224
1775337476215,500224
1775337476218,500224
1775337476221,500224
1775337476224,500224
1775337476227,500224
1775337476229,500224
1775337476231,500224
1775337476233,500224
1775337476235,500224
1775337476238,500224
1775337476242,500224
1775337476243,500224
1775337476245,500224
1775337476246,500224
1775337476248,500224
1775337476250,500224
1775337476252,500224
1775337476254,500224
1775337476255,500224
1775337476256,500224
1775337476259,500224
1775337476261,500224
1775337476263,500224
1775337476265,500224
1775337476267,500224
1775337476268,500224
1775337476270,500224
1775337476273,500224
1775337476274,500224
1775337476276,500224
1775337476279,500224
1775337476281,500224
1775337476283,500224
1775337476285,500224
1775337476287,500224
1775337476293,500224
1775337476295,500224
1775337476301,500224
1775337476304,500224
1775337476306,500224
1775337476308,500224
1775337476310,500224
1775337476311,500224
1775337476312,500224
1775337476314,500224
1775337476315,500224
1775337476316,500224
1775337476321,500224
1775337476324,500224
1775337476328,500224
1775337476352,500224
1775337476367,500224
1775337476368,500224
1775337476370,500224
1775337476371,500224
1775337476372,500224
1775337476374,500224
1775337476375,500224
1775337476376,500224
1775337476379,500224
1775337476382,500224
1775337476383,500224
1775337476386,500224
1775337476388,500224
1775337476396,500224
1775337476398,500224
1775337476400,500224
1775337476401,500224
1775337476405,500224
1775337476409,500224
1775337476412,500224
1775337476415,500224
1775337476418,500224
1775337476420,500224
1775337476422,500224
1775337476426,500224
1775337476427,500224
1775337476429,500224
1775337476430,500224
1775337476432,500224
1775337476625,500224
1775337476626,500224
1775337476631,500224
1775337476635,500224
1775337476639,500224
1775337476642,500224
1775337476645,500224
1775337476647,500224
1775337476650,500224
1775337476652,500224
1775337476654,500224
1775337476656,500224
1775337476662,500224
1775337476666,500224
1775337476667,500224
1775337476669,500224
1775337476671,500224
1775337476673,500224
1775337476675,500224
1775337476676,500224
1775337476678,500224
1775337476681,500224
1775337476684,500224
1775337476687,500224
1775337476688,500224
1775337476690,500224
1775337476691,500224
1775337476692,500224
1775337476696,500224
1775337476698,500224
1775337476700,500224
1775337476701,500224
1775337476704,500224
1775337476706,500224
1775337476709,500224
1775337476710,500224
1775337476712,500224
1775337476714,500224
1775337476716,500224
1775337476717,500224
1775337476719,500224
1775337476726,500224
1775337476729,500224
1775337476732,500224
1775337476735,500224
1775337476737,500224
1775337476741,500224
1775337476743,500224
1775337476745,500224
1775337476747,500224
1775337476749,500224
1775337476751,500224
1775337476753,500224
1775337476755,500224
1775337476757,500224
1775337476758,500224
1775337476760,500224
1775337476761,500224
1775337476762,500224
1775337476764,500224
1775337476765,500224
1775337476768,500224
1775337476774,500224
1775337476778,500224
1775337476784,500224
1775337476789,500224
1775337476791,500224
1775337476792,500224
1775337476806,500224
1775337476818,500224
1775337476821,500224
1775337476823,500224
1775337476825,500224
1775337476827,500224
1775337476830,500224
1775337476832,500224
1775337476833,500224
1775337476836,500224
1775337476837,500224
1775337476839,500224
1775337476840,500224
1775337476842,500224
1775337476843,500224
1775337476845,500224
1775337476846,500224
1775337476848,500224
1775337476849,500224
1775337476851,500224
1775337476853,500224
1775337476855,500224
1775337476856,500224
1775337476858,500224
1775337476862,500224
1775337476864,500224
1775337476865,500224
1775337476868,500224
1775337476871,500224
1775337476875,500224
1775337476877,500224
1775337476879,500224
1775337476881,500224
1775337476882,500224
1775337476884,500224
1775337476885,500224
1775337476887,500224
1775337476888,500224
1775337476892,500224
1775337476896,500224
1775337476904,500224
1775337476908,500224
1775337476915,500224
1775337476920,500224
1775337476923,500224
1775337476925,500224
1775337476927,500224
1775337476930,500224
1775337476932,500224
1775337477230,500224
1775337477232,500224
1775337477234,500224
1775337477236,500224
1775337477242,500224
1775337477245,500224
1775337477254,500224
1775337477259,500224
1775337477262,500224
1775337477266,500224
1775337477271,500224
1775337477274,500224
1775337477276,500224
1775337477278,500224
1775337477280,500224
1775337477282,500224
1775337477284,500224
1775337477287,500224
1775337477290,500224
1775337477293,500224
1775337477296,500224
1775337477299,500224
1775337477303,500224
1775337477307,500224
1775337477309,500224
1775337477312,500224
1775337477315,500224
1775337477322,500224
1775337477325,500224
1775337477327,500224
1775337477331,500224
1775337477334,500224
1775337477338,500224
1775337477341,500224
1775337477344,500224
1775337477346,500224
1775337477349,500224
1775337477351,500224
1775337477357,500224
1775337477359,500224
1775337477362,500224
1775337477365,500224
1775337477368,500224
1775337477371,500224
1775337477374,500224
1775337477377,500224
1775337477380,500224
1775337477383,500224
1775337477386,500224
1775337477398,500224
1775337477404,500224
1775337477407,500224
1775337477411,500224
1775337477419,500224
1775337477421,500224
1775337477425,500224
1775337477429,500224
1775337477437,500224
1775337477439,500224
1775337477442,500224
1775337477444,500224
1775337477446,500224
1775337477449,500224
1775337477451,500224
1775337477453,500224
1775337477455,500224
1775337477458,500224
1775337477459,500224
1775337477462,500224
1775337477467,500224
1775337477470,500224
1775337477474,500224
1775337477476,500224
1775337477477,500224
1775337477479,500224
1775337477481,500224
1775337477482,500224
1775337477485,500224
1775337477487,500224
1775337477489,500224
1775337477492,500224
1775337477495,500224
1775337477498,500224
1775337477501,500224
1775337477504,500224
1775337477508,500224
1775337477513,500224
1775337477516,500224
1775337477520,500224
1775337477523,500224
1775337477525,500224
1775337477533,500224
1775337477535,500224
1775337477537,500224
1775337477539,500224
1775337477542,500224
1775337477549,500224
1775337477551,500224
1775337477558,500224
1775337477561,500224
1775337477563,500224
1775337477571,500224
1775337477575,500224
1775337477578,500224
1775337477585,500224
1775337477587,500224
1775337477591,500224
1775337477593,500224
1775337477595,500224
1775337477598,500224
1775337477603,500224
1775337477611,500224
1775337477614,500224
1775337477617,500224
1775337477620,500224
1775337477623,500224
1775337477627,500224
1775337477630,500224
1775337477633,500224
1775337477636,500224
1775337477638,500224
1775337477639,500224
1775337477641,500224
1775337477642,500224
1775337477644,500224
1775337477646,500224
1775337477649,500224
1775337477826,500224
1775337478568,500224
1775337478572,500224
1775337478574,500224
1775337478576,500224
1775337478578,500224
1775337478581,500224
1775337478583,500224
1775337478586,500224
1775337478608,500224
1775337478614,500224
1775337478615,500224
1775337478617,500224
1775337478619,500224
1775337478621,500224
1775337478622,500224
1775337478625,500224
1775337478627,500224
1775337478628,500224
1775337478630,500224
1775337478631,500224
1775337478633,500224
1775337478638,500224
1775337478642,500224
1775337478646,500224
1775337478649,500224
1775337478652,500224
1775337478653,500224
1775337478656,500224
1775337478659,500224
1775337478662,500224
1775337478664,500224
1775337478667,500224
1775337478669,500224
1775337478672,500224
1775337478674,500224
1775337478676,500224
1775337478679,500224
1775337478681,500224
1775337478689,500224
1775337478690,500224
1775337478694,500224
1775337478698,500224
1775337478701,500224
1775337478704,500224
1775337478707,500224
1775337478711,500224
1775337478713,500224
1775337478716,500224
1775337478718,500224
1775337478721,500224
1775337478727,500224
1775337478732,500224
1775337478739,500224
1775337478740,500224
1775337478742,500224
1775337478745,500224
1775337478747,500224
1775337478749,500224
1775337478750,500224
1775337478752,500224
1775337478754,500224
1775337478758,500224
1775337478762,500224
1775337478766,500224
1775337478769,500224
1775337478771,500224
1775337478772,500224
1775337478776,500224
1775337478778,500224
1775337478780,500224
1775337478782,500224
1775337478785,500224
1775337478789,500224
1775337478790,500224
1775337478792,500224
1775337478797,500224
1775337478799,500224
1775337478800,500224
1775337478803,500224
1775337478806,500224
1775337478810,500224
1775337478811,500224
1775337478813,500224
1775337478815,500224
1775337478817,500224
1775337478822,500224
1775337478825,500224
1775337478828,500224
1775337478830,500224
1775337478832,500224
1775337478834,500224
1775337478835,500224
1775337478837,500224
1775337478838,500224
1775337478840,500224
1775337478842,500224
1775337478844,500224
1775337478846,500224
1775337478848,500224
1775337478850,500224
1775337478856,500224
1775337478861,500224
1775337478863,500224
1775337478865,500224
1775337478866,500224
1775337478868,500224
1775337478870,500224
1775337478873,500224
1775337478875,500224
1775337478877,500224
1775337478880,500224
1775337478882,500224
1775337478884,500224
1775337478886,500224
1775337478888,500224
1775337478890,500224
1775337478892,500224
1775337478900,500224
1775337478901,500224
1775337478903,500224
1775337478905,500224
1775337478909,500224
1775337478911,500224
1775337478914,500224
1775337478916,500224
1775337478919,500224
1775337478922,500224
1775337478924,500224
1775337478926,500224
1775337478928,500224
1775337478930,500224
1775337478932,500224
1775337478933,500224
1775337478936,500224
1775337478940,500224
1775337478943,500224
1775337478945,500224
1775337478946,500224
1775337478948,500224
1775337478949,500224
1775337478951,500224
1775337478955,500224
1775337478957,500224
1775337478959,500224
1775337478961,500224
1775337478963,500224
1775337478964,500224
1775337478965,500224
1775337478967,500224
1775337478968,500224
1775337478970,500224
1775337478972,500224
1775337478974,500224
1775337478980,500224
1775337478985,500224
1775337478990,500224
1775337478994,500224
1775337478997,500224
1775337479000,500224
1775337479003,500224
1775337479006,500224
1775337479009,500224
1775337479011,500224
1775337479013,500224
1775337479015,500224
1775337479017,500224
1775337479018,500224
1775337479020,500224
1775337479022,500224
1775337479024,500224
1775337479026,500224
1775337479028,500224
1775337479030,500224
1775337479031,500224
1775337479032,500224
1775337479034,500224
1775337479036,500224
1775337479038,500224
1775337479041,500224
1775337479042,500224
1775337479045,500224
1775337479051,500224
1775337479052,500224
1775337479055,500224
1775337479057,500224
1775337479064,500224
1775337479066,500224
1775337479068,500224
1775337479071,500224
1775337479072,500224
1775337479074,500224
1775337479075,500224
1775337479078,500224
1775337479080,500224
1775337479083,500224
1775337479085,500224
1775337479091,500224
1775337479092,500224
1775337479100,500224
1775337479102,500224
1775337479105,500224
1775337479108,500224
1775337479112,500224
1775337479116,500224
1775337479122,500224
1775337479127,500224
1775337479134,500224
1775337479137,500224
1775337479140,500224
1775337479153,500224
1775337479156,500224
1775337479158,500224
1775337479160,500224
1775337479162,500224
1775337479165,500224
1775337479167,500224
1775337479169,500224
1775337479171,500224
1775337479173,500224
1775337479176,500224
1775337479183,500224
1775337479185,500224
1775337479187,500224
1775337479190,500224
1775337479196,500224
1775337479197,500224
1775337479200,500224
1775337479203,500224
1775337479204,500224
1775337479205,500224
1775337479207,500224
1775337479209,500224
1775337479212,500224
1775337479213,500224
1775337479221,500224
1775337479223,500224
1775337479224,500224
1775337479227,500224
1775337479229,500224
1775337479231,500224
1775337479239,500224
1775337479242,500224
1775337479247,500224
1775337479249,500224
1775337479251,500224
1775337479252,500224
1775337479254,500224
1775337479256,500224
1775337479258,500224
1775337479259,500224
1775337479262,500224
1775337479264,500224
1775337479266,500224
1775337479267,500224
1775337479269,500224
1775337479270,500224
1775337479272,500224
1775337479273,500224
1775337479275,500224
1775337479276,500224
1775337479278,500224
1775337479282,500224
1775337479288,500224
1775337479290,500224
1775337479292,500224
1775337479293,500224
1775337479294,500224
1775337479297,500224
1775337479300,500224
1775337479303,500224
1775337479308,500224
1775337479326,500224
1775337479327,500224
1775337479329,500224
1775337479331,500224
1775337479336,500224
1775337479337,500224
1775337479339,500224
1775337479341,500224
1775337479343,500224
1775337479344,500224
1775337479346,500224
1775337479348,500224
1775337479350,500224
1775337479351,500224
1775337479353,500224
1775337479355,500224
1775337479358,500224
1775337479360,500224
1775337479367,500224
1775337479369,500224
1775337479370,500224
1775337479373,500224
1775337479380,500224
1775337479384,500224
1775337479390,500224
1775337479394,500224
1775337479395,500224
1775337479397,500224
1775337479405,500224
1775337479409,500224
1775337479411,500224
1775337479412,500224
1775337479413,500224
1775337479414,500224
1775337479416,500224
1775337479417,500224
1775337479420,500224
1775337479422,500224
1775337479424,500224
1775337479428,500224
1775337479431,500224
1775337479433,500224
1775337479442,500224
1775337479445,500224
1775337479448,500224
1775337479450,500224
1775337479452,500224
1775337479454,500224
1775337479457,500224
1775337479459,500224
1775337479461,500224
1775337479463,500224
1775337479466,500224
1775337479469,500224
1775337479472,500224
1775337479474,500224
1775337479476,500224
1775337479479,500224
1775337479480,500224
1775337479483,500224
1775337479485,500224
1775337479487,500224
1775337479489,500224
1775337479490,500224
1775337479492,500224
1775337479503,500224
1775337479506,500224
1775337479508,500224
1775337479510,500224
1775337479515,500224
1775337479518,500224
1775337479521,500224
1775337479524,500224
1775337479526,500224
1775337479529,500224
1775337479533,500224
1775337479538,500224
1775337479541,500224
1775337479543,500224
1775337479546,500224
1775337479549,500224
1775337479552,500224
1775337479555,500224
1775337479557,500224
1775337479560,500224
1775337479562,500224
1775337479564,500224
1775337479567,500224
1775337479571,500224
1775337479573,500224
1775337479580,500224
1775337479582,500224
1775337479586,500224
1775337479587,500224
1775337479589,500224
1775337479592,500224
1775337479594,500224
1775337479597,500224
1775337479599,500224
1775337479601,500224
1775337479606,500224
1775337479609,500224
1775337479613,500224
1775337479615,500224
1775337479622,500224
1775337479624,500224
1775337479629,500224
1775337479633,500224
1775337479637,500224
1775337479640,500224
1775337479643,500224
1775337479645,500224
1775337479648,500224
1775337479651,500224
1775337479653,500224
1775337479655,500224
1775337479658,500224
1775337479661,500224
1775337479664,500224
1775337479666,500224
1775337479669,500224
1775337479671,500224
1775337479674,500224
1775337479676,500224
1775337479678,500224
1775337479680,500224
1775337479684,500224
1775337479685,500224
1775337479687,500224
1775337479688,500224
1775337479690,500224
1775337479693,500224
1775337479694,500224
1775337479698,500224
1775337479705,500224
1775337479708,500224
1775337479710,500224
1775337479713,500224
1775337479715,500224
1775337479720,500224
1775337479722,500224
1775337479729,500224
1775337479731,500224
1775337479733,500224
1775337479736,500224
1775337479738,500224
1775337479742,500224
1775337479745,500224
1775337479751,500224
1775337479756,500224
1775337479762,500224
1775337479765,500224
1775337479768,500224
1775337479773,500224
1775337479776,500224
1775337479778,500224
1775337479781,500224
1775337479785,500224
1775337479789,500224
1775337479792,500224
1775337479795,500224
1775337479797,500224
1775337479800,500224
1775337479802,500224
1775337479804,500224
1775337479807,500224
1775337479810,500224
1775337479813,500224
1775337479818,500224
1775337479821,500224
1775337479825,500224
1775337479831,500224
1775337479834,500224
1775337479837,500224
1775337479839,500224
1775337479842,500224
1775337479844,500224
1775337479846,500224
1775337479848,500224
1775337479851,500224
1775337479854,500224
1775337479857,500224
1775337479859,500224
1775337479862,500224
1775337479865,500224
1775337479866,500224
1775337479867,500224
1775337479871,500224
1775337479874,500224
1775337479878,500224
1775337479880,500224
1775337479885,500224
1775337479886,500224
1775337479890,500224
1775337479892,500224
1775337479894,500224
1775337479895,500224
1775337479902,500224
1775337479903,500224
1775337479906,500224
1775337479908,500224
1775337479911,500224
1775337479915,500224
1775337479916,500224
1775337479918,500224
1775337479920,500224
1775337479922,500224
1775337479925,500224
1775337479928,500224
1775337479931,500224
1775337479933,500224
1775337479934,500224
1775337479938,500224
1775337479940,500224
1775337479943,500224
1775337479944,500224
1775337479946,500224
1775337479950,500224
1775337479952,500224
1775337479979,500224
1775337479981,500224
1775337479984,500224
1775337479986,500224
1775337479988,500224
1775337479990,500224
1775337479992,500224
1775337479994,500224
1775337479995,500224
1775337479996,500224
1775337479997,500224
1775337480228,500224
1775337480231,500224
1775337480234,500224
1775337480235,500224
1775337480238,500224
1775337480240,500224
1775337480242,500224
1775337480245,500224
1775337480248,500224
1775337480251,500224
1775337480254,500224
1775337480255,500224
1775337480257,500224
1775337480259,500224
1775337480261,500224
1775337480263,500224
1775337480265,500224
1775337480267,500224
1775337480269,500224
1775337480271,500224
1775337480273,500224
1775337480275,500224
1775337480277,500224
1775337480279,500224
1775337480280,500224
1775337480282,500224
1775337480284,500224
1775337480285,500224
1775337480287,500224
1775337480289,500224
1775337480291,500224
1775337480292,500224
1775337480294,500224
1775337480296,500224
1775337480298,500224
1775337480299,500224
1775337480303,500224
1775337480306,500224
1775337480308,500224
1775337480320,500224
1775337480324,500224
1775337480327,500224
1775337480329,500224
1775337480332,500224
1775337480333,500224
1775337480337,500224
1775337480339,500224
1775337480342,500224
1775337480344,500224
1775337480347,500224
1775337480350,500224
1775337480352,500224
1775337480354,500224
1775337480359,500224
1775337480361,500224
1775337480364,500224
1775337480367,500224
1775337480369,500224
1775337480371,500224
1775337480372,500224
1775337480374,500224
1775337480375,500224
1775337480377,500224
1775337480380,500224
1775337480382,500224
1775337480385,500224
1775337480388,500224
1775337480390,500224
1775337480391,500224
1775337480393,500224
1775337480395,500224
1775337480397,500224
1775337480399,500224
1775337480401,500224
1775337480408,500224
1775337480410,500224
1775337480412,500224
1775337480415,500224
1775337480417,500224
1775337480418,500224
1775337480420,500224
1775337480421,500224
1775337480422,500224
1775337480424,500224
1775337480425,500224
1775337480426,500224
1775337480428,500224
1775337480429,500224
1775337480431,500224
1775337480436,500224
1775337480439,500224
1775337480442,500224
1775337480445,500224
1775337480448,500224
1775337480451,500224
1775337480453,500224
1775337480456,500224
1775337480458,500224
1775337480461,500224
1775337480464,500224
1775337480467,500224
1775337480469,500224
1775337480472,500224
1775337480474,500224
1775337480478,500224
1775337480481,500224
1775337480483,500224
1775337480485,500224
1775337480487,500224
1775337480491,500224
1775337480493,500224
1775337480497,500224
1775337480499,500224
1775337480501,500224
1775337480503,500224
1775337480505,500224
1775337480507,500224
1775337480509,500224
1775337480510,500224
1775337480512,500224
1775337480514,500224
1775337480515,500224
1775337480829,500224
1775337480831,500224
1775337480833,500224
1775337480836,500224
1775337480839,500224
1775337480841,500224
1775337480843,500224
1775337480845,500224
1775337480847,500224
1775337480849,500224
1775337480851,500224
1775337480853,500224
1775337480855,500224
1775337480860,500224
1775337480864,500224
1775337480867,500224
1775337480868,500224
1775337480869,500224
1775337480870,500224
1775337480873,500224
1775337480876,500224
1775337480879,500224
1775337480883,500224
1775337480885,500224
1775337480887,500224
1775337480889,500224
1775337480892,500224
1775337480894,500224
1775337480896,500224
1775337480898,500224
1775337480900,500224
1775337480902,500224
1775337480904,500224
1775337480907,500224
1775337480909,500224
1775337480911,500224
1775337480914,500224
1775337480916,500224
1775337480919,500224
1775337480921,500224
1775337480923,500224
1775337480925,500224
1775337480927,500224
1775337480929,500224
1775337480931,500224
1775337480934,500224
1775337480937,500224
1775337480940,500224
1775337480944,500224
1775337480946,500224
1775337480948,500224
1775337480951,500224
1775337480953,500224
1775337480955,500224
1775337480957,500224
1775337480960,500224
1775337480962,500224
1775337480964,500224
1775337480967,500224
1775337480969,500224
1775337480974,500224
1775337480977,500224
1775337480979,500224
1775337480980,500224
1775337480985,500224
1775337480987,500224
1775337480991,500224
1775337480996,500224
1775337480998,500224
1775337481000,500224
1775337481001,500224
1775337481003,500224
1775337481005,500224
1775337481008,500224
1775337481011,500224
1775337481017,500224
1775337481019,500224
1775337481035,500224
1775337481041,500224
1775337481044,500224
1775337481047,500224
1775337481050,500224
1775337481052,500224
1775337481054,500224
1775337481056,500224
1775337481057,500224
1775337481058,500224
1775337481060,500224
1775337481062,500224
1775337481064,500224
1775337481066,500224
1775337481067,500224
1775337481070,500224
1775337481072,500224
1775337481074,500224
1775337481076,500224
1775337481078,500224
1775337481080,500224
1775337481082,500224
1775337481083,500224
1775337481084,500224
1775337481085,500224
1775337481088,500224
1775337481090,500224
1775337481091,500224
1775337481095,500224
1775337481106,500224
1775337481109,500224
1775337481112,500224
1775337481114,500224
1775337481116,500224
1775337481117,500224
1775337481120,500224
1775337481429,500224
1775337481432,500224
1775337481433,500224
1775337481434,500224
1775337481439,500224
1775337481444,500224
1775337481446,500224
1775337481447,500224
1775337481450,500224
1775337481452,500224
1775337481454,500224
1775337481455,500224
1775337481456,500224
1775337481458,500224
1775337481460,500224
1775337481462,500224
1775337481464,500224
1775337481465,500224
1775337481469,500224
1775337481472,500224
1775337481474,500224
1775337481475,500224
1775337481482,500224
1775337481486,500224
1775337481488,500224
1775337481490,500224
1775337481494,500224
1775337481495,500224
1775337481498,500224
1775337481501,500224
1775337481502,500224
1775337481504,500224
1775337481506,500224
1775337481507,500224
1775337481510,500224
1775337481513,500224
1775337481515,500224
1775337481520,500224
1775337481527,500224
1775337481530,500224
1775337481532,500224
1775337481535,500224
1775337481538,500224
1775337481540,500224
1775337481542,500224
1775337481543,500224
1775337481546,500224
1775337481548,500224
1775337481550,500224
1775337481552,500224
1775337481553,500224
1775337481556,500224
1775337481558,500224
1775337481560,500224
1775337481561,500224
1775337481563,500224
1775337481566,500224
1775337481568,500224
1775337481570,500224
1775337481572,500224
1775337481576,500224
1775337481583,500224
1775337481590,500224
1775337481594,500224
1775337481598,500224
1775337481601,500224
1775337481604,500224
1775337481607,500224
1775337481612,500224
1775337481613,500224
1775337481615,500224
1775337481616,500224
1775337481618,500224
1775337481619,500224
1775337481622,500224
1775337481625,500224
1775337481628,500224
1775337481630,500224
1775337481632,500224
1775337481634,500224
1775337481637,500224
1775337481639,500224
1775337481641,500224
1775337481643,500224
1775337481645,500224
1775337481646,500224
1775337481648,500224
1775337481650,500224
1775337481652,500224
1775337481653,500224
1775337481654,500224
1775337481656,500224
1775337481657,500224
1775337481659,500224
1775337481664,500224
1775337481667,500224
1775337481670,500224
1775337481672,500224
1775337481675,500224
1775337481676,500224
1775337481678,500224
1775337481679,500224
1775337481680,500224
1775337481682,500224
1775337481683,500224
1775337481686,500224
1775337481689,500224
1775337481691,500224
1775337481692,500224
1775337481694,500224
1775337481695,500224
1775337481696,500224
1775337481698,500224
1775337481699,500224
1775337481700,500224
1775337481701,500224
1775337481703,500224
1775337481704,500224
1775337481705,500224
1775337481707,500224
1775337481710,500224
1775337481716,500224
1775337481724,500224
1775337481732,500224
1775337481739,500224
1775337481742,500224
1775337481745,500224
1775337481747,500224
1775337481750,500224
1775337481754,500224
1775337481756,500224
1775337482033,500224
1775337482036,500224
1775337482037,500224
1775337482039,500224
1775337482042,500224
1775337482048,500224
1775337482050,500224
1775337482052,500224
1775337482056,500224
1775337482058,500224
1775337482060,500224
1775337482063,500224
1775337482064,500224
1775337482065,500224
1775337482068,500224
1775337482071,500224
1775337482073,500224
1775337482075,500224
1775337482077,500224
1775337482079,500224
1775337482082,500224
1775337482089,500224
1775337482092,500224
1775337482108,500224
1775337482114,500224
1775337482117,500224
1775337482119,500224
1775337482122,500224
1775337482125,500224
1775337482128,500224
1775337482130,500224
1775337482132,500224
1775337482140,500224
1775337482144,500224
1775337482147,500224
1775337482148,500224
1775337482150,500224
1775337482152,500224
1775337482153,500224
1775337482157,500224
1775337482159,500224
1775337482163,500224
1775337482166,500224
1775337482169,500224
1775337482171,500224
1775337482174,500224
1775337482176,500224
1775337482183,500224
1775337482185,500224
1775337482188,500224
1775337482190,500224
1775337482192,500224
1775337482194,500224
1775337482195,500224
1775337482197,500224
1775337482207,500224
1775337482209,500224
1775337482212,500224
1775337482214,500224
1775337482217,500224
1775337482219,500224
1775337482221,500224
1775337482223,500224
1775337482231,500224
1775337482232,500224
1775337482234,500224
1775337482236,500224
1775337482238,500224
1775337482240,500224
1775337482241,500224
1775337482243,500224
1775337482244,500224
1775337482246,500224
1775337482248,500224
1775337482249,500224
1775337482250,500224
1775337482253,500224
1775337482254,500224
1775337482255,500224
1775337482257,500224
1775337482258,500224
1775337482264,500224
1775337482269,500224
1775337482270,500224
1775337482275,500224
1775337482277,500224
1775337482278,500224
1775337482279,500224
1775337482281,500224
1775337482290,500224
1775337482297,500224
1775337482300,500224
1775337482303,500224
1775337482308,500224
1775337482312,500224
1775337482315,500224
1775337482318,500224
1775337482319,500224
1775337482322,500224
1775337482325,500224
1775337482329,500224
1775337482333,500224
1775337482337,500224
1775337482339,500224
1775337482342,500224
1775337482345,500224
1775337482350,500224
1775337482352,500224
1775337482354,500224
1775337482355,500224
1775337482357,500224
1775337482358,500224
1775337482360,500224
1775337482654,500224
1775337482658,500224
1775337482661,500224
1775337482665,500224
1775337482667,500224
1775337482670,500224
1775337482672,500224
1775337482675,500224
1775337482678,500224
1775337482681,500224
1775337482683,500224
1775337482686,500224
1775337482688,500224
1775337482691,500224
1775337482693,500224
1775337482701,500224
1775337482705,500224
1775337482706,500224
1775337482716,500224
1775337482720,500224
1775337482724,500224
1775337482727,500224
1775337482730,500224
1775337482732,500224
1775337482734,500224
1775337482736,500224
1775337482738,500224
1775337482740,500224
1775337482748,500224
1775337482749,500224
1775337482751,500224
1775337482753,500224
1775337482754,500224
1775337482755,500224
1775337482757,500224
1775337482758,500224
1775337482760,500224
1775337482761,500224
1775337482762,500224
1775337482764,500224
1775337482766,500224
1775337482773,500224
1775337482781,500224
1775337482784,500224
1775337482786,500224
1775337482787,500224
1775337482788,500224
1775337482790,500224
1775337482792,500224
1775337482793,500224
1775337482795,500224
1775337482796,500224
1775337482804,500224
1775337482806,500224
1775337482808,500224
1775337482810,500224
1775337482813,500224
1775337482818,500224
1775337482822,500224
1775337482825,500224
1775337482830,500224
1775337482834,500224
1775337482840,500224
1775337482845,500224
1775337482847,500224
1775337482849,500224
1775337482851,500224
1775337482853,500224
1775337482854,500224
1775337482857,500224
1775337482858,500224
1775337482860,500224
1775337482871,500224
1775337482874,500224
1775337482876,500224
1775337482878,500224
1775337482880,500224
1775337482882,500224
1775337482885,500224
1775337482886,500224
1775337482888,500224
1775337482890,500224
1775337482891,500224
1775337482894,500224
1775337482896,500224
1775337482897,500224
1775337482899,500224
1775337482900,500224
1775337482902,500224
1775337482903,500224
1775337482905,500224
1775337482906,500224
1775337482908,500224
1775337482909,500224
1775337482912,500224
1775337482915,500224
1775337482918,500224
1775337482923,500224
1775337482927,500224
1775337482929,500224
1775337482931,500224
1775337482933,500224
1775337482934,500224
1775337482936,500224
1775337482938,500224
1775337482939,500224
1775337482942,500224
1775337482944,500224
1775337482947,500224
1775337482949,500224
1775337482953,500224
1775337482955,500224
1775337482956,500224
1775337482957,500224
1775337482959,500224
1775337482960,500224
1775337482962,500224
1775337483258,500224
1775337483265,500224
1775337483275,500224
1775337483281,500224
1775337483284,500224
1775337483286,500224
1775337483288,500224
1775337483291,500224
1775337483294,500224
1775337483297,500224
1775337483299,500224
1775337483302,500224
1775337483307,500224
1775337483310,500224
1775337483313,500224
1775337483318,500224
1775337483320,500224
1775337483323,500224
1775337483325,500224
1775337483327,500224
1775337483330,500224
1775337483332,500224
1775337483334,500224
1775337483336,500224
1775337483338,500224
1775337483341,500224
1775337483342,500224
1775337483346,500224
1775337483349,500224
1775337483352,500224
1775337483354,500224
1775337483357,500224
1775337483360,500224
1775337483362,500224
1775337483365,500224
1775337483367,500224
1775337483369,500224
1775337483370,500224
1775337483372,500224
1775337483373,500224
1775337483375,500224
1775337483376,500224
1775337483378,500224
1775337483379,500224
1775337483380,500224
1775337483382,500224
1775337483383,500224
1775337483384,500224
1775337483386,500224
1775337483387,500224
1775337483389,500224
1775337483390,500224
1775337483392,500224
1775337483394,500224
1775337483399,500224
1775337483407,500224
1775337483410,500224
1775337483413,500224
1775337483414,500224
1775337483416,500224
1775337483422,500224
1775337483423,500224
1775337483425,500224
1775337483426,500224
1775337483428,500224
1775337483430,500224
1775337483432,500224
1775337483433,500224
1775337483435,500224
1775337483437,500224
1775337483438,500224
1775337483440,500224
1775337483441,500224
1775337483443,500224
1775337483448,500224
1775337483451,500224
1775337483452,500224
1775337483454,500224
1775337483458,500224
1775337483460,500224
1775337483462,500224
1775337483463,500224
1775337483465,500224
1775337483466,500224
1775337483468,500224
1775337483469,500224
1775337483472,500224
1775337483475,500224
1775337483480,500224
1775337483483,500224
1775337483486,500224
1775337483490,500224
1775337483493,500224
1775337483495,500224
1775337483498,500224
1775337483501,500224
1775337483504,500224
1775337483506,500224
1775337483509,500224
1775337483512,500224
1775337483514,500224
1775337483516,500224
1775337483518,500224
1775337483521,500224
1775337483523,500224
1775337483530,500224
1775337483535,500224
1775337483537,500224
1775337483539,500224
1775337483542,500224
1775337483543,500224
1775337483545,500224
1775337483547,500224
1775337483548,500224
1775337483550,500224
1775337483551,500224
1775337483552,500224
1775337483554,500224
1775337483556,500224
1775337483557,500224
1775337483558,500224
1775337483561,500224
1775337483564,500224
1775337483567,500224
1775337483569,500224
1775337483572,500224
1775337483574,500224
1775337483577,500224
1775337483579,500224
1775337483581,500224
1775337483583,500224
1775337483585,500224
1775337483587,500224
1775337483589,500224
1775337483590,500224
1775337483592,500224
1775337483593,500224
1775337483595,500224
1775337483596,500224
1775337483856,500224
1775337483858,500224
1775337483860,500224
1775337483862,500224
1775337483865,500224
1775337483867,500224
1775337483868,500224
1775337483870,500224
1775337483871,500224
1775337483874,500224
1775337483876,500224
1775337483879,500224
1775337483880,500224
1775337483882,500224
1775337483883,500224
1775337483886,500224
1775337483889,500224
1775337483890,500224
1775337483891,500224
1775337483892,500224
1775337483896,500224
1775337483898,500224
1775337483901,500224
1775337483906,500224
1775337483909,500224
1775337483915,500224
1775337483917,500224
1775337483920,500224
1775337483972,500224
1775337483975,500224
1775337483977,500224
1775337483978,500224
1775337483980,500224
1775337483982,500224
1775337483986,500224
1775337483988,500224
1775337483990,500224
1775337483995,500224
1775337483997,500224
1775337484526,500224
1775337484527,500224
1775337484529,500224
1775337484531,500224
1775337484532,500224
1775337484535,500224
1775337484538,500224
1775337484540,500224
1775337484542,500224
1775337484543,500224
1775337484546,500224
1775337484548,500224
1775337484556,500224
1775337484558,500224
1775337484560,500224
1775337484561,500224
1775337484562,500224
1775337484565,500224
1775337484567,500224
1775337484572,500224
1775337484575,500224
1775337484578,500224
1775337484581,500224
1775337484586,500224
1775337484587,500224
1775337484752,500224
1775337484755,500224
1775337484756,500224
1775337484757,500224
1775337484759,500224
1775337484760,500224
1775337484766,500224
1775337484768,500224
1775337484770,500224
1775337484772,500224
1775337484775,500224
1775337484777,500224
1775337484779,500224
1775337484781,500224
1775337484783,500224
1775337484790,500224
1775337484792,500224
1775337484794,500224
1775337484796,500224
1775337484798,500224
1775337484800,500224
1775337484802,500224
1775337484803,500224
1775337484806,500224
1775337484808,500224
1775337484810,500224
1775337484811,500224
1775337484813,500224
1775337484815,500224
1775337484819,500224
1775337484826,500224
1775337484827,500224
1775337484829,500224
1775337484831,500224
1775337484832,500224
1775337484836,500224
1775337484838,500224
1775337484840,500224
1775337484842,500224
1775337484844,500224
1775337484846,500224
1775337484848,500224
1775337484850,500224
1775337484852,500224
1775337484854,500224
1775337484856,500224
1775337484858,500224
1775337484860,500224
1775337484861,500224
1775337484863,500224
1775337484866,500224
1775337484868,500224
1775337484869,500224
1775337484873,500224
1775337484876,500224
1775337484879,500224
1775337484881,500224
1775337484886,500224
1775337484895,500224
1775337484898,500224
1775337484900,500224
1775337484902,500224
1775337484904,500224
1775337484906,500224
1775337484908,500224
1775337484910,500224
1775337484912,500224
1775337484916,500224
1775337484918,500224
1775337484920,500224
1775337484922,500224
1775337484924,500224
1775337484925,500224
1775337484926,500224
1775337484928,500224
1775337484929,500224
1775337484932,500224
1775337484935,500224
1775337484937,500224
1775337484939,500224
1775337484941,500224
1775337484944,500224
1775337484947,500224
1775337484950,500224
1775337484952,500224
1775337484955,500224
1775337484957,500224
1775337484959,500224
1775337484961,500224
1775337484962,500224
1775337484964,500224
1775337484966,500224
1775337484969,500224
1775337484972,500224
1775337484974,500224
1775337484975,500224
1775337484976,500224
1775337484978,500224
1775337484979,500224
1775337484982,500224
1775337484984,500224
1775337484986,500224
1775337484987,500224
1775337484989,500224
1775337484991,500224
1775337484993,500224
1775337484995,500224
1775337484997,500224
1775337484999,500224
1775337485002,500224
1775337485006,500224
1775337485028,500224
1775337485037,500224
1775337485043,500224
1775337485046,500224
1775337485048,500224
1775337485052,500224
1775337485054,500224
1775337485056,500224
1775337485057,500224
1775337485060,500224
1775337485063,500224
1775337485066,500224
1775337485069,500224
1775337485072,500224
1775337485073,500224
1775337485075,500224
1775337485076,500224
1775337485078,500224
1775337485079,500224
1775337485081,500224
1775337485082,500224
1775337485083,500224
1775337485086,500224
1775337485088,500224
1775337485091,500224
1775337485093,500224
1775337485094,500224
1775337485095,500224
1775337485096,500224
1775337485099,500224
1775337485100,500224
1775337485102,500224
1775337485104,500224
1775337485106,500224
1775337485108,500224
1775337485109,500224
1775337485111,500224
1775337485112,500224
1775337485114,500224
1775337485115,500224
1775337485117,500224
1775337485118,500224
1775337485121,500224
1775337485129,500224
1775337485136,500224
1775337485138,500224
1775337485139,500224
1775337485142,500224
1775337485146,500224
1775337485149,500224
1775337485152,500224
1775337485155,500224
1775337485158,500224
1775337485160,500224
1775337485163,500224
1775337485166,500224
1775337485169,500224
1775337485171,500224
1775337485172,500224
1775337485174,500224
1775337485176,500224
1775337485177,500224
1775337485180,500224
1775337485182,500224
1775337485184,500224
1775337485186,500224
1775337485188,500224
1775337485190,500224
1775337485192,500224
1775337485194,500224
1775337485195,500224
1775337485198,500224
1775337485200,500224
1775337485202,500224
1775337485203,500224
1775337485205,500224
1775337485206,500224
1775337485208,500224
1775337485209,500224
1775337485210,500224
1775337485212,500224
1775337485213,500224
1775337485214,500224
1775337485218,500224
1775337485219,500224
1775337485221,500224
1775337485224,500224
1775337485227,500224
1775337485230,500224
1775337485233,500224
1775337485235,500224
1775337485241,500224
1775337485242,500224
1775337485244,500224
1775337485245,500224
1775337485246,500224
1775337485248,500224
1775337485249,500224
1775337485250,500224
1775337485252,500224
1775337485253,500224
1775337485254,500224
1775337485257,500224
1775337485259,500224
1775337485260,500224
1775337485262,500224
1775337485264,500224
1775337485265,500224
1775337485266,500224
1775337485268,500224
1775337485269,500224
1775337485272,500224
1775337485280,500224
1775337485283,500224
1775337485286,500224
1775337485288,500224
1775337485291,500224
1775337485294,500224
1775337485295,500224
1775337485297,500224
1775337485298,500224
1775337485300,500224
1775337485301,500224
1775337485304,500224
1775337485311,500224
1775337485317,500224
1775337485319,500224
1775337485321,500224
1775337485323,500224
1775337485324,500224
1775337485326,500224
1775337485327,500224
1775337485329,500224
1775337485330,500224
1775337485332,500224
1775337485333,500224
1775337485335,500224
1775337485336,500224
1775337485339,500224
1775337485342,500224
1775337485344,500224
1775337485352,500224
1775337485354,500224
1775337485355,500224
1775337485358,500224
1775337485360,500224
1775337485361,500224
1775337485367,500224
1775337485371,500224
1775337485374,500224
1775337485376,500224
1775337485379,500224
1775337485381,500224
1775337485383,500224
1775337485385,500224
1775337485386,500224
1775337485388,500224
1775337485389,500224
1775337485390,500224
1775337485392,500224
1775337485393,500224
1775337485394,500224
1775337485403,500224
1775337485410,500224
1775337485413,500224
1775337485416,500224
1775337485418,500224
1775337485422,500224
1775337485429,500224
1775337485432,500224
1775337485434,500224
1775337485436,500224
1775337485437,500224
1775337485438,500224
1775337485440,500224
1775337485441,500224
1775337485443,500224
1775337485444,500224
1775337485447,500224
1775337485448,500224
1775337485453,500224
1775337485456,500224
1775337485459,500224
1775337485461,500224
1775337485464,500224
1775337485467,500224
1775337485469,500224
1775337485476,500224
1775337485478,500224
1775337485480,500224
1775337485482,500224
1775337485484,500224
1775337485486,500224
1775337485487,500224
1775337485495,500224
1775337485497,500224
1775337485500,500224
1775337485503,500224
1775337485505,500224
1775337485508,500224
1775337485511,500224
1775337485513,500224
1775337485516,500224
1775337485518,500224
1775337485657,500224
1775337485660,500224
1775337485662,500224
1775337485665,500224
1775337485667,500224
1775337485669,500224
1775337485671,500224
1775337485673,500224
1775337485678,500224
1775337485681,500224
1775337485684,500224
1775337485686,500224
1775337485688,500224
1775337485689,500224
1775337485691,500224
1775337485693,500224
1775337485695,500224
1775337485698,500224
1775337485700,500224
1775337485702,500224
1775337485703,500224
1775337485705,500224
1775337485706,500224
1775337485708,500224
1775337485709,500224
1775337485711,500224
1775337485712,500224
1775337485713,500224
1775337485715,500224
1775337485717,500224
1775337485718,500224
1775337485720,500224
1775337485722,500224
1775337485723,500224
1775337485725,500224
1775337485726,500224
1775337485727,500224
1775337485729,500224
1775337485730,500224
1775337485741,500224
1775337485744,500224
1775337485748,500224
1775337485750,500224
1775337485752,500224
1775337485754,500224
1775337485756,500224
1775337485758,500224
1775337485759,500224
1775337485761,500224
1775337485763,500224
1775337485764,500224
1775337485766,500224
1775337485767,500224
1775337485769,500224
1775337485770,500224
1775337485772,500224
1775337485773,500224
1775337485774,500224
1775337485776,500224
1775337485777,500224
1775337485778,500224
1775337485780,500224
1775337485781,500224
1775337485783,500224
1775337485789,500224
1775337485796,500224
1775337485798,500224
1775337485800,500224
1775337485802,500224
1775337485804,500224
1775337485806,500224
1775337485807,500224
1775337485810,500224
1775337485816,500224
1775337485819,500224
1775337485822,500224
1775337485824,500224
1775337485826,500224
1775337485828,500224
1775337485829,500224
1775337485831,500224
1775337485832,500224
1775337485834,500224
1775337485835,500224
1775337485839,500224
1775337485841,500224
1775337485846,500224
1775337485849,500224
1775337485851,500224
1775337485855,500224
1775337485856,500224
1775337485859,500224
1775337485861,500224
1775337485863,500224
1775337485864,500224
1775337485866,500224
1775337485869,500224
1775337485870,500224
1775337485872,500224
1775337485875,500224
1775337485876,500224
1775337485878,500224
1775337485879,500224
1775337485881,500224
1775337485882,500224
1775337485886,500224
1775337485888,500224
1775337485891,500224
1775337485894,500224
1775337485897,500224
1775337485900,500224
1775337485902,500224
1775337485905,500224
1775337486258,500224
1775337486260,500224
1775337486262,500224
1775337486264,500224
1775337486266,500224
1775337486268,500224
1775337486269,500224
1775337486271,500224
1775337486272,500224
1775337486274,500224
1775337486275,500224
1775337486277,500224
1775337486278,500224
1775337486279,500224
1775337486287,500224
1775337486290,500224
1775337486293,500224
1775337486295,500224
1775337486296,500224
1775337486298,500224
1775337486299,500224
1775337486303,500224
1775337486306,500224
1775337486308,500224
1775337486310,500224
1775337486312,500224
1775337486313,500224
1775337486315,500224
1775337486317,500224
1775337486321,500224
1775337486324,500224
1775337486327,500224
1775337486329,500224
1775337486332,500224
1775337486335,500224
1775337486337,500224
1775337486341,500224
1775337486347,500224
1775337486350,500224
1775337486352,500224
1775337486354,500224
1775337486356,500224
1775337486358,500224
1775337486359,500224
1775337486362,500224
1775337486365,500224
1775337486367,500224
1775337486370,500224
1775337486372,500224
1775337486374,500224
1775337486376,500224
1775337486378,500224
1775337486379,500224
1775337486381,500224
1775337486382,500224
1775337486385,500224
1775337486388,500224
1775337486391,500224
1775337486393,500224
1775337486396,500224
1775337486398,500224
1775337486400,500224
1775337486403,500224
1775337486410,500224
1775337486415,500224
1775337486418,500224
1775337486420,500224
1775337486422,500224
1775337486423,500224
1775337486430,500224
1775337486432,500224
1775337486433,500224
1775337486436,500224
1775337486439,500224
1775337486441,500224
1775337486443,500224
1775337486446,500224
1775337486448,500224
1775337486449,500224
1775337486451,500224
1775337486453,500224
1775337486458,500224
1775337486463,500224
1775337486466,500224
1775337486468,500224
1775337486469,500224
1775337486471,500224
1775337486472,500224
1775337486473,500224
1775337486475,500224
1775337486476,500224
1775337486477,500224
1775337486479,500224
1775337486480,500224
1775337486481,500224
1775337486484,500224
1775337486486,500224
1775337486487,500224
1775337486488,500224
1775337486491,500224
1775337486497,500224
1775337486517,500224
1775337486522,500224
1775337486524,500224
1775337486525,500224
1775337486527,500224
1775337486528,500224
1775337486530,500224
1775337486532,500224
1775337486534,500224
1775337486535,500224
1775337486537,500224
1775337486538,500224
1775337486540,500224
1775337486541,500224
1775337486543,500224
1775337486544,500224
1775337486545,500224
1775337486547,500224
1775337486548,500224
1775337486549,500224
1775337486551,500224
1775337486552,500224
1775337486553,500224
1775337486554,500224
1775337486556,500224
1775337486557,500224
1775337486558,500224
1775337486560,500224
1775337486561,500224
1775337486859,500224
1775337486862,500224
1775337486864,500224
1775337486866,500224
1775337486868,500224
1775337486870,500224
1775337486871,500224
1775337486873,500224
1775337486875,500224
1775337486876,500224
1775337486879,500224
1775337486882,500224
1775337486883,500224
1775337486885,500224
1775337486886,500224
1775337486888,500224
1775337486898,500224
1775337486899,500224
1775337486900,500224
1775337486902,500224
1775337486904,500224
1775337486908,500224
1775337486911,500224
1775337486913,500224
1775337486916,500224
1775337486919,500224
1775337486921,500224
1775337486924,500224
1775337486926,500224
1775337486928,500224
1775337486931,500224
1775337486938,500224
1775337486942,500224
1775337486944,500224
1775337486946,500224
1775337486949,500224
1775337486951,500224
1775337486954,500224
1775337486956,500224
1775337486958,500224
1775337486960,500224
1775337486968,500224
1775337486970,500224
1775337486972,500224
1775337486973,500224
1775337486974,500224
1775337486976,500224
1775337486977,500224
1775337486979,500224
1775337486981,500224
1775337486982,500224
1775337486985,500224
1775337486986,500224
1775337486990,500224
1775337486993,500224
1775337486997,500224
1775337487000,500224
1775337487002,500224
1775337487004,500224
1775337487007,500224
1775337487009,500224
1775337487012,500224
1775337487013,500224
1775337487015,500224
1775337487017,500224
1775337487018,500224
1775337487020,500224
1775337487023,500224
1775337487025,500224
1775337487029,500224
1775337487032,500224
1775337487035,500224
1775337487038,500224
1775337487040,500224
1775337487045,500224
1775337487050,500224
1775337487055,500224
1775337487056,500224
1775337487058,500224
1775337487059,500224
1775337487061,500224
1775337487063,500224
1775337487065,500224
1775337487069,500224
1775337487073,500224
1775337487079,500224
1775337487082,500224
1775337487083,500224
1775337487085,500224
1775337487087,500224
1775337487088,500224
1775337487090,500224
1775337487091,500224
1775337487095,500224
1775337487099,500224
1775337487102,500224
1775337487105,500224
1775337487108,500224
1775337487111,500224
1775337487112,500224
1775337487114,500224
1775337487115,500224
1775337487116,500224
1775337487117,500224
1775337487119,500224
1775337487122,500224
1775337487461,500224
1775337487464,500224
1775337487467,500224
1775337487471,500224
1775337487474,500224
1775337487477,500224
1775337487480,500224
1775337487485,500224
1775337487487,500224
1775337487489,500224
1775337487494,500224
1775337487498,500224
1775337487501,500224
1775337487503,500224
1775337487506,500224
1775337487509,500224
1775337487514,500224
1775337487519,500224
1775337487522,500224
1775337487524,500224
1775337487526,500224
1775337487528,500224
1775337487531,500224
1775337487533,500224
1775337487536,500224
1775337487538,500224
1775337487540,500224
1775337487542,500224
1775337487544,500224
1775337487546,500224
1775337487548,500224
1775337487554,500224
1775337487555,500224
1775337487557,500224
1775337487559,500224
1775337487561,500224
1775337487574,500224
1775337487580,500224
1775337487583,500224
1775337487585,500224
1775337487594,500224
1775337487601,500224
1775337487603,500224
1775337487606,500224
1775337487608,500224
1775337487612,500224
1775337487614,500224
1775337487616,500224
1775337487618,500224
1775337487621,500224
1775337487624,500224
1775337487627,500224
1775337487629,500224
1775337487638,500224
1775337487641,500224
1775337487644,500224
1775337487647,500224
1775337487648,500224
1775337487650,500224
1775337487653,500224
1775337487655,500224
1775337487658,500224
1775337487660,500224
1775337487662,500224
1775337487663,500224
1775337487666,500224
1775337487668,500224
1775337487669,500224
1775337487671,500224
1775337487674,500224
1775337487675,500224
1775337487677,500224
1775337487678,500224
1775337487681,500224
1775337487685,500224
1775337487687,500224
1775337487690,500224
1775337487692,500224
1775337487694,500224
1775337487695,500224
1775337487697,500224
1775337487699,500224
1775337487700,500224
1775337487701,500224
1775337487703,500224
1775337487705,500224
1775337487706,500224
1775337487708,500224
1775337487711,500224
1775337487713,500224
1775337487714,500224
1775337487716,500224
1775337487717,500224
1775337487721,500224
1775337487723,500224
1775337487724,500224
1775337487726,500224
1775337487728,500224
1775337487730,500224
1775337487733,500224
1775337487740,500224
1775337487743,500224
1775337487747,500224
1775337487749,500224
1775337487752,500224
1775337487755,500224
1775337487758,500224
1775337487761,500224
1775337487764,500224
1775337487766,500224
1775337487769,500224
1775337487771,500224
1775337487773,500224
1775337487776,500224
1775337487779,500224
1775337487782,500224
1775337487786,500224
1775337487789,500224
1775337487793,500224
1775337487800,500224
1775337488062,500224
1775337488065,500224
1775337488068,500224
1775337488071,500224
1775337488074,500224
1775337488077,500224
1775337488080,500224
1775337488088,500224
1775337488094,500224
1775337488097,500224
1775337488100,500224
1775337488103,500224
1775337488106,500224
1775337488108,500224
1775337488110,500224
1775337488114,500224
1775337488116,500224
1775337488118,500224
1775337488119,500224
1775337488124,500224
1775337488126,500224
1775337488129,500224
1775337488131,500224
1775337488133,500224
1775337488135,500224
1775337488138,500224
1775337488140,500224
1775337488149,500224
1775337488157,500224
1775337488159,500224
1775337488161,500224
1775337488164,500224
1775337488167,500224
1775337488171,500224
1775337488174,500224
1775337488178,500224
1775337488188,500224
1775337488190,500224
1775337488192,500224
1775337488194,500224
1775337488196,500224
1775337488198,500224
1775337488200,500224
1775337488206,500224
1775337488208,500224
1775337488210,500224
1775337488212,500224
1775337488214,500224
1775337488218,500224
1775337488221,500224
1775337488224,500224
1775337488227,500224
1775337488230,500224
1775337488232,500224
1775337488235,500224
1775337488238,500224
1775337488252,500224
1775337488255,500224
1775337488262,500224
1775337488263,500224
1775337488269,500224
1775337488271,500224
1775337488272,500224
1775337488274,500224
1775337488275,500224
1775337488277,500224
1775337488278,500224
1775337488280,500224
1775337488281,500224
1775337488287,500224
1775337488288,500224
1775337488291,500224
1775337488294,500224
1775337488298,500224
1775337488300,500224
1775337488302,500224
1775337488304,500224
1775337488307,500224
1775337488311,500224
1775337488314,500224
1775337488317,500224
1775337488320,500224
1775337488321,500224
1775337488324,500224
1775337488327,500224
1775337488329,500224
1775337488331,500224
1775337488335,500224
1775337488337,500224
1775337488340,500224
1775337488342,500224
1775337488343,500224
1775337488347,500224
1775337488349,500224
1775337488350,500224
1775337488354,500224
1775337488357,500224
1775337488360,500224
1775337488362,500224
1775337488365,500224
1775337488368,500224
1775337488370,500224
1775337488372,500224
1775337488375,500224
1775337488377,500224
1775337488379,500224
1775337488381,500224
1775337488383,500224
1775337488385,500224
1775337488386,500224
1775337488393,500224
1775337488400,500224
1775337488405,500224
1775337488407,500224
1775337488409,500224
1775337488410,500224
1775337488412,500224
1775337488416,500224
1775337488423,500224
1775337488430,500224
1775337488434,500224
1775337488438,500224
1775337488441,500224
1775337488443,500224
1775337488445,500224
1775337488447,500224
1775337488449,500224
1775337488456,500224
1775337488459,500224
1775337488461,500224
1775337488463,500224
1775337488465,500224
1775337488467,500224
1775337488662,500224
1775337488664,500224
1775337488667,500224
1775337488669,500224
1775337488670,500224
1775337488674,500224
1775337488676,500224
1775337488677,500224
1775337488681,500224
1775337488684,500224
1775337488687,500224
1775337488689,500224
1775337488692,500224
1775337488695,500224
1775337488697,500224
1775337488700,500224
1775337488703,500224
1775337488705,500224
1775337488712,500224
1775337488713,500224
1775337488715,500224
1775337488717,500224
1775337488719,500224
1775337488720,500224
1775337488726,500224
1775337488729,500224
1775337488730,500224
1775337488733,500224
1775337488734,500224
1775337488736,500224
1775337488739,500224
1775337488742,500224
1775337488745,500224
1775337488748,500224
1775337488749,500224
1775337488751,500224
1775337488754,500224
1775337488757,500224
1775337488759,500224
1775337488768,500224
1775337488770,500224
1775337488773,500224
1775337488776,500224
1775337488777,500224
1775337488779,500224
1775337488780,500224
1775337488781,500224
1775337488782,500224
1775337488786,500224
1775337488789,500224
1775337488791,500224
1775337488794,500224
1775337488797,500224
1775337488799,500224
1775337488801,500224
1775337488804,500224
1775337488806,500224
1775337488808,500224
1775337488810,500224
1775337488812,500224
1775337488814,500224
1775337488820,500224
1775337488823,500224
1775337488825,500224
1775337488826,500224
1775337488828,500224
1775337488829,500224
1775337488831,500224
1775337488832,500224
1775337488833,500224
1775337488835,500224
1775337488836,500224
1775337488837,500224
1775337488840,500224
1775337488842,500224
1775337488844,500224
1775337488847,500224
1775337488849,500224
1775337488850,500224
1775337488858,500224
1775337488864,500224
1775337488872,500224
1775337488876,500224
1775337488879,500224
1775337488881,500224
1775337488884,500224
1775337488887,500224
1775337488889,500224
1775337488892,500224
1775337488895,500224
1775337488897,500224
1775337488899,500224
1775337488901,500224
1775337488905,500224
1775337488907,500224
1775337488908,500224
1775337488910,500224
1775337488911,500224
1775337488912,500224
1775337488914,500224
1775337488918,500224
1775337488921,500224
1775337488924,500224
1775337488926,500224
1775337488929,500224
1775337488932,500224
1775337488933,500224
1775337488934,500224
1775337488936,500224
1775337488938,500224
1775337488940,500224
1775337488942,500224
1775337489263,500224
1775337489265,500224
1775337489268,500224
1775337489271,500224
1775337489273,500224
1775337489276,500224
1775337489279,500224
1775337489282,500224
1775337489289,500224
1775337489292,500224
1775337489295,500224
1775337489298,500224
1775337489301,500224
1775337489303,500224
1775337489305,500224
1775337489308,500224
1775337489310,500224
1775337489311,500224
1775337489314,500224
1775337489316,500224
1775337489319,500224
1775337489320,500224
1775337489322,500224
1775337489324,500224
1775337489328,500224
1775337489331,500224
1775337489334,500224
1775337489338,500224
1775337489348,500224
1775337489352,500224
1775337489358,500224
1775337489360,500224
1775337489363,500224
1775337489365,500224
1775337489367,500224
1775337489369,500224
1775337489370,500224
1775337489372,500224
1775337489373,500224
1775337489375,500224
1775337489377,500224
1775337489379,500224
1775337489381,500224
1775337489383,500224
1775337489385,500224
1775337489386,500224
1775337489390,500224
1775337489392,500224
1775337489399,500224
1775337489401,500224
1775337489402,500224
1775337489404,500224
1775337489405,500224
1775337489407,500224
1775337489408,500224
1775337489409,500224
1775337489411,500224
1775337489412,500224
1775337489413,500224
1775337489414,500224
1775337489416,500224
1775337489417,500224
1775337489418,500224
1775337489420,500224
1775337489421,500224
1775337489422,500224
1775337489423,500224
1775337489427,500224
1775337489429,500224
1775337489431,500224
1775337489434,500224
1775337489437,500224
1775337489442,500224
1775337489444,500224
1775337489447,500224
1775337489455,500224
1775337489457,500224
1775337489459,500224
1775337489461,500224
1775337489463,500224
1775337489465,500224
1775337489470,500224
1775337489471,500224
1775337489475,500224
1775337489478,500224
1775337489480,500224
1775337489483,500224
1775337489486,500224
1775337489490,500224
1775337489492,500224
1775337489493,500224
1775337489495,500224
1775337489497,500224
1775337489498,500224
1775337489502,500224
1775337489505,500224
1775337489509,500224
1775337489512,500224
1775337489514,500224
1775337489516,500224
1775337489518,500224
1775337489520,500224
1775337489522,500224
1775337489524,500224
1775337489525,500224
1775337489527,500224
1775337489529,500224
1775337489530,500224
1775337489532,500224
1775337489533,500224
1775337489535,500224
1775337489536,500224
1775337489538,500224
1775337489540,500224
1775337489543,500224
1775337489545,500224
1775337489547,500224
1775337489549,500224
1775337489551,500224
1775337489554,500224
1775337489556,500224
1775337489558,500224
1775337489864,500224
1775337489867,500224
1775337489871,500224
1775337489877,500224
1775337489880,500224
1775337489882,500224
1775337489888,500224
1775337489893,500224
1775337489896,500224
1775337489900,500224
1775337489904,500224
1775337489906,500224
1775337489910,500224
1775337489913,500224
1775337489915,500224
1775337489917,500224
1775337489922,500224
1775337489925,500224
1775337489928,500224
1775337489932,500224
1775337489934,500224
1775337489937,500224
1775337489939,500224
1775337489942,500224
1775337489945,500224
1775337489946,500224
1775337489948,500224
1775337489950,500224
1775337489952,500224
1775337489954,500224
1775337489960,500224
1775337489962,500224
1775337489964,500224
1775337489966,500224
1775337489970,500224
1775337489971,500224
1775337489972,500224
1775337489974,500224
1775337489976,500224
1775337489977,500224
1775337489979,500224
1775337489981,500224
1775337489989,500224
1775337489992,500224
1775337489995,500224
1775337489997,500224
1775337490006,500224
1775337490009,500224
1775337490011,500224
1775337490014,500224
1775337490017,500224
1775337490021,500224
1775337490025,500224
1775337490027,500224
1775337490030,500224
1775337490033,500224
1775337490035,500224
1775337490046,500224
1775337490050,500224
1775337490052,500224
1775337490058,500224
1775337490061,500224
1775337490064,500224
1775337490067,500224
1775337490072,500224
1775337490075,500224
1775337490077,500224
1775337490079,500224
1775337490080,500224
1775337490082,500224
1775337490084,500224
1775337490086,500224
1775337490091,500224
1775337490093,500224
1775337490095,500224
1775337490097,500224
1775337490099,500224
1775337490101,500224
1775337490105,500224
1775337490107,500224
1775337490108,500224
1775337490110,500224
1775337490115,500224
1775337490118,500224
1775337490121,500224
1775337490123,500224
1775337490127,500224
1775337490133,500224
1775337490136,500224
1775337490139,500224
1775337490140,500224
1775337490142,500224
1775337490143,500224
1775337490145,500224
1775337490146,500224
1775337490148,500224
1775337490149,500224
1775337490150,500224
1775337490152,500224
1775337490153,500224
1775337490155,500224
1775337490156,500224
1775337490161,500224
1775337490163,500224
1775337490165,500224
1775337490168,500224
1775337490170,500224
1775337490173,500224
1775337490177,500224
1775337490179,500224
1775337490182,500224
1775337490185,500224
1775337490187,500224
1775337490190,500224
1775337490194,500224
1775337490201,500224
1775337490464,500224
1775337490467,500224
1775337490470,500224
1775337490473,500224
1775337490476,500224
1775337490479,500224
1775337490486,500224
1775337490488,500224
1775337490490,500224
1775337490491,500224
1775337490493,500224
1775337490495,500224
1775337490497,500224
1775337490499,500224
1775337490501,500224
1775337490503,500224
1775337490504,500224
1775337490508,500224
1775337490510,500224
1775337490512,500224
1775337490515,500224
1775337490517,500224
1775337490520,500224
1775337490522,500224
1775337490524,500224
1775337490525,500224
1775337490528,500224
1775337490538,500224
1775337490544,500224
1775337490548,500224
1775337490552,500224
1775337490554,500224
1775337490557,500224
1775337490559,500224
1775337490563,500224
1775337490566,500224
1775337490569,500224
1775337490572,500224
1775337490574,500224
1775337490576,500224
1775337490579,500224
1775337490582,500224
1775337490586,500224
1775337490590,500224
1775337490594,500224
1775337490596,500224
1775337490599,500224
1775337490601,500224
1775337490603,500224
1775337490606,500224
1775337490608,500224
1775337490610,500224
1775337490612,500224
1775337490614,500224
1775337490617,500224
1775337490624,500224
1775337490627,500224
1775337490634,500224
1775337490635,500224
1775337490636,500224
1775337490638,500224
1775337490639,500224
1775337490646,500224
1775337490648,500224
1775337490651,500224
1775337490654,500224
1775337490659,500224
1775337490662,500224
1775337490664,500224
1775337490668,500224
1775337490674,500224
1775337490677,500224
1775337490679,500224
1775337490681,500224
1775337490683,500224
1775337490684,500224
1775337490686,500224
1775337490687,500224
1775337490689,500224
1775337490691,500224
1775337490693,500224
1775337490696,500224
1775337490697,500224
1775337490699,500224
1775337490704,500224
1775337490719,500224
1775337490721,500224
1775337490724,500224
1775337490726,500224
1775337490728,500224
1775337490730,500224
1775337490732,500224
1775337490734,500224
1775337490736,500224
1775337490739,500224
1775337490741,500224
1775337490743,500224
1775337490744,500224
1775337490748,500224
1775337490751,500224
1775337490752,500224
1775337490754,500224
1775337490755,500224
1775337490757,500224
1775337490758,500224
1775337490760,500224
1775337490762,500224
1775337490765,500224
1775337490768,500224
1775337490770,500224
1775337490777,500224
1775337490781,500224
1775337490783,500224
1775337490785,500224
1775337490788,500224
1775337490791,500224
1775337490796,500224
1775337490803,500224
1775337490805,500224
1775337490807,500224
1775337490813,500224
1775337490816,500224
1775337490822,500224
1775337491071,500224
1775337491075,500224
1775337491077,500224
1775337491081,500224
1775337491084,500224
1775337491087,500224
1775337491089,500224
1775337491092,500224
1775337491095,500224
1775337491098,500224
1775337491101,500224
1775337491104,500224
1775337491109,500224
1775337491111,500224
1775337491114,500224
1775337491117,500224
1775337491119,500224
1775337491123,500224
1775337491126,500224
1775337491129,500224
1775337491132,500224
1775337491137,500224
1775337491140,500224
1775337491145,500224
1775337491148,500224
1775337491150,500224
1775337491153,500224
1775337491156,500224
1775337491157,500224
1775337491159,500224
1775337491163,500224
1775337491165,500224
1775337491170,500224
1775337491172,500224
1775337491173,500224
1775337491180,500224
1775337491186,500224
1775337491190,500224
1775337491193,500224
1775337491195,500224
1775337491197,500224
1775337491199,500224
1775337491203,500224
1775337491205,500224
1775337491208,500224
1775337491210,500224
1775337491213,500224
1775337491237,500224
1775337491239,500224
1775337491242,500224
1775337491244,500224
1775337491247,500224
1775337491249,500224
1775337491252,500224
1775337491256,500224
1775337491259,500224
1775337491261,500224
1775337491263,500224
1775337491265,500224
1775337491267,500224
1775337491270,500224
1775337491273,500224
1775337491275,500224
1775337491279,500224
1775337491282,500224
1775337491284,500224
1775337491287,500224
1775337491288,500224
1775337491290,500224
1775337491292,500224
1775337491294,500224
1775337491297,500224
1775337491299,500224
1775337491301,500224
1775337491302,500224
1775337491304,500224
1775337491306,500224
1775337491307,500224
1775337491311,500224
1775337491315,500224
1775337491317,500224
1775337491324,500224
1775337491326,500224
1775337491328,500224
1775337491331,500224
1775337491334,500224
1775337491341,500224
1775337491346,500224
1775337491349,500224
1775337491352,500224
1775337491354,500224
1775337491357,500224
1775337491360,500224
1775337491361,500224
1775337491362,500224
1775337491364,500224
1775337491365,500224
1775337491367,500224
1775337491369,500224
1775337491370,500224
1775337491374,500224
1775337491388,500224
1775337491393,500224
1775337491395,500224
1775337491397,500224
1775337491399,500224
1775337491401,500224
1775337491403,500224
1775337491405,500224
1775337491407,500224
1775337491409,500224
1775337491412,500224
1775337491415,500224
1775337491417,500224
1775337491666,500224
1775337491670,500224
1775337491677,500224
1775337491680,500224
1775337491683,500224
1775337491685,500224
1775337491686,500224
1775337491688,500224
1775337491692,500224
1775337491695,500224
1775337491697,500224
1775337491701,500224
1775337491703,500224
1775337491707,500224
1775337491714,500224
1775337491718,500224
1775337491721,500224
1775337491726,500224
1775337491732,500224
1775337491735,500224
1775337491738,500224
1775337491741,500224
1775337491744,500224
1775337491746,500224
1775337491750,500224
1775337491752,500224
1775337491754,500224
1775337491755,500224
1775337491757,500224
1775337491759,500224
1775337491761,500224
1775337491762,500224
1775337491764,500224
1775337491766,500224
1775337491768,500224
1775337491770,500224
1775337491772,500224
1775337491774,500224
1775337491778,500224
1775337491782,500224
1775337491784,500224
1775337491791,500224
1775337491796,500224
1775337491799,500224
1775337491802,500224
1775337491805,500224
1775337491808,500224
1775337491811,500224
1775337491814,500224
1775337491816,500224
1775337491819,500224
1775337491821,500224
1775337491823,500224
1775337491825,500224
1775337491827,500224
1775337491831,500224
1775337491833,500224
1775337491839,500224
1775337491841,500224
1775337491844,500224
1775337491850,500224
1775337491852,500224
1775337491853,500224
1775337491855,500224
1775337491856,500224
1775337491859,500224
1775337491865,500224
1775337491871,500224
1775337491874,500224
1775337491877,500224
1775337491880,500224
1775337491883,500224
1775337491886,500224
1775337491888,500224
1775337491892,500224
1775337491893,500224
1775337491895,500224
1775337491896,500224
1775337491897,500224
1775337491900,500224
1775337491903,500224
1775337491909,500224
1775337491915,500224
1775337491919,500224
1775337491923,500224
1775337491927,500224
1775337491929,500224
1775337491931,500224
1775337491933,500224
1775337491934,500224
1775337491936,500224
1775337491938,500224
1775337491940,500224
1775337491941,500224
1775337491943,500224
1775337491945,500224
1775337491946,500224
1775337491949,500224
1775337491951,500224
1775337491958,500224
1775337491961,500224
1775337491962,500224
1775337491963,500224
1775337491964,500224
1775337491967,500224
1775337491979,500224
1775337491982,500224
1775337491984,500224
1775337491987,500224
1775337491989,500224
1775337491991,500224
1775337491993,500224
1775337491995,500224
1775337491997,500224
1775337491999,500224
1775337492000,500224
1775337492002,500224
1775337492004,500224
1775337492006,500224
1775337492007,500224
1775337492009,500224
1775337492010,500224
1775337492012,500224
1775337492013,500224
1775337492015,500224
1775337492016,500224
1775337492018,500224
1775337492019,500224
1775337492266,500224
1775337492268,500224
1775337492271,500224
1775337492274,500224
1775337492277,500224
1775337492280,500224
1775337492282,500224
1775337492284,500224
1775337492285,500224
1775337492287,500224
1775337492288,500224
1775337492289,500224
1775337492291,500224
1775337492301,500224
1775337492308,500224
1775337492310,500224
1775337492312,500224
1775337492319,500224
1775337492322,500224
1775337492328,500224
1775337492331,500224
1775337492332,500224
1775337492334,500224
1775337492335,500224
1775337492338,500224
1775337492340,500224
1775337492346,500224
1775337492348,500224
1775337492349,500224
1775337492351,500224
1775337492355,500224
1775337492358,500224
1775337492361,500224
1775337492365,500224
1775337492369,500224
1775337492377,500224
1775337492379,500224
1775337492383,500224
1775337492385,500224
1775337492388,500224
1775337492390,500224
1775337492392,500224
1775337492395,500224
1775337492397,500224
1775337492402,500224
1775337492404,500224
1775337492406,500224
1775337492408,500224
1775337492410,500224
1775337492412,500224
1775337492414,500224
1775337492417,500224
1775337492419,500224
1775337492423,500224
1775337492426,500224
1775337492430,500224
1775337492433,500224
1775337492438,500224
1775337492440,500224
1775337492443,500224
1775337492445,500224
1775337492446,500224
1775337492449,500224
1775337492452,500224
1775337492455,500224
1775337492460,500224
1775337492463,500224
1775337492465,500224
1775337492468,500224
1775337492469,500224
1775337492472,500224
1775337492475,500224
1775337492477,500224
1775337492486,500224
1775337492515,500224
1775337492530,500224
1775337492532,500224
1775337492535,500224
1775337492537,500224
1775337492540,500224
1775337492542,500224
1775337492544,500224
1775337492546,500224
1775337492548,500224
1775337492550,500224
1775337492552,500224
1775337492554,500224
1775337492556,500224
1775337492558,500224
1775337492559,500224
1775337492560,500224
1775337492562,500224
1775337492564,500224
1775337492566,500224
1775337492568,500224
1775337492569,500224
1775337492572,500224
1775337492573,500224
1775337492575,500224
1775337492576,500224
1775337492577,500224
1775337492578,500224
1775337492580,500224
1775337492581,500224
1775337492875,500224
1775337492878,500224
1775337492881,500224
1775337492884,500224
1775337492887,500224
1775337492890,500224
1775337492893,500224
1775337492897,500224
1775337492900,500224
1775337492902,500224
1775337492904,500224
1775337492907,500224
1775337492908,500224
1775337492912,500224
1775337492916,500224
1775337492919,500224
1775337492925,500224
1775337492935,500224
1775337492941,500224
1775337492942,500224
1775337492945,500224
1775337492946,500224
1775337492948,500224
1775337492952,500224
1775337492954,500224
1775337492957,500224
1775337492958,500224
1775337492960,500224
1775337492968,500224
1775337492970,500224
1775337492971,500224
1775337492975,500224
1775337492982,500224
1775337492986,500224
1775337492990,500224
1775337492993,500224
1775337492997,500224
1775337492999,500224
1775337493004,500224
1775337493007,500224
1775337493009,500224
1775337493012,500224
1775337493014,500224
1775337493017,500224
1775337493018,500224
1775337493021,500224
1775337493024,500224
1775337493026,500224
1775337493027,500224
1775337493030,500224
1775337493033,500224
1775337493036,500224
1775337493038,500224
1775337493040,500224
1775337493041,500224
1775337493046,500224
1775337493048,500224
1775337493050,500224
1775337493053,500224
1775337493056,500224
1775337493057,500224
1775337493058,500224
1775337493063,500224
1775337493065,500224
1775337493067,500224
1775337493074,500224
1775337493078,500224
1775337493080,500224
1775337493083,500224
1775337493086,500224
1775337493090,500224
1775337493094,500224
1775337493100,500224
1775337493102,500224
1775337493105,500224
1775337493109,500224
1775337493115,500224
1775337493118,500224
1775337493120,500224
1775337493123,500224
1775337493124,500224
1775337493126,500224
1775337493130,500224
1775337493132,500224
1775337493134,500224
1775337493141,500224
1775337493144,500224
1775337493147,500224
1775337493149,500224
1775337493151,500224
1775337493159,500224
1775337493161,500224
1775337493163,500224
1775337493165,500224
1775337493167,500224
1775337493171,500224
1775337493175,500224
1775337493178,500224
1775337493182,500224
1775337493185,500224
1775337493187,500224
1775337493190,500224
1775337493192,500224
1775337493194,500224
1775337493196,500224
1775337493198,500224
1775337493199,500224
1775337493201,500224
1775337493203,500224
1775337493204,500224
1775337493207,500224
1775337493209,500224
1775337493211,500224
1775337493214,500224
1775337493221,500224
1775337493225,500224
1775337493237,500224
1775337493239,500224
1775337493240,500224
1775337493242,500224
1775337493243,500224
1775337493245,500224
1775337493248,500224
1775337493476,500224
1775337493479,500224
1775337493481,500224
1775337493484,500224
1775337493486,500224
1775337493488,500224
1775337493491,500224
1775337493493,500224
1775337493495,500224
1775337493496,500224
1775337493498,500224
1775337493501,500224
1775337493505,500224
1775337493508,500224
1775337493514,500224
1775337493516,500224
1775337493518,500224
1775337493521,500224
1775337493527,500224
1775337493531,500224
1775337493533,500224
1775337493534,500224
1775337493535,500224
1775337493543,500224
1775337493546,500224
1775337493549,500224
1775337493551,500224
1775337493554,500224
1775337493556,500224
1775337493564,500224
1775337493566,500224
1775337493568,500224
1775337493570,500224
1775337493572,500224
1775337493574,500224
1775337493577,500224
1775337493581,500224
1775337493583,500224
1775337493586,500224
1775337493590,500224
1775337493591,500224
1775337493595,500224
1775337493598,500224
1775337493601,500224
1775337493604,500224
1775337493606,500224
1775337493607,500224
1775337493611,500224
1775337493613,500224
1775337493615,500224
1775337493616,500224
1775337493619,500224
1775337493621,500224
1775337493622,500224
1775337493623,500224
1775337493632,500224
1775337493633,500224
1775337493635,500224
1775337493638,500224
1775337493641,500224
1775337493643,500224
1775337493646,500224
1775337493648,500224
1775337493650,500224
1775337493652,500224
1775337493653,500224
1775337493656,500224
1775337493657,500224
1775337493659,500224
1775337493660,500224
1775337493661,500224
1775337493663,500224
1775337493664,500224
1775337493667,500224
1775337493670,500224
1775337493673,500224
1775337493677,500224
1775337493682,500224
1775337493687,500224
1775337493691,500224
1775337493693,500224
1775337493694,500224
1775337493696,500224
1775337493697,500224
1775337493699,500224
1775337493700,500224
1775337493701,500224
1775337493703,500224
1775337493705,500224
1775337493707,500224
1775337493711,500224
1775337493714,500224
1775337493719,500224
1775337493722,500224
1775337493729,500224
1775337493734,500224
1775337493737,500224
1775337493740,500224
1775337493743,500224
1775337493747,500224
1775337493750,500224
1775337493753,500224
1775337493755,500224
1775337493758,500224
1775337493760,500224
1775337493763,500224
1775337493765,500224
1775337493767,500224
1775337493769,500224
1775337493771,500224
1775337493772,500224
1775337493773,500224
1775337493775,500224
1775337494079,500224
1775337494083,500224
1775337494087,500224
1775337494089,500224
1775337494092,500224
1775337494100,500224
1775337494104,500224
1775337494108,500224
1775337494111,500224
1775337494116,500224
1775337494118,500224
1775337494121,500224
1775337494124,500224
1775337494126,500224
1775337494129,500224
1775337494131,500224
1775337494136,500224
1775337494138,500224
1775337494140,500224
1775337494143,500224
1775337494149,500224
1775337494151,500224
1775337494153,500224
1775337494155,500224
1775337494157,500224
1775337494161,500224
1775337494167,500224
1775337494171,500224
1775337494177,500224
1775337494179,500224
1775337494181,500224
1775337494183,500224
1775337494185,500224
1775337494187,500224
1775337494189,500224
1775337494191,500224
1775337494193,500224
1775337494195,500224
1775337494197,500224
1775337494198,500224
1775337494200,500224
1775337494204,500224
1775337494208,500224
1775337494210,500224
1775337494213,500224
1775337494215,500224
1775337494217,500224
1775337494223,500224
1775337494226,500224
1775337494230,500224
1775337494236,500224
1775337494237,500224
1775337494239,500224
1775337494244,500224
1775337494246,500224
1775337494248,500224
1775337494255,500224
1775337494257,500224
1775337494260,500224
1775337494262,500224
1775337494263,500224
1775337494265,500224
1775337494267,500224
1775337494274,500224
1775337494277,500224
1775337494280,500224
1775337494282,500224
1775337494284,500224
1775337494286,500224
1775337494293,500224
1775337494296,500224
1775337494299,500224
1775337494301,500224
1775337494303,500224
1775337494305,500224
1775337494308,500224
1775337494319,500224
1775337494322,500224
1775337494324,500224
1775337494327,500224
1775337494329,500224
1775337494331,500224
1775337494333,500224
1775337494335,500224
1775337494338,500224
1775337494340,500224
1775337494347,500224
1775337494349,500224
1775337494354,500224
1775337494356,500224
1775337494360,500224
1775337494363,500224
1775337494366,500224
1775337494368,500224
1775337494370,500224
1775337494374,500224
1775337494378,500224
1775337494381,500224
1775337494384,500224
1775337494387,500224
1775337494391,500224
1775337494396,500224
1775337494404,500224
1775337494406,500224
1775337494408,500224
1775337494412,500224
1775337494414,500224
1775337494417,500224
1775337494421,500224
1775337494424,500224
1775337494426,500224
1775337494428,500224
1775337494429,500224
1775337494431,500224
1775337494432,500224
1775337494435,500224
1775337494437,500224
1775337494439,500224
1775337494441,500224
1775337494443,500224
1775337494445,500224
1775337494447,500224
1775337494449,500224
1775337494451,500224
1775337494453,500224
1775337494454,500224
1775337494455,500224
1775337494456,500224
1775337494458,500224
1775337494459,500224
1775337494460,500224
1775337494461,500224
1775337494463,500224
1775337494464,500224
1775337494466,500224
1775337494467,500224
1775337494468,500224
1775337494469,500224
1775337494471,500224
1775337494472,500224
1775337494473,500224
1775337494474,500224
1775337494476,500224
1775337494477,500224
1775337494478,500224
1775337494480,500224
1775337494481,500224
1775337494484,500224
1775337494485,500224
1775337494491,500224
1775337494494,500224
1775337494499,500224
1775337494500,500224
1775337494503,500224
1775337494504,500224
1775337494507,500224
1775337494509,500224
1775337494510,500224
1775337494513,500224
1775337494516,500224
1775337494519,500224
1775337494677,500224
1775337494682,500224
1775337494684,500224
1775337494687,500224
1775337494691,500224
1775337494694,500224
1775337494696,500224
1775337494699,500224
1775337494702,500224
1775337494703,500224
1775337494705,500224
1775337494707,500224
1775337494708,500224
1775337494709,500224
1775337494711,500224
1775337494712,500224
1775337494715,500224
1775337494717,500224
1775337494719,500224
1775337494723,500224
1775337494726,500224
1775337494729,500224
1775337494731,500224
1775337494734,500224
1775337494738,500224
1775337494744,500224
1775337494754,500224
1775337494760,500224
1775337494763,500224
1775337494765,500224
1775337494766,500224
1775337494768,500224
1775337494770,500224
1775337494771,500224
1775337494773,500224
1775337494775,500224
1775337494776,500224
1775337494778,500224
1775337494780,500224
1775337494782,500224
1775337494784,500224
1775337494786,500224
1775337494788,500224
1775337494789,500224
1775337494790,500224
1775337494792,500224
1775337494793,500224
1775337494801,500224
1775337494807,500224
1775337494810,500224
1775337494813,500224
1775337494815,500224
1775337494818,500224
1775337494820,500224
1775337494821,500224
1775337494824,500224
1775337494828,500224
1775337494831,500224
1775337494838,500224
1775337494839,500224
1775337494841,500224
1775337494848,500224
1775337494853,500224
1775337494855,500224
1775337494857,500224
1775337494859,500224
1775337494861,500224
1775337494863,500224
1775337494865,500224
1775337494867,500224
1775337494868,500224
1775337494873,500224
1775337494875,500224
1775337494879,500224
1775337494886,500224
1775337494889,500224
1775337494891,500224
1775337494892,500224
1775337494893,500224
1775337494895,500224
1775337494897,500224
1775337494900,500224
1775337494903,500224
1775337494905,500224
1775337494908,500224
1775337494911,500224
1775337494912,500224
1775337494914,500224
1775337494915,500224
1775337494919,500224
1775337494924,500224
1775337494928,500224
1775337494929,500224
1775337494932,500224
1775337494933,500224
1775337494936,500224
1775337494938,500224
1775337494939,500224
1775337494941,500224
1775337494942,500224
1775337494943,500224
1775337494948,500224
1775337494955,500224
1775337494957,500224
1775337494966,500224
1775337494969,500224
1775337494971,500224
1775337494975,500224
1775337494978,500224
1775337494980,500224
1775337494981,500224
1775337494983,500224
1775337494985,500224
1775337494986,500224
1775337494989,500224
1775337494990,500224
1775337494995,500224
1775337494997,500224
1775337494998,500224
1775337495000,500224
1775337495001,500224
1775337495003,500224
1775337495006,500224
1775337495008,500224
1775337495288,500224
1775337495290,500224
1775337495293,500224
1775337495295,500224
1775337495297,500224
1775337495300,500224
1775337495302,500224
1775337495308,500224
1775337495313,500224
1775337495315,500224
1775337495318,500224
1775337495321,500224
1775337495324,500224
1775337495326,500224
1775337495328,500224
1775337495336,500224
1775337495338,500224
1775337495342,500224
1775337495344,500224
1775337495347,500224
1775337495349,500224
1775337495352,500224
1775337495355,500224
1775337495357,500224
1775337495359,500224
1775337495363,500224
1775337495365,500224
1775337495368,500224
1775337495370,500224
1775337495372,500224
1775337495374,500224
1775337495375,500224
1775337495377,500224
1775337495379,500224
1775337495381,500224
1775337495385,500224
1775337495387,500224
1775337495388,500224
1775337495391,500224
1775337495394,500224
1775337495396,500224
1775337495397,500224
1775337495399,500224
1775337495403,500224
1775337495405,500224
1775337495407,500224
1775337495410,500224
1775337495413,500224
1775337495415,500224
1775337495417,500224
1775337495421,500224
1775337495424,500224
1775337495425,500224
1775337495426,500224
1775337495428,500224
1775337495429,500224
1775337495431,500224
1775337495433,500224
1775337495435,500224
1775337495439,500224
1775337495445,500224
1775337495447,500224
1775337495449,500224
1775337495451,500224
1775337495453,500224
1775337495454,500224
1775337495456,500224
1775337495457,500224
1775337495459,500224
1775337495461,500224
1775337495462,500224
1775337495464,500224
1775337495466,500224
1775337495468,500224
1775337495474,500224
1775337495476,500224
1775337495477,500224
1775337495479,500224
1775337495480,500224
1775337495481,500224
1775337495483,500224
1775337495485,500224
1775337495487,500224
1775337495490,500224
1775337495492,500224
1775337495495,500224
1775337495497,500224
1775337495499,500224
1775337495502,500224
1775337495508,500224
1775337495510,500224
1775337495512,500224
1775337495514,500224
1775337495515,500224
1775337495517,500224
1775337495519,500224
1775337495521,500224
1775337495522,500224
1775337495528,500224
1775337495536,500224
1775337495539,500224
1775337495542,500224
1775337495545,500224
1775337495548,500224
1775337495551,500224
1775337495553,500224
1775337495555,500224
1775337495556,500224
1775337495558,500224
1775337495562,500224
1775337495565,500224
1775337495567,500224
1775337495569,500224
1775337495571,500224
1775337495573,500224
1775337495575,500224
1775337495576,500224
1775337495578,500224
1775337495579,500224
1775337495584,500224
1775337495587,500224
1775337495589,500224
1775337495888,500224
1775337495894,500224
1775337495897,500224
1775337495899,500224
1775337495902,500224
1775337495906,500224
1775337495909,500224
1775337495911,500224
1775337495912,500224
1775337495916,500224
1775337495919,500224
1775337495921,500224
1775337495926,500224
1775337495929,500224
1775337495932,500224
1775337495938,500224
1775337495940,500224
1775337495948,500224
1775337495951,500224
1775337495955,500224
1775337495957,500224
1775337495959,500224
1775337495961,500224
1775337495962,500224
1775337495964,500224
1775337495966,500224
1775337495968,500224
1775337495970,500224
1775337495976,500224
1775337495978,500224
1775337495979,500224
1775337495981,500224
1775337495983,500224
1775337495984,500224
1775337495986,500224
1775337495991,500224
1775337495992,500224
1775337495994,500224
1775337496000,500224
1775337496002,500224
1775337496005,500224
1775337496007,500224
1775337496010,500224
1775337496011,500224
1775337496013,500224
1775337496015,500224
1775337496018,500224
1775337496021,500224
1775337496024,500224
1775337496026,500224
1775337496029,500224
1775337496031,500224
1775337496033,500224
1775337496035,500224
1775337496036,500224
1775337496038,500224
1775337496040,500224
1775337496042,500224
1775337496044,500224
1775337496045,500224
1775337496047,500224
1775337496048,500224
1775337496050,500224
1775337496052,500224
1775337496053,500224
1775337496054,500224
1775337496055,500224
1775337496057,500224
1775337496058,500224
1775337496060,500224
1775337496062,500224
1775337496072,500224
1775337496083,500224
1775337496087,500224
1775337496101,500224
1775337496107,500224
1775337496112,500224
1775337496114,500224
1775337496119,500224
1775337496121,500224
1775337496125,500224
1775337496127,500224
1775337496129,500224
1775337496132,500224
1775337496134,500224
1775337496136,500224
1775337496138,500224
1775337496161,500224
1775337496164,500224
1775337496167,500224
1775337496170,500224
1775337496172,500224
1775337496176,500224
1775337496178,500224
1775337496182,500224
1775337496184,500224
1775337496186,500224
1775337496188,500224
1775337496189,500224
1775337496191,500224
1775337496194,500224
1775337496196,500224
1775337496197,500224
1775337496199,500224
1775337496201,500224
1775337496203,500224
1775337496204,500224
1775337496206,500224
1775337496208,500224
1775337496209,500224
1775337496211,500224
1775337496212,500224
1775337496217,500224
1775337496219,500224
1775337496226,500224
1775337496229,500224
1775337496231,500224
1775337496233,500224
1775337496236,500224
1775337496239,500224
1775337496242,500224
1775337496244,500224
1775337496491,500224
1775337496493,500224
1775337496495,500224
1775337496498,500224
1775337496500,500224
1775337496504,500224
1775337496506,500224
1775337496507,500224
1775337496509,500224
1775337496515,500224
1775337496523,500224
1775337496524,500224
1775337496526,500224
1775337496528,500224
1775337496530,500224
1775337496532,500224
1775337496535,500224
1775337496573,500224
1775337496575,500224
1775337496579,500224
1775337496581,500224
1775337496584,500224
1775337496587,500224
1775337496589,500224
1775337496592,500224
1775337496600,500224
1775337496605,500224
1775337496606,500224
1775337496610,500224
1775337496613,500224
1775337496615,500224
1775337496618,500224
1775337496620,500224
1775337496621,500224
1775337496623,500224
1775337496628,500224
1775337496642,500224
1775337496648,500224
1775337496650,500224
1775337496652,500224
1775337496654,500224
1775337496655,500224
1775337496657,500224
1775337496659,500224
1775337496660,500224
1775337496663,500224
1775337496665,500224
1775337496668,500224
1775337496671,500224
1775337496674,500224
1775337496677,500224
1775337496681,500224
1775337496683,500224
1775337496684,500224
1775337496685,500224
1775337496692,500224
1775337496695,500224
1775337496700,500224
1775337496702,500224
1775337496707,500224
1775337496709,500224
1775337496711,500224
1775337496712,500224
1775337496714,500224
1775337496716,500224
1775337496718,500224
1775337496721,500224
1775337496723,500224
1775337496725,500224
1775337496726,500224
1775337496731,500224
1775337496733,500224
1775337496734,500224
1775337496736,500224
1775337496738,500224
1775337496741,500224
1775337496743,500224
1775337496745,500224
1775337496750,500224
1775337496759,500224
1775337496772,500224
1775337497153,500224
1775337497156,500224
1775337497160,500224
1775337497163,500224
1775337497165,500224
1775337497166,500224
1775337497168,500224
1775337497170,500224
1775337497172,500224
1775337497173,500224
1775337497176,500224
1775337497178,500224
1775337497180,500224
1775337497182,500224
1775337497184,500224
1775337497187,500224
1775337497189,500224
1775337497191,500224
1775337497192,500224
1775337497194,500224
1775337497196,500224
1775337497198,500224
1775337497200,500224
1775337497201,500224
1775337497203,500224
1775337497204,500224
1775337497206,500224
1775337497208,500224
1775337497209,500224
1775337497210,500224
1775337497214,500224
1775337497215,500224
1775337497224,500224
1775337497226,500224
1775337497229,500224
1775337497230,500224
1775337497232,500224
1775337497233,500224
1775337497235,500224
1775337497236,500224
1775337497238,500224
1775337497240,500224
1775337497242,500224
1775337497245,500224
1775337497248,500224
1775337497249,500224
1775337497257,500224
1775337497260,500224
1775337497261,500224
1775337497265,500224
1775337497268,500224
1775337497271,500224
1775337497274,500224
1775337497276,500224
1775337497279,500224
1775337497283,500224
1775337497285,500224
1775337497288,500224
1775337497295,500224
1775337497296,500224
1775337497298,500224
1775337497302,500224
1775337497304,500224
1775337497310,500224
1775337497312,500224
1775337497314,500224
1775337497315,500224
1775337497317,500224
1775337497321,500224
1775337497324,500224
1775337497327,500224
1775337497329,500224
1775337497332,500224
1775337497335,500224
1775337497337,500224
1775337497340,500224
1775337497346,500224
1775337497350,500224
1775337497360,500224
1775337497364,500224
1775337497367,500224
1775337497370,500224
1775337497372,500224
1775337497375,500224
1775337497377,500224
1775337497380,500224
1775337497383,500224
1775337497384,500224
1775337497386,500224
1775337497387,500224
1775337497389,500224
1775337497390,500224
1775337497391,500224
1775337497393,500224
1775337497395,500224
1775337497399,500224
1775337497402,500224
1775337497404,500224
1775337497407,500224
1775337497409,500224
1775337497410,500224
1775337497413,500224
1775337497416,500224
1775337497418,500224
1775337497424,500224
1775337497429,500224
1775337497430,500224
1775337497434,500224
1775337497442,500224
1775337497445,500224
1775337497447,500224
1775337497449,500224
1775337497451,500224
1775337497453,500224
1775337497455,500224
1775337497457,500224
1775337497459,500224
1775337497460,500224
1775337497462,500224
1775337497463,500224
1775337497466,500224
1775337497467,500224
1775337497469,500224
1775337497471,500224
1775337497472,500224
1775337497474,500224
1775337497475,500224
1775337497477,500224
1775337497478,500224
1775337497480,500224
1775337497484,500224
1775337497494,500224
1775337497499,500224
1775337497501,500224
1775337497506,500224
1775337497509,500224
1775337497512,500224
1775337497515,500224
1775337497517,500224
1775337497519,500224
1775337497521,500224
1775337497523,500224
1775337497525,500224
1775337497527,500224
1775337497530,500224
1775337497533,500224
1775337497536,500224
1775337497538,500224
1775337497541,500224
1775337497544,500224
1775337497546,500224
1775337497698,500224
1775337497702,500224
1775337497706,500224
1775337497712,500224
1775337497714,500224
1775337497717,500224
1775337497720,500224
1775337497724,500224
1775337497731,500224
1775337497733,500224
1775337497735,500224
1775337497737,500224
1775337497739,500224
1775337497744,500224
1775337497747,500224
1775337497749,500224
1775337497751,500224
1775337497753,500224
1775337497755,500224
1775337497758,500224
1775337497761,500224
1775337497762,500224
1775337497764,500224
1775337497765,500224
1775337497767,500224
1775337497768,500224
1775337497770,500224
1775337497772,500224
1775337497774,500224
1775337497776,500224
1775337497777,500224
1775337497779,500224
1775337497784,500224
1775337497786,500224
1775337497787,500224
1775337497789,500224
1775337497790,500224
1775337497793,500224
1775337497799,500224
1775337497802,500224
1775337497804,500224
1775337497806,500224
1775337497807,500224
1775337497809,500224
1775337497811,500224
1775337497812,500224
1775337497814,500224
1775337497815,500224
1775337497816,500224
1775337497817,500224
1775337497819,500224
1775337497822,500224
1775337497824,500224
1775337497826,500224
1775337497827,500224
1775337497829,500224
1775337497831,500224
1775337497833,500224
1775337497853,500224
1775337497862,500224
1775337497865,500224
1775337497867,500224
1775337497868,500224
1775337497871,500224
1775337497877,500224
1775337497879,500224
1775337497880,500224
1775337497882,500224
1775337497883,500224
1775337497885,500224
1775337497887,500224
1775337497888,500224
1775337497891,500224
1775337497893,500224
1775337497895,500224
1775337497896,500224
1775337497898,500224
1775337497899,500224
1775337497901,500224
1775337497904,500224
1775337497906,500224
1775337497908,500224
1775337497911,500224
1775337497913,500224
1775337497915,500224
1775337497916,500224
1775337497917,500224
1775337497919,500224
1775337497920,500224
1775337497921,500224
1775337497922,500224
1775337497924,500224
1775337497925,500224
1775337497928,500224
1775337497929,500224
1775337497930,500224
1775337497932,500224
1775337497939,500224
1775337497941,500224
1775337497943,500224
1775337497949,500224
1775337497953,500224
1775337497955,500224
1775337497957,500224
1775337497958,500224
1775337497960,500224
1775337497963,500224
1775337497965,500224
1775337497968,500224
1775337497970,500224
1775337497972,500224
1775337497973,500224
1775337497975,500224
1775337497976,500224
1775337497978,500224
1775337497979,500224
1775337497981,500224
1775337497982,500224
1775337497983,500224
1775337497985,500224
1775337497986,500224
1775337497987,500224
1775337497989,500224
1775337498297,500224
1775337498301,500224
1775337498303,500224
1775337498305,500224
1775337498307,500224
1775337498309,500224
1775337498311,500224
1775337498316,500224
1775337498320,500224
1775337498322,500224
1775337498327,500224
1775337498329,500224
1775337498333,500224
1775337498339,500224
1775337498341,500224
1775337498343,500224
1775337498345,500224
1775337498347,500224
1775337498351,500224
1775337498354,500224
1775337498356,500224
1775337498358,500224
1775337498360,500224
1775337498361,500224
1775337498363,500224
1775337498367,500224
1775337498369,500224
1775337498382,500224
1775337498385,500224
1775337498388,500224
1775337498390,500224
1775337498392,500224
1775337498394,500224
1775337498396,500224
1775337498398,500224
1775337498400,500224
1775337498402,500224
1775337498404,500224
1775337498406,500224
1775337498409,500224
1775337498412,500224
1775337498414,500224
1775337498423,500224
1775337498425,500224
1775337498428,500224
1775337498431,500224
1775337498438,500224
1775337498446,500224
1775337498449,500224
1775337498451,500224
1775337498453,500224
1775337498457,500224
1775337498469,500224
1775337498472,500224
1775337498477,500224
1775337498480,500224
1775337498483,500224
1775337498486,500224
1775337498489,500224
1775337498491,500224
1775337498493,500224
1775337498495,500224
1775337498497,500224
1775337498500,500224
1775337498503,500224
1775337498505,500224
1775337498508,500224
1775337498510,500224
1775337498512,500224
1775337498514,500224
1775337498515,500224
1775337498517,500224
1775337498518,500224
1775337498519,500224
1775337498522,500224
1775337498525,500224
1775337498530,500224
1775337498533,500224
1775337498537,500224
1775337498542,500224
1775337498554,500224
1775337498557,500224
1775337498559,500224
1775337498561,500224
1775337498563,500224
1775337498565,500224
1775337498567,500224
1775337498571,500224
1775337498574,500224
1775337498577,500224
1775337498582,500224
1775337498584,500224
1775337498586,500224
1775337498588,500224
1775337498589,500224
1775337498591,500224
1775337498592,500224
1775337498594,500224
1775337498596,500224
1775337498597,500224
1775337498598,500224
1775337498600,500224
1775337498601,500224
1775337498602,500224
1775337498604,500224
1775337498605,500224
1775337498607,500224
1775337498609,500224
1775337498611,500224
1775337498615,500224
1775337498617,500224
1775337498618,500224
1775337498622,500224
1775337498624,500224
1775337498630,500224
1775337498635,500224
1775337498644,500224
1775337498646,500224
1775337498648,500224
1775337498654,500224
1775337498656,500224
1775337498658,500224
1775337498659,500224
1775337498660,500224
1775337498662,500224
1775337498663,500224
1775337498664,500224
1775337498666,500224
1775337498667,500224
1775337498669,500224
1775337498670,500224
1775337498672,500224
1775337498673,500224
1775337498675,500224
1775337498677,500224
1775337498679,500224
1775337498681,500224
1775337498683,500224
1775337498684,500224
1775337498686,500224
1775337498687,500224
1775337498688,500224
1775337498689,500224
1775337498695,500224
1775337498697,500224
1775337498699,500224
1775337498700,500224
1775337498702,500224
1775337498703,500224
1775337498704,500224
1775337498708,500224
1775337498711,500224
1775337498898,500224
1775337498901,500224
1775337498906,500224
1775337498909,500224
1775337498912,500224
1775337498915,500224
1775337498917,500224
1775337498919,500224
1775337498921,500224
1775337498923,500224
1775337498925,500224
1775337498926,500224
1775337498928,500224
1775337498935,500224
1775337498936,500224
1775337498937,500224
1775337498946,500224
1775337498949,500224
1775337498955,500224
1775337498957,500224
1775337498959,500224
1775337498963,500224
1775337498965,500224
1775337498968,500224
1775337498974,500224
1775337498975,500224
1775337498977,500224
1775337498982,500224
1775337498986,500224
1775337498987,500224
1775337498988,500224
1775337498990,500224
1775337498991,500224
1775337498992,500224
1775337498994,500224
1775337498995,500224
1775337498997,500224
1775337499000,500224
1775337499003,500224
1775337499005,500224
1775337499012,500224
1775337499015,500224
1775337499017,500224
1775337499021,500224
1775337499024,500224
1775337499026,500224
1775337499029,500224
1775337499032,500224
1775337499038,500224
1775337499045,500224
1775337499046,500224
1775337499049,500224
1775337499052,500224
1775337499055,500224
1775337499057,500224
1775337499060,500224
1775337499066,500224
1775337499071,500224
1775337499074,500224
1775337499078,500224
1775337499080,500224
1775337499082,500224
1775337499085,500224
1775337499089,500224
1775337499092,500224
1775337499095,500224
1775337499097,500224
1775337499099,500224
1775337499102,500224
1775337499105,500224
1775337499108,500224
1775337499112,500224
1775337499115,500224
1775337499118,500224
1775337499120,500224
1775337499121,500224
1775337499123,500224
1775337499131,500224
1775337499132,500224
1775337499134,500224
1775337499135,500224
1775337499137,500224
1775337499138,500224
1775337499139,500224
1775337499141,500224
1775337499142,500224
1775337499144,500224
1775337499145,500224
1775337499146,500224
1775337499148,500224
1775337499151,500224
1775337499154,500224
1775337499157,500224
1775337499159,500224
1775337499162,500224
1775337499165,500224
1775337499170,500224
1775337499174,500224
1775337499175,500224
1775337499179,500224
1775337499181,500224
1775337499182,500224
1775337499184,500224
1775337499185,500224
1775337499187,500224
1775337499188,500224
1775337499189,500224
1775337499191,500224
1775337499192,500224
1775337499193,500224
1775337499197,500224
1775337499200,500224
1775337499203,500224
1775337499206,500224
1775337499209,500224
1775337499212,500224
1775337499214,500224
1775337499216,500224
1775337499219,500224
1775337499221,500224
1775337499222,500224
1775337499224,500224
1775337499226,500224
1775337499228,500224
1775337499230,500224
1775337499232,500224
1775337499234,500224
1775337499235,500224
1775337499237,500224
1775337499504,500224
1775337499506,500224
1775337499508,500224
1775337499511,500224
1775337499515,500224
1775337499517,500224
1775337499526,500224
1775337499534,500224
1775337499544,500224
1775337499547,500224
1775337499550,500224
1775337499554,500224
1775337499556,500224
1775337499560,500224
1775337499563,500224
1775337499566,500224
1775337499569,500224
1775337499571,500224
1775337499574,500224
1775337499577,500224
1775337499579,500224
1775337499586,500224
1775337499587,500224
1775337499593,500224
1775337499598,500224
1775337499603,500224
1775337499606,500224
1775337499607,500224
1775337499611,500224
1775337499620,500224
1775337499629,500224
1775337499632,500224
1775337499634,500224
1775337499636,500224
1775337499639,500224
1775337499643,500224
1775337499645,500224
1775337499647,500224
1775337499649,500224
1775337499650,500224
1775337499652,500224
1775337499653,500224
1775337499659,500224
1775337499665,500224
1775337499668,500224
1775337499673,500224
1775337499677,500224
1775337499680,500224
1775337499681,500224
1775337499682,500224
1775337499685,500224
1775337499686,500224
1775337499688,500224
1775337499690,500224
1775337499693,500224
1775337499696,500224
1775337499698,500224
1775337499701,500224
1775337499703,500224
1775337499706,500224
1775337499708,500224
1775337499709,500224
1775337499710,500224
1775337499712,500224
1775337499713,500224
1775337499714,500224
1775337499715,500224
1775337499717,500224
1775337499718,500224
1775337499719,500224
1775337499721,500224
1775337499723,500224
1775337499725,500224
1775337499728,500224
1775337499737,500224
1775337499742,500224
1775337499745,500224
1775337499749,500224
1775337499752,500224
1775337499755,500224
1775337499756,500224
1775337499760,500224
1775337499763,500224
1775337499765,500224
1775337499767,500224
1775337499770,500224
1775337499772,500224
1775337499774,500224
1775337499776,500224
1775337499778,500224
1775337499780,500224
1775337499782,500224
1775337499783,500224
1775337499785,500224
1775337499787,500224
1775337499788,500224
1775337499790,500224
1775337499792,500224
1775337499793,500224
1775337499796,500224
1775337499799,500224
1775337499802,500224
1775337499804,500224
1775337499805,500224
1775337499807,500224
1775337499808,500224
1775337499810,500224
1775337499811,500224
1775337499812,500224
1775337499814,500224
1775337499816,500224
1775337499817,500224
1775337499819,500224
1775337499825,500224
1775337499826,500224
1775337499827,500224
1775337499830,500224
1775337499831,500224
1775337499833,500224
1775337499834,500224
1775337499835,500224
1775337499837,500224
1775337499838,500224
1775337499840,500224
1775337499841,500224
1775337500104,500224
1775337500106,500224
1775337500108,500224
1775337500109,500224
1775337500111,500224
1775337500112,500224
1775337500114,500224
1775337500117,500224
1775337500120,500224
1775337500122,500224
1775337500123,500224
1775337500126,500224
1775337500129,500224
1775337500132,500224
1775337500136,500224
1775337500142,500224
1775337500145,500224
1775337500152,500224
1775337500156,500224
1775337500160,500224
1775337500165,500224
1775337500172,500224
1775337500177,500224
1775337500179,500224
1775337500182,500224
1775337500185,500224
1775337500187,500224
1775337500189,500224
1775337500191,500224
1775337500193,500224
1775337500195,500224
1775337500198,500224
1775337500200,500224
1775337500204,500224
1775337500206,500224
1775337500212,500224
1775337500215,500224
1775337500216,500224
1775337500221,500224
1775337500224,500224
1775337500225,500224
1775337500226,500224
1775337500228,500224
1775337500229,500224
1775337500232,500224
1775337500235,500224
1775337500236,500224
1775337500237,500224
1775337500240,500224
1775337500243,500224
1775337500249,500224
1775337500252,500224
1775337500256,500224
1775337500259,500224
1775337500263,500224
1775337500266,500224
1775337500270,500224
1775337500272,500224
1775337500275,500224
1775337500277,500224
1775337500281,500224
1775337500285,500224
1775337500290,500224
1775337500293,500224
1775337500295,500224
1775337500298,500224
1775337500301,500224
1775337500306,500224
1775337500308,500224
1775337500310,500224
1775337500311,500224
1775337500313,500224
1775337500315,500224
1775337500317,500224
1775337500319,500224
1775337500320,500224
1775337500321,500224
1775337500322,500224
1775337500325,500224
1775337500331,500224
1775337500336,500224
1775337500340,500224
1775337500343,500224
1775337500346,500224
1775337500349,500224
1775337500351,500224
1775337500352,500224
1775337500354,500224
1775337500356,500224
1775337500358,500224
1775337500360,500224
1775337500362,500224
1775337500363,500224
1775337500367,500224
1775337500369,500224
1775337500371,500224
1775337500374,500224
1775337500376,500224
1775337500377,500224
1775337500379,500224
1775337500380,500224
1775337500386,500224
1775337500388,500224
1775337500390,500224
1775337500391,500224
1775337500393,500224
1775337500707,500224
1775337500710,500224
1775337500714,500224
1775337500717,500224
1775337500720,500224
1775337500722,500224
1775337500725,500224
1775337500728,500224
1775337500730,500224
1775337500733,500224
1775337500738,500224
1775337500747,500224
1775337500754,500224
1775337500757,500224
1775337500759,500224
1775337500767,500224
1775337500769,500224
1775337500770,500224
1775337500772,500224
1775337500774,500224
1775337500776,500224
1775337500777,500224
1775337500782,500224
1775337500785,500224
1775337500794,500224
1775337500796,500224
1775337500798,500224
1775337500801,500224
1775337500805,500224
1775337500808,500224
1775337500810,500224
1775337500813,500224
1775337500815,500224
1775337500819,500224
1775337500823,500224
1775337500827,500224
1775337500832,500224
1775337500835,500224
1775337500838,500224
1775337500843,500224
1775337500846,500224
1775337500848,500224
1775337500850,500224
1775337500851,500224
1775337500855,500224
1775337500857,500224
1775337500859,500224
1775337500861,500224
1775337500864,500224
1775337500866,500224
1775337500871,500224
1775337500873,500224
1775337500875,500224
1775337500877,500224
1775337500879,500224
1775337500880,500224
1775337500883,500224
1775337500886,500224
1775337500894,500224
1775337500897,500224
1775337500901,500224
1775337500903,500224
1775337500907,500224
1775337500910,500224
1775337500912,500224
1775337500915,500224
1775337500916,500224
1775337500918,500224
1775337500922,500224
1775337500925,500224
1775337500927,500224
1775337500930,500224
1775337500932,500224
1775337500935,500224
1775337500937,500224
1775337500939,500224
1775337500943,500224
1775337500945,500224
1775337500947,500224
1775337500949,500224
1775337500951,500224
1775337500953,500224
1775337500955,500224
1775337500959,500224
1775337500962,500224
1775337500964,500224
1775337500966,500224
1775337500968,500224
1775337500970,500224
1775337500973,500224
1775337500975,500224
1775337500976,500224
1775337500978,500224
1775337500979,500224
1775337500981,500224
1775337500983,500224
1775337500985,500224
1775337500987,500224
1775337500989,500224
1775337500990,500224
1775337500992,500224
1775337500997,500224
1775337501000,500224
1775337501002,500224
1775337501004,500224
1775337501005,500224
1775337501007,500224
1775337501011,500224
1775337501013,500224
1775337501019,500224
1775337501021,500224
1775337501023,500224
1775337501027,500224
1775337501029,500224
1775337501030,500224
1775337501032,500224
1775337501033,500224
1775337501038,500224
1775337501041,500224
1775337501043,500224
1775337501044,500224
1775337501046,500224
1775337501047,500224
1775337501048,500224
1775337501049,500224
1775337501051,500224
1775337501052,500224
1775337501053,500224
1775337501055,500224
1775337501056,500224
1775337501307,500224
1775337501309,500224
1775337501312,500224
1775337501313,500224
1775337501315,500224
1775337501317,500224
1775337501319,500224
1775337501320,500224
1775337501323,500224
1775337501326,500224
1775337501338,500224
1775337501341,500224
1775337501352,500224
1775337501357,500224
1775337501362,500224
1775337501364,500224
1775337501367,500224
1775337501370,500224
1775337501372,500224
1775337501375,500224
1775337501378,500224
1775337501380,500224
1775337501382,500224
1775337501384,500224
1775337501386,500224
1775337501389,500224
1775337501390,500224
1775337501392,500224
1775337501394,500224
1775337501396,500224
1775337501398,500224
1775337501400,500224
1775337501404,500224
1775337501418,500224
1775337501421,500224
1775337501427,500224
1775337501429,500224
1775337501430,500224
1775337501431,500224
1775337501433,500224
1775337501435,500224
1775337501436,500224
1775337501438,500224
1775337501440,500224
1775337501441,500224
1775337501443,500224
1775337501444,500224
1775337501446,500224
1775337501448,500224
1775337501450,500224
1775337501452,500224
1775337501454,500224
1775337501455,500224
1775337501459,500224
1775337501462,500224
1775337501464,500224
1775337501473,500224
1775337501482,500224
1775337501484,500224
1775337501487,500224
1775337501490,500224
1775337501492,500224
1775337501495,500224
1775337501501,500224
1775337501503,500224
1775337501505,500224
1775337501512,500224
1775337501522,500224
1775337501524,500224
1775337501527,500224
1775337501529,500224
1775337501530,500224
1775337501532,500224
1775337501534,500224
1775337501536,500224
1775337501538,500224
1775337501539,500224
1775337501541,500224
1775337501542,500224
1775337501544,500224
1775337501545,500224
1775337501547,500224
1775337501549,500224
1775337501550,500224
1775337501552,500224
1775337501553,500224
1775337501555,500224
1775337501556,500224
1775337501558,500224
1775337501559,500224
1775337501560,500224
1775337501562,500224
1775337501563,500224
1775337501564,500224
1775337501566,500224
1775337501569,500224
1775337501573,500224
1775337501575,500224
1775337501576,500224
1775337501577,500224
1775337501579,500224
1775337501580,500224
1775337501582,500224
1775337501583,500224
1775337501585,500224
1775337501588,500224
1775337501590,500224
1775337501593,500224
1775337501595,500224
1775337501598,500224
1775337501600,500224
1775337501606,500224
1775337501611,500224
1775337501613,500224
1775337501619,500224
1775337501911,500224
1775337501916,500224
1775337501918,500224
1775337501919,500224
1775337501921,500224
1775337501923,500224
1775337501925,500224
1775337501928,500224
1775337501930,500224
1775337501937,500224
1775337501938,500224
1775337501940,500224
1775337501943,500224
1775337501946,500224
1775337501947,500224
1775337501948,500224
1775337501951,500224
1775337501953,500224
1775337501955,500224
1775337501958,500224
1775337501960,500224
1775337501961,500224
1775337501963,500224
1775337501966,500224
1775337501968,500224
1775337501969,500224
1775337501971,500224
1775337501973,500224
1775337501974,500224
1775337501975,500224
1775337501977,500224
1775337501978,500224
1775337501979,500224
1775337501980,500224
1775337501982,500224
1775337501983,500224
1775337501984,500224
1775337501986,500224
1775337501987,500224
1775337501988,500224
1775337501991,500224
1775337501993,500224
1775337501995,500224
1775337502001,500224
1775337502003,500224
1775337502006,500224
1775337502009,500224
1775337502011,500224
1775337502014,500224
1775337502016,500224
1775337502017,500224
1775337502020,500224
1775337502024,500224
1775337502027,500224
1775337502030,500224
1775337502032,500224
1775337502034,500224
1775337502035,500224
1775337502037,500224
1775337502038,500224
1775337502040,500224
1775337502042,500224
1775337502043,500224
1775337502045,500224
1775337502049,500224
1775337502050,500224
1775337502052,500224
1775337502054,500224
1775337502064,500224
1775337502067,500224
1775337502069,500224
1775337502072,500224
1775337502073,500224
1775337502075,500224
1775337502077,500224
1775337502080,500224
1775337502081,500224
1775337502083,500224
1775337502085,500224
1775337502086,500224
1775337502091,500224
1775337502098,500224
1775337502099,500224
1775337502101,500224
1775337502102,500224
1775337502103,500224
1775337502107,500224
1775337502109,500224
1775337502117,500224
1775337502120,500224
1775337502122,500224
1775337502124,500224
1775337502132,500224
1775337502134,500224
1775337502137,500224
1775337502139,500224
1775337502141,500224
1775337502143,500224
1775337502145,500224
1775337502147,500224
1775337502149,500224
1775337502151,500224
1775337502153,500224
1775337502155,500224
1775337502157,500224
1775337502508,500224
1775337502514,500224
1775337502517,500224
1775337502520,500224
1775337502523,500224
1775337502525,500224
1775337502527,500224
1775337502528,500224
1775337502530,500224
1775337502531,500224
1775337502532,500224
1775337502534,500224
1775337502535,500224
1775337502536,500224
1775337502538,500224
1775337502539,500224
1775337502540,500224
1775337502541,500224
1775337502543,500224
1775337502544,500224
1775337502545,500224
1775337502546,500224
1775337502549,500224
1775337502550,500224
1775337502552,500224
1775337502562,500224
1775337502565,500224
1775337502569,500224
1775337502572,500224
1775337502575,500224
1775337502577,500224
1775337502580,500224
1775337502583,500224
1775337502585,500224
1775337502587,500224
1775337502589,500224
1775337502591,500224
1775337502594,500224
1775337502599,500224
1775337502602,500224
1775337502603,500224
1775337502605,500224
1775337502606,500224
1775337502608,500224
1775337502609,500224
1775337502610,500224
1775337502612,500224
1775337502613,500224
1775337502614,500224
1775337502617,500224
1775337502623,500224
1775337502625,500224
1775337502628,500224
1775337502631,500224
1775337502636,500224
1775337502640,500224
1775337502643,500224
1775337502645,500224
1775337502648,500224
1775337502650,500224
1775337502653,500224
1775337502656,500224
1775337502658,500224
1775337502662,500224
1775337502663,500224
1775337502667,500224
1775337502669,500224
1775337502672,500224
1775337502675,500224
1775337502677,500224
1775337502682,500224
1775337502687,500224
1775337502693,500224
1775337502697,500224
1775337502701,500224
1775337502703,500224
1775337502704,500224
1775337502705,500224
1775337502710,500224
1775337502712,500224
1775337502715,500224
1775337502717,500224
1775337502719,500224
1775337502721,500224
1775337502723,500224
1775337502725,500224
1775337502727,500224
1775337502732,500224
1775337502734,500224
1775337502735,500224
1775337502744,500224
1775337502746,500224
1775337502747,500224
1775337502749,500224
1775337502758,500224
1775337502761,500224
1775337502763,500224
1775337502765,500224
1775337502767,500224
1775337502769,500224
1775337502771,500224
1775337502773,500224
1775337502775,500224
1775337502776,500224
1775337502778,500224
1775337502780,500224
1775337502781,500224
1775337502783,500224
1775337502785,500224
1775337502786,500224
1775337502788,500224
1775337502790,500224
1775337502794,500224
1775337502799,500224
1775337502800,500224
1775337502802,500224
1775337502803,500224
1775337502804,500224
1775337502806,500224
1775337502808,500224
1775337502811,500224
1775337502814,500224
1775337502817,500224
1775337502819,500224
1775337502822,500224
1775337503108,500224
1775337503111,500224
1775337503114,500224
1775337503121,500224
1775337503123,500224
1775337503124,500224
1775337503126,500224
1775337503128,500224
1775337503129,500224
1775337503131,500224
1775337503132,500224
1775337503134,500224
1775337503135,500224
1775337503137,500224
1775337503138,500224
1775337503140,500224
1775337503142,500224
1775337503143,500224
1775337503145,500224
1775337503147,500224
1775337503148,500224
1775337503150,500224
1775337503151,500224
1775337503154,500224
1775337503155,500224
1775337503157,500224
1775337503164,500224
1775337503166,500224
1775337503168,500224
1775337503170,500224
1775337503171,500224
1775337503178,500224
1775337503181,500224
1775337503183,500224
1775337503186,500224
1775337503189,500224
1775337503192,500224
1775337503195,500224
1775337503197,500224
1775337503199,500224
1775337503201,500224
1775337503203,500224
1775337503205,500224
1775337503207,500224
1775337503209,500224
1775337503210,500224
1775337503213,500224
1775337503215,500224
1775337503216,500224
1775337503218,500224
1775337503222,500224
1775337503227,500224
1775337503229,500224
1775337503231,500224
1775337503232,500224
1775337503234,500224
1775337503236,500224
1775337503238,500224
1775337503240,500224
1775337503242,500224
1775337503244,500224
1775337503246,500224
1775337503247,500224
1775337503249,500224
1775337503250,500224
1775337503254,500224
1775337503255,500224
1775337503256,500224
1775337503258,500224
1775337503259,500224
1775337503261,500224
1775337503262,500224
1775337503263,500224
1775337503265,500224
1775337503266,500224
1775337503267,500224
1775337503268,500224
1775337503270,500224
1775337503271,500224
1775337503272,500224
1775337503273,500224
1775337503276,500224
1775337503278,500224
1775337503279,500224
1775337503282,500224
1775337503283,500224
1775337503285,500224
1775337503286,500224
1775337503288,500224
1775337503289,500224
1775337503292,500224
1775337503296,500224
1775337503299,500224
1775337503302,500224
1775337503305,500224
1775337503311,500224
1775337503313,500224
1775337503314,500224
1775337503316,500224
1775337503318,500224
1775337503319,500224
1775337503320,500224
1775337503322,500224
1775337503323,500224
1775337503324,500224
1775337503326,500224
1775337503327,500224
1775337503328,500224
1775337503329,500224
1775337503331,500224
1775337503332,500224
1775337503333,500224
1775337503337,500224
1775337503340,500224
1775337503342,500224
1775337503345,500224
1775337503347,500224
1775337503349,500224
1775337503352,500224
1775337503356,500224
1775337503360,500224
1775337503362,500224
1775337503365,500224
1775337503367,500224
1775337503369,500224
1775337503373,500224
1775337503375,500224
1775337503377,500224
1775337503379,500224
1775337503381,500224
1775337503383,500224
1775337503385,500224
1775337503387,500224
1775337503709,500224
1775337503712,500224
1775337503717,500224
1775337503720,500224
1775337503724,500224
1775337503728,500224
1775337503730,500224
1775337503732,500224
1775337503734,500224
1775337503736,500224
1775337503738,500224
1775337503739,500224
1775337503741,500224
1775337503743,500224
1775337503746,500224
1775337503748,500224
1775337503751,500224
1775337503754,500224
1775337503757,500224
1775337503759,500224
1775337503762,500224
1775337503765,500224
1775337503767,500224
1775337503768,500224
1775337503770,500224
1775337503771,500224
1775337503773,500224
1775337503774,500224
1775337503775,500224
1775337503777,500224
1775337503779,500224
1775337503780,500224
1775337503781,500224
1775337503783,500224
1775337503787,500224
1775337503789,500224
1775337503791,500224
1775337503794,500224
1775337503796,500224
1775337503798,500224
1775337503800,500224
1775337503802,500224
1775337503804,500224
1775337503806,500224
1775337503808,500224
1775337503810,500224
1775337503813,500224
1775337503815,500224
1775337503816,500224
1775337503818,500224
1775337503824,500224
1775337503827,500224
1775337503831,500224
1775337503833,500224
1775337503835,500224
1775337503838,500224
1775337503840,500224
1775337503843,500224
1775337503845,500224
1775337503847,500224
1775337503849,500224
1775337503851,500224
1775337503852,500224
1775337503854,500224
1775337503855,500224
1775337503857,500224
1775337503858,500224
1775337503862,500224
1775337503865,500224
1775337503867,500224
1775337503868,500224
1775337503870,500224
1775337503874,500224
1775337503876,500224
1775337503881,500224
1775337503883,500224
1775337503887,500224
1775337503895,500224
1775337503902,500224
1775337503905,500224
1775337503911,500224
1775337503912,500224
1775337503914,500224
1775337503915,500224
1775337503920,500224
1775337503922,500224
1775337503924,500224
1775337503926,500224
1775337503928,500224
1775337503930,500224
1775337503932,500224
1775337504311,500224
1775337504314,500224
1775337504318,500224
1775337504321,500224
1775337504324,500224
1775337504326,500224
1775337504329,500224
1775337504331,500224
1775337504333,500224
1775337504336,500224
1775337504341,500224
1775337504343,500224
1775337504345,500224
1775337504349,500224
1775337504351,500224
1775337504358,500224
1775337504359,500224
1775337504361,500224
1775337504363,500224
1775337504366,500224
1775337504369,500224
1775337504371,500224
1775337504374,500224
1775337504377,500224
1775337504385,500224
1775337504389,500224
1775337504398,500224
1775337504400,500224
1775337504406,500224
1775337504408,500224
1775337504412,500224
1775337504416,500224
1775337504419,500224
1775337504422,500224
1775337504425,500224
1775337504427,500224
1775337504429,500224
1775337504431,500224
1775337504432,500224
1775337504435,500224
1775337504437,500224
1775337504439,500224
1775337504442,500224
1775337504444,500224
1775337504446,500224
1775337504447,500224
1775337504448,500224
1775337504450,500224
1775337504451,500224
1775337504452,500224
1775337504453,500224
1775337504455,500224
1775337504456,500224
1775337504458,500224
1775337504461,500224
1775337504463,500224
1775337504465,500224
1775337504469,500224
1775337504472,500224
1775337504475,500224
1775337504481,500224
1775337504483,500224
1775337504486,500224
1775337504489,500224
1775337504492,500224
1775337504495,500224
1775337504498,500224
1775337504501,500224
1775337504505,500224
1775337504508,500224
1775337504510,500224
1775337504512,500224
1775337504514,500224
1775337504515,500224
1775337504517,500224
1775337504519,500224
1775337504520,500224
1775337504522,500224
1775337504523,500224
1775337504527,500224
1775337504529,500224
1775337504531,500224
1775337504533,500224
1775337504535,500224
1775337504541,500224
1775337504547,500224
1775337504551,500224
1775337504556,500224
1775337504558,500224
1775337504559,500224
1775337504562,500224
1775337504565,500224
1775337504566,500224
1775337504568,500224
1775337504570,500224
1775337504572,500224
1775337504574,500224
1775337504576,500224
1775337504577,500224
1775337504579,500224
1775337504581,500224
1775337504583,500224
1775337504584,500224
1775337504587,500224
1775337504594,500224
1775337504596,500224
1775337504597,500224
1775337504598,500224
1775337504600,500224
1775337504603,500224
1775337504605,500224
1775337504606,500224
1775337504607,500224
1775337504614,500224
1775337504621,500224
1775337504625,500224
1775337504628,500224
1775337504631,500224
1775337504635,500224
1775337504638,500224
1775337504640,500224
1775337504643,500224
1775337504646,500224
1775337504648,500224
1775337504651,500224
1775337504653,500224
1775337504655,500224
1775337504657,500224
1775337504659,500224
1775337504662,500224
1775337504664,500224
1775337504666,500224
1775337504668,500224
1775337504670,500224
1775337504671,500224
1775337504673,500224
1775337504675,500224
1775337504677,500224
1775337504678,500224
1775337504680,500224
1775337504682,500224
1775337504688,500224
1775337504689,500224
1775337504693,500224
1775337504696,500224
1775337504698,500224
1775337504701,500224
1775337504703,500224
1775337504912,500224
1775337504915,500224
1775337504918,500224
1775337504921,500224
1775337504929,500224
1775337504932,500224
1775337504935,500224
1775337504937,500224
1775337504940,500224
1775337504941,500224
1775337504943,500224
1775337504944,500224
1775337504947,500224
1775337504949,500224
1775337504962,500224
1775337504966,500224
1775337504970,500224
1775337504973,500224
1775337504976,500224
1775337504979,500224
1775337504981,500224
1775337504985,500224
1775337504986,500224
1775337504988,500224
1775337504991,500224
1775337504993,500224
1775337504994,500224
1775337504996,500224
1775337504998,500224
1775337504999,500224
1775337505001,500224
1775337505005,500224
1775337505007,500224
1775337505009,500224
1775337505013,500224
1775337505015,500224
1775337505017,500224
1775337505019,500224
1775337505021,500224
1775337505022,500224
1775337505024,500224
1775337505026,500224
1775337505028,500224
1775337505030,500224
1775337505032,500224
1775337505037,500224
1775337505040,500224
1775337505043,500224
1775337505048,500224
1775337505051,500224
1775337505054,500224
1775337505057,500224
1775337505059,500224
1775337505062,500224
1775337505064,500224
1775337505067,500224
1775337505069,500224
1775337505071,500224
1775337505072,500224
1775337505073,500224
1775337505075,500224
1775337505076,500224
1775337505077,500224
1775337505079,500224
1775337505081,500224
1775337505085,500224
1775337505087,500224
1775337505089,500224
1775337505091,500224
1775337505093,500224
1775337505095,500224
1775337505101,500224
1775337505103,500224
1775337505104,500224
1775337505106,500224
1775337505108,500224
1775337505111,500224
1775337505112,500224
1775337505114,500224
1775337505115,500224
1775337505117,500224
1775337505118,500224
1775337505119,500224
1775337505123,500224
1775337505124,500224
1775337505126,500224
1775337505127,500224
1775337505128,500224
1775337505129,500224
1775337505135,500224
1775337505140,500224
1775337505143,500224
1775337505145,500224
1775337505146,500224
1775337505147,500224
1775337505149,500224
1775337505151,500224
1775337505153,500224
1775337505155,500224
1775337505514,500224
1775337505516,500224
1775337505519,500224
1775337505522,500224
1775337505526,500224
1775337505530,500224
1775337505532,500224
1775337505533,500224
1775337505535,500224
1775337505537,500224
1775337505538,500224
1775337505540,500224
1775337505545,500224
1775337505550,500224
1775337505557,500224
1775337505560,500224
1775337505564,500224
1775337505565,500224
1775337505567,500224
1775337505569,500224
1775337505571,500224
1775337505573,500224
1775337505575,500224
1775337505577,500224
1775337505579,500224
1775337505580,500224
1775337505582,500224
1775337505583,500224
1775337505585,500224
1775337505586,500224
1775337505588,500224
1775337505589,500224
1775337505591,500224
1775337505593,500224
1775337505594,500224
1775337505595,500224
1775337505596,500224
1775337505598,500224
1775337505600,500224
1775337505601,500224
1775337505603,500224
1775337505606,500224
1775337505608,500224
1775337505610,500224
1775337505611,500224
1775337505613,500224
1775337505614,500224
1775337505615,500224
1775337505617,500224
1775337505618,500224
1775337505620,500224
1775337505621,500224
1775337505622,500224
1775337505624,500224
1775337505625,500224
1775337505626,500224
1775337505628,500224
1775337505642,500224
1775337505644,500224
1775337505649,500224
1775337505657,500224
1775337505660,500224
1775337505665,500224
1775337505667,500224
1775337505670,500224
1775337505673,500224
1775337505675,500224
1775337505678,500224
1775337505680,500224
1775337505682,500224
1775337505684,500224
1775337505687,500224
1775337505689,500224
1775337505690,500224
1775337505693,500224
1775337505695,500224
1775337505697,500224
1775337505699,500224
1775337505701,500224
1775337505708,500224
1775337505710,500224
1775337505716,500224
1775337505718,500224
1775337505723,500224
1775337505725,500224
1775337505727,500224
1775337505730,500224
1775337505732,500224
1775337505734,500224
1775337505735,500224
1775337505738,500224
1775337505741,500224
1775337505744,500224
1775337505747,500224
1775337505749,500224
1775337505753,500224
1775337505754,500224
1775337505756,500224
1775337505757,500224
1775337505758,500224
1775337505762,500224
1775337505764,500224
1775337505768,500224
1775337505770,500224
1775337505772,500224
1775337505774,500224
1775337505776,500224
1775337505778,500224
1775337505780,500224
1775337505783,500224
1775337505790,500224
1775337505792,500224
1775337505795,500224
1775337506112,500224
1775337506119,500224
1775337506122,500224
1775337506125,500224
1775337506127,500224
1775337506130,500224
1775337506134,500224
1775337506136,500224
1775337506144,500224
1775337506146,500224
1775337506148,500224
1775337506150,500224
1775337506153,500224
1775337506156,500224
1775337506162,500224
1775337506170,500224
1775337506177,500224
1775337506182,500224
1775337506187,500224
1775337506189,500224
1775337506192,500224
1775337506195,500224
1775337506209,500224
1775337506211,500224
1775337506213,500224
1775337506214,500224
1775337506225,500224
1775337506229,500224
1775337506232,500224
1775337506235,500224
1775337506237,500224
1775337506240,500224
1775337506242,500224
1775337506243,500224
1775337506246,500224
1775337506248,500224
1775337506251,500224
1775337506258,500224
1775337506263,500224
1775337506265,500224
1775337506268,500224
1775337506271,500224
1775337506273,500224
1775337506276,500224
1775337506278,500224
1775337506281,500224
1775337506282,500224
1775337506284,500224
1775337506287,500224
1775337506291,500224
1775337506293,500224
1775337506295,500224
1775337506297,500224
1775337506300,500224
1775337506302,500224
1775337506305,500224
1775337506307,500224
1775337506310,500224
1775337506312,500224
1775337506314,500224
1775337506316,500224
1775337506318,500224
1775337506326,500224
1775337506328,500224
1775337506330,500224
1775337506332,500224
1775337506334,500224
1775337506335,500224
1775337506336,500224
1775337506338,500224
1775337506340,500224
1775337506342,500224
1775337506344,500224
1775337506350,500224
1775337506353,500224
1775337506355,500224
1775337506359,500224
1775337506360,500224
1775337506361,500224
1775337506363,500224
1775337506366,500224
1775337506369,500224
1775337506371,500224
1775337506373,500224
1775337506377,500224
1775337506381,500224
1775337506383,500224
1775337506386,500224
1775337506389,500224
1775337506393,500224
1775337506398,500224
1775337506401,500224
1775337506404,500224
1775337506407,500224
1775337506413,500224
1775337506415,500224
1775337506418,500224
1775337506421,500224
1775337506423,500224
1775337506426,500224
1775337506428,500224
1775337506429,500224
1775337506432,500224
1775337506434,500224
1775337506436,500224
1775337506440,500224
1775337506441,500224
1775337506448,500224
1775337506450,500224
1775337506451,500224
1775337506456,500224
1775337506459,500224
1775337506461,500224
1775337506463,500224
1775337506465,500224
1775337506467,500224
1775337506469,500224
1775337506477,500224
1775337506479,500224
1775337506482,500224
1775337506489,500224
1775337506497,500224
1775337506507,500224
1775337506511,500224
1775337506513,500224
1775337506716,500224
1775337506719,500224
1775337506721,500224
1775337506725,500224
1775337506727,500224
1775337506730,500224
1775337506733,500224
1775337506735,500224
1775337506738,500224
1775337506741,500224
1775337506744,500224
1775337506746,500224
1775337506749,500224
1775337506751,500224
1775337506753,500224
1775337506761,500224
1775337506763,500224
1775337506764,500224
1775337506766,500224
1775337506767,500224
1775337506769,500224
1775337506770,500224
1775337506773,500224
1775337506776,500224
1775337506779,500224
1775337506786,500224
1775337506789,500224
1775337506792,500224
1775337506798,500224
1775337506802,500224
1775337506806,500224
1775337506809,500224
1775337506812,500224
1775337506814,500224
1775337506816,500224
1775337506819,500224
1775337506822,500224
1775337506825,500224
1775337506827,500224
1775337506829,500224
1775337506832,500224
1775337506834,500224
1775337506836,500224
1775337506838,500224
1775337506840,500224
1775337506843,500224
1775337506845,500224
1775337506849,500224
1775337506850,500224
1775337506852,500224
1775337506853,500224
1775337506856,500224
1775337506858,500224
1775337506861,500224
1775337506864,500224
1775337506866,500224
1775337506869,500224
1775337506871,500224
1775337506873,500224
1775337506875,500224
1775337506877,500224
1775337506878,500224
1775337506881,500224
1775337506883,500224
1775337506886,500224
1775337506887,500224
1775337506890,500224
1775337506899,500224
1775337506901,500224
1775337506903,500224
1775337506905,500224
1775337506908,500224
1775337506910,500224
1775337506912,500224
1775337506914,500224
1775337506916,500224
1775337506917,500224
1775337506919,500224
1775337506921,500224
1775337506922,500224
1775337506924,500224
1775337506925,500224
1775337506926,500224
1775337506928,500224
1775337506929,500224
1775337506931,500224
1775337506933,500224
1775337506934,500224
1775337506936,500224
1775337506938,500224
1775337506939,500224
1775337506941,500224
1775337506943,500224
1775337506945,500224
1775337506947,500224
1775337506948,500224
1775337506950,500224
1775337506951,500224
1775337506954,500224
1775337506955,500224
1775337506957,500224
1775337506958,500224
1775337506960,500224
1775337506961,500224
1775337506963,500224
1775337506964,500224
1775337506966,500224
1775337506967,500224
1775337506972,500224
1775337506974,500224
1775337506982,500224
1775337506985,500224
1775337506986,500224
1775337506988,500224
1775337507002,500224
1775337507004,500224
1775337507007,500224
1775337507316,500224
1775337507318,500224
1775337507321,500224
1775337507324,500224
1775337507326,500224
1775337507329,500224
1775337507338,500224
1775337507344,500224
1775337507349,500224
1775337507352,500224
1775337507355,500224
1775337507358,500224
1775337507360,500224
1775337507362,500224
1775337507365,500224
1775337507367,500224
1775337507373,500224
1775337507374,500224
1775337507377,500224
1775337507382,500224
1775337507385,500224
1775337507391,500224
1775337507394,500224
1775337507397,500224
1775337507405,500224
1775337507408,500224
1775337507410,500224
1775337507412,500224
1775337507414,500224
1775337507416,500224
1775337507419,500224
1775337507422,500224
1775337507425,500224
1775337507428,500224
1775337507430,500224
1775337507431,500224
1775337507433,500224
1775337507440,500224
1775337507443,500224
1775337507445,500224
1775337507448,500224
1775337507451,500224
1775337507456,500224
1775337507459,500224
1775337507471,500224
1775337507475,500224
1775337507479,500224
1775337507483,500224
1775337507486,500224
1775337507488,500224
1775337507491,500224
1775337507494,500224
1775337507497,500224
1775337507499,500224
1775337507501,500224
1775337507503,500224
1775337507504,500224
1775337507506,500224
1775337507507,500224
1775337507508,500224
1775337507514,500224
1775337507518,500224
1775337507520,500224
1775337507523,500224
1775337507526,500224
1775337507529,500224
1775337507532,500224
1775337507534,500224
1775337507536,500224
1775337507539,500224
1775337507541,500224
1775337507543,500224
1775337507545,500224
1775337507547,500224
1775337507549,500224
1775337507551,500224
1775337507552,500224
1775337507555,500224
1775337507558,500224
1775337507560,500224
1775337507562,500224
1775337507565,500224
1775337507567,500224
1775337507571,500224
1775337507574,500224
1775337507577,500224
1775337507579,500224
1775337507582,500224
1775337507585,500224
1775337507587,500224
1775337507590,500224
1775337507593,500224
1775337507594,500224
1775337507596,500224
1775337507597,500224
1775337507598,500224
1775337507600,500224
1775337507601,500224
1775337507604,500224
1775337507606,500224
1775337507608,500224
1775337507610,500224
1775337507611,500224
1775337507621,500224
1775337507625,500224
1775337507628,500224
1775337507631,500224
1775337507633,500224
1775337507636,500224
1775337507639,500224
1775337507641,500224
1775337507643,500224
1775337507645,500224
1775337507915,500224
1775337507918,500224
1775337507920,500224
1775337507922,500224
1775337507924,500224
1775337507926,500224
1775337507928,500224
1775337507930,500224
1775337507932,500224
1775337507939,500224
1775337507941,500224
1775337507943,500224
1775337507945,500224
1775337507948,500224
1775337507950,500224
1775337507952,500224
1775337507954,500224
1775337507956,500224
1775337507957,500224
1775337507959,500224
1775337507961,500224
1775337507963,500224
1775337507964,500224
1775337507969,500224
1775337507972,500224
1775337507975,500224
1775337507978,500224
1775337507980,500224
1775337507983,500224
1775337507986,500224
1775337507992,500224
1775337508002,500224
1775337508004,500224
1775337508006,500224
1775337508010,500224
1775337508013,500224
1775337508015,500224
1775337508019,500224
1775337508022,500224
1775337508024,500224
1775337508026,500224
1775337508028,500224
1775337508030,500224
1775337508032,500224
1775337508034,500224
1775337508037,500224
1775337508040,500224
1775337508042,500224
1775337508043,500224
1775337508045,500224
1775337508047,500224
1775337508050,500224
1775337508053,500224
1775337508056,500224
1775337508064,500224
1775337508066,500224
1775337508068,500224
1775337508070,500224
1775337508072,500224
1775337508074,500224
1775337508076,500224
1775337508080,500224
1775337508083,500224
1775337508085,500224
1775337508088,500224
1775337508091,500224
1775337508092,500224
1775337508094,500224
1775337508096,500224
1775337508099,500224
1775337508104,500224
1775337508106,500224
1775337508107,500224
1775337508109,500224
1775337508110,500224
1775337508112,500224
1775337508113,500224
1775337508115,500224
1775337508116,500224
1775337508117,500224
1775337508119,500224
1775337508120,500224
1775337508121,500224
1775337508123,500224
1775337508124,500224
1775337508125,500224
1775337508127,500224
1775337508129,500224
1775337508134,500224
1775337508141,500224
1775337508143,500224
1775337508145,500224
1775337508147,500224
1775337508148,500224
1775337508150,500224
1775337508151,500224
1775337508153,500224
1775337508156,500224
1775337508157,500224
1775337508159,500224
1775337508161,500224
1775337508162,500224
1775337508164,500224
1775337508166,500224
1775337508167,500224
1775337508168,500224
1775337508169,500224
1775337508171,500224
1775337508172,500224
1775337508173,500224
1775337508174,500224
1775337508175,500224
1775337508177,500224
1775337508178,500224
1775337508180,500224
1775337508182,500224
1775337508184,500224
1775337508191,500224
1775337508192,500224
1775337508193,500224
1775337508516,500224
1775337508521,500224
1775337508524,500224
1775337508526,500224
1775337508528,500224
1775337508530,500224
1775337508533,500224
1775337508535,500224
1775337508538,500224
1775337508541,500224
1775337508543,500224
1775337508545,500224
1775337508547,500224
1775337508549,500224
1775337508551,500224
1775337508553,500224
1775337508554,500224
1775337508556,500224
1775337508558,500224
1775337508559,500224
1775337508561,500224
1775337508562,500224
1775337508564,500224
1775337508565,500224
1775337508566,500224
1775337508568,500224
1775337508569,500224
1775337508570,500224
1775337508572,500224
1775337508573,500224
1775337508577,500224
1775337508582,500224
1775337508589,500224
1775337508592,500224
1775337508598,500224
1775337508602,500224
1775337508605,500224
1775337508609,500224
1775337508611,500224
1775337508614,500224
1775337508622,500224
1775337508626,500224
1775337508629,500224
1775337508631,500224
1775337508633,500224
1775337508640,500224
1775337508644,500224
1775337508646,500224
1775337508648,500224
1775337508650,500224
1775337508652,500224
1775337508658,500224
1775337508661,500224
1775337508664,500224
1775337508666,500224
1775337508670,500224
1775337508673,500224
1775337508676,500224
1775337508679,500224
1775337508681,500224
1775337508682,500224
1775337508685,500224
1775337508688,500224
1775337508690,500224
1775337508692,500224
1775337508694,500224
1775337508696,500224
1775337508697,500224
1775337508699,500224
1775337508701,500224
1775337508702,500224
1775337508703,500224
1775337508704,500224
1775337508706,500224
1775337508707,500224
1775337508708,500224
1775337508709,500224
1775337508711,500224
1775337508712,500224
1775337508714,500224
1775337508716,500224
1775337508717,500224
1775337508719,500224
1775337508720,500224
1775337508721,500224
1775337508723,500224
1775337508724,500224
1775337508725,500224
1775337508727,500224
1775337508728,500224
1775337508731,500224
1775337508733,500224
1775337508735,500224
1775337508736,500224
1775337508737,500224
1775337508739,500224
1775337508740,500224
1775337508741,500224
1775337508742,500224
1775337508749,500224
1775337508752,500224
1775337508758,500224
1775337508760,500224
1775337508762,500224
1775337508764,500224
1775337508765,500224
1775337508767,500224
1775337508769,500224
1775337508770,500224
1775337508772,500224
1775337509117,500224
1775337509119,500224
1775337509121,500224
1775337509122,500224
1775337509126,500224
1775337509129,500224
1775337509131,500224
1775337509139,500224
1775337509143,500224
1775337509146,500224
1775337509149,500224
1775337509151,500224
1775337509153,500224
1775337509156,500224
1775337509158,500224
1775337509160,500224
1775337509163,500224
1775337509165,500224
1775337509168,500224
1775337509171,500224
1775337509174,500224
1775337509177,500224
1775337509180,500224
1775337509182,500224
1775337509185,500224
1775337509188,500224
1775337509191,500224
1775337509194,500224
1775337509197,500224
1775337509199,500224
1775337509202,500224
1775337509204,500224
1775337509207,500224
1775337509210,500224
1775337509212,500224
1775337509213,500224
1775337509215,500224
1775337509217,500224
1775337509219,500224
1775337509221,500224
1775337509223,500224
1775337509225,500224
1775337509228,500224
1775337509231,500224
1775337509233,500224
1775337509235,500224
1775337509236,500224
1775337509238,500224
1775337509240,500224
1775337509242,500224
1775337509244,500224
1775337509246,500224
1775337509248,500224
1775337509249,500224
1775337509251,500224
1775337509252,500224
1775337509255,500224
1775337509258,500224
1775337509261,500224
1775337509263,500224
1775337509265,500224
1775337509272,500224
1775337509274,500224
1775337509276,500224
1775337509278,500224
1775337509280,500224
1775337509283,500224
1775337509295,500224
1775337509298,500224
1775337509300,500224
1775337509302,500224
1775337509304,500224
1775337509306,500224
1775337509309,500224
1775337509312,500224
1775337509314,500224
1775337509315,500224
1775337509317,500224
1775337509319,500224
1775337509320,500224
1775337509322,500224
1775337509323,500224
1775337509325,500224
1775337509327,500224
1775337509329,500224
1775337509330,500224
1775337509331,500224
1775337509334,500224
1775337509337,500224
1775337509340,500224
1775337509342,500224
1775337509346,500224
1775337509348,500224
1775337509365,500224
1775337509372,500224
1775337509373,500224
1775337509375,500224
1775337509378,500224
1775337509380,500224
1775337509382,500224
1775337509384,500224
1775337509386,500224
1775337509388,500224
1775337509389,500224
1775337509390,500224
1775337509392,500224
1775337509394,500224
1775337509395,500224
1775337509397,500224
1775337509399,500224
1775337509400,500224
1775337509402,500224
1775337509404,500224
1775337509405,500224
1775337509407,500224
1775337509408,500224
1775337509410,500224
1775337509412,500224
1775337509413,500224
1775337509415,500224
1775337509416,500224
1775337509418,500224
1775337509419,500224
1775337509420,500224
1775337509422,500224
1775337509423,500224
1775337509426,500224
1775337509428,500224
1775337509430,500224
1775337509432,500224
1775337509433,500224
1775337509434,500224
1775337509436,500224
1775337509437,500224
1775337509438,500224
1775337509440,500224
1775337509441,500224
1775337509442,500224
1775337509716,500224
1775337509718,500224
1775337509719,500224
1775337509721,500224
1775337509722,500224
1775337509723,500224
1775337509725,500224
1775337509727,500224
1775337509728,500224
1775337509729,500224
1775337509735,500224
1775337509736,500224
1775337509738,500224
1775337509739,500224
1775337509741,500224
1775337509742,500224
1775337509743,500224
1775337509745,500224
1775337509746,500224
1775337509749,500224
1775337509751,500224
1775337509753,500224
1775337509755,500224
1775337509757,500224
1775337509760,500224
1775337509764,500224
1775337509766,500224
1775337509767,500224
1775337509769,500224
1775337509770,500224
1775337509773,500224
1775337509776,500224
1775337509779,500224
1775337509780,500224
1775337509781,500224
1775337509783,500224
1775337509784,500224
1775337509788,500224
1775337509795,500224
1775337509797,500224
1775337509799,500224
1775337509801,500224
1775337509803,500224
1775337509807,500224
1775337509810,500224
1775337509812,500224
1775337509813,500224
1775337509815,500224
1775337509816,500224
1775337509820,500224
1775337509822,500224
1775337509825,500224
1775337509828,500224
1775337509830,500224
1775337509832,500224
1775337509833,500224
1775337509835,500224
1775337509836,500224
1775337509837,500224
1775337509839,500224
1775337509840,500224
1775337509841,500224
1775337509849,500224
1775337509851,500224
1775337509852,500224
1775337509853,500224
1775337509854,500224
1775337509856,500224
1775337509857,500224
1775337509858,500224
1775337509860,500224
1775337509861,500224
1775337509862,500224
1775337509864,500224
1775337509865,500224
1775337509866,500224
1775337509867,500224
1775337509873,500224
1775337509878,500224
1775337509879,500224
1775337509882,500224
1775337509886,500224
1775337509888,500224
1775337509891,500224
1775337509894,500224
1775337509897,500224
1775337509899,500224
1775337509901,500224
1775337509905,500224
1775337509906,500224
1775337509909,500224
1775337509912,500224
1775337509914,500224
1775337509916,500224
1775337509918,500224
1775337509920,500224
1775337509922,500224
1775337509924,500224
1775337509925,500224
1775337509927,500224
1775337509929,500224
1775337509932,500224
1775337509935,500224
1775337509937,500224
1775337509942,500224
1775337509945,500224
1775337509947,500224
1775337509949,500224
1775337509950,500224
1775337509952,500224
1775337509955,500224
1775337509958,500224
1775337509960,500224
1775337509963,500224
1775337509965,500224
1775337509968,500224
1775337509970,500224
1775337509972,500224
1775337509974,500224
1775337509976,500224
1775337509978,500224
1775337509979,500224
1775337509980,500224
1775337509982,500224
1775337509984,500224
1775337509986,500224
1775337510319,500224
1775337510323,500224
1775337510325,500224
1775337510328,500224
1775337510331,500224
1775337510334,500224
1775337510335,500224
1775337510337,500224
1775337510338,500224
1775337510349,500224
1775337510351,500224
1775337510354,500224
1775337510356,500224
1775337510358,500224
1775337510365,500224
1775337510367,500224
1775337510373,500224
1775337510377,500224
1775337510380,500224
1775337510383,500224
1775337510386,500224
1775337510388,500224
1775337510391,500224
1775337510393,500224
1775337510395,500224
1775337510396,500224
1775337510398,500224
1775337510400,500224
1775337510401,500224
1775337510404,500224
1775337510406,500224
1775337510408,500224
1775337510410,500224
1775337510418,500224
1775337510421,500224
1775337510424,500224
1775337510426,500224
1775337510429,500224
1775337510437,500224
1775337510440,500224
1775337510442,500224
1775337510445,500224
1775337510447,500224
1775337510456,500224
1775337510458,500224
1775337510460,500224
1775337510462,500224
1775337510463,500224
1775337510465,500224
1775337510467,500224
1775337510470,500224
1775337510472,500224
1775337510480,500224
1775337510486,500224
1775337510488,500224
1775337510489,500224
1775337510491,500224
1775337510492,500224
1775337510495,500224
1775337510499,500224
1775337510501,500224
1775337510504,500224
1775337510507,500224
1775337510509,500224
1775337510511,500224
1775337510513,500224
1775337510514,500224
1775337510517,500224
1775337510519,500224
1775337510521,500224
1775337510523,500224
1775337510525,500224
1775337510526,500224
1775337510528,500224
1775337510530,500224
1775337510532,500224
1775337510533,500224
1775337510535,500224
1775337510536,500224
1775337510538,500224
1775337510539,500224
1775337510541,500224
1775337510542,500224
1775337510544,500224
1775337510548,500224
1775337510551,500224
1775337510553,500224
1775337510562,500224
1775337510564,500224
1775337510567,500224
1775337510573,500224
1775337510576,500224
1775337510579,500224
1775337510581,500224
1775337510584,500224
1775337510587,500224
1775337510589,500224
1775337510592,500224
1775337510595,500224
1775337510597,500224
1775337510599,500224
1775337510603,500224
1775337510606,500224
1775337510609,500224
1775337510612,500224
1775337510614,500224
1775337510617,500224
1775337510626,500224
1775337510629,500224
1775337510631,500224
1775337510640,500224
1775337510642,500224
1775337510645,500224
1775337510648,500224
1775337510650,500224
1775337510653,500224
1775337510654,500224
1775337510656,500224
1775337510925,500224
1775337510932,500224
1775337510935,500224
1775337510938,500224
1775337510942,500224
1775337510948,500224
1775337510955,500224
1775337510958,500224
1775337510961,500224
1775337510963,500224
1775337510966,500224
1775337510968,500224
1775337510969,500224
1775337510971,500224
1775337510973,500224
1775337510974,500224
1775337510976,500224
1775337510977,500224
1775337510978,500224
1775337510980,500224
1775337510981,500224
1775337510983,500224
1775337510985,500224
1775337511003,500224
1775337511009,500224
1775337511011,500224
1775337511013,500224
1775337511015,500224
1775337511019,500224
1775337511022,500224
1775337511029,500224
1775337511031,500224
1775337511037,500224
1775337511040,500224
1775337511047,500224
1775337511049,500224
1775337511054,500224
1775337511055,500224
1775337511057,500224
1775337511059,500224
1775337511061,500224
1775337511062,500224
1775337511064,500224
1775337511067,500224
1775337511070,500224
1775337511072,500224
1775337511074,500224
1775337511075,500224
1775337511077,500224
1775337511078,500224
1775337511079,500224
1775337511087,500224
1775337511089,500224
1775337511091,500224
1775337511092,500224
1775337511093,500224
1775337511094,500224
1775337511096,500224
1775337511097,500224
1775337511098,500224
1775337511099,500224
1775337511101,500224
1775337511102,500224
1775337511103,500224
1775337511104,500224
1775337511106,500224
1775337511109,500224
1775337511112,500224
1775337511115,500224
1775337511116,500224
1775337511121,500224
1775337511123,500224
1775337511126,500224
1775337511128,500224
1775337511131,500224
1775337511134,500224
1775337511136,500224
1775337511139,500224
1775337511142,500224
1775337511144,500224
1775337511149,500224
1775337511155,500224
1775337511157,500224
1775337511162,500224
1775337511168,500224
1775337511173,500224
1775337511178,500224
1775337511181,500224
1775337511183,500224
1775337511187,500224
1775337511193,500224
1775337511195,500224
1775337511196,500224
1775337511198,500224
1775337511199,500224
1775337511201,500224
1775337511202,500224
1775337511204,500224
1775337511205,500224
1775337511207,500224
1775337511208,500224
1775337511210,500224
1775337511211,500224
1775337511213,500224
1775337511214,500224
1775337511216,500224
1775337511217,500224
1775337511219,500224
1775337511523,500224
1775337511527,500224
1775337511530,500224
1775337511537,500224
1775337511540,500224
1775337511542,500224
1775337511544,500224
1775337511545,500224
1775337511547,500224
1775337511549,500224
1775337511556,500224
1775337511560,500224
1775337511565,500224
1775337511566,500224
1775337511569,500224
1775337511572,500224
1775337511574,500224
1775337511577,500224
1775337511579,500224
1775337511580,500224
1775337511582,500224
1775337511584,500224
1775337511586,500224
1775337511588,500224
1775337511590,500224
1775337511593,500224
1775337511596,500224
1775337511600,500224
1775337511611,500224
1775337511618,500224
1775337511621,500224
1775337511628,500224
1775337511636,500224
1775337511639,500224
1775337511640,500224
1775337511643,500224
1775337511644,500224
1775337511650,500224
1775337511652,500224
1775337511654,500224
1775337511655,500224
1775337511658,500224
1775337511661,500224
1775337511664,500224
1775337511666,500224
1775337511669,500224
1775337511671,500224
1775337511674,500224
1775337511676,500224
1775337511680,500224
1775337511683,500224
1775337511685,500224
1775337511688,500224
1775337511690,500224
1775337511692,500224
1775337511695,500224
1775337511699,500224
1775337511702,500224
1775337511704,500224
1775337511707,500224
1775337511713,500224
1775337511716,500224
1775337511718,500224
1775337511720,500224
1775337511722,500224
1775337511724,500224
1775337511725,500224
1775337511726,500224
1775337511729,500224
1775337511732,500224
1775337511734,500224
1775337511736,500224
1775337511738,500224
1775337511739,500224
1775337511743,500224
1775337511745,500224
1775337511748,500224
1775337511754,500224
1775337511758,500224
1775337511762,500224
1775337511767,500224
1775337511771,500224
1775337511773,500224
1775337511775,500224
1775337511776,500224
1775337511778,500224
1775337511779,500224
1775337511780,500224
1775337511782,500224
1775337511784,500224
1775337511785,500224
1775337511787,500224
1775337511789,500224
1775337511791,500224
1775337511792,500224
1775337511793,500224
1775337511795,500224
1775337511796,500224
1775337511797,500224
1775337511801,500224
1775337511804,500224
1775337511805,500224
1775337511807,500224
1775337511808,500224
1775337511810,500224
1775337511811,500224
1775337511813,500224
1775337511814,500224
1775337511815,500224
1775337511817,500224
1775337511818,500224
1775337511819,500224
1775337511821,500224
1775337511822,500224
1775337511823,500224
1775337511824,500224
1775337511826,500224
1775337511827,500224
1775337511828,500224
1775337511830,500224
1775337511831,500224
1775337511832,500224
1775337511833,500224
1775337511835,500224
1775337511836,500224
1775337511837,500224
1775337511839,500224
1775337511845,500224
1775337511846,500224
1775337511847,500224
1775337512125,500224
1775337512127,500224
1775337512129,500224
1775337512132,500224
1775337512135,500224
1775337512137,500224
1775337512140,500224
1775337512142,500224
1775337512144,500224
1775337512147,500224
1775337512148,500224
1775337512150,500224
1775337512151,500224
1775337512153,500224
1775337512154,500224
1775337512155,500224
1775337512157,500224
1775337512158,500224
1775337512159,500224
1775337512161,500224
1775337512162,500224
1775337512167,500224
1775337512172,500224
1775337512178,500224
1775337512180,500224
1775337512185,500224
1775337512191,500224
1775337512193,500224
1775337512194,500224
1775337512196,500224
1775337512197,500224
1775337512198,500224
1775337512201,500224
1775337512202,500224
1775337512203,500224
1775337512204,500224
1775337512206,500224
1775337512208,500224
1775337512209,500224
1775337512210,500224
1775337512211,500224
1775337512213,500224
1775337512214,500224
1775337512215,500224
1775337512216,500224
1775337512218,500224
1775337512222,500224
1775337512225,500224
1775337512228,500224
1775337512231,500224
1775337512234,500224
1775337512238,500224
1775337512240,500224
1775337512243,500224
1775337512246,500224
1775337512249,500224
1775337512251,500224
1775337512254,500224
1775337512256,500224
1775337512259,500224
1775337512262,500224
1775337512269,500224
1775337512272,500224
1775337512275,500224
1775337512278,500224
1775337512281,500224
1775337512284,500224
1775337512286,500224
1775337512288,500224
1775337512289,500224
1775337512291,500224
1775337512292,500224
1775337512294,500224
1775337512295,500224
1775337512298,500224
1775337512300,500224
1775337512301,500224
1775337512302,500224
1775337512304,500224
1775337512305,500224
1775337512306,500224
1775337512307,500224
1775337512309,500224
1775337512310,500224
1775337512311,500224
1775337512312,500224
1775337512314,500224
1775337512315,500224
1775337512316,500224
1775337512317,500224
1775337512319,500224
1775337512321,500224
1775337512323,500224
1775337512325,500224
1775337512327,500224
1775337512328,500224
1775337512330,500224
1775337512337,500224
1775337512340,500224
1775337512348,500224
1775337512355,500224
1775337512356,500224
1775337512357,500224
1775337512359,500224
1775337512360,500224
1775337512361,500224
1775337512363,500224
1775337512364,500224
1775337512365,500224
1775337512367,500224
1775337512369,500224
1775337512371,500224
1775337512372,500224
1775337512373,500224
1775337512375,500224
1775337512378,500224
1775337512380,500224
1775337512382,500224
1775337512384,500224
1775337512385,500224
1775337512386,500224
1775337512389,500224
1775337512392,500224
1775337512393,500224
1775337512394,500224
1775337512397,500224
1775337512400,500224
1775337512402,500224
1775337512405,500224
1775337512414,500224
1775337512416,500224
1775337512424,500224
1775337512724,500224
1775337512726,500224
1775337512727,500224
1775337512731,500224
1775337512734,500224
1775337512736,500224
1775337512738,500224
1775337512740,500224
1775337512743,500224
1775337512746,500224
1775337512748,500224
1775337512751,500224
1775337512754,500224
1775337512757,500224
1775337512761,500224
1775337512766,500224
1775337512770,500224
1775337512776,500224
1775337512779,500224
1775337512782,500224
1775337512785,500224
1775337512786,500224
1775337512789,500224
1775337512791,500224
1775337512793,500224
1775337512796,500224
1775337512798,500224
1775337512801,500224
1775337512804,500224
1775337512807,500224
1775337512810,500224
1775337512813,500224
1775337512816,500224
1775337512818,500224
1775337512821,500224
1775337512824,500224
1775337512826,500224
1775337512828,500224
1775337512830,500224
1775337512834,500224
1775337512837,500224
1775337512839,500224
1775337512841,500224
1775337512843,500224
1775337512845,500224
1775337512847,500224
1775337512849,500224
1775337512852,500224
1775337512855,500224
1775337512859,500224
1775337512861,500224
1775337512863,500224
1775337512866,500224
1775337512869,500224
1775337512871,500224
1775337512874,500224
1775337512876,500224
1775337512878,500224
1775337512881,500224
1775337512883,500224
1775337512885,500224
1775337512887,500224
1775337512889,500224
1775337512891,500224
1775337512892,500224
1775337512893,500224
1775337512894,500224
1775337512896,500224
1775337512897,500224
1775337512898,500224
1775337512899,500224
1775337512901,500224
1775337512902,500224
1775337512903,500224
1775337512905,500224
1775337512906,500224
1775337512907,500224
1775337512908,500224
1775337512910,500224
1775337512911,500224
1775337512912,500224
1775337512914,500224
1775337512915,500224
1775337512916,500224
1775337512917,500224
1775337512919,500224
1775337512922,500224
1775337512927,500224
1775337512949,500224
1775337512953,500224
1775337512954,500224
1775337512956,500224
1775337512957,500224
1775337512965,500224
1775337512968,500224
1775337512970,500224
1775337512972,500224
1775337512974,500224
1775337512975,500224
1775337512977,500224
1775337512979,500224
1775337512981,500224
1775337512983,500224
1775337512986,500224
1775337512988,500224
1775337512989,500224
1775337512991,500224
1775337512992,500224
1775337512994,500224
1775337512995,500224
1775337512998,500224
1775337513000,500224
1775337513007,500224
1775337513008,500224
1775337513010,500224
1775337513011,500224
1775337513012,500224
1775337513014,500224
1775337513015,500224
1775337513019,500224
1775337513022,500224
1775337513023,500224
1775337513025,500224
1775337513026,500224
1775337513028,500224
1775337513029,500224
1775337513031,500224
1775337513032,500224
1775337513323,500224
1775337513326,500224
1775337513329,500224
1775337513333,500224
1775337513335,500224
1775337513337,500224
1775337513338,500224
1775337513340,500224
1775337513342,500224
1775337513345,500224
1775337513346,500224
1775337513349,500224
1775337513352,500224
1775337513354,500224
1775337513355,500224
1775337513357,500224
1775337513358,500224
1775337513360,500224
1775337513361,500224
1775337513363,500224
1775337513366,500224
1775337513369,500224
1775337513372,500224
1775337513374,500224
1775337513379,500224
1775337513382,500224
1775337513385,500224
1775337513388,500224
1775337513392,500224
1775337513394,500224
1775337513396,500224
1775337513397,500224
1775337513399,500224
1775337513402,500224
1775337513404,500224
1775337513407,500224
1775337513409,500224
1775337513411,500224
1775337513413,500224
1775337513414,500224
1775337513416,500224
1775337513418,500224
1775337513419,500224
1775337513420,500224
1775337513422,500224
1775337513425,500224
1775337513427,500224
1775337513430,500224
1775337513432,500224
1775337513434,500224
1775337513437,500224
1775337513439,500224
1775337513441,500224
1775337513443,500224
1775337513445,500224
1775337513447,500224
1775337513448,500224
1775337513450,500224
1775337513452,500224
1775337513453,500224
1775337513455,500224
1775337513608,500224
1775337513610,500224
1775337513612,500224
1775337513614,500224
1775337513618,500224
1775337513620,500224
1775337513623,500224
1775337513625,500224
1775337513627,500224
1775337513629,500224
1775337513631,500224
1775337513633,500224
1775337513635,500224
1775337513640,500224
1775337513643,500224
1775337513644,500224
1775337513646,500224
1775337513648,500224
1775337513651,500224
1775337513653,500224
1775337513655,500224
1775337513658,500224
1775337513661,500224
1775337513663,500224
1775337513665,500224
1775337513667,500224
1775337513669,500224
1775337513671,500224
1775337513682,500224
1775337513684,500224
1775337513687,500224
1775337513690,500224
1775337513692,500224
1775337513694,500224
1775337513699,500224
1775337513702,500224
1775337513704,500224
1775337513706,500224
1775337513709,500224
1775337513711,500224
1775337513713,500224
1775337513714,500224
1775337513716,500224
1775337513718,500224
1775337513720,500224
1775337513721,500224
1775337513723,500224
1775337513729,500224
1775337513731,500224
1775337513733,500224
1775337513735,500224
1775337513741,500224
1775337513743,500224
1775337513745,500224
1775337513747,500224
1775337513750,500224
1775337513751,500224
1775337513753,500224
1775337513755,500224
1775337513758,500224
1775337513761,500224
1775337513763,500224
1775337513764,500224
1775337513765,500224
1775337513767,500224
1775337513769,500224
1775337513770,500224
1775337513772,500224
1775337513773,500224
1775337513775,500224
1775337513776,500224
1775337513780,500224
1775337513935,500224
1775337513937,500224
1775337513940,500224
1775337513942,500224
1775337513944,500224
1775337513945,500224
1775337513948,500224
1775337513951,500224
1775337513953,500224
1775337513955,500224
1775337513958,500224
1775337513960,500224
1775337513962,500224
1775337513964,500224
1775337513968,500224
1775337513970,500224
1775337513972,500224
1775337513974,500224
1775337513976,500224
1775337513978,500224
1775337513981,500224
1775337513983,500224
1775337513985,500224
1775337513986,500224
1775337513988,500224
1775337513989,500224
1775337513991,500224
1775337513992,500224
1775337513994,500224
1775337513996,500224
1775337513998,500224
1775337514000,500224
1775337514001,500224
1775337514003,500224
1775337514004,500224
1775337514006,500224
1775337514007,500224
1775337514008,500224
1775337514011,500224
1775337514013,500224
1775337514015,500224
1775337514017,500224
1775337514019,500224
1775337514021,500224
1775337514023,500224
1775337514026,500224
1775337514028,500224
1775337514029,500224
1775337514031,500224
1775337514033,500224
1775337514034,500224
1775337514036,500224
1775337514038,500224
1775337514041,500224
1775337514043,500224
1775337514045,500224
1775337514047,500224
1775337514050,500224
1775337514051,500224
1775337514055,500224
1775337514056,500224
1775337514058,500224
1775337514059,500224
1775337514060,500224
1775337514061,500224
1775337514063,500224
1775337514064,500224
1775337514065,500224
1775337514066,500224
1775337514068,500224
1775337514070,500224
1775337514073,500224
1775337514075,500224
1775337514078,500224
1775337514081,500224
1775337514084,500224
1775337514087,500224
1775337514090,500224
1775337514092,500224
1775337514095,500224
1775337514098,500224
1775337514103,500224
1775337514106,500224
1775337514107,500224
1775337514109,500224
1775337514110,500224
1775337514112,500224
1775337514114,500224
1775337514117,500224
1775337514120,500224
1775337514121,500224
1775337514129,500224
1775337514133,500224
1775337514135,500224
1775337514138,500224
1775337514141,500224
1775337514143,500224
1775337514145,500224
1775337514146,500224
1775337514148,500224
1775337514150,500224
1775337514152,500224
1775337514154,500224
1775337514157,500224
1775337514159,500224
1775337514162,500224
1775337514165,500224
1775337514171,500224
1775337514189,500224
1775337514199,500224
1775337514202,500224
1775337514205,500224
1775337514208,500224
1775337514210,500224
1775337514213,500224
1775337514216,500224
1775337514218,500224
1775337514220,500224
1775337514222,500224
1775337514225,500224
1775337514226,500224
1775337514228,500224
1775337514231,500224
1775337514232,500224
1775337514234,500224
1775337514235,500224
1775337514236,500224
1775337514523,500224
1775337514526,500224
1775337514528,500224
1775337514529,500224
1775337514531,500224
1775337514533,500224
1775337514535,500224
1775337514536,500224
1775337514537,500224
1775337514538,500224
1775337514540,500224
1775337514541,500224
1775337514543,500224
1775337514545,500224
1775337514546,500224
1775337514548,500224
1775337514549,500224
1775337514550,500224
1775337514552,500224
1775337514553,500224
1775337514554,500224
1775337514558,500224
1775337514561,500224
1775337514565,500224
1775337514566,500224
1775337514568,500224
1775337514570,500224
1775337514573,500224
1775337514575,500224
1775337514578,500224
1775337514580,500224
1775337514581,500224
1775337514582,500224
1775337514584,500224
1775337514585,500224
1775337514591,500224
1775337514595,500224
1775337514598,500224
1775337514599,500224
1775337514600,500224
1775337514602,500224
1775337514612,500224
1775337514620,500224
1775337514623,500224
1775337514625,500224
1775337514628,500224
1775337514631,500224
1775337514633,500224
1775337514636,500224
1775337514638,500224
1775337514640,500224
1775337514643,500224
1775337514645,500224
1775337514647,500224
1775337514649,500224
1775337514651,500224
1775337514653,500224
1775337514655,500224
1775337514657,500224
1775337514658,500224
1775337514660,500224
1775337514662,500224
1775337514663,500224
1775337514670,500224
1775337514672,500224
1775337514674,500224
1775337514676,500224
1775337514678,500224
1775337514683,500224
1775337514686,500224
1775337514687,500224
1775337514689,500224
1775337514690,500224
1775337514691,500224
1775337514693,500224
1775337514694,500224
1775337514695,500224
1775337514697,500224
1775337514698,500224
1775337514699,500224
1775337514700,500224
1775337514706,500224
1775337514709,500224
1775337514711,500224
1775337514714,500224
1775337514716,500224
1775337514719,500224
1775337514721,500224
1775337514723,500224
1775337514725,500224
1775337514727,500224
1775337514729,500224
1775337514731,500224
1775337514733,500224
1775337514735,500224
1775337514737,500224
1775337514739,500224
1775337514740,500224
1775337514742,500224
1775337514743,500224
1775337514745,500224
1775337514746,500224
1775337514748,500224
1775337514750,500224
1775337514751,500224
1775337514759,500224
1775337514765,500224
1775337514770,500224
1775337514773,500224
1775337514776,500224
1775337514778,500224
1775337514780,500224
1775337514781,500224
1775337514784,500224
1775337514786,500224
1775337514788,500224
1775337514791,500224
1775337514794,500224
1775337514796,500224
1775337514799,500224
1775337514802,500224
1775337515125,500224
1775337515128,500224
1775337515130,500224
1775337515133,500224
1775337515136,500224
1775337515138,500224
1775337515140,500224
1775337515141,500224
1775337515143,500224
1775337515145,500224
1775337515146,500224
1775337515148,500224
1775337515149,500224
1775337515151,500224
1775337515152,500224
1775337515156,500224
1775337515159,500224
1775337515161,500224
1775337515164,500224
1775337515167,500224
1775337515169,500224
1775337515173,500224
1775337515175,500224
1775337515182,500224
1775337515183,500224
1775337515193,500224
1775337515197,500224
1775337515200,500224
1775337515203,500224
1775337515205,500224
1775337515208,500224
1775337515210,500224
1775337515212,500224
1775337515214,500224
1775337515221,500224
1775337515226,500224
1775337515228,500224
1775337515231,500224
1775337515234,500224
1775337515237,500224
1775337515240,500224
1775337515242,500224
1775337515245,500224
1775337515248,500224
1775337515256,500224
1775337515261,500224
1775337515265,500224
1775337515268,500224
1775337515273,500224
1775337515276,500224
1775337515278,500224
1775337515281,500224
1775337515284,500224
1775337515287,500224
1775337515290,500224
1775337515293,500224
1775337515296,500224
1775337515299,500224
1775337515301,500224
1775337515302,500224
1775337515303,500224
1775337515304,500224
1775337515306,500224
1775337515308,500224
1775337515310,500224
1775337515311,500224
1775337515313,500224
1775337515314,500224
1775337515316,500224
1775337515317,500224
1775337515319,500224
1775337515322,500224
1775337515325,500224
1775337515327,500224
1775337515330,500224
1775337515335,500224
1775337515337,500224
1775337515344,500224
1775337515349,500224
1775337515352,500224
1775337515355,500224
1775337515358,500224
1775337515360,500224
1775337515363,500224
1775337515366,500224
1775337515368,500224
1775337515370,500224
1775337515371,500224
1775337515373,500224
1775337515376,500224
1775337515378,500224
1775337515381,500224
1775337515383,500224
1775337515385,500224
1775337515391,500224
1775337515395,500224
1775337515397,500224
1775337515398,500224
1775337515401,500224
1775337515403,500224
1775337515407,500224
1775337515412,500224
1775337515414,500224
1775337515419,500224
1775337515423,500224
1775337515426,500224
1775337515429,500224
1775337515431,500224
1775337515434,500224
1775337515436,500224
1775337515438,500224
1775337515439,500224
1775337515440,500224
1775337515441,500224
1775337515444,500224
1775337515447,500224
1775337515449,500224
1775337515451,500224
1775337515453,500224
1775337515456,500224
1775337515459,500224
1775337515462,500224
1775337515464,500224
1775337515467,500224
1775337515470,500224
1775337515472,500224
1775337515475,500224
1775337515478,500224
1775337515480,500224
1775337515483,500224
1775337517154,500224
1775337517159,500224
1775337517163,500224
1775337517168,500224
1775337517173,500224
1775337517442,500224
1775337517760,500224
1775337517761,500224
1775337517766,500224
1775337518371,500224
1775337518374,500224
1775337518375,500224
1775337518377,500224
1775337518378,500224
1775337518379,500224
1775337518381,500224
1775337518383,500224
1775337518385,500224
1775337518387,500224
1775337518388,500224
1775337518391,500224
1775337518392,500224
1775337518396,500224
1775337518399,500224
1775337518401,500224
1775337518404,500224
1775337518407,500224
1775337518409,500224
1775337518412,500224
1775337518415,500224
1775337518417,500224
1775337518419,500224
1775337518421,500224
1775337518422,500224
1775337518424,500224
1775337518427,500224
1775337518430,500224
1775337518436,500224
1775337518438,500224
1775337518440,500224
1775337518441,500224
1775337518442,500224
1775337518444,500224
1775337518448,500224
1775337518451,500224
1775337518454,500224
1775337518456,500224
1775337518458,500224
1775337518461,500224
1775337518463,500224
1775337518471,500224
1775337518478,500224
1775337518484,500224
1775337518486,500224
1775337518489,500224
1775337518931,500224
1775337518937,500224
1775337518938,500224
1775337518940,500224
1775337518946,500224
1775337518949,500224
1775337518951,500224
1775337518953,500224
1775337518955,500224
1775337518957,500224
1775337518962,500224
1775337518965,500224
1775337518968,500224
1775337518971,500224
1775337518973,500224
1775337518977,500224
1775337518980,500224
1775337518983,500224
1775337518988,500224
1775337518989,500224
1775337518991,500224
1775337518993,500224
1775337518995,500224
1775337518997,500224
1775337518999,500224
1775337519001,500224
1775337519002,500224
1775337519004,500224
1775337519005,500224
1775337519006,500224
1775337519008,500224
1775337519010,500224
1775337519012,500224
1775337519014,500224
1775337519015,500224
1775337519017,500224
1775337519019,500224
1775337519021,500224
1775337519023,500224
1775337519024,500224
1775337519030,500224
1775337519033,500224
1775337519035,500224
1775337519038,500224
1775337519040,500224
1775337519041,500224
1775337519047,500224
1775337519048,500224
1775337519050,500224
1775337519052,500224
1775337519054,500224
1775337519058,500224
1775337519060,500224
1775337519062,500224
1775337519064,500224
1775337519065,500224
1775337519067,500224
1775337519068,500224
1775337519074,500224
1775337519077,500224
1775337519079,500224
1775337519081,500224
1775337519082,500224
1775337519084,500224
1775337519086,500224
1775337519090,500224
1775337519093,500224
1775337519096,500224
1775337519099,500224
1775337519102,500224
1775337519104,500224
1775337519107,500224
1775337519110,500224
1775337519111,500224
1775337519113,500224
1775337519114,500224
1775337519117,500224
1775337519119,500224
1775337519121,500224
1775337519123,500224
1775337519124,500224
1775337519126,500224
1775337519128,500224
1775337519129,500224
1775337519131,500224
1775337519133,500224
1775337519134,500224
1775337519135,500224
1775337519137,500224
1775337519138,500224
1775337519140,500224
1775337519141,500224
1775337519143,500224
1775337519144,500224
1775337519145,500224
1775337519148,500224
1775337519553,500224
1775337521100,500224
1775337521103,500224
1775337521105,500224
1775337521109,500224
1775337521112,500224
1775337521115,500224
1775337521118,500224
1775337521123,500224
1775337521126,500224
1775337521275,500224
1775337521284,500224
1775337521289,500224
1775337521292,500224
1775337521294,500224
1775337521296,500224
1775337521298,500224
1775337521304,500224
1775337521306,500224
1775337521312,500224
1775337521314,500224
1775337521316,500224
1775337521318,500224
1775337521319,500224
1775337521322,500224
1775337521324,500224
1775337521326,500224
1775337521328,500224
1775337521331,500224
1775337521334,500224
1775337521336,500224
1775337521339,500224
1775337521342,500224
1775337521345,500224
1775337521348,500224
1775337521354,500224
1775337521357,500224
1775337521360,500224
1775337521361,500224
1775337521362,500224
1775337521369,500224
1775337521372,500224
1775337521379,500224
1775337521381,500224
1775337521385,500224
1775337521388,500224
1775337521391,500224
1775337521393,500224
1775337521395,500224
1775337521396,500224
1775337521399,500224
1775337521402,500224
1775337521404,500224
1775337521411,500224
1775337521415,500224
1775337521421,500224
1775337521424,500224
1775337521427,500224
1775337521429,500224
1775337521431,500224
1775337521433,500224
1775337521435,500224
1775337521436,500224
1775337521439,500224
1775337521441,500224
1775337521443,500224
1775337521445,500224
1775337521447,500224
1775337521448,500224
1775337521450,500224
1775337521452,500224
1775337521459,500224
1775337521460,500224
1775337521462,500224
1775337521464,500224
1775337521466,500224
1775337521467,500224
1775337521469,500224
1775337521470,500224
1775337521472,500224
1775337521473,500224
1775337521475,500224
1775337521476,500224
1775337521477,500224
1775337521479,500224
1775337521480,500224
1775337521481,500224
1775337521483,500224
1775337521484,500224
1775337521486,500224
1775337521487,500224
1775337521488,500224
1775337521490,500224
1775337521491,500224
1775337521493,500224
1775337521500,500224
1775337521503,500224
1775337521506,500224
1775337521509,500224
1775337521512,500224
1775337521514,500224
1775337521518,500224
1775337521522,500224
1775337521530,500224
1775337521532,500224
1775337521537,500224
1775337521539,500224
1775337521541,500224
1775337521720,500224
1775337521722,500224
1775337521726,500224
1775337521729,500224
1775337521731,500224
1775337521734,500224
1775337521736,500224
1775337521738,500224
1775337521740,500224
1775337521742,500224
1775337521744,500224
1775337521745,500224
1775337521747,500224
1775337521749,500224
1775337521751,500224
1775337521754,500224
1775337521755,500224
1775337521757,500224
1775337521761,500224
1775337521762,500224
1775337521767,500224
1775337521770,500224
1775337521773,500224
1775337521774,500224
1775337521776,500224
1775337521778,500224
1775337521779,500224
1775337521781,500224
1775337521783,500224
1775337521786,500224
1775337521789,500224
1775337521791,500224
1775337521793,500224
1775337521795,500224
1775337521797,500224
1775337521800,500224
1775337521802,500224
1775337521803,500224
1775337521806,500224
1775337521809,500224
1775337521812,500224
1775337521815,500224
1775337521819,500224
1775337521821,500224
1775337521822,500224
1775337521823,500224
1775337521825,500224
1775337521826,500224
1775337521827,500224
1775337521828,500224
1775337521830,500224
1775337521832,500224
1775337521834,500224
1775337521836,500224
1775337521846,500224
1775337521853,500224
1775337521856,500224
1775337521860,500224
1775337521862,500224
1775337521864,500224
1775337521866,500224
1775337521875,500224
1775337521878,500224
1775337521881,500224
1775337521886,500224
1775337521888,500224
1775337521889,500224
1775337521897,500224
1775337521903,500224
1775337521908,500224
1775337521911,500224
1775337521913,500224
1775337521915,500224
1775337521917,500224
1775337521919,500224
1775337521921,500224
1775337521924,500224
1775337521926,500224
1775337521928,500224
1775337521930,500224
1775337521932,500224
1775337521934,500224
1775337521938,500224
1775337521940,500224
1775337521942,500224
1775337521944,500224
1775337521946,500224
1775337521948,500224
1775337521950,500224
1775337521952,500224
1775337521954,500224
1775337521956,500224
1775337521958,500224
1775337521960,500224
1775337521961,500224
1775337521963,500224
1775337521965,500224
1775337521967,500224
1775337521969,500224
1775337521972,500224
1775337521974,500224
1775337521977,500224
1775337521980,500224
1775337521982,500224
1775337521985,500224
1775337521987,500224
1775337521989,500224
1775337521990,500224
1775337521991,500224
1775337521993,500224
1775337521995,500224
1775337521997,500224
1775337521999,500224
1775337522000,500224
1775337522001,500224
1775337522003,500224
1775337522004,500224
1775337522005,500224
1775337522007,500224
1775337522008,500224
1775337522009,500224
1775337522010,500224
1775337522014,500224
1775337522017,500224
1775337522019,500224
1775337522022,500224
1775337522025,500224
1775337522029,500224
1775337522031,500224
1775337522033,500224
1775337522034,500224
1775337522036,500224
1775337522037,500224
1775337522040,500224
1775337522042,500224
1775337522044,500224
1775337522047,500224
1775337522050,500224
1775337522054,500224
1775337522057,500224
1775337522060,500224
1775337522062,500224
1775337522063,500224
1775337522065,500224
1775337522066,500224
1775337522067,500224
1775337522069,500224
1775337522072,500224
1775337522074,500224
1775337522076,500224
1775337522078,500224
1775337522081,500224
1775337522084,500224
1775337522086,500224
1775337522089,500224
1775337522090,500224
1775337522092,500224
1775337522097,500224
1775337522099,500224
1775337522100,500224
1775337522102,500224
1775337522104,500224
1775337522105,500224
1775337522106,500224
1775337522108,500224
1775337522109,500224
1775337522111,500224
1775337522113,500224
1775337522114,500224
1775337522116,500224
1775337522118,500224
1775337522119,500224
1775337522121,500224
1775337522122,500224
1775337522123,500224
1775337522125,500224
1775337522126,500224
1775337522128,500224
1775337522130,500224
1775337522131,500224
1775337522133,500224
1775337522134,500224
1775337522135,500224
1775337522136,500224
1775337522138,500224
1775337522140,500224
1775337522143,500224
1775337522145,500224
1775337522146,500224
1775337522148,500224
1775337522149,500224
1775337522152,500224
1775337522154,500224
1775337522155,500224
1775337522157,500224
1775337522158,500224
1775337522160,500224
1775337522162,500224
1775337522164,500224
1775337522168,500224
1775337522172,500224
1775337522173,500224
1775337522175,500224
1775337522177,500224
1775337522178,500224
1775337522180,500224
1775337522182,500224
1775337522183,500224
1775337522185,500224
1775337522186,500224
1775337522187,500224
1775337522188,500224
1775337522190,500224
1775337522191,500224
1775337522192,500224
1775337522194,500224
1775337522195,500224
1775337522203,500224
1775337522206,500224
1775337522211,500224
1775337522212,500224
1775337522217,500224
1775337522218,500224
1775337522219,500224
1775337522223,500224
1775337522224,500224
1775337522226,500224
1775337522231,500224
1775337522233,500224
1775337522236,500224
1775337522239,500224
1775337522241,500224
1775337522244,500224
1775337522246,500224
1775337522247,500224
1775337522249,500224
1775337522251,500224
1775337522253,500224
1775337522255,500224
1775337522260,500224
1775337522263,500224
1775337522271,500224
1775337522273,500224
1775337522275,500224
1775337522277,500224
1775337522281,500224
1775337522285,500224
1775337522288,500224
1775337522290,500224
1775337522292,500224
1775337522302,500224
1775337522307,500224
1775337522308,500224
1775337522310,500224
1775337522311,500224
1775337522314,500224
1775337522317,500224
1775337522322,500224
1775337522326,500224
1775337522328,500224
1775337522331,500224
1775337522334,500224
1775337522336,500224
1775337522339,500224
1775337522342,500224
1775337522344,500224
1775337522347,500224
1775337522349,500224
1775337522352,500224
1775337522355,500224
1775337522357,500224
1775337522360,500224
1775337522362,500224
1775337522364,500224
1775337522367,500224
1775337522369,500224
1775337522372,500224
1775337522374,500224
1775337522376,500224
1775337522378,500224
1775337522386,500224
1775337522388,500224
1775337522390,500224
1775337522393,500224
1775337522395,500224
1775337522397,500224
1775337522398,500224
1775337522399,500224
1775337522402,500224
1775337522405,500224
1775337522408,500224
1775337522410,500224
1775337522413,500224
1775337522416,500224
1775337522418,500224
1775337522421,500224
1775337522422,500224
1775337522424,500224
1775337522425,500224
1775337522426,500224
1775337522427,500224
1775337522429,500224
1775337522430,500224
1775337522431,500224
1775337522433,500224
1775337522434,500224
1775337522435,500224
1775337522437,500224
1775337522438,500224
1775337522439,500224
1775337522440,500224
1775337522442,500224
1775337522443,500224
1775337522444,500224
1775337522446,500224
1775337522447,500224
1775337522448,500224
1775337522449,500224
1775337522454,500224
1775337522455,500224
1775337522460,500224
1775337522465,500224
1775337522467,500224
1775337522469,500224
1775337522470,500224
1775337522471,500224
1775337522472,500224
1775337522476,500224
1775337522479,500224
1775337522481,500224
1775337522488,500224
1775337522489,500224
1775337522491,500224
1775337522492,500224
1775337522493,500224
1775337522494,500224
1775337522496,500224
1775337522497,500224
1775337522498,500224
1775337522499,500224
1775337522503,500224
1775337522505,500224
1775337522511,500224
1775337522513,500224
1775337522520,500224
1775337522523,500224
1775337522526,500224
1775337522528,500224
1775337522530,500224
1775337522534,500224
1775337522535,500224
1775337522537,500224
1775337522540,500224
1775337522546,500224
1775337522548,500224
1775337522549,500224
1775337522550,500224
1775337522551,500224
1775337522554,500224
1775337522557,500224
1775337522565,500224
1775337522568,500224
1775337522570,500224
1775337522576,500224
1775337522578,500224
1775337522580,500224
1775337522581,500224
1775337522583,500224
1775337522585,500224
1775337522586,500224
1775337522590,500224
1775337522592,500224
1775337522595,500224
1775337522598,500224
1775337522601,500224
1775337522605,500224
1775337522608,500224
1775337522612,500224
1775337522614,500224
1775337522615,500224
1775337522617,500224
1775337522618,500224
1775337522620,500224
1775337522621,500224
1775337522623,500224
1775337522625,500224
1775337522626,500224
1775337522627,500224
1775337522628,500224
1775337522634,500224
1775337522639,500224
1775337522641,500224
1775337522646,500224
1775337522650,500224
1775337522655,500224
1775337522658,500224
1775337522660,500224
1775337522661,500224
1775337522662,500224
1775337522664,500224
1775337522667,500224
1775337522669,500224
1775337522670,500224
1775337522672,500224
1775337522675,500224
1775337522677,500224
1775337522678,500224
1775337522680,500224
1775337522681,500224
1775337522683,500224
1775337522685,500224
1775337522687,500224
1775337522689,500224
1775337522691,500224
1775337522693,500224
1775337522699,500224
1775337522702,500224
1775337522704,500224
1775337522710,500224
1775337522713,500224
1775337522715,500224
1775337522716,500224
1775337522718,500224
1775337522720,500224
1775337522722,500224
1775337522725,500224
1775337522727,500224
1775337522729,500224
1775337522730,500224
1775337522732,500224
1775337522734,500224
1775337522735,500224
1775337522737,500224
1775337522738,500224
1775337522740,500224
1775337522741,500224
1775337522744,500224
1775337522747,500224
1775337522750,500224
1775337522751,500224
1775337522753,500224
1775337522755,500224
1775337522759,500224
1775337522762,500224
1775337522764,500224
1775337522766,500224
1775337522768,500224
1775337522771,500224
1775337522773,500224
1775337522775,500224
1775337522777,500224
1775337522779,500224
1775337522780,500224
1775337522782,500224
1775337522784,500224
1775337522785,500224
1775337522787,500224
1775337522789,500224
1775337522790,500224
1775337522792,500224
1775337522793,500224
1775337522795,500224
1775337522796,500224
1775337522797,500224
1775337522799,500224
1775337522800,500224
1775337522804,500224
1775337522807,500224
1775337522809,500224
1775337522812,500224
1775337522815,500224
1775337522817,500224
1775337522818,500224
1775337522820,500224
1775337522823,500224
1775337522825,500224
1775337522826,500224
1775337522829,500224
1775337522832,500224
1775337522840,500224
1775337522842,500224
1775337522844,500224
1775337522849,500224
1775337522850,500224
1775337522856,500224
1775337522857,500224
1775337522859,500224
1775337522861,500224
1775337522863,500224
1775337522865,500224
1775337522868,500224
1775337522871,500224
1775337522874,500224
1775337522881,500224
1775337522884,500224
1775337522887,500224
1775337522889,500224
1775337522891,500224
1775337522892,500224
1775337522893,500224
1775337522895,500224
1775337522896,500224
1775337522897,500224
1775337522899,500224
1775337522900,500224
1775337522901,500224
1775337522904,500224
1775337522907,500224
1775337522909,500224
1775337522912,500224
1775337522915,500224
1775337522918,500224
1775337522920,500224
1775337522921,500224
1775337522923,500224
1775337522924,500224
1775337522926,500224
1775337522927,500224
1775337522928,500224
1775337522931,500224
1775337522933,500224
1775337522934,500224
1775337522936,500224
1775337522938,500224
1775337522940,500224
1775337522943,500224
1775337522944,500224
1775337522945,500224
1775337522952,500224
1775337522954,500224
1775337522959,500224
1775337522961,500224
1775337522963,500224
1775337522969,500224
1775337522972,500224
1775337522976,500224
1775337522978,500224
1775337522979,500224
1775337522981,500224
1775337522982,500224
1775337522986,500224
1775337522989,500224
1775337522991,500224
1775337522992,500224
1775337522993,500224
1775337522995,500224
1775337522997,500224
1775337522999,500224
1775337523002,500224
1775337523004,500224
1775337523011,500224
1775337523012,500224
1775337523013,500224
1775337523015,500224
1775337523016,500224
1775337523017,500224
1775337523019,500224
1775337523020,500224
1775337523022,500224
1775337523025,500224
1775337523027,500224
1775337523030,500224
1775337523032,500224
1775337523034,500224
1775337523036,500224
1775337523037,500224
1775337523039,500224
1775337523042,500224
1775337523045,500224
1775337523047,500224
1775337523050,500224
1775337523051,500224
1775337523052,500224
1775337523054,500224
1775337523055,500224
1775337523058,500224
1775337523059,500224
1775337523061,500224
1775337523062,500224
1775337523064,500224
1775337523065,500224
1775337523066,500224
1775337523068,500224
1775337523069,500224
1775337523071,500224
1775337523073,500224
1775337523074,500224
1775337523076,500224
1775337523077,500224
1775337523079,500224
1775337523080,500224
1775337523082,500224
1775337523085,500224
1775337523088,500224
1775337523089,500224
1775337523092,500224
1775337523095,500224
1775337523097,500224
1775337523100,500224
1775337523103,500224
1775337523105,500224
1775337523106,500224
1775337523108,500224
1775337523111,500224
1775337523114,500224
1775337523133,500224
1775337523139,500224
1775337523141,500224
1775337523144,500224
1775337523146,500224
1775337523148,500224
1775337523150,500224
1775337523153,500224
1775337523156,500224
1775337523158,500224
1775337523162,500224
1775337523165,500224
1775337523168,500224
1775337523170,500224
1775337523173,500224
1775337523176,500224
1775337523178,500224
1775337523183,500224
1775337523185,500224
1775337523191,500224
1775337523192,500224
1775337523195,500224
1775337523199,500224
1775337523201,500224
1775337523204,500224
1775337523207,500224
1775337523215,500224
1775337523218,500224
1775337523221,500224
1775337523223,500224
1775337523227,500224
1775337523229,500224
1775337523231,500224
1775337523234,500224
1775337523235,500224
1775337523237,500224
1775337523239,500224
1775337523242,500224
1775337523245,500224
1775337523248,500224
1775337523252,500224
1775337523254,500224
1775337523256,500224
1775337523257,500224
1775337523259,500224
1775337523261,500224
1775337523262,500224
1775337523265,500224
1775337523268,500224
1775337523270,500224
1775337523272,500224
1775337523274,500224
1775337523276,500224
1775337523277,500224
1775337523279,500224
1775337523280,500224
1775337523281,500224
1775337523283,500224
1775337523284,500224
1775337523287,500224
1775337523289,500224
1775337523296,500224
1775337523299,500224
1775337523300,500224
1775337523301,500224
1775337523308,500224
1775337523311,500224
1775337523313,500224
1775337523315,500224
1775337523316,500224
1775337523318,500224
1775337523319,500224
1775337523320,500224
1775337523321,500224
1775337523323,500224
1775337523324,500224
1775337523325,500224
1775337523327,500224
1775337523328,500224
1775337523329,500224
1775337523330,500224
1775337523332,500224
1775337523333,500224
1775337523334,500224
1775337523336,500224
1775337523337,500224
1775337523338,500224
1775337523339,500224
1775337523341,500224
1775337523342,500224
1775337523343,500224
1775337523346,500224
1775337523348,500224
1775337523349,500224
1775337523350,500224
1775337523352,500224
1775337523353,500224
1775337523354,500224
1775337523357,500224
1775337523359,500224
1775337523362,500224
1775337523364,500224
1775337523371,500224
1775337523374,500224
1775337523384,500224
1775337523388,500224
1775337523390,500224
1775337523396,500224
1775337523399,500224
1775337523402,500224
1775337523404,500224
1775337523407,500224
1775337523409,500224
1775337523410,500224
1775337523412,500224
1775337523413,500224
1775337523415,500224
1775337523416,500224
1775337523418,500224
1775337523420,500224
1775337523421,500224
1775337523422,500224
1775337523424,500224
1775337523425,500224
1775337523428,500224
1775337523431,500224
1775337523434,500224
1775337523441,500224
1775337523444,500224
1775337523446,500224
1775337523449,500224
1775337523452,500224
1775337523457,500224
1775337523460,500224
1775337523463,500224
1775337523683,500224
1775337523686,500224
1775337523689,500224
1775337523691,500224
1775337523702,500224
1775337523704,500224
1775337523711,500224
1775337523715,500224
1775337523718,500224
1775337523722,500224
1775337523725,500224
1775337523727,500224
1775337523728,500224
1775337523732,500224
1775337523739,500224
1775337523748,500224
1775337523751,500224
1775337523761,500224
1775337523764,500224
1775337523770,500224
1775337523772,500224
1775337523779,500224
1775337523783,500224
1775337523785,500224
1775337523787,500224
1775337523790,500224
1775337523793,500224
1775337523795,500224
1775337523798,500224
1775337523801,500224
1775337523803,500224
1775337523806,500224
1775337523809,500224
1775337523811,500224
1775337523814,500224
1775337523817,500224
1775337523819,500224
1775337523822,500224
1775337523825,500224
1775337523828,500224
1775337523831,500224
1775337523833,500224
1775337523836,500224
1775337523839,500224
1775337523842,500224
1775337523844,500224
1775337523846,500224
1775337523848,500224
1775337523849,500224
1775337523851,500224
1775337523853,500224
1775337523856,500224
1775337523859,500224
1775337523862,500224
1775337523864,500224
1775337523866,500224
1775337523869,500224
1775337523871,500224
1775337523873,500224
1775337523875,500224
1775337523877,500224
1775337523880,500224
1775337523882,500224
1775337523884,500224
1775337523891,500224
1775337523898,500224
1775337523902,500224
1775337523905,500224
1775337523911,500224
1775337523913,500224
1775337523918,500224
1775337525125,500224
1775337525128,500224
1775337526223,500224
1775337526225,500224
1775337526233,500224
1775337526234,500224
1775337526236,500224
1775337526238,500224
1775337526240,500224
1775337526832,500224
1775337526835,500224
1775337527099,500224
1775337527102,500224
1775337527107,500224
1775337527114,500224
1775337527117,500224
1775337527119,500224
1775337527122,500224
1775337527125,500224
1775337527127,500224
1775337527130,500224
1775337527133,500224
1775337527136,500224
1775337527138,500224
1775337527141,500224
1775337527142,500224
1775337527144,500224
1775337527147,500224
1775337527150,500224
1775337527161,500224
1775337527165,500224
1775337527167,500224
1775337527169,500224
1775337527171,500224
1775337527173,500224
1775337527175,500224
1775337527176,500224
1775337527178,500224
1775337527181,500224
1775337527184,500224
1775337527191,500224
1775337527195,500224
1775337527198,500224
1775337527201,500224
1775337527204,500224
1775337527207,500224
1775337527209,500224
1775337527211,500224
1775337527214,500224
1775337527217,500224
1775337527219,500224
1775337527222,500224
1775337527224,500224
1775337527226,500224
1775337527228,500224
1775337527229,500224
1775337527231,500224
1775337527234,500224
1775337527237,500224
1775337527240,500224
1775337527243,500224
1775337527247,500224
1775337527254,500224
1775337527256,500224
1775337527257,500224
1775337527266,500224
1775337527274,500224
1775337527276,500224
1775337527279,500224
1775337527282,500224
1775337527285,500224
1775337527288,500224
1775337527290,500224
1775337527294,500224
1775337527297,500224
1775337527300,500224
1775337527306,500224
1775337527309,500224
1775337527314,500224
1775337527316,500224
1775337527319,500224
1775337527322,500224
1775337527324,500224
1775337527327,500224
1775337527329,500224
1775337527331,500224
1775337527333,500224
1775337527337,500224
1775337527340,500224
1775337527342,500224
1775337527345,500224
1775337527347,500224
1775337527349,500224
1775337527352,500224
1775337527354,500224
1775337527357,500224
1775337527360,500224
1775337527364,500224
1775337527368,500224
1775337527371,500224
1775337527374,500224
1775337527376,500224
1775337527378,500224
1775337527380,500224
1775337527383,500224
1775337527385,500224
1775337527387,500224
1775337527390,500224
1775337527391,500224
1775337527393,500224
1775337527395,500224
1775337527397,500224
1775337527402,500224
1775337527404,500224
1775337527406,500224
1775337527408,500224
1775337527410,500224
1775337527420,500224
1775337527425,500224
1775337527436,500224
1775337527441,500224
1775337527444,500224
1775337527446,500224
1775337527448,500224
1775337527450,500224
1775337527452,500224
1775337527454,500224
1775337527455,500224
1775337527457,500224
1775337527458,500224
1775337527460,500224
1775337527461,500224
1775337527463,500224
1775337527464,500224
1775337527466,500224
1775337527467,500224
1775337527469,500224
1775337527471,500224
1775337527473,500224
1775337527474,500224
1775337527476,500224
1775337527477,500224
1775337527479,500224
1775337527480,500224
1775337527482,500224
1775337527483,500224
1775337527484,500224
1775337527486,500224
1775337527487,500224
1775337527489,500224
1775337527490,500224
1775337527491,500224
1775337527493,500224
1775337527494,500224
1775337527495,500224
1775337527496,500224
1775337527498,500224
1775337527499,500224
1775337527500,500224
1775337527501,500224
1775337527503,500224
1775337527504,500224
1775337527505,500224
1775337527507,500224
1775337527508,500224
1775337527509,500224
1775337527510,500224
1775337527512,500224
1775337527513,500224
1775337527514,500224
1775337527516,500224
1775337527517,500224
1775337527519,500224
1775337527520,500224
1775337527521,500224
1775337527523,500224
1775337527525,500224
1775337527526,500224
1775337527527,500224
1775337527529,500224
1775337527533,500224
1775337527535,500224
1775337527536,500224
1775337527538,500224
1775337527540,500224
1775337527541,500224
1775337527542,500224
1775337527543,500224
1775337527545,500224
1775337527546,500224
1775337527547,500224
1775337527548,500224
1775337527550,500224
1775337527551,500224
1775337527552,500224
1775337527554,500224
1775337527567,500224
1775337527570,500224
1775337527572,500224
1775337527579,500224
1775337527582,500224
1775337527589,500224
1775337527596,500224
1775337527598,500224
1775337527601,500224
1775337527603,500224
1775337527605,500224
1775337527607,500224
1775337527609,500224
1775337527613,500224
1775337527615,500224
1775337527618,500224
1775337527620,500224
1775337527621,500224
1775337527623,500224
1775337527625,500224
1775337527626,500224
1775337527635,500224
1775337527640,500224
1775337527643,500224
1775337527646,500224
1775337527648,500224
1775337527650,500224
1775337527652,500224
1775337527653,500224
1775337527655,500224
1775337527657,500224
1775337527659,500224
1775337527662,500224
1775337527665,500224
1775337527667,500224
1775337527672,500224
1775337527674,500224
1775337527676,500224
1775337527679,500224
1775337527681,500224
1775337527683,500224
1775337527685,500224
1775337527687,500224
1775337527689,500224
1775337527690,500224
1775337527692,500224
1775337527694,500224
1775337527696,500224
1775337527697,500224
1775337527699,500224
1775337527700,500224
1775337527702,500224
1775337527703,500224
1775337527705,500224
1775337527707,500224
1775337527709,500224
1775337527711,500224
1775337527713,500224
1775337527715,500224
1775337527717,500224
1775337527718,500224
1775337527720,500224
1775337527721,500224
1775337527723,500224
1775337527725,500224
1775337527726,500224
1775337527727,500224
1775337527729,500224
1775337527731,500224
1775337527734,500224
1775337527737,500224
1775337527740,500224
1775337527742,500224
1775337527744,500224
1775337527746,500224
1775337527747,500224
1775337527750,500224
1775337527752,500224
1775337527753,500224
1775337527755,500224
1775337527757,500224
1775337527758,500224
1775337527760,500224
1775337527761,500224
1775337527763,500224
1775337527765,500224
1775337527767,500224
1775337527775,500224
1775337527778,500224
1775337527781,500224
1775337527784,500224
1775337527787,500224
1775337527789,500224
1775337527792,500224
1775337527794,500224
1775337527797,500224
1775337527799,500224
1775337527801,500224
1775337527804,500224
1775337527806,500224
1775337527808,500224
1775337527809,500224
1775337527811,500224
1775337527812,500224
1775337527813,500224
1775337527815,500224
1775337527816,500224
1775337527817,500224
1775337527819,500224
1775337527821,500224
1775337527822,500224
1775337527827,500224
1775337527829,500224
1775337527830,500224
1775337527835,500224
1775337527840,500224
1775337527843,500224
1775337527845,500224
1775337527846,500224
1775337527848,500224
1775337527850,500224
1775337527851,500224
1775337527853,500224
1775337527854,500224
1775337527856,500224
1775337527857,500224
1775337527862,500224
1775337527864,500224
1775337527866,500224
1775337527868,500224
1775337527869,500224
1775337527870,500224
1775337527872,500224
1775337527873,500224
1775337527875,500224
1775337527878,500224
1775337527882,500224
1775337527885,500224
1775337527887,500224
1775337527890,500224
1775337527891,500224
1775337527893,500224
1775337527894,500224
1775337527895,500224
1775337527896,500224
1775337527898,500224
1775337527899,500224
1775337527900,500224
1775337527901,500224
1775337527903,500224
1775337527904,500224
1775337527905,500224
1775337527906,500224
1775337527908,500224
1775337527909,500224
1775337527910,500224
1775337527919,500224
1775337527922,500224
1775337527925,500224
1775337527927,500224
1775337527930,500224
1775337527933,500224
1775337527936,500224
1775337527938,500224
1775337527941,500224
1775337527943,500224
1775337527946,500224
1775337527948,500224
1775337527950,500224
1775337527952,500224
1775337527955,500224
1775337527957,500224
1775337527959,500224
1775337527960,500224
1775337527963,500224
1775337527970,500224
1775337527973,500224
1775337527975,500224
1775337527979,500224
1775337527987,500224
1775337528001,500224
1775337528008,500224
1775337528009,500224
1775337528016,500224
1775337528022,500224
1775337528026,500224
1775337528030,500224
1775337528031,500224
1775337528034,500224
1775337528037,500224
1775337528039,500224
1775337528041,500224
1775337528043,500224
1775337528045,500224
1775337528047,500224
1775337528049,500224
1775337528051,500224
1775337528052,500224
1775337528054,500224
1775337528062,500224
1775337528066,500224
1775337528068,500224
1775337528070,500224
1775337528072,500224
1775337528074,500224
1775337528076,500224
1775337528077,500224
1775337528080,500224
1775337528083,500224
1775337528086,500224
1775337528089,500224
1775337528091,500224
1775337528094,500224
1775337528097,500224
1775337528099,500224
1775337528102,500224
1775337528105,500224
1775337528107,500224
1775337528109,500224
1775337528112,500224
1775337528114,500224
1775337528116,500224
1775337528117,500224
1775337528119,500224
1775337528121,500224
1775337528123,500224
1775337528125,500224
1775337528126,500224
1775337528128,500224
1775337528130,500224
1775337528131,500224
1775337528133,500224
1775337528134,500224
1775337528135,500224
1775337528137,500224
1775337528138,500224
1775337528140,500224
1775337528141,500224
1775337528142,500224
1775337528154,500224
1775337528156,500224
1775337528157,500224
1775337528162,500224
1775337528170,500224
1775337528175,500224
1775337528177,500224
1775337528602,500224
1775337528612,500224
1775337528615,500224
1775337528617,500224
1775337528618,500224
1775337528621,500224
1775337528625,500224
1775337528628,500224
1775337528630,500224
1775337528633,500224
1775337528635,500224
1775337528637,500224
1775337528641,500224
1775337528643,500224
1775337528645,500224
1775337528653,500224
1775337528656,500224
1775337528658,500224
1775337528659,500224
1775337528660,500224
1775337528663,500224
1775337528665,500224
1775337528668,500224
1775337528671,500224
1775337528678,500224
1775337528680,500224
1775337528683,500224
1775337528686,500224
1775337528688,500224
1775337528689,500224
1775337528691,500224
1775337528693,500224
1775337528694,500224
1775337528696,500224
1775337528699,500224
1775337528701,500224
1775337528707,500224
1775337528713,500224
1775337528717,500224
1775337528720,500224
1775337528729,500224
1775337528734,500224
1775337528741,500224
1775337528743,500224
1775337528745,500224
1775337528747,500224
1775337528749,500224
1775337528751,500224
1775337528753,500224
1775337528755,500224
1775337528757,500224
1775337528760,500224
1775337528764,500224
1775337528768,500224
1775337528771,500224
1775337528772,500224
1775337528774,500224
1775337528775,500224
1775337528777,500224
1775337528780,500224
1775337528789,500224
1775337528792,500224
1775337528797,500224
1775337528799,500224
1775337528800,500224
1775337528802,500224
1775337528803,500224
1775337528804,500224
1775337528806,500224
1775337528807,500224
1775337528808,500224
1775337528810,500224
1775337528811,500224
1775337528812,500224
1775337528814,500224
1775337528815,500224
1775337528816,500224
1775337528817,500224
1775337528819,500224
1775337528820,500224
1775337528821,500224
1775337528822,500224
1775337528824,500224
1775337528828,500224
1775337528829,500224
1775337528833,500224
1775337528838,500224
1775337528840,500224
1775337528841,500224
1775337528843,500224
1775337528845,500224
1775337528847,500224
1775337528848,500224
1775337528850,500224
1775337528851,500224
1775337528859,500224
1775337528865,500224
1775337528870,500224
1775337528873,500224
1775337528874,500224
1775337528876,500224
1775337528878,500224
1775337528880,500224
1775337528882,500224
1775337528884,500224
1775337528886,500224
1775337528887,500224
1775337528888,500224
1775337528890,500224
1775337528891,500224
1775337528892,500224
1775337528893,500224
1775337528896,500224
1775337528899,500224
1775337528902,500224
1775337528904,500224
1775337528906,500224
1775337528909,500224
1775337528911,500224
1775337528913,500224
1775337528915,500224
1775337528916,500224
1775337528917,500224
1775337528919,500224
1775337528921,500224
1775337528923,500224
1775337528925,500224
1775337528927,500224
1775337528928,500224
1775337528930,500224
1775337528932,500224
1775337528938,500224
1775337528939,500224
1775337528941,500224
1775337528942,500224
1775337528943,500224
1775337528945,500224
1775337528946,500224
1775337528947,500224
1775337528949,500224
1775337528952,500224
1775337528954,500224
1775337528955,500224
1775337528964,500224
1775337528970,500224
1775337528973,500224
1775337528976,500224
1775337528978,500224
1775337528981,500224
1775337528983,500224
1775337528985,500224
1775337528987,500224
1775337528989,500224
1775337528991,500224
1775337528998,500224
1775337529001,500224
1775337529004,500224
1775337529006,500224
1775337529009,500224
1775337529011,500224
1775337529012,500224
1775337529014,500224
1775337529015,500224
1775337529017,500224
1775337529018,500224
1775337529020,500224
1775337529022,500224
1775337529024,500224
1775337529028,500224
1775337529030,500224
1775337529033,500224
1775337529035,500224
1775337529037,500224
1775337529038,500224
1775337529039,500224
1775337529041,500224
1775337529042,500224
1775337529043,500224
1775337529047,500224
1775337529050,500224
1775337529052,500224
1775337529053,500224
1775337529055,500224
1775337529057,500224
1775337529059,500224
1775337529061,500224
1775337529063,500224
1775337529065,500224
1775337529067,500224
1775337529069,500224
1775337529070,500224
1775337529071,500224
1775337529072,500224
1775337529074,500224
1775337529075,500224
1775337529076,500224
1775337529083,500224
1775337529087,500224
1775337529089,500224
1775337529092,500224
1775337529094,500224
1775337529097,500224
1775337529099,500224
1775337529102,500224
1775337529110,500224
1775337529113,500224
1775337529115,500224
1775337529124,500224
1775337529127,500224
1775337529130,500224
1775337529142,500224
1775337529144,500224
1775337529146,500224
1775337529147,500224
1775337529148,500224
1775337529149,500224
1775337529151,500224
1775337529152,500224
1775337529153,500224
1775337529155,500224
1775337529156,500224
1775337529157,500224
1775337529159,500224
1775337529160,500224
1775337529161,500224
1775337529162,500224
1775337529164,500224
1775337529165,500224
1775337529166,500224
1775337529168,500224
1775337529169,500224
1775337529170,500224
1775337529171,500224
1775337529173,500224
1775337529174,500224
1775337529175,500224
1775337529177,500224
1775337529178,500224
1775337529180,500224
1775337529182,500224
1775337529184,500224
1775337529186,500224
1775337529188,500224
1775337529191,500224
1775337529193,500224
1775337529195,500224
1775337529197,500224
1775337529206,500224
1775337529210,500224
1775337529212,500224
1775337529216,500224
1775337529219,500224
1775337529222,500224
1775337529224,500224
1775337529227,500224
1775337529230,500224
1775337529232,500224
1775337529235,500224
1775337529237,500224
1775337529239,500224
1775337529242,500224
1775337529244,500224
1775337529246,500224
1775337529248,500224
1775337529254,500224
1775337529256,500224
1775337529257,500224
1775337529259,500224
1775337529268,500224
1775337529270,500224
1775337529271,500224
1775337529272,500224
1775337529274,500224
1775337529275,500224
1775337529276,500224
1775337529278,500224
1775337529279,500224
1775337529285,500224
1775337529288,500224
1775337529291,500224
1775337529295,500224
1775337529298,500224
1775337529300,500224
1775337529301,500224
1775337529302,500224
1775337529305,500224
1775337529307,500224
1775337529310,500224
1775337529313,500224
1775337529315,500224
1775337529317,500224
1775337529320,500224
1775337529322,500224
1775337529324,500224
1775337529326,500224
1775337529332,500224
1775337529334,500224
1775337529337,500224
1775337529339,500224
1775337529342,500224
1775337529344,500224
1775337529346,500224
1775337529350,500224
1775337529354,500224
1775337529355,500224
1775337529357,500224
1775337529359,500224
1775337529360,500224
1775337529362,500224
1775337529363,500224
1775337529365,500224
1775337529368,500224
1775337529370,500224
1775337529373,500224
1775337529376,500224
1775337529378,500224
1775337529380,500224
1775337529383,500224
1775337529385,500224
1775337529388,500224
1775337529390,500224
1775337529392,500224
1775337529394,500224
1775337529396,500224
1775337529397,500224
1775337529399,500224
1775337529401,500224
1775337529402,500224
1775337529403,500224
1775337529408,500224
1775337529410,500224
1775337529412,500224
1775337529413,500224
1775337529415,500224
1775337529416,500224
1775337529418,500224
1775337529419,500224
1775337529420,500224
1775337529421,500224
1775337529423,500224
1775337529424,500224
1775337529425,500224
1775337529426,500224
1775337529428,500224
1775337529432,500224
1775337529434,500224
1775337529437,500224
1775337529439,500224
1775337529441,500224
1775337529443,500224
1775337529450,500224
1775337529460,500224
1775337529465,500224
1775337529467,500224
1775337529472,500224
1775337529475,500224
1775337529477,500224
1775337529479,500224
1775337529481,500224
1775337529483,500224
1775337529485,500224
1775337529487,500224
1775337529488,500224
1775337529490,500224
1775337529492,500224
1775337529493,500224
1775337529495,500224
1775337529497,500224
1775337529499,500224
1775337529500,500224
1775337529502,500224
1775337529504,500224
1775337529505,500224
1775337529507,500224
1775337529508,500224
1775337529511,500224
1775337529514,500224
1775337529520,500224
1775337529523,500224
1775337529525,500224
1775337529527,500224
1775337529530,500224
1775337529532,500224
1775337529534,500224
1775337529536,500224
1775337529538,500224
1775337529540,500224
1775337529542,500224
1775337529544,500224
1775337529545,500224
1775337529548,500224
1775337529550,500224
1775337529552,500224
1775337529553,500224
1775337529555,500224
1775337529557,500224
1775337529559,500224
1775337529561,500224
1775337529563,500224
1775337529565,500224
1775337529566,500224
1775337529568,500224
1775337529570,500224
1775337529573,500224
1775337529576,500224
1775337529588,500224
1775337529593,500224
1775337529597,500224
1775337529599,500224
1775337529602,500224
1775337529604,500224
1775337529606,500224
1775337529608,500224
1775337529610,500224
1775337529612,500224
1775337529614,500224
1775337529616,500224
1775337529617,500224
1775337529619,500224
1775337529621,500224
1775337529622,500224
1775337529624,500224
1775337529626,500224
1775337529629,500224
1775337529631,500224
1775337529632,500224
1775337529635,500224
1775337529639,500224
1775337529642,500224
1775337529646,500224
1775337529648,500224
1775337529651,500224
1775337529653,500224
1775337529654,500224
1775337529656,500224
1775337529659,500224
1775337529663,500224
1775337529669,500224
1775337529674,500224
1775337529676,500224
1775337529677,500224
1775337529679,500224
1775337529680,500224
1775337529683,500224
1775337529685,500224
1775337529687,500224
1775337529691,500224
1775337529693,500224
1775337529695,500224
1775337529697,500224
1775337529699,500224
1775337529701,500224
1775337529702,500224
1775337529704,500224
1775337529706,500224
1775337529708,500224
1775337529710,500224
1775337529711,500224
1775337529714,500224
1775337529717,500224
1775337529722,500224
1775337529724,500224
1775337529732,500224
1775337529739,500224
1775337529741,500224
1775337529744,500224
1775337529747,500224
1775337529750,500224
1775337529754,500224
1775337529756,500224
1775337529758,500224
1775337529761,500224
1775337529763,500224
1775337529765,500224
1775337529772,500224
1775337529774,500224
1775337529775,500224
1775337529777,500224
1775337529779,500224
1775337529781,500224
1775337529782,500224
1775337529784,500224
1775337529785,500224
1775337529787,500224
1775337529788,500224
1775337529789,500224
1775337529791,500224
1775337529793,500224
1775337529798,500224
1775337529801,500224
1775337529803,500224
1775337529806,500224
1775337529810,500224
1775337529813,500224
1775337529816,500224
1775337529818,500224
1775337529823,500224
1775337529826,500224
1775337529829,500224
1775337529831,500224
1775337529834,500224
1775337529837,500224
1775337529841,500224
1775337529844,500224
1775337529847,500224
1775337529855,500224
1775337529858,500224
1775337529860,500224
1775337529863,500224
1775337529866,500224
1775337529868,500224
1775337529870,500224
1775337529872,500224
1775337529874,500224
1775337529876,500224
1775337529879,500224
1775337529880,500224
1775337529882,500224
1775337529884,500224
1775337529886,500224
1775337529890,500224
1775337529892,500224
1775337529895,500224
1775337529897,500224
1775337529900,500224
1775337529902,500224
1775337529904,500224
1775337529907,500224
1775337529909,500224
1775337529911,500224
1775337529919,500224
1775337529921,500224
1775337529927,500224
1775337529930,500224
1775337529933,500224
1775337529935,500224
1775337529940,500224
1775337529942,500224
1775337529944,500224
1775337529946,500224
1775337529948,500224
1775337529950,500224
1775337529952,500224
1775337529957,500224
1775337529959,500224
1775337529961,500224
1775337529962,500224
1775337529964,500224
1775337529966,500224
1775337529967,500224
1775337529969,500224
1775337529970,500224
1775337529971,500224
1775337529973,500224
1775337529974,500224
1775337529975,500224
1775337529977,500224
1775337529978,500224
1775337529979,500224
1775337529981,500224
1775337529982,500224
1775337529984,500224
1775337529986,500224
1775337529987,500224
1775337529989,500224
1775337530006,500224
1775337530011,500224
1775337530015,500224
1775337530018,500224
1775337530021,500224
1775337530024,500224
1775337530027,500224
1775337530029,500224
1775337530033,500224
1775337530038,500224
1775337530041,500224
1775337530044,500224
1775337530050,500224
1775337530054,500224
1775337530057,500224
1775337530060,500224
1775337530062,500224
1775337530065,500224
1775337530067,500224
1775337530068,500224
1775337530069,500224
1775337530071,500224
1775337530072,500224
1775337530075,500224
1775337530077,500224
1775337530079,500224
1775337530080,500224
1775337530081,500224
1775337530088,500224
1775337530090,500224
1775337530093,500224
1775337530095,500224
1775337530098,500224
1775337530101,500224
1775337530104,500224
1775337530107,500224
1775337530110,500224
1775337530112,500224
1775337530115,500224
1775337530118,500224
1775337530120,500224
1775337530123,500224
1775337530125,500224
1775337530126,500224
1775337530128,500224
1775337530129,500224
1775337530134,500224
1775337530140,500224
1775337530142,500224
1775337530144,500224
1775337530146,500224
1775337530148,500224
1775337530154,500224
1775337530157,500224
1775337530161,500224
1775337530165,500224
1775337530167,500224
1775337530169,500224
1775337530171,500224
1775337530172,500224
1775337530174,500224
1775337530175,500224
1775337530177,500224
1775337530178,500224
1775337530180,500224
1775337530181,500224
1775337530183,500224
1775337530184,500224
1775337530186,500224
1775337530187,500224
1775337530188,500224
1775337530190,500224
1775337530191,500224
1775337530197,500224
1775337530198,500224
1775337530200,500224
1775337530202,500224
1775337530204,500224
1775337530205,500224
1775337530208,500224
1775337530210,500224
1775337530211,500224
1775337530214,500224
1775337530216,500224
1775337530219,500224
1775337530222,500224
1775337530223,500224
1775337530225,500224
1775337530226,500224
1775337530227,500224
1775337530228,500224
1775337530230,500224
1775337530231,500224
1775337530232,500224
1775337530233,500224
1775337530236,500224
1775337530237,500224
1775337530238,500224
1775337530246,500224
1775337530247,500224
1775337530252,500224
1775337530255,500224
1775337530259,500224
1775337530261,500224
1775337530262,500224
1775337530263,500224
1775337530265,500224
1775337530267,500224
1775337530268,500224
1775337530270,500224
1775337530271,500224
1775337530273,500224
1775337530274,500224
1775337530275,500224
1775337530277,500224
1775337530280,500224
1775337530283,500224
1775337530285,500224
1775337530289,500224
1775337530295,500224
1775337530297,500224
1775337530299,500224
1775337530301,500224
1775337530303,500224
1775337530305,500224
1775337530307,500224
1775337530308,500224
1775337530310,500224
1775337530312,500224
1775337530315,500224
1775337530318,500224
1775337530320,500224
1775337530323,500224
1775337530325,500224
1775337530327,500224
1775337530334,500224
1775337530336,500224
1775337530342,500224
1775337530345,500224
1775337530347,500224
1775337530348,500224
1775337530350,500224
1775337530351,500224
1775337530354,500224
1775337530355,500224
1775337530357,500224
1775337530359,500224
1775337530361,500224
1775337530362,500224
1775337530364,500224
1775337530367,500224
1775337530369,500224
1775337530372,500224
1775337530375,500224
1775337530376,500224
1775337530378,500224
1775337530380,500224
1775337530381,500224
1775337530383,500224
1775337530386,500224
1775337530391,500224
1775337530393,500224
1775337530395,500224
1775337530396,500224
1775337530398,500224
1775337530400,500224
1775337530403,500224
1775337530405,500224
1775337530407,500224
1775337530411,500224
1775337530414,500224
1775337530417,500224
1775337530419,500224
1775337530422,500224
1775337530425,500224
1775337530432,500224
1775337530434,500224
1775337530437,500224
1775337530440,500224
1775337530443,500224
1775337530446,500224
1775337530448,500224
1775337530451,500224
1775337530454,500224
1775337530457,500224
1775337530459,500224
1775337530461,500224
1775337530463,500224
1775337530474,500224
1775337530478,500224
1775337530484,500224
1775337530486,500224
1775337530487,500224
1775337530489,500224
1775337530491,500224
1775337530492,500224
1775337530499,500224
1775337530500,500224
1775337530508,500224
1775337530510,500224
1775337530512,500224
1775337530513,500224
1775337530515,500224
1775337530517,500224
1775337530519,500224
1775337530520,500224
1775337530522,500224
1775337530524,500224
1775337530526,500224
1775337530527,500224
1775337530529,500224
1775337530530,500224
1775337530532,500224
1775337530533,500224
1775337530541,500224
1775337530544,500224
1775337530548,500224
1775337530550,500224
1775337530555,500224
1775337530557,500224
1775337530558,500224
1775337530559,500224
1775337530561,500224
1775337530562,500224
1775337530563,500224
1775337530565,500224
1775337530566,500224
1775337530567,500224
1775337530568,500224
1775337530570,500224
1775337530571,500224
1775337530572,500224
1775337530573,500224
1775337530574,500224
1775337530576,500224
1775337530583,500224
1775337530585,500224
1775337530587,500224
1775337530588,500224
1775337530589,500224
1775337530590,500224
1775337530592,500224
1775337530593,500224
1775337530594,500224
1775337530596,500224
1775337530597,500224
1775337530598,500224
1775337530599,500224
1775337530600,500224
1775337530602,500224
1775337530603,500224
1775337530604,500224
1775337530607,500224
1775337530610,500224
1775337530613,500224
1775337530616,500224
1775337530620,500224
1775337530623,500224
1775337530627,500224
1775337530630,500224
1775337530633,500224
1775337530635,500224
1775337530638,500224
1775337530640,500224
1775337530643,500224
1775337530645,500224
1775337530647,500224
1775337530649,500224
1775337530651,500224
1775337530653,500224
1775337530655,500224
1775337530656,500224
1775337530661,500224
1775337530663,500224
1775337530664,500224
1775337530667,500224
1775337530672,500224
1775337530675,500224
1775337530678,500224
1775337530681,500224
1775337530684,500224
1775337530686,500224
1775337530688,500224
1775337530691,500224
1775337530692,500224
1775337530694,500224
1775337530702,500224
1775337530704,500224
1775337530707,500224
1775337530712,500224
1775337530713,500224
1775337530715,500224
1775337530717,500224
1775337530720,500224
1775337530722,500224
1775337530725,500224
1775337530728,500224
1775337530730,500224
1775337530732,500224
1775337530734,500224
1775337530745,500224
1775337530747,500224
1775337530749,500224
1775337530753,500224
1775337530756,500224
1775337530759,500224
1775337530761,500224
1775337530764,500224
1775337530767,500224
1775337530769,500224
1775337530771,500224
1775337530774,500224
1775337530776,500224
1775337530777,500224
1775337530780,500224
1775337530781,500224
1775337530783,500224
1775337530785,500224
1775337530791,500224
1775337530793,500224
1775337530796,500224
1775337530799,500224
1775337530802,500224
1775337530804,500224
1775337530807,500224
1775337530809,500224
1775337530812,500224
1775337530814,500224
1775337530815,500224
1775337530817,500224
1775337530818,500224
1775337530819,500224
1775337530821,500224
1775337530823,500224
1775337530825,500224
1775337530827,500224
1775337530829,500224
1775337530830,500224
1775337530832,500224
1775337530833,500224
1775337530834,500224
1775337530838,500224
1775337530839,500224
1775337530841,500224
1775337530842,500224
1775337530843,500224
1775337530845,500224
1775337530846,500224
1775337530854,500224
1775337530857,500224
1775337530864,500224
1775337530867,500224
1775337530868,500224
1775337530870,500224
1775337530872,500224
1775337530875,500224
1775337530878,500224
1775337530880,500224
1775337530882,500224
1775337530884,500224
1775337530886,500224
1775337530888,500224
1775337530889,500224
1775337530891,500224
1775337530893,500224
1775337530896,500224
1775337530898,500224
1775337530900,500224
1775337530901,500224
1775337530903,500224
1775337530904,500224
1775337530905,500224
1775337530907,500224
1775337530909,500224
1775337530910,500224
1775337530912,500224
1775337530914,500224
1775337530916,500224
1775337530918,500224
1775337530920,500224
1775337530923,500224
1775337530925,500224
1775337530927,500224
1775337530929,500224
1775337530932,500224
1775337530934,500224
1775337530937,500224
1775337530940,500224
1775337530941,500224
1775337530943,500224
1775337530944,500224
1775337530946,500224
1775337530948,500224
1775337530949,500224
1775337532267,500224
1775337532269,500224
1775337532271,500224
1775337532273,500224
1775337532275,500224
1775337532277,500224
1775337532278,500224
1775337532280,500224
1775337532282,500224
1775337532285,500224
1775337532287,500224
1775337532726,500224
1775337532729,500224
1775337532733,500224
1775337532735,500224
1775337532738,500224
1775337532740,500224
1775337532742,500224
1775337532746,500224
1775337532750,500224
1775337532752,500224
1775337532754,500224
1775337532756,500224
1775337532762,500224
1775337532764,500224
1775337532767,500224
1775337532770,500224
1775337532773,500224
1775337532775,500224
1775337532778,500224
1775337532781,500224
1775337532783,500224
1775337532785,500224
1775337532798,500224
1775337532802,500224
1775337532810,500224
1775337532815,500224
1775337532817,500224
1775337532820,500224
1775337532822,500224
1775337532824,500224
1775337532827,500224
1775337532829,500224
1775337532832,500224
1775337532834,500224
1775337532837,500224
1775337532839,500224
1775337532841,500224
1775337532844,500224
1775337532846,500224
1775337532848,500224
1775337532850,500224
1775337532851,500224
1775337532853,500224
1775337532855,500224
1775337532856,500224
1775337532858,500224
1775337532859,500224
1775337532862,500224
1775337532864,500224
1775337532867,500224
1775337532869,500224
1775337532872,500224
1775337532874,500224
1775337532876,500224
1775337532878,500224
1775337532880,500224
1775337532882,500224
1775337532884,500224
1775337532886,500224
1775337532888,500224
1775337532890,500224
1775337532891,500224
1775337532893,500224
1775337532895,500224
1775337532896,500224
1775337532898,500224
1775337532900,500224
1775337532901,500224
1775337532903,500224
1775337532904,500224
1775337532906,500224
1775337532908,500224
1775337532909,500224
1775337532911,500224
1775337532912,500224
1775337532913,500224
1775337532919,500224
1775337532924,500224
1775337532926,500224
1775337532928,500224
1775337532929,500224
1775337532930,500224
1775337532931,500224
1775337532933,500224
1775337532934,500224
1775337532935,500224
1775337532937,500224
1775337532942,500224
1775337532943,500224
1775337532945,500224
1775337532946,500224
1775337532947,500224
1775337532948,500224
1775337532950,500224
1775337532951,500224
1775337532956,500224
1775337532959,500224
1775337532966,500224
1775337532968,500224
1775337532974,500224
1775337532976,500224
1775337532978,500224
1775337532981,500224
1775337532983,500224
1775337532991,500224
1775337532993,500224
1775337532995,500224
1775337532997,500224
1775337532999,500224
1775337533004,500224
1775337533006,500224
1775337533007,500224
1775337533009,500224
1775337533010,500224
1775337533011,500224
1775337533013,500224
1775337533014,500224
1775337533017,500224
1775337533020,500224
1775337533022,500224
1775337533024,500224
1775337533025,500224
1775337533027,500224
1775337533033,500224
1775337533035,500224
1775337533039,500224
1775337533042,500224
1775337533045,500224
1775337533050,500224
1775337533051,500224
1775337533052,500224
1775337533054,500224
1775337533057,500224
1775337533059,500224
1775337533062,500224
1775337533064,500224
1775337533067,500224
1775337533069,500224
1775337533071,500224
1775337533073,500224
1775337533075,500224
1775337533077,500224
1775337533080,500224
1775337533087,500224
1775337533091,500224
1775337533093,500224
1775337533094,500224
1775337533096,500224
1775337533097,500224
1775337533099,500224
1775337533101,500224
1775337533102,500224
1775337533104,500224
1775337533105,500224
1775337533107,500224
1775337533109,500224
1775337533134,500224
1775337533137,500224
1775337533139,500224
1775337533141,500224
1775337533143,500224
1775337533145,500224
1775337533148,500224
1775337533151,500224
1775337533161,500224
1775337533164,500224
1775337533167,500224
1775337533169,500224
1775337533170,500224
1775337533172,500224
1775337533173,500224
1775337533174,500224
1775337533177,500224
1775337533180,500224
1775337533183,500224
1775337533186,500224
1775337533188,500224
1775337533190,500224
1775337533192,500224
1775337533196,500224
1775337533198,500224
1775337533199,500224
1775337533201,500224
1775337533202,500224
1775337533204,500224
1775337533206,500224
1775337533208,500224
1775337533209,500224
1775337533211,500224
1775337533212,500224
1775337533213,500224
1775337533226,500224
1775337533229,500224
1775337533231,500224
1775337533233,500224
1775337533236,500224
1775337533238,500224
1775337533240,500224
1775337533242,500224
1775337533244,500224
1775337533246,500224
1775337533248,500224
1775337533250,500224
1775337533252,500224
1775337533253,500224
1775337533255,500224
1775337533257,500224
1775337533258,500224
1775337533261,500224
1775337533263,500224
1775337533264,500224
1775337533266,500224
1775337533268,500224
1775337533269,500224
1775337533272,500224
1775337533274,500224
1775337533276,500224
1775337533279,500224
1775337533281,500224
1775337533283,500224
1775337533284,500224
1775337533286,500224
1775337533288,500224
1775337533289,500224
1775337533291,500224
1775337533292,500224
1775337533294,500224
1775337533296,500224
1775337533297,500224
1775337533298,500224
1775337533300,500224
1775337533301,500224
1775337533302,500224
1775337533303,500224
1775337533305,500224
1775337533308,500224
1775337533311,500224
1775337533313,500224
1775337533315,500224
1775337533317,500224
1775337533318,500224
1775337533319,500224
1775337533322,500224
1775337533324,500224
1775337533326,500224
1775337533328,500224
1775337533330,500224
1775337533332,500224
1775337533336,500224
1775337533338,500224
1775337533340,500224
1775337533341,500224
1775337533343,500224
1775337533345,500224
1775337533346,500224
1775337533348,500224
1775337533349,500224
1775337533350,500224
1775337533352,500224
1775337533354,500224
1775337533358,500224
1775337533361,500224
1775337533364,500224
1775337533366,500224
1775337533367,500224
1775337533369,500224
1775337533372,500224
1775337533377,500224
1775337533378,500224
1775337533381,500224
1775337533382,500224
1775337533384,500224
1775337533386,500224
1775337533388,500224
1775337533390,500224
1775337533391,500224
1775337533392,500224
1775337533394,500224
1775337533395,500224
1775337533396,500224
1775337533397,500224
1775337533399,500224
1775337533402,500224
1775337533404,500224
1775337533425,500224
1775337533433,500224
1775337533436,500224
1775337533440,500224
1775337533442,500224
1775337533445,500224
1775337533447,500224
1775337533450,500224
1775337533452,500224
1775337533454,500224
1775337533456,500224
1775337533458,500224
1775337533464,500224
1775337533467,500224
1775337533469,500224
1775337533471,500224
1775337533475,500224
1775337533477,500224
1775337533480,500224
1775337533482,500224
1775337533484,500224
1775337533487,500224
1775337533490,500224
1775337533494,500224
1775337533496,500224
1775337533498,500224
1775337533500,500224
1775337533502,500224
1775337533504,500224
1775337533506,500224
1775337533508,500224
1775337533510,500224
1775337533512,500224
1775337533513,500224
1775337533515,500224
1775337533516,500224
1775337533518,500224
1775337533520,500224
1775337533521,500224
1775337533523,500224
1775337533525,500224
1775337533526,500224
1775337533528,500224
1775337533529,500224
1775337533530,500224
1775337533531,500224
1775337533533,500224
1775337533534,500224
1775337533535,500224
1775337533537,500224
1775337533538,500224
1775337533541,500224
1775337533543,500224
1775337533544,500224
1775337533546,500224
1775337533547,500224
1775337533548,500224
1775337533550,500224
1775337533551,500224
1775337533552,500224
1775337533554,500224
1775337533555,500224
1775337533556,500224
1775337533558,500224
1775337533559,500224
1775337533562,500224
1775337533564,500224
1775337533566,500224
1775337533567,500224
1775337533570,500224
1775337533573,500224
1775337533579,500224
1775337533580,500224
1775337533584,500224
1775337533592,500224
1775337533603,500224
1775337533606,500224
1775337533607,500224
1775337533609,500224
1775337533617,500224
1775337533620,500224
1775337533623,500224
1775337533628,500224
1775337533631,500224
1775337533633,500224
1775337533635,500224
1775337533643,500224
1775337533645,500224
1775337533647,500224
1775337533654,500224
1775337533656,500224
1775337533658,500224
1775337533660,500224
1775337533662,500224
1775337533663,500224
1775337533665,500224
1775337533668,500224
1775337533670,500224
1775337533672,500224
1775337533674,500224
1775337533676,500224
1775337533678,500224
1775337533679,500224
1775337533681,500224
1775337533682,500224
1775337533684,500224
1775337533685,500224
1775337533687,500224
1775337533691,500224
1775337533693,500224
1775337533696,500224
1775337533698,500224
1775337533699,500224
1775337533701,500224
1775337533702,500224
1775337533703,500224
1775337533705,500224
1775337533706,500224
1775337533712,500224
1775337533719,500224
1775337533722,500224
1775337533731,500224
1775337533734,500224
1775337533735,500224
1775337533737,500224
1775337533738,500224
1775337533739,500224
1775337533741,500224
1775337533742,500224
1775337533744,500224
1775337533746,500224
1775337533748,500224
1775337533749,500224
1775337533752,500224
1775337533754,500224
1775337533756,500224
1775337533757,500224
1775337533759,500224
1775337533760,500224
1775337533761,500224
1775337533763,500224
1775337533764,500224
1775337533766,500224
1775337533768,500224
1775337533770,500224
1775337533774,500224
1775337533776,500224
1775337533779,500224
1775337533782,500224
1775337533785,500224
1775337533791,500224
1775337533797,500224
1775337533800,500224
1775337533803,500224
1775337533806,500224
1775337533808,500224
1775337533811,500224
1775337533814,500224
1775337533816,500224
1775337533819,500224
1775337533821,500224
1775337533824,500224
1775337533829,500224
1775337533831,500224
1775337533834,500224
1775337533835,500224
1775337533838,500224
1775337533841,500224
1775337533843,500224
1775337533845,500224
1775337533846,500224
1775337533848,500224
1775337533850,500224
1775337533852,500224
1775337533853,500224
1775337533855,500224
1775337533856,500224
1775337533863,500224
1775337533867,500224
1775337533870,500224
1775337533872,500224
1775337533874,500224
1775337533875,500224
1775337533877,500224
1775337533879,500224
1775337533881,500224
1775337533882,500224
1775337533884,500224
1775337533886,500224
1775337533888,500224
1775337533890,500224
1775337533892,500224
1775337533897,500224
1775337533899,500224
1775337533901,500224
1775337533903,500224
1775337533905,500224
1775337533907,500224
1775337533908,500224
1775337533910,500224
1775337533912,500224
1775337533913,500224
1775337533914,500224
1775337533916,500224
1775337533919,500224
1775337533922,500224
1775337533924,500224
1775337533930,500224
1775337533933,500224
1775337533936,500224
1775337533939,500224
1775337533941,500224
1775337533943,500224
1775337533950,500224
1775337533953,500224
1775337533958,500224
1775337533960,500224
1775337533963,500224
1775337533965,500224
1775337533966,500224
1775337533967,500224
1775337533969,500224
1775337533970,500224
1775337533973,500224
1775337533976,500224
1775337533978,500224
1775337533981,500224
1775337533983,500224
1775337533986,500224
1775337533988,500224
1775337533990,500224
1775337533993,500224
1775337533995,500224
1775337533998,500224
1775337534000,500224
1775337534002,500224
1775337534005,500224
1775337534006,500224
1775337534008,500224
1775337534010,500224
1775337534012,500224
1775337534013,500224
1775337534018,500224
1775337534021,500224
1775337534024,500224
1775337534026,500224
1775337534029,500224
1775337534031,500224
1775337534032,500224
1775337534033,500224
1775337534034,500224
1775337534036,500224
1775337534037,500224
1775337534038,500224
1775337534040,500224
1775337534041,500224
1775337534042,500224
1775337534048,500224
1775337534050,500224
1775337534051,500224
1775337534063,500224
1775337534071,500224
1775337534074,500224
1775337534077,500224
1775337534080,500224
1775337534082,500224
1775337534085,500224
1775337534089,500224
1775337534092,500224
1775337534095,500224
1775337534098,500224
1775337534100,500224
1775337534102,500224
1775337534104,500224
1775337534107,500224
1775337534109,500224
1775337534113,500224
1775337534115,500224
1775337534121,500224
1775337534124,500224
1775337534128,500224
1775337534130,500224
1775337534133,500224
1775337534136,500224
1775337534139,500224
1775337534141,500224
1775337534144,500224
1775337534146,500224
1775337534149,500224
1775337534151,500224
1775337534155,500224
1775337534157,500224
1775337534159,500224
1775337534161,500224
1775337534163,500224
1775337534165,500224
1775337534166,500224
1775337534168,500224
1775337534170,500224
1775337534171,500224
1775337534173,500224
1775337534175,500224
1775337534177,500224
1775337534179,500224
1775337534185,500224
1775337534187,500224
1775337534193,500224
1775337534196,500224
1775337534198,500224
1775337534201,500224
1775337534203,500224
1775337534206,500224
1775337534209,500224
1775337534212,500224
1775337534213,500224
1775337534221,500224
1775337534225,500224
1775337534227,500224
1775337534236,500224
1775337534239,500224
1775337534242,500224
1775337534246,500224
1775337534250,500224
1775337534251,500224
1775337534256,500224
1775337534260,500224
1775337534262,500224
1775337534263,500224
1775337534265,500224
1775337534267,500224
1775337534269,500224
1775337534274,500224
1775337534276,500224
1775337534282,500224
1775337534284,500224
1775337534292,500224
1775337534294,500224
1775337534297,500224
1775337534299,500224
1775337534302,500224
1775337534305,500224
1775337534307,500224
1775337534310,500224
1775337534312,500224
1775337534314,500224
1775337534315,500224
1775337534317,500224
1775337534320,500224
1775337534321,500224
1775337534323,500224
1775337534328,500224
1775337534331,500224
1775337534334,500224
1775337534338,500224
1775337534346,500224
1775337534347,500224
1775337534349,500224
1775337534351,500224
1775337534356,500224
1775337534358,500224
1775337534360,500224
1775337534361,500224
1775337534363,500224
1775337534364,500224
1775337534365,500224
1775337534367,500224
1775337534368,500224
1775337534371,500224
1775337534372,500224
1775337534374,500224
1775337534375,500224
1775337534377,500224
1775337534378,500224
1775337534381,500224
1775337534383,500224
1775337534384,500224
1775337534386,500224
1775337534388,500224
1775337534395,500224
1775337534398,500224
1775337534400,500224
1775337534402,500224
1775337534404,500224
1775337534406,500224
1775337534409,500224
1775337534412,500224
1775337534415,500224
1775337534417,500224
1775337534420,500224
1775337534422,500224
1775337534425,500224
1775337534427,500224
1775337534430,500224
1775337534433,500224
1775337534435,500224
1775337534438,500224
1775337534441,500224
1775337534444,500224
1775337534447,500224
1775337534449,500224
1775337534452,500224
1775337534454,500224
1775337534456,500224
1775337534458,500224
1775337534460,500224
1775337534462,500224
1775337534464,500224
1775337534466,500224
1775337534468,500224
1775337534470,500224
1775337534472,500224
1775337534473,500224
1775337534475,500224
1775337534477,500224
1775337534479,500224
1775337534481,500224
1775337534483,500224
1775337534484,500224
1775337534491,500224
1775337534494,500224
1775337534497,500224
1775337534499,500224
1775337534502,500224
1775337534504,500224
1775337534507,500224
1775337534510,500224
1775337534511,500224
1775337534513,500224
1775337534515,500224
1775337534517,500224
1775337534518,500224
1775337534522,500224
1775337534525,500224
1775337534527,500224
1775337534530,500224
1775337534531,500224
1775337534533,500224
1775337534535,500224
1775337534537,500224
1775337534538,500224
1775337534540,500224
1775337534542,500224
1775337534543,500224
1775337534544,500224
1775337534546,500224
1775337534549,500224
1775337534550,500224
1775337534553,500224
1775337534556,500224
1775337534559,500224
1775337534561,500224
1775337534564,500224
1775337534567,500224
1775337534569,500224
1775337534573,500224
1775337534577,500224
1775337534578,500224
1775337534579,500224
1775337534580,500224
1775337534582,500224
1775337534583,500224
1775337534584,500224
1775337534586,500224
1775337534587,500224
1775337534588,500224
1775337534590,500224
1775337534591,500224
1775337534593,500224
1775337534594,500224
1775337534595,500224
1775337534597,500224
1775337534598,500224
1775337534599,500224
1775337534601,500224
1775337534602,500224
1775337534603,500224
1775337534605,500224
1775337534606,500224
1775337534607,500224
1775337534608,500224
1775337534610,500224
1775337534612,500224
1775337534614,500224
1775337534616,500224
1775337534618,500224
1775337534621,500224
1775337534626,500224
1775337534628,500224
1775337534630,500224
1775337534631,500224
1775337534632,500224
1775337534635,500224
1775337534638,500224
1775337534647,500224
1775337534649,500224
1775337534651,500224
1775337534653,500224
1775337534659,500224
1775337534661,500224
1775337534663,500224
1775337534665,500224
1775337534667,500224
1775337534669,500224
1775337534671,500224
1775337534673,500224
1775337534676,500224
1775337534683,500224
1775337534685,500224
1775337534686,500224
1775337534688,500224
1775337534691,500224
1775337534694,500224
1775337534696,500224
1775337534699,500224
1775337534701,500224
1775337534703,500224
1775337534705,500224
1775337534707,500224
1775337534709,500224
1775337534711,500224
1775337534713,500224
1775337534715,500224
1775337534717,500224
1775337534718,500224
1775337534720,500224
1775337534721,500224
1775337534722,500224
1775337534725,500224
1775337534728,500224
1775337534731,500224
1775337534734,500224
1775337534739,500224
1775337534741,500224
1775337534744,500224
1775337534746,500224
1775337534748,500224
1775337534751,500224
1775337534758,500224
1775337534759,500224
1775337534765,500224
1775337534767,500224
1775337534775,500224
1775337534780,500224
1775337534783,500224
1775337534786,500224
1775337534789,500224
1775337534791,500224
1775337534794,500224
1775337534796,500224
1775337534798,500224
1775337534799,500224
1775337534801,500224
1775337534802,500224
1775337534804,500224
1775337534805,500224
1775337534807,500224
1775337534808,500224
1775337534810,500224
1775337534811,500224
1775337534813,500224
1775337534818,500224
1775337534820,500224
1775337534822,500224
1775337534824,500224
1775337534827,500224
1775337534829,500224
1775337534830,500224
1775337534832,500224
1775337534833,500224
1775337534835,500224
1775337534836,500224
1775337534838,500224
1775337534839,500224
1775337534840,500224
1775337534842,500224
1775337534843,500224
1775337534844,500224
1775337534846,500224
1775337534848,500224
1775337534849,500224
1775337534851,500224
1775337534852,500224
1775337534856,500224
1775337534857,500224
1775337534861,500224
1775337534862,500224
1775337534867,500224
1775337534872,500224
1775337534878,500224
1775337534880,500224
1775337534882,500224
1775337534883,500224
1775337534885,500224
1775337534887,500224
1775337534888,500224
1775337534890,500224
1775337534892,500224
1775337534893,500224
1775337534895,500224
1775337534897,500224
1775337534898,500224
1775337534900,500224
1775337534904,500224
1775337534907,500224
1775337534910,500224
1775337534913,500224
1775337534917,500224
1775337534919,500224
1775337534922,500224
1775337534925,500224
1775337534927,500224
1775337534929,500224
1775337534930,500224
1775337534932,500224
1775337534933,500224
1775337534934,500224
1775337534938,500224
1775337534940,500224
1775337534945,500224
1775337534946,500224
1775337534950,500224
1775337534952,500224
1775337534955,500224
1775337534957,500224
1775337534961,500224
1775337534968,500224
1775337534970,500224
1775337534971,500224
1775337534972,500224
1775337534974,500224
1775337534975,500224
1775337534983,500224
1775337534988,500224
1775337534991,500224
1775337534994,500224
1775337534997,500224
1775337535000,500224
1775337535003,500224
1775337535005,500224
1775337535013,500224
1775337535016,500224
1775337535019,500224
1775337535022,500224
1775337535024,500224
1775337535027,500224
1775337535029,500224
1775337535031,500224
1775337535033,500224
1775337535035,500224
1775337535037,500224
1775337535039,500224
1775337535041,500224
1775337535044,500224
1775337535046,500224
1775337535048,500224
1775337535052,500224
1775337535058,500224
1775337535063,500224
1775337535069,500224
1775337535072,500224
1775337535073,500224
1775337535074,500224
1775337535076,500224
1775337535077,500224
1775337535078,500224
1775337535080,500224
1775337535081,500224
1775337535082,500224
1775337535084,500224
1775337535086,500224
1775337535089,500224
1775337535095,500224
1775337535097,500224
1775337535102,500224
1775337535103,500224
1775337535107,500224
1775337535114,500224
1775337535116,500224
1775337535118,500224
1775337535121,500224
1775337535123,500224
1775337535125,500224
1775337535127,500224
1775337535129,500224
1775337535131,500224
1775337535132,500224
1775337535134,500224
1775337535136,500224
1775337535137,500224
1775337535139,500224
1775337535141,500224
1775337535142,500224
1775337535144,500224
1775337535145,500224
1775337535147,500224
1775337535149,500224
1775337535150,500224
1775337535152,500224
1775337535154,500224
1775337535155,500224
1775337535157,500224
1775337535163,500224
1775337535167,500224
1775337535170,500224
1775337535172,500224
1775337535175,500224
1775337535178,500224
1775337535180,500224
1775337535182,500224
1775337535184,500224
1775337535187,500224
1775337535189,500224
1775337535192,500224
1775337535194,500224
1775337535195,500224
1775337535197,500224
1775337535199,500224
1775337535200,500224
1775337535206,500224
1775337535212,500224
1775337535215,500224
1775337535218,500224
1775337535221,500224
1775337535223,500224
1775337535227,500224
1775337535230,500224
1775337535241,500224
1775337535243,500224
1775337535246,500224
1775337535249,500224
1775337535253,500224
1775337535255,500224
1775337535258,500224
1775337535263,500224
1775337535266,500224
1775337535269,500224
1775337535271,500224
1775337535273,500224
1775337535275,500224
1775337535278,500224
1775337535280,500224
1775337535282,500224
1775337535284,500224
1775337535286,500224
1775337535288,500224
1775337535290,500224
1775337535292,500224
1775337535294,500224
1775337535296,500224
1775337535298,500224
1775337535300,500224
1775337535302,500224
1775337535304,500224
1775337535306,500224
1775337535309,500224
1775337535312,500224
1775337535327,500224
1775337535330,500224
1775337535333,500224
1775337535335,500224
1775337535338,500224
1775337535340,500224
1775337535342,500224
1775337535344,500224
1775337535345,500224
1775337535347,500224
1775337535348,500224
1775337535349,500224
1775337535351,500224
1775337535352,500224
1775337535353,500224
1775337535356,500224
1775337535359,500224
1775337535362,500224
1775337535365,500224
1775337535368,500224
1775337535370,500224
1775337535372,500224
1775337535374,500224
1775337535377,500224
1775337535381,500224
1775337535383,500224
1775337535385,500224
1775337535386,500224
1775337535388,500224
1775337535390,500224
1775337535392,500224
1775337535395,500224
1775337535396,500224
1775337535398,500224
1775337535400,500224
1775337535401,500224
1775337535403,500224
1775337535404,500224
1775337535406,500224
1775337535407,500224
1775337535408,500224
1775337535410,500224
1775337535411,500224
1775337535412,500224
1775337535413,500224
1775337535415,500224
1775337535416,500224
1775337535417,500224
1775337535419,500224
1775337535420,500224
1775337535421,500224
1775337535422,500224
1775337535424,500224
1775337535425,500224
1775337535426,500224
1775337535427,500224
1775337535429,500224
1775337535431,500224
1775337535433,500224
1775337535441,500224
1775337535443,500224
1775337535449,500224
1775337535451,500224
1775337535452,500224
1775337535453,500224
1775337535455,500224
1775337535456,500224
1775337535457,500224
1775337535459,500224
1775337535460,500224
1775337535463,500224
1775337535465,500224
1775337535468,500224
1775337535471,500224
1775337535474,500224
1775337535478,500224
1775337535486,500224
1775337535490,500224
1775337535493,500224
1775337535500,500224
1775337535504,500224
1775337535507,500224
1775337535512,500224
1775337535514,500224
1775337535517,500224
1775337535520,500224
1775337535522,500224
1775337535524,500224
1775337535527,500224
1775337535529,500224
1775337535531,500224
1775337535534,500224
1775337535539,500224
1775337535743,500224
1775337535746,500224
1775337535748,500224
1775337535751,500224
1775337535753,500224
1775337535756,500224
1775337535758,500224
1775337535759,500224
1775337535761,500224
1775337535763,500224
1775337535765,500224
1775337535766,500224
1775337535768,500224
1775337535770,500224
1775337535773,500224
1775337535780,500224
1775337535782,500224
1775337535784,500224
1775337535785,500224
1775337535787,500224
1775337535788,500224
1775337535790,500224
1775337535791,500224
1775337535794,500224
1775337535798,500224
1775337535801,500224
1775337535803,500224
1775337535807,500224
1775337535808,500224
1775337535810,500224
1775337535813,500224
1775337535816,500224
1775337535818,500224
1775337535820,500224
1775337535822,500224
1775337535823,500224
1775337535829,500224
1775337535830,500224
1775337535832,500224
1775337535834,500224
1775337535835,500224
1775337535837,500224
1775337535838,500224
1775337535847,500224
1775337535849,500224
1775337535850,500224
1775337535852,500224
1775337535853,500224
1775337535855,500224
1775337535856,500224
1775337535857,500224
1775337535859,500224
1775337535860,500224
1775337535862,500224
1775337535863,500224
1775337535864,500224
1775337535872,500224
1775337535876,500224
1775337535879,500224
1775337535887,500224
1775337535890,500224
1775337535892,500224
1775337535893,500224
1775337535895,500224
1775337535896,500224
1775337535898,500224
1775337535900,500224
1775337535903,500224
1775337535905,500224
1775337535907,500224
1775337535909,500224
1775337535911,500224
1775337535914,500224
1775337535916,500224
1775337535918,500224
1775337535920,500224
1775337535922,500224
1775337535927,500224
1775337535931,500224
1775337535933,500224
1775337535935,500224
1775337535938,500224
1775337535940,500224
1775337535942,500224
1775337535944,500224
1775337535946,500224
1775337535947,500224
1775337535949,500224
1775337535951,500224
1775337535953,500224
1775337535954,500224
1775337535956,500224
1775337535957,500224
1775337535959,500224
1775337535960,500224
1775337535962,500224
1775337535963,500224
1775337535965,500224
1775337535966,500224
1775337535968,500224
1775337535969,500224
1775337535971,500224
1775337535973,500224
1775337535975,500224
1775337535977,500224
1775337535978,500224
1775337535979,500224
1775337535982,500224
1775337535984,500224
1775337535987,500224
1775337535989,500224
1775337535992,500224
1775337535994,500224
1775337535997,500224
1775337536004,500224
1775337536011,500224
1775337536014,500224
1775337536016,500224
1775337536017,500224
1775337536020,500224
1775337536022,500224
1775337536025,500224
1775337536027,500224
1775337536030,500224
1775337536032,500224
1775337536034,500224
1775337536039,500224
1775337536044,500224
1775337536047,500224
1775337536050,500224
1775337536053,500224
1775337536056,500224
1775337536058,500224
1775337536061,500224
1775337536064,500224
1775337536066,500224
1775337536068,500224
1775337536069,500224
1775337536070,500224
1775337536072,500224
1775337536074,500224
1775337536077,500224
1775337536080,500224
1775337536083,500224
1775337536086,500224
1775337536094,500224
1775337536104,500224
1775337536107,500224
1775337536108,500224
1775337536113,500224
1775337536115,500224
1775337536125,500224
1775337536131,500224
1775337536134,500224
1775337536140,500224
1775337536143,500224
1775337536145,500224
1775337536148,500224
1775337536150,500224
1775337536152,500224
1775337536154,500224
1775337536156,500224
1775337536158,500224
1775337536160,500224
1775337536161,500224
1775337536163,500224
1775337536165,500224
1775337536167,500224
1775337536169,500224
1775337536171,500224
1775337536173,500224
1775337536179,500224
1775337536182,500224
1775337536185,500224
1775337536187,500224
1775337536188,500224
1775337536192,500224
1775337536195,500224
1775337536198,500224
1775337536201,500224
1775337536204,500224
1775337536206,500224
1775337536209,500224
1775337536212,500224
1775337536215,500224
1775337536218,500224
1775337536224,500224
1775337536226,500224
1775337536229,500224
1775337536231,500224
1775337536234,500224
1775337536236,500224
1775337536238,500224
1775337536240,500224
1775337536241,500224
1775337536245,500224
1775337536249,500224
1775337536251,500224
1775337536256,500224
1775337536258,500224
1775337536259,500224
1775337536260,500224
1775337536261,500224
1775337536263,500224
1775337536264,500224
1775337536265,500224
1775337536267,500224
1775337536272,500224
1775337536279,500224
1775337536281,500224
1775337536282,500224
1775337536285,500224
1775337536286,500224
1775337536288,500224
1775337536289,500224
1775337536290,500224
1775337536292,500224
1775337536294,500224
1775337536296,500224
1775337536298,500224
1775337536300,500224
1775337536302,500224
1775337536303,500224
1775337536305,500224
1775337536307,500224
1775337536308,500224
1775337536310,500224
1775337536311,500224
1775337536315,500224
1775337536317,500224
1775337536319,500224
1775337536321,500224
1775337536323,500224
1775337536326,500224
1775337536328,500224
1775337536330,500224
1775337536332,500224
1775337536337,500224
1775337536339,500224
1775337536340,500224
1775337536342,500224
1775337536344,500224
1775337536347,500224
1775337536350,500224
1775337536357,500224
1775337536360,500224
1775337536362,500224
1775337536369,500224
1775337536371,500224
1775337536375,500224
1775337536378,500224
1775337536380,500224
1775337536383,500224
1775337536386,500224
1775337536388,500224
1775337536390,500224
1775337536391,500224
1775337536393,500224
1775337536394,500224
1775337536396,500224
1775337536399,500224
1775337536401,500224
1775337536404,500224
1775337536407,500224
1775337536410,500224
1775337536413,500224
1775337536418,500224
1775337536421,500224
1775337536423,500224
1775337536425,500224
1775337536426,500224
1775337536429,500224
1775337536431,500224
1775337536434,500224
1775337536436,500224
1775337536438,500224
1775337536450,500224
1775337536452,500224
1775337536454,500224
1775337536457,500224
1775337536460,500224
1775337536463,500224
1775337536466,500224
1775337536468,500224
1775337536471,500224
1775337536473,500224
1775337536474,500224
1775337536476,500224
1775337536477,500224
1775337536480,500224
1775337536481,500224
1775337536483,500224
1775337536485,500224
1775337536487,500224
1775337536489,500224
1775337536491,500224
1775337536492,500224
1775337536494,500224
1775337536499,500224
1775337536505,500224
1775337536507,500224
1775337536509,500224
1775337536514,500224
1775337536516,500224
1775337536518,500224
1775337536519,500224
1775337536521,500224
1775337536523,500224
1775337536524,500224
1775337536526,500224
1775337536529,500224
1775337536531,500224
1775337536533,500224
1775337536535,500224
1775337536537,500224
1775337536538,500224
1775337536540,500224
1775337536542,500224
1775337536544,500224
1775337536546,500224
1775337536549,500224
1775337536552,500224
1775337536554,500224
1775337536557,500224
1775337536560,500224
1775337536562,500224
1775337536565,500224
1775337536568,500224
1775337536570,500224
1775337536573,500224
1775337536576,500224
1775337536578,500224
1775337536582,500224
1775337536584,500224
1775337536586,500224
1775337536588,500224
1775337536591,500224
1775337536593,500224
1775337536595,500224
1775337536597,500224
1775337536599,500224
1775337536601,500224
1775337536602,500224
1775337536605,500224
1775337536608,500224
1775337536610,500224
1775337536612,500224
1775337536614,500224
1775337536616,500224
1775337536618,500224
1775337536620,500224
1775337536622,500224
1775337536623,500224
1775337536625,500224
1775337536627,500224
1775337536635,500224
1775337536637,500224
1775337536645,500224
1775337536650,500224
1775337536652,500224
1775337536653,500224
1775337536655,500224
1775337536656,500224
1775337536659,500224
1775337536663,500224
1775337536666,500224
1775337536668,500224
1775337536671,500224
1775337536673,500224
1775337536677,500224
1775337536679,500224
1775337536682,500224
1775337536685,500224
1775337536689,500224
1775337536692,500224
1775337536695,500224
1775337536697,500224
1775337536700,500224
1775337536701,500224
1775337536703,500224
1775337536704,500224
1775337536705,500224
1775337536707,500224
1775337536708,500224
1775337536709,500224
1775337536711,500224
1775337536714,500224
1775337536718,500224
1775337536719,500224
1775337536720,500224
1775337536722,500224
1775337536724,500224
1775337536727,500224
1775337536729,500224
1775337536731,500224
1775337536733,500224
1775337536735,500224
1775337536743,500224
1775337536745,500224
1775337536749,500224
1775337536751,500224
1775337536752,500224
1775337536754,500224
1775337536755,500224
1775337536756,500224
1775337536759,500224
1775337536761,500224
1775337536762,500224
1775337536764,500224
1775337536765,500224
1775337536766,500224
1775337536768,500224
1775337536769,500224
1775337536770,500224
1775337536772,500224
1775337536773,500224
1775337536775,500224
1775337536776,500224
1775337536778,500224
1775337536779,500224
1775337536782,500224
1775337536785,500224
1775337536788,500224
1775337536791,500224
1775337536794,500224
1775337536795,500224
1775337536797,500224
1775337536799,500224
1775337536801,500224
1775337536802,500224
1775337536804,500224
1775337536806,500224
1775337536807,500224
1775337536810,500224
1775337536812,500224
1775337536814,500224
1775337536815,500224
1775337536817,500224
1775337536823,500224
1775337536826,500224
1775337536828,500224
1775337536836,500224
1775337536839,500224
1775337536841,500224
1775337536844,500224
1775337536847,500224
1775337536850,500224
1775337536853,500224
1775337536856,500224
1775337536858,500224
1775337536861,500224
1775337536865,500224
1775337536867,500224
1775337536869,500224
1775337536873,500224
1775337536876,500224
1775337536879,500224
1775337536882,500224
1775337536886,500224
1775337536889,500224
1775337536891,500224
1775337536894,500224
1775337536897,500224
1775337536900,500224
1775337536907,500224
1775337536910,500224
1775337536912,500224
1775337536915,500224
1775337536918,500224
1775337536920,500224
1775337536923,500224
1775337536925,500224
1775337536933,500224
1775337536936,500224
1775337536939,500224
1775337536942,500224
1775337536944,500224
1775337536946,500224
1775337536948,500224
1775337536951,500224
1775337536953,500224
1775337536955,500224
1775337536957,500224
1775337536959,500224
1775337536961,500224
1775337536963,500224
1775337536964,500224
1775337536966,500224
1775337536973,500224
1775337536974,500224
1775337536981,500224
1775337536984,500224
1775337536986,500224
1775337536988,500224
1775337536990,500224
1775337536991,500224
1775337536993,500224
1775337536995,500224
1775337536998,500224
1775337537001,500224
1775337537004,500224
1775337537006,500224
1775337537009,500224
1775337537012,500224
1775337537014,500224
1775337537017,500224
1775337537019,500224
1775337537021,500224
1775337537022,500224
1775337537024,500224
1775337537026,500224
1775337537029,500224
1775337537031,500224
1775337537032,500224
1775337537034,500224
1775337537035,500224
1775337537036,500224
1775337537038,500224
1775337537039,500224
1775337537040,500224
1775337537042,500224
1775337537043,500224
1775337537044,500224
1775337537052,500224
1775337537055,500224
1775337537061,500224
1775337537063,500224
1775337537065,500224
1775337537067,500224
1775337537069,500224
1775337537072,500224
1775337537074,500224
1775337537077,500224
1775337537078,500224
1775337537080,500224
1775337537083,500224
1775337537086,500224
1775337537088,500224
1775337537090,500224
1775337537093,500224
1775337537095,500224
1775337537097,500224
1775337537099,500224
1775337537100,500224
1775337537108,500224
1775337537111,500224
1775337537113,500224
1775337537115,500224
1775337537117,500224
1775337537121,500224
1775337537123,500224
1775337537126,500224
1775337537129,500224
1775337537131,500224
1775337537132,500224
1775337537133,500224
1775337537134,500224
1775337537136,500224
1775337537137,500224
1775337537139,500224
1775337537140,500224
1775337537142,500224
1775337537143,500224
1775337537144,500224
1775337537148,500224
1775337537150,500224
1775337537155,500224
1775337537157,500224
1775337537158,500224
1775337537165,500224
1775337537166,500224
1775337537171,500224
1775337537173,500224
1775337537176,500224
1775337537178,500224
1775337537181,500224
1775337537184,500224
1775337537187,500224
1775337537190,500224
1775337537192,500224
1775337537194,500224
1775337537200,500224
1775337537202,500224
1775337537203,500224
1775337537205,500224
1775337537206,500224
1775337537208,500224
1775337537209,500224
1775337537210,500224
1775337537212,500224
1775337537213,500224
1775337537214,500224
1775337537216,500224
1775337537217,500224
1775337537218,500224
1775337537219,500224
1775337537221,500224
1775337537223,500224
1775337537224,500224
1775337537227,500224
1775337537229,500224
1775337537230,500224
1775337537233,500224
1775337537235,500224
1775337537237,500224
1775337537239,500224
1775337537241,500224
1775337537243,500224
1775337537245,500224
1775337537252,500224
1775337537255,500224
1775337537260,500224
1775337537264,500224
1775337537266,500224
1775337537268,500224
1775337537271,500224
1775337537273,500224
1775337537275,500224
1775337537277,500224
1775337537279,500224
1775337537281,500224
1775337537283,500224
1775337537284,500224
1775337537286,500224
1775337537289,500224
1775337537292,500224
1775337537294,500224
1775337537296,500224
1775337537298,500224
1775337537300,500224
1775337537302,500224
1775337537303,500224
1775337537305,500224
1775337537306,500224
1775337537308,500224
1775337537309,500224
1775337537312,500224
1775337537314,500224
1775337537316,500224
1775337537318,500224
1775337537320,500224
1775337537321,500224
1775337537323,500224
1775337537325,500224
1775337537326,500224
1775337537328,500224
1775337537330,500224
1775337537331,500224
1775337537333,500224
1775337537334,500224
1775337537336,500224
1775337537337,500224
1775337537338,500224
1775337537340,500224
1775337537341,500224
1775337537342,500224
1775337537343,500224
1775337537351,500224
1775337537353,500224
1775337537360,500224
1775337537365,500224
1775337537368,500224
1775337537370,500224
1775337537373,500224
1775337537376,500224
1775337537378,500224
1775337537381,500224
1775337537384,500224
1775337537388,500224
1775337537391,500224
1775337537394,500224
1775337537399,500224
1775337537401,500224
1775337537403,500224
1775337537405,500224
1775337537407,500224
1775337537409,500224
1775337537411,500224
1775337537413,500224
1775337537414,500224
1775337537417,500224
1775337537420,500224
1775337537421,500224
1775337537423,500224
1775337537426,500224
1775337537429,500224
1775337537432,500224
1775337537434,500224
1775337537436,500224
1775337537444,500224
1775337537447,500224
1775337537449,500224
1775337537451,500224
1775337537452,500224
1775337537454,500224
1775337537456,500224
1775337537458,500224
1775337537460,500224
1775337537462,500224
1775337537464,500224
1775337537465,500224
1775337537467,500224
1775337537468,500224
1775337537470,500224
1775337537471,500224
1775337537472,500224
1775337537475,500224
1775337537478,500224
1775337537481,500224
1775337537483,500224
1775337537486,500224
1775337537492,500224
1775337537500,500224
1775337537503,500224
1775337537505,500224
1775337537507,500224
1775337537509,500224
1775337537510,500224
1775337537511,500224
1775337537514,500224
1775337537517,500224
1775337537524,500224
1775337537527,500224
1775337537530,500224
1775337537533,500224
1775337537534,500224
1775337537536,500224
1775337537538,500224
1775337537540,500224
1775337537541,500224
1775337537545,500224
1775337537547,500224
1775337537550,500224
1775337537554,500224
1775337537557,500224
1775337537560,500224
1775337537563,500224
1775337537566,500224
1775337537569,500224
1775337537572,500224
1775337537574,500224
1775337537576,500224
1775337537578,500224
1775337537580,500224
1775337537582,500224
1775337537584,500224
1775337537586,500224
1775337537588,500224
1775337537590,500224
1775337537592,500224
1775337537594,500224
1775337537595,500224
1775337537596,500224
1775337537598,500224
1775337537599,500224
1775337537606,500224
1775337537609,500224
1775337537610,500224
1775337537612,500224
1775337537613,500224
1775337537614,500224
1775337537616,500224
1775337537617,500224
1775337537618,500224
1775337537620,500224
1775337537623,500224
1775337537626,500224
1775337537628,500224
1775337537631,500224
1775337537634,500224
1775337537636,500224
1775337537639,500224
1775337537641,500224
1775337537643,500224
1775337537647,500224
1775337537650,500224
1775337537653,500224
1775337537656,500224
1775337537658,500224
1775337537661,500224
1775337537664,500224
1775337537666,500224
1775337537669,500224
1775337537671,500224
1775337537674,500224
1775337537677,500224
1775337537680,500224
1775337537683,500224
1775337537685,500224
1775337537687,500224
1775337537689,500224
1775337537692,500224
1775337537695,500224
1775337537697,500224
1775337537700,500224
1775337537702,500224
1775337537704,500224
1775337537706,500224
1775337537709,500224
1775337537710,500224
1775337537712,500224
1775337537714,500224
1775337537716,500224
1775337537718,500224
1775337537721,500224
1775337537724,500224
1775337537727,500224
1775337537728,500224
1775337537729,500224
1775337537732,500224
1775337537734,500224
1775337537737,500224
1775337537741,500224
1775337537743,500224
1775337537750,500224
1775337537752,500224
1775337537755,500224
1775337537757,500224
1775337537759,500224
1775337537762,500224
1775337537764,500224
1775337537766,500224
1775337537768,500224
1775337537770,500224
1775337537772,500224
1775337537778,500224
1775337537780,500224
1775337537783,500224
1775337537785,500224
1775337537787,500224
1775337537790,500224
1775337537793,500224
1775337537795,500224
1775337537797,500224
1775337537799,500224
1775337537801,500224
1775337537803,500224
1775337537805,500224
1775337537812,500224
1775337537813,500224
1775337537815,500224
1775337537817,500224
1775337537819,500224
1775337537820,500224
1775337537822,500224
1775337537823,500224
1775337537825,500224
1775337537826,500224
1775337537827,500224
1775337537829,500224
1775337537830,500224
1775337537831,500224
1775337537832,500224
1775337537834,500224
1775337537835,500224
1775337537837,500224
1775337537839,500224
1775337537840,500224
1775337537842,500224
1775337537843,500224
1775337537844,500224
1775337537846,500224
1775337537847,500224
1775337537848,500224
1775337537850,500224
1775337537851,500224
1775337537863,500224
1775337537865,500224
1775337537868,500224
1775337537870,500224
1775337537872,500224
1775337537966,500224
1775337537967,500224
1775337538136,500224
1775337538139,500224
1775337538144,500224
1775337538148,500224
1775337538151,500224
1775337538154,500224
1775337538156,500224
1775337538158,500224
1775337538160,500224
1775337538162,500224
1775337538164,500224
1775337538166,500224
1775337538168,500224
1775337538170,500224
1775337538172,500224
1775337538174,500224
1775337538176,500224
1775337538178,500224
1775337538181,500224
1775337538183,500224
1775337538185,500224
1775337538187,500224
1775337538189,500224
1775337538191,500224
1775337538192,500224
1775337538194,500224
1775337538196,500224
1775337538198,500224
1775337538200,500224
1775337538202,500224
1775337538204,500224
1775337538206,500224
1775337538208,500224
1775337538209,500224
1775337538211,500224
1775337538213,500224
1775337538214,500224
1775337538216,500224
1775337538222,500224
1775337538225,500224
1775337538237,500224
1775337538239,500224
1775337538242,500224
1775337538245,500224
1775337538248,500224
1775337538251,500224
1775337538253,500224
1775337538256,500224
1775337538257,500224
1775337538259,500224
1775337538260,500224
1775337538262,500224
1775337538264,500224
1775337538265,500224
1775337538267,500224
1775337538269,500224
1775337538271,500224
1775337538273,500224
1775337538275,500224
1775337538282,500224
1775337538290,500224
1775337538292,500224
1775337538295,500224
1775337538297,500224
1775337538299,500224
1775337538302,500224
1775337538309,500224
1775337538312,500224
1775337538314,500224
1775337538317,500224
1775337538319,500224
1775337538322,500224
1775337538325,500224
1775337538328,500224
1775337538330,500224
1775337538333,500224
1775337538335,500224
1775337538338,500224
1775337538341,500224
1775337538343,500224
1775337538345,500224
1775337538347,500224
1775337538348,500224
1775337538350,500224
1775337538352,500224
1775337538353,500224
1775337538355,500224
1775337538356,500224
1775337538358,500224
1775337538360,500224
1775337538363,500224
1775337538365,500224
1775337538367,500224
1775337538369,500224
1775337538370,500224
1775337538371,500224
1775337538373,500224
1775337538374,500224
1775337538375,500224
1775337538376,500224
1775337538378,500224
1775337538379,500224
1775337538380,500224
1775337538381,500224
1775337538383,500224
1775337538386,500224
1775337538418,500224
1775337538422,500224
1775337538425,500224
1775337538428,500224
1775337538429,500224
1775337538431,500224
1775337538439,500224
1775337538443,500224
1775337538445,500224
1775337538448,500224
1775337538451,500224
1775337538453,500224
1775337538456,500224
1775337538458,500224
1775337538460,500224
1775337538462,500224
1775337538465,500224
1775337538467,500224
1775337538470,500224
1775337538473,500224
1775337538476,500224
1775337538478,500224
1775337538479,500224
1775337538481,500224
1775337538482,500224
1775337538483,500224
1775337538486,500224
1775337538488,500224
1775337538492,500224
1775337538495,500224
1775337538498,500224
1775337538500,500224
1775337538503,500224
1775337538505,500224
1775337538508,500224
1775337538514,500224
1775337538518,500224
1775337538523,500224
1775337538540,500224
1775337538543,500224
1775337538544,500224
1775337538546,500224
1775337538549,500224
1775337538551,500224
1775337538553,500224
1775337538554,500224
1775337538555,500224
1775337538557,500224
1775337538558,500224
1775337538559,500224
1775337538561,500224
1775337538563,500224
1775337538566,500224
1775337538568,500224
1775337538570,500224
1775337538573,500224
1775337538575,500224
1775337538577,500224
1775337538579,500224
1775337538582,500224
1775337538584,500224
1775337538585,500224
1775337538587,500224
1775337538588,500224
1775337538589,500224
1775337538590,500224
1775337538592,500224
1775337538593,500224
1775337538595,500224
1775337538596,500224
1775337538598,500224
1775337538599,500224
1775337538600,500224
1775337538602,500224
1775337538604,500224
1775337538605,500224
1775337538607,500224
1775337538609,500224
1775337538610,500224
1775337538612,500224
1775337538613,500224
1775337538614,500224
1775337538617,500224
1775337538624,500224
1775337538626,500224
1775337538633,500224
1775337538634,500224
1775337538641,500224
1775337538642,500224
1775337538644,500224
1775337538645,500224
1775337538646,500224
1775337538649,500224
1775337538656,500224
1775337538659,500224
1775337538661,500224
1775337538664,500224
1775337538667,500224
1775337538669,500224
1775337538674,500224
1775337538678,500224
1775337538681,500224
1775337538683,500224
1775337538685,500224
1775337538687,500224
1775337538690,500224
1775337538693,500224
1775337538696,500224
1775337538698,500224
1775337538704,500224
1775337538709,500224
1775337538715,500224
1775337538719,500224
1775337538721,500224
1775337538723,500224
1775337538725,500224
1775337538727,500224
1775337538728,500224
1775337538730,500224
1775337538731,500224
1775337538732,500224
1775337538734,500224
1775337538736,500224
1775337538737,500224
1775337538739,500224
1775337538740,500224
1775337538742,500224
1775337538744,500224
1775337538745,500224
1775337538746,500224
1775337538748,500224
1775337538749,500224
1775337538752,500224
1775337538755,500224
1775337538758,500224
1775337538759,500224
1775337538761,500224
1775337538768,500224
1775337538771,500224
1775337538773,500224
1775337538775,500224
1775337538777,500224
1775337538780,500224
1775337538782,500224
1775337538785,500224
1775337538788,500224
1775337538790,500224
1775337538797,500224
1775337538800,500224
1775337538802,500224
1775337538805,500224
1775337538807,500224
1775337538809,500224
1775337538814,500224
1775337538817,500224
1775337538822,500224
1775337538825,500224
1775337538830,500224
1775337538836,500224
1775337538838,500224
1775337538843,500224
1775337538846,500224
1775337538849,500224
1775337538852,500224
1775337538855,500224
1775337538858,500224
1775337538861,500224
1775337538863,500224
1775337538866,500224
1775337538869,500224
1775337538872,500224
1775337538875,500224
1775337538876,500224
1775337538878,500224
1775337538879,500224
1775337538881,500224
1775337538882,500224
1775337538884,500224
1775337538887,500224
1775337538888,500224
1775337538890,500224
1775337538892,500224
1775337538893,500224
1775337538895,500224
1775337538896,500224
1775337538899,500224
1775337538901,500224
1775337538904,500224
1775337538906,500224
1775337538908,500224
1775337538910,500224
1775337538911,500224
1775337538913,500224
1775337538915,500224
1775337538919,500224
1775337538927,500224
1775337538930,500224
1775337538933,500224
1775337538935,500224
1775337538937,500224
1775337538938,500224
1775337538939,500224
1775337538941,500224
1775337538943,500224
1775337538946,500224
1775337538948,500224
1775337538951,500224
1775337538953,500224
1775337538958,500224
1775337538962,500224
1775337538964,500224
1775337538966,500224
1775337538968,500224
1775337538974,500224
1775337538977,500224
1775337538979,234496
1775337538981,500224
1775337538987,500224
1775337538988,500224
1775337538990,500224
1775337538991,500224
1775337538993,500224
1775337538995,500224
1775337538996,500224
1775337538999,500224
1775337539002,500224
1775337539004,500224
1775337539007,500224
1775337539009,500224
1775337539012,500224
1775337539015,500224
1775337539018,500224
1775337539021,500224
1775337539023,500224
1775337539026,500224
1775337539028,500224
1775337539031,500224
1775337539033,500224
1775337539039,500224
1775337539041,500224
1775337539043,500224
1775337539045,500224
1775337539047,500224
1775337539049,500224
1775337539051,500224
1775337539053,500224
1775337539055,500224
1775337539057,500224
1775337539060,500224
1775337539062,500224
1775337539165,500224
1775337539168,500224
1775337539171,500224
1775337539173,500224
1775337539176,500224
1775337539179,500224
1775337539181,500224
1775337539184,500224
1775337539186,500224
1775337539189,500224
1775337539191,500224
1775337539193,500224
1775337539194,500224
1775337539196,500224
1775337539198,500224
1775337539200,500224
1775337539202,500224
1775337539206,500224
1775337539209,500224
1775337539212,500224
1775337539214,500224
1775337539216,500224
1775337539219,500224
1775337539221,500224
1775337539223,500224
1775337539237,500224
1775337539238,500224
1775337539240,500224
1775337539241,500224
1775337539244,500224
1775337539247,500224
1775337539250,500224
1775337539252,500224
1775337539255,500224
1775337539258,500224
1775337539260,500224
1775337539263,500224
1775337539265,500224
1775337539267,500224
1775337539269,500224
1775337539271,500224
1775337539273,500224
1775337539274,500224
1775337539276,500224
1775337539279,500224
1775337539281,500224
1775337539284,500224
1775337539286,500224
1775337539287,500224
1775337539289,500224
1775337539290,500224
1775337539292,500224
1775337539293,500224
1775337539295,500224
1775337539297,500224
1775337539300,500224
1775337539303,500224
1775337539304,500224
1775337539306,500224
1775337539312,500224
1775337539314,500224
1775337539317,500224
1775337539319,500224
1775337539321,500224
1775337539325,500224
1775337539328,500224
1775337539331,500224
1775337539333,500224
1775337539336,500224
1775337539339,500224
1775337539342,500224
1775337539353,500224
1775337539355,500224
1775337539356,500224
1775337539357,500224
1775337539359,500224
1775337539360,500224
1775337539361,500224
1775337539363,500224
1775337539364,500224
1775337539366,500224
1775337539369,500224
1775337539371,500224
1775337539373,500224
1775337539376,500224
1775337539378,500224
1775337539382,500224
1775337539385,500224
1775337539387,500224
1775337539390,500224
1775337539393,500224
1775337539396,500224
1775337539399,500224
1775337539402,500224
1775337539404,500224
1775337539407,500224
1775337539410,500224
1775337539416,500224
1775337539419,500224
1775337539421,500224
1775337539424,500224
1775337539426,500224
1775337539428,500224
1775337539431,500224
1775337539766,500224
1775337539768,500224
1775337539770,500224
1775337539771,500224
1775337539773,500224
1775337539774,500224
1775337539775,500224
1775337539776,500224
1775337539778,500224
1775337539779,500224
1775337539780,500224
1775337539781,500224
1775337539783,500224
1775337539784,500224
1775337539785,500224
1775337539787,500224
1775337539788,500224
1775337539789,500224
1775337539791,500224
1775337539792,500224
1775337539793,500224
1775337539794,500224
1775337539796,500224
1775337539797,500224
1775337539798,500224
1775337539799,500224
1775337539801,500224
1775337539807,500224
1775337539817,500224
1775337539819,500224
1775337539825,500224
1775337539828,500224
1775337539831,500224
1775337539834,500224
1775337539836,500224
1775337539840,500224
1775337539843,500224
1775337539845,500224
1775337539849,500224
1775337539850,500224
1775337539852,500224
1775337539855,500224
1775337539858,500224
1775337539860,500224
1775337539867,500224
1775337539869,500224
1775337539875,500224
1775337539878,500224
1775337539881,500224
1775337539884,500224
1775337539886,500224
1775337539889,500224
1775337539893,500224
1775337539896,500224
1775337539898,500224
1775337539900,500224
1775337539902,500224
1775337539903,500224
1775337539905,500224
1775337539907,500224
1775337539908,500224
1775337539910,500224
1775337539911,500224
1775337539914,500224
1775337539917,500224
1775337539920,500224
1775337539923,500224
1775337539925,500224
1775337539933,500224
1775337539936,500224
1775337539941,500224
1775337539947,500224
1775337539951,500224
1775337539955,500224
1775337539960,500224
1775337539963,500224
1775337539965,500224
1775337539968,500224
1775337539970,500224
1775337539972,500224
1775337539974,500224
1775337539977,500224
1775337539980,500224
1775337539983,500224
1775337539986,500224
1775337539988,500224
1775337539991,500224
1775337539993,500224
1775337539996,500224
1775337539998,500224
1775337540000,500224
1775337540002,500224
1775337540003,500224
1775337540004,500224
1775337540006,500224
1775337540007,500224
1775337540009,500224
1775337540010,500224
1775337540011,500224
1775337540013,500224
1775337540015,500224
1775337540017,500224
1775337540020,500224
1775337540024,500224
1775337540026,500224
1775337540028,500224
1775337540030,500224
1775337540033,500224
1775337540036,500224
1775337540039,500224
1775337540042,500224
1775337540044,500224
1775337540046,500224
1775337540048,500224
1775337540050,500224
1775337540053,500224
1775337540055,500224
1775337540057,500224
1775337540059,500224
1775337540061,500224
1775337540063,500224
1775337540068,500224
1775337540084,500224
1775337540103,500224
1775337540105,500224
1775337540107,500224
1775337540109,500224
1775337540110,500224
1775337540112,500224
1775337540114,500224
1775337540115,500224
1775337540117,500224
1775337540122,500224
1775337540124,500224
1775337540125,500224
1775337540127,500224
1775337540367,500224
1775337540374,500224
1775337540377,500224
1775337540380,500224
1775337540382,500224
1775337540385,500224
1775337540387,500224
1775337540389,500224
1775337540392,500224
1775337540394,500224
1775337540396,500224
1775337540398,500224
1775337540399,500224
1775337540402,500224
1775337540404,500224
1775337540410,500224
1775337540413,500224
1775337540418,500224
1775337540420,500224
1775337540422,500224
1775337540428,500224
1775337540433,500224
1775337540436,500224
1775337540437,500224
1775337540439,500224
1775337540440,500224
1775337540441,500224
1775337540443,500224
1775337540444,500224
1775337540445,500224
1775337540446,500224
1775337540448,500224
1775337540784,500224
1775337540786,500224
1775337540787,500224
1775337540789,500224
1775337540792,500224
1775337540794,500224
1775337540796,500224
1775337540797,500224
1775337540798,500224
1775337540801,500224
1775337540803,500224
1775337540805,500224
1775337540807,500224
1775337540808,500224
1775337541000,500224
1775337541003,500224
1775337541005,500224
1775337541008,500224
1775337541011,500224
1775337541012,500224
1775337541014,500224
1775337541018,500224
1775337541024,500224
1775337541027,500224
1775337541029,500224
1775337541031,500224
1775337541034,500224
1775337541036,500224
1775337541038,500224
1775337541040,500224
1775337541042,500224
1775337541091,500224
1775337541094,500224
1775337541097,500224
1775337541100,500224
1775337541102,500224
1775337541105,500224
1775337541108,500224
1775337541110,500224
1775337541112,500224
1775337541114,500224
1775337541116,500224
1775337541118,500224
1775337541119,500224
1775337541121,500224
1775337541123,500224
1775337541125,500224
1775337541127,500224
1775337541129,500224
1775337541130,500224
1775337541132,500224
1775337541133,500224
1775337541135,500224
1775337541137,500224
1775337541138,500224
1775337541139,500224
1775337541141,500224
1775337541142,500224
1775337541147,500224
1775337541149,500224
1775337541151,500224
1775337541152,500224
1775337541154,500224
1775337541155,500224
1775337541159,500224
1775337541161,500224
1775337541163,500224
1775337541165,500224
1775337541167,500224
1775337541169,500224
1775337541170,500224
1775337541172,500224
1775337541174,500224
1775337541175,500224
1775337541182,500224
1775337541185,500224
1775337541188,500224
1775337541190,500224
1775337541192,500224
1775337541193,500224
1775337541196,500224
1775337541199,500224
1775337541201,500224
1775337541204,500224
1775337541206,500224
1775337541208,500224
1775337541210,500224
1775337541212,500224
1775337541215,500224
1775337541217,500224
1775337541219,500224
1775337541221,500224
1775337541223,500224
1775337541229,500224
1775337541236,500224
1775337541239,500224
1775337541241,500224
1775337541248,500224
1775337541251,500224
1775337541253,500224
1775337541254,500224
1775337541255,500224
1775337541263,500224
1775337541268,500224
1775337541269,500224
1775337541271,500224
1775337541273,500224
1775337541274,500224
1775337541276,500224
1775337541278,500224
1775337541279,500224
1775337541287,500224
1775337541290,500224
1775337541293,500224
1775337541296,500224
1775337541299,500224
1775337541302,500224
1775337541304,500224
1775337541306,500224
1775337541308,500224
1775337541310,500224
1775337541311,500224
1775337541313,500224
1775337541314,500224
1775337541317,500224
1775337541322,500224
1775337541325,500224
1775337541327,500224
1775337541330,500224
1775337541332,500224
1775337541334,500224
1775337541336,500224
1775337541339,500224
1775337541341,500224
1775337541343,500224
1775337541349,500224
1775337541351,500224
1775337541356,500224
1775337541375,500224
1775337541379,500224
1775337541381,500224
1775337541383,500224
1775337541386,500224
1775337541389,500224
1775337541391,500224
1775337541393,500224
1775337541395,500224
1775337541397,500224
1775337541399,500224
1775337541401,500224
1775337541403,500224
1775337541404,500224
1775337541409,500224
1775337541416,500224
1775337541418,500224
1775337541421,500224
1775337541425,500224
1775337541434,500224
1775337541437,500224
1775337541441,500224
1775337541444,500224
1775337541446,500224
1775337541449,500224
1775337541451,500224
1775337541453,500224
1775337541455,500224
1775337541457,500224
1775337541459,500224
1775337541461,500224
1775337541462,500224
1775337541466,500224
1775337541468,500224
1775337541474,500224
1775337541477,500224
1775337541479,500224
1775337541481,500224
1775337541483,500224
1775337541484,500224
1775337541486,500224
1775337541488,500224
1775337541489,500224
1775337541492,500224
1775337541494,500224
1775337541495,500224
1775337541497,500224
1775337541499,500224
1775337541500,500224
1775337541501,500224
1775337541504,500224
1775337541506,500224
1775337541514,500224
1775337541517,500224
1775337541518,500224
1775337541520,500224
1775337541523,500224
1775337541525,500224
1775337541527,500224
1775337541529,500224
1775337541531,500224
1775337541533,500224
1775337541535,500224
1775337541537,500224
1775337541539,500224
1775337541542,500224
1775337541544,500224
1775337541546,500224
1775337541549,500224
1775337541552,500224
1775337541558,500224
1775337541560,500224
1775337541566,500224
1775337541569,500224
1775337541571,500224
1775337541574,500224
1775337541576,500224
1775337541579,500224
1775337541581,500224
1775337541589,500224
1775337541591,500224
1775337541597,500224
1775337541600,500224
1775337541603,500224
1775337541606,500224
1775337541608,500224
1775337541614,500224
1775337541616,500224
1775337541618,500224
1775337541620,500224
1775337541623,500224
1775337541626,500224
1775337541628,500224
1775337541631,500224
1775337541633,500224
1775337541636,500224
1775337541638,500224
1775337541641,500224
1775337541643,500224
1775337541644,500224
1775337541649,500224
1775337541653,500224
1775337541655,500224
1775337541656,500224
1775337541663,500224
1775337541666,500224
1775337541668,500224
1775337541671,500224
1775337541674,500224
1775337541680,500224
1775337541683,500224
1775337541686,500224
1775337541687,500224
1775337541688,500224
1775337541690,500224
1775337541691,500224
1775337541692,500224
1775337541693,500224
1775337541695,500224
1775337541697,500224
1775337541700,500224
1775337541703,500224
1775337541710,500224
1775337541713,500224
1775337541716,500224
1775337541717,500224
1775337541719,500224
1775337541720,500224
1775337541723,500224
1775337541726,500224
1775337541729,500224
1775337541731,500224
1775337541734,500224
1775337541736,500224
1775337541745,500224
1775337541752,500224
1775337541755,500224
1775337541758,500224
1775337541761,500224
1775337541763,500224
1775337541765,500224
1775337541766,500224
1775337541768,500224
1775337541769,500224
1775337541770,500224
1775337541772,500224
1775337541774,500224
1775337541776,500224
1775337541777,500224
1775337541779,500224
1775337541780,500224
1775337541782,500224
1775337541783,500224
1775337541785,500224
1775337541786,500224
1775337541788,500224
1775337541789,500224
1775337541791,500224
1775337541792,500224
1775337541793,500224
1775337541794,500224
1775337541796,500224
1775337541797,500224
1775337541798,500224
1775337541800,500224
1775337541801,500224
1775337541806,500224
1775337541807,500224
1775337541809,500224
1775337541810,500224
1775337541811,500224
1775337541812,500224
1775337541814,500224
1775337541815,500224
1775337541816,500224
1775337541817,500224
1775337541819,500224
1775337541820,500224
1775337541821,500224
1775337541825,500224
1775337541829,500224
1775337541832,500224
1775337541836,500224
1775337541838,500224
1775337541844,500224
1775337541847,500224
1775337541855,500224
1775337541861,500224
1775337541864,500224
1775337541867,500224
1775337541869,500224
1775337541872,500224
1775337541875,500224
1775337541877,500224
1775337541879,500224
1775337541883,500224
1775337541888,500224
1775337541891,500224
1775337541896,500224
1775337541900,500224
1775337541903,500224
1775337541907,500224
1775337541909,500224
1775337541913,500224
1775337541915,500224
1775337541916,500224
1775337541918,500224
1775337541923,500224
1775337541925,500224
1775337541927,500224
1775337541929,500224
1775337541932,500224
1775337541935,500224
1775337541937,500224
1775337541940,500224
1775337541942,500224
1775337541944,500224
1775337541947,500224
1775337541949,500224
1775337542171,500224
1775337542173,500224
1775337542174,500224
1775337542176,500224
1775337542177,500224
1775337542179,500224
1775337542180,500224
1775337542184,500224
1775337542187,500224
1775337542192,500224
1775337542196,500224
1775337542199,500224
1775337542201,500224
1775337542203,500224
1775337542205,500224
1775337542207,500224
1775337542208,500224
1775337542211,500224
1775337542213,500224
1775337542215,500224
1775337542217,500224
1775337542218,500224
1775337542221,500224
1775337542224,500224
1775337542225,500224
1775337542229,500224
1775337542232,500224
1775337542237,500224
1775337542239,500224
1775337542240,500224
1775337542242,500224
1775337542243,500224
1775337542245,500224
1775337542246,500224
1775337542248,500224
1775337542250,500224
1775337542251,500224
1775337542253,500224
1775337542254,500224
1775337542255,500224
1775337542257,500224
1775337542258,500224
1775337542259,500224
1775337542263,500224
1775337542264,500224
1775337542266,500224
1775337542267,500224
1775337542268,500224
1775337542270,500224
1775337542284,500224
1775337542285,500224
1775337542287,500224
1775337542288,500224
1775337542291,500224
1775337542294,500224
1775337542296,500224
1775337542298,500224
1775337542300,500224
1775337542302,500224
1775337542303,500224
1775337542307,500224
1775337542312,500224
1775337542315,500224
1775337542316,500224
1775337542318,500224
1775337542320,500224
1775337542323,500224
1775337542325,500224
1775337542328,500224
1775337542330,500224
1775337542332,500224
1775337542334,500224
1775337542336,500224
1775337542338,500224
1775337542340,500224
1775337542342,500224
1775337542344,500224
1775337542346,500224
1775337542348,500224
1775337542350,500224
1775337542352,500224
1775337542353,500224
1775337542355,500224
1775337542356,500224
1775337542360,500224
1775337542363,500224
1775337542365,500224
1775337542366,500224
1775337542368,500224
1775337542369,500224
1775337542370,500224
1775337542372,500224
1775337542373,500224
1775337542375,500224
1775337542376,500224
1775337542378,500224
1775337542379,500224
1775337542385,500224
1775337542386,500224
1775337542388,500224
1775337542389,500224
1775337542390,500224
1775337542392,500224
1775337542393,500224
1775337542395,500224
1775337542396,500224
1775337542399,500224
1775337542400,500224
1775337542407,500224
1775337542409,500224
1775337542411,500224
1775337542412,500224
1775337542414,500224
1775337542416,500224
1775337542419,500224
1775337542421,500224
1775337542423,500224
1775337542428,500224
1775337542458,500224
1775337542461,500224
1775337542462,500224
1775337542464,500224
1775337542465,500224
1775337542475,500224
1775337542476,500224
1775337542477,500224
1775337542478,500224
1775337542770,500224
1775337542774,500224
1775337542777,500224
1775337542783,500224
1775337542785,500224
1775337542788,500224
1775337542790,500224
1775337542792,500224
1775337542794,500224
1775337542797,500224
1775337542799,500224
1775337542802,500224
1775337542805,500224
1775337542807,500224
1775337542809,500224
1775337542810,500224
1775337542812,500224
1775337542814,500224
1775337542815,500224
1775337542818,500224
1775337542819,500224
1775337542821,500224
1775337542822,500224
1775337542824,500224
1775337542825,500224
1775337542826,500224
1775337542828,500224
1775337542829,500224
1775337542831,500224
1775337542832,500224
1775337542833,500224
1775337542840,500224
1775337542843,500224
1775337542845,500224
1775337542847,500224
1775337542850,500224
1775337542852,500224
1775337542854,500224
1775337542856,500224
1775337542860,500224
1775337542862,500224
1775337542866,500224
1775337542867,500224
1775337542869,500224
1775337542870,500224
1775337542871,500224
1775337542874,500224
1775337542880,500224
1775337542883,500224
1775337542886,500224
1775337542888,500224
1775337542891,500224
1775337542893,500224
1775337542895,500224
1775337542896,500224
1775337542897,500224
1775337542899,500224
1775337542900,500224
1775337542902,500224
1775337542904,500224
1775337542906,500224
1775337542913,500224
1775337542915,500224
1775337542944,500224
1775337542948,500224
1775337542950,500224
1775337542952,500224
1775337542954,500224
1775337542956,500224
1775337542959,500224
1775337542962,500224
1775337542964,500224
1775337542967,500224
1775337542972,500224
1775337542977,500224
1775337542983,500224
1775337542987,500224
1775337542989,500224
1775337542992,500224
1775337542995,500224
1775337542997,500224
1775337542999,500224
1775337543001,500224
1775337543004,500224
1775337543007,500224
1775337543009,500224
1775337543012,500224
1775337543018,500224
1775337543021,500224
1775337543028,500224
1775337543034,500224
1775337543036,500224
1775337543037,500224
1775337543039,500224
1775337543041,500224
1775337543044,500224
1775337543046,500224
1775337543048,500224
1775337543050,500224
1775337543051,500224
1775337543053,500224
1775337543055,500224
1775337543059,500224
1775337543061,500224
1775337543063,500224
1775337543066,500224
1775337543069,500224
1775337543072,500224
1775337543075,500224
1775337543077,500224
1775337543081,500224
1775337543083,500224
1775337543085,500224
1775337543087,500224
1775337543088,500224
1775337543090,500224
1775337543372,500224
1775337543375,500224
1775337543377,500224
1775337543380,500224
1775337543381,500224
1775337543384,500224
1775337543387,500224
1775337543392,500224
1775337543395,500224
1775337543397,500224
1775337543400,500224
1775337543403,500224
1775337543406,500224
1775337543408,500224
1775337543412,500224
1775337543414,500224
1775337543418,500224
1775337543421,500224
1775337543424,500224
1775337543428,500224
1775337543432,500224
1775337543435,500224
1775337543439,500224
1775337543442,500224
1775337543444,500224
1775337543447,500224
1775337543449,500224
1775337543451,500224
1775337543456,500224
1775337543459,500224
1775337543463,500224
1775337543468,500224
1775337543471,500224
1775337543473,500224
1775337543476,500224
1775337543478,500224
1775337543480,500224
1775337543487,500224
1775337543490,500224
1775337543492,500224
1775337543495,500224
1775337543512,500224
1775337543517,500224
1775337543519,500224
1775337543526,500224
1775337543528,500224
1775337543529,500224
1775337543534,500224
1775337543535,500224
1775337543537,500224
1775337543540,500224
1775337543542,500224
1775337543546,500224
1775337543551,500224
1775337543555,500224
1775337543557,500224
1775337543559,500224
1775337543560,500224
1775337543562,500224
1775337543566,500224
1775337543568,500224
1775337543569,500224
1775337543570,500224
1775337543572,500224
1775337543573,500224
1775337543575,500224
1775337543580,500224
1775337543583,500224
1775337543585,500224
1775337543587,500224
1775337543592,500224
1775337543594,500224
1775337543596,500224
1775337543598,500224
1775337543599,500224
1775337543601,500224
1775337543603,500224
1775337543604,500224
1775337543606,500224
1775337543607,500224
1775337543609,500224
1775337543611,500224
1775337543613,500224
1775337543615,500224
1775337543617,500224
1775337543618,500224
1775337543620,500224
1775337543623,500224
1775337543632,500224
1775337543636,500224
1775337543638,500224
1775337543641,500224
1775337543644,500224
1775337543646,500224
1775337543649,500224
1775337543650,500224
1775337543652,500224
1775337543653,500224
1775337543655,500224
1775337543658,500224
1775337543659,500224
1775337543661,500224
1775337543662,500224
1775337543663,500224
1775337543665,500224
1775337543666,500224
1775337543667,500224
1775337543669,500224
1775337543671,500224
1775337543673,500224
1775337543675,500224
1775337543676,500224
1775337543678,500224
1775337543679,500224
1775337543681,500224
1775337543683,500224
1775337543684,500224
1775337543686,500224
1775337543688,500224
1775337543689,500224
1775337543691,500224
1775337543972,500224
1775337543974,500224
1775337543976,500224
1775337543978,500224
1775337543981,500224
1775337543983,500224
1775337543988,500224
1775337544001,500224
1775337544005,500224
1775337544008,500224
1775337544012,500224
1775337544015,500224
1775337544017,500224
1775337544021,500224
1775337544022,500224
1775337544024,500224
1775337544025,500224
1775337544027,500224
1775337544028,500224
1775337544030,500224
1775337544031,500224
1775337544033,500224
1775337544034,500224
1775337544036,500224
1775337544038,500224
1775337544039,500224
1775337544040,500224
1775337544041,500224
1775337544044,500224
1775337544047,500224
1775337544054,500224
1775337544057,500224
1775337544059,500224
1775337544062,500224
1775337544065,500224
1775337544066,500224
1775337544067,500224
1775337544069,500224
1775337544070,500224
1775337544071,500224
1775337544072,500224
1775337544074,500224
1775337544077,500224
1775337544079,500224
1775337544082,500224
1775337544085,500224
1775337544088,500224
1775337544090,500224
1775337544093,500224
1775337544097,500224
1775337544109,500224
1775337544113,500224
1775337544115,500224
1775337544118,500224
1775337544120,500224
1775337544124,500224
1775337544127,500224
1775337544133,500224
1775337544136,500224
1775337544139,500224
1775337544142,500224
1775337544147,500224
1775337544150,500224
1775337544154,500224
1775337544157,500224
1775337544160,500224
1775337544162,500224
1775337544167,500224
1775337544170,500224
1775337544172,500224
1775337544174,500224
1775337544177,500224
1775337544179,500224
1775337544185,500224
1775337544188,500224
1775337544191,500224
1775337544193,500224
1775337544195,500224
1775337544196,500224
1775337544198,500224
1775337544199,500224
1775337544200,500224
1775337544201,500224
1775337544203,500224
1775337544204,500224
1775337544205,500224
1775337544206,500224
1775337544208,500224
1775337544210,500224
1775337544212,500224
1775337544213,500224
1775337544215,500224
1775337544216,500224
1775337544218,500224
1775337544220,500224
1775337544226,500224
1775337544228,500224
1775337544232,500224
1775337544234,500224
1775337544235,500224
1775337544237,500224
1775337544246,500224
1775337544249,500224
1775337544256,500224
1775337544259,500224
1775337544265,500224
1775337544268,500224
1775337544271,500224
1775337544272,500224
1775337544278,500224
1775337544280,500224
1775337544281,500224
1775337544283,500224
1775337544284,500224
1775337544287,500224
1775337544289,500224
1775337544291,500224
1775337544293,500224
1775337544294,500224
1775337544295,500224
1775337544296,500224
1775337544298,500224
1775337544300,500224
1775337544302,500224
1775337544572,500224
1775337544574,500224
1775337544578,500224
1775337544581,500224
1775337544583,500224
1775337544586,500224
1775337544588,500224
1775337544590,500224
1775337544591,500224
1775337544593,500224
1775337544595,500224
1775337544597,500224
1775337544599,500224
1775337544600,500224
1775337544602,500224
1775337544603,500224
1775337544605,500224
1775337544607,500224
1775337544610,500224
1775337544613,500224
1775337544622,500224
1775337544624,500224
1775337544626,500224
1775337544629,500224
1775337544630,500224
1775337544637,500224
1775337544640,500224
1775337544650,500224
1775337544652,500224
1775337544655,500224
1775337544657,500224
1775337544660,500224
1775337544666,500224
1775337544668,500224
1775337544673,500224
1775337544677,500224
1775337544679,500224
1775337544680,500224
1775337544684,500224
1775337544687,500224
1775337544690,500224
1775337544691,500224
1775337544693,500224
1775337544695,500224
1775337544697,500224
1775337544700,500224
1775337544701,500224
1775337544704,500224
1775337544707,500224
1775337544710,500224
1775337544713,500224
1775337544716,500224
1775337544718,500224
1775337544721,500224
1775337544723,500224
1775337544725,500224
1775337544727,500224
1775337544729,500224
1775337544731,500224
1775337544733,500224
1775337544735,500224
1775337544736,500224
1775337544737,500224
1775337544739,500224
1775337544746,500224
1775337544749,500224
1775337544750,500224
1775337544754,500224
1775337544757,500224
1775337544759,500224
1775337544762,500224
1775337544765,500224
1775337544767,500224
1775337544770,500224
1775337544773,500224
1775337544774,500224
1775337544777,500224
1775337544779,500224
1775337544780,500224
1775337544781,500224
1775337544784,500224
1775337544787,500224
1775337544823,500224
1775337544825,500224
1775337544826,500224
1775337544827,500224
1775337544829,500224
1775337544830,500224
1775337544832,500224
1775337544833,500224
1775337544834,500224
1775337544836,500224
1775337544837,500224
1775337544839,500224
1775337544840,500224
1775337544842,500224
1775337544843,500224
1775337544844,500224
1775337544845,500224
1775337544848,500224
1775337544851,500224
1775337544853,500224
1775337544856,500224
1775337544858,500224
1775337544861,500224
1775337544863,500224
1775337544866,500224
1775337544867,500224
1775337544868,500224
1775337544869,500224
1775337544871,500224
1775337544873,500224
1775337544876,500224
1775337544878,500224
1775337544880,500224
1775337544885,500224
1775337544888,500224
1775337544893,500224
1775337544897,500224
1775337544899,500224
1775337544901,500224
1775337544903,500224
1775337544905,500224
1775337544907,500224
1775337544909,500224
1775337544912,500224
1775337544914,500224
1775337544917,500224
1775337544921,500224
1775337544922,500224
1775337544924,500224
1775337544927,500224
1775337544929,500224
1775337544932,500224
1775337544934,500224
1775337544936,500224
1775337544939,500224
1775337544941,500224
1775337544944,500224
1775337544961,500224
1775337544963,500224
1775337544964,500224
1775337544969,500224
1775337544973,500224
1775337544975,500224
1775337544977,500224
1775337544979,500224
1775337544984,500224
1775337545174,500224
1775337545177,500224
1775337545181,500224
1775337545183,500224
1775337545187,500224
1775337545189,500224
1775337545192,500224
1775337545195,500224
1775337545197,500224
1775337545201,500224
1775337545204,500224
1775337545207,500224
1775337545210,500224
1775337545212,500224
1775337545214,500224
1775337545216,500224
1775337545222,500224
1775337545225,500224
1775337545227,500224
1775337545229,500224
1775337545231,500224
1775337545232,500224
1775337545234,500224
1775337545235,500224
1775337545238,500224
1775337545241,500224
1775337545249,500224
1775337545256,500224
1775337545258,500224
1775337545260,500224
1775337545262,500224
1775337545264,500224
1775337545267,500224
1775337545271,500224
1775337545273,500224
1775337545276,500224
1775337545278,500224
1775337545281,500224
1775337545284,500224
1775337545289,500224
1775337545292,500224
1775337545294,500224
1775337545297,500224
1775337545299,500224
1775337545302,500224
1775337545305,500224
1775337545307,500224
1775337545308,500224
1775337545309,500224
1775337545318,500224
1775337545321,500224
1775337545324,500224
1775337545327,500224
1775337545329,500224
1775337545333,500224
1775337545335,500224
1775337545337,500224
1775337545341,500224
1775337545344,500224
1775337545347,500224
1775337545351,500224
1775337545356,500224
1775337545358,500224
1775337545360,500224
1775337545361,500224
1775337545363,500224
1775337545364,500224
1775337545367,500224
1775337545369,500224
1775337545372,500224
1775337545374,500224
1775337545376,500224
1775337545378,500224
1775337545380,500224
1775337545382,500224
1775337545384,500224
1775337545385,500224
1775337545387,500224
1775337545390,500224
1775337545393,500224
1775337545399,500224
1775337545401,500224
1775337545410,500224
1775337545418,500224
1775337545425,500224
1775337545427,500224
1775337545429,500224
1775337545432,500224
1775337545433,500224
1775337545434,500224
1775337545436,500224
1775337545437,500224
1775337545438,500224
1775337545440,500224
1775337545441,500224
1775337545442,500224
1775337545443,500224
1775337545445,500224
1775337545446,500224
1775337545447,500224
1775337545448,500224
1775337545779,500224
1775337545781,500224
1775337545782,500224
1775337545784,500224
1775337545785,500224
1775337545786,500224
1775337545788,500224
1775337545789,500224
1775337545791,500224
1775337545792,500224
1775337545793,500224
1775337545797,500224
1775337545800,500224
1775337545802,500224
1775337545803,500224
1775337545806,500224
1775337545812,500224
1775337545815,500224
1775337545816,500224
1775337545818,500224
1775337545819,500224
1775337545821,500224
1775337545822,500224
1775337545823,500224
1775337545825,500224
1775337545826,500224
1775337545828,500224
1775337545831,500224
1775337545834,500224
1775337545835,500224
