timestamp,size
1775423263860,512
1775423263861,49152
1775423263861,80384
1775423263861,17408
1775423263863,207872
1775423263864,143872
1775423264461,512
1775423264462,176128
1775423264463,112128
1775423264464,48640
1775423264466,335872
1775423264468,272384
1775423264469,112640
1775423264470,176128
1775423264471,239616
1775423264473,304128
1775423264474,239616
1775423265063,79872
1775423265063,17920
1775423265064,143872
1775423265065,207872
1775423265068,368128
1775423265070,304128
1775423265072,500224
1775423265074,272384
1775423265076,335872
1775423265078,432128
1775423265081,500224
1775423265083,489472
1775423265086,500224
1775423265088,500224
1775423265667,368128
1775423265671,500224
1775423265673,495616
1775423265676,399872
1775423265678,432128
1775423265681,495616
1775423265683,500224
1775423265686,500224
1775423265689,500224
1775423265692,500224
1775423265694,500224
1775423265697,500224
1775423265700,500224
1775423265702,500224
1775423266270,500224
1775423266273,463872
1775423266276,500224
1775423266279,500224
1775423266284,500224
1775423266287,500224
1775423266291,500224
1775423266294,500224
1775423266296,500224
1775423266299,500224
1775423266301,500224
1775423266304,500224
1775423266307,500224
1775423266309,500224
1775423266312,500224
1775423266314,500224
1775423266316,500224
1775423266318,500224
1775423266320,500224
1775423266872,500224
1775423266875,500224
1775423266878,500224
1775423266881,500224
1775423266884,500224
1775423266890,500224
1775423266892,500224
1775423266895,500224
1775423266898,500224
1775423266900,500224
1775423266903,500224
1775423266907,500224
1775423266910,500224
1775423266913,500224
1775423266916,500224
1775423266918,500224
1775423266921,500224
1775423266924,500224
1775423266927,500224
1775423266930,500224
1775423266932,500224
1775423267475,500224
1775423267478,500224
1775423267481,500224
1775423267483,500224
1775423267486,500224
1775423267488,500224
1775423267492,500224
1775423267494,500224
1775423267497,500224
1775423267500,500224
1775423267502,500224
1775423267505,500224
1775423267508,500224
1775423267510,500224
1775423267513,500224
1775423267515,500224
1775423267518,500224
1775423267520,500224
1775423267522,500224
1775423267524,500224
1775423267526,500224
1775423267528,500224
1775423267530,500224
1775423267532,500224
1775423268074,500224
1775423268077,500224
1775423268080,500224
1775423268083,500224
1775423268087,500224
1775423268090,500224
1775423268093,500224
1775423268097,500224
1775423268099,500224
1775423268102,500224
1775423268104,500224
1775423268107,500224
1775423268109,500224
1775423268111,500224
1775423268113,500224
1775423268115,500224
1775423268117,500224
1775423268119,500224
1775423268124,500224
1775423268128,500224
1775423268130,500224
1775423268132,500224
1775423268135,500224
1775423268137,500224
1775423268139,500224
1775423268142,500224
1775423268144,500224
1775423268147,500224
1775423268149,500224
1775423268152,500224
1775423268679,500224
1775423268684,500224
1775423268688,500224
1775423268691,500224
1775423268695,500224
1775423268699,500224
1775423268704,500224
1775423268707,500224
1775423268711,500224
1775423268713,500224
1775423268717,500224
1775423268719,500224
1775423268723,500224
1775423268726,500224
1775423268731,500224
1775423268735,500224
1775423268738,500224
1775423268740,500224
1775423268744,500224
1775423268746,500224
1775423268750,500224
1775423268752,500224
1775423268755,500224
1775423268758,500224
1775423268762,500224
1775423268765,500224
1775423268768,500224
1775423268773,500224
1775423268777,500224
1775423268780,500224
1775423268783,500224
1775423268788,500224
1775423268790,500224
1775423268794,500224
1775423268796,500224
1775423268800,500224
1775423268802,500224
1775423269277,500224
1775423269282,500224
1775423269286,500224
1775423269292,500224
1775423269297,500224
1775423269302,500224
1775423269307,500224
1775423269310,500224
1775423269313,500224
1775423269317,500224
1775423269320,500224
1775423269323,500224
1775423269326,500224
1775423269329,500224
1775423269331,500224
1775423269334,500224
1775423269336,500224
1775423269339,500224
1775423269341,500224
1775423269342,500224
1775423269344,500224
1775423269346,500224
1775423269349,500224
1775423269352,500224
1775423269355,500224
1775423269358,500224
1775423269361,500224
1775423269363,500224
1775423269366,500224
1775423269368,500224
1775423269369,500224
1775423269373,500224
1775423269376,500224
1775423269379,500224
1775423269382,500224
1775423269385,500224
1775423269387,500224
1775423269390,500224
1775423269393,500224
1775423269395,500224
1775423269880,500224
1775423269883,500224
1775423269887,500224
1775423269891,500224
1775423269895,500224
1775423269899,500224
1775423269903,500224
1775423269908,500224
1775423269912,500224
1775423269916,500224
1775423269920,500224
1775423269923,500224
1775423269927,500224
1775423269930,500224
1775423269934,500224
1775423269937,500224
1775423269939,500224
1775423269941,500224
1775423269944,500224
1775423269946,500224
1775423269949,500224
1775423269951,500224
1775423269953,500224
1775423269956,500224
1775423269959,500224
1775423269963,500224
1775423269966,500224
1775423269969,500224
1775423269972,500224
1775423269976,500224
1775423269978,500224
1775423269981,500224
1775423269985,500224
1775423269987,500224
1775423269991,500224
1775423269994,500224
1775423269997,500224
1775423269999,500224
1775423270002,500224
1775423270005,500224
1775423270008,500224
1775423270011,500224
1775423270480,500224
1775423270485,500224
1775423270488,500224
1775423270492,500224
1775423270496,500224
1775423270500,500224
1775423270503,500224
1775423270506,500224
1775423270510,500224
1775423270513,500224
1775423270515,500224
1775423270518,500224
1775423270520,500224
1775423270523,500224
1775423270525,500224
1775423270528,500224
1775423270531,500224
1775423270536,500224
1775423270540,500224
1775423270542,500224
1775423270545,500224
1775423270548,500224
1775423270550,500224
1775423270553,500224
1775423270556,500224
1775423270559,500224
1775423270561,500224
1775423270564,500224
1775423270567,500224
1775423270569,500224
1775423270572,500224
1775423270574,500224
1775423270576,500224
1775423270578,500224
1775423270579,500224
1775423270581,500224
1775423270583,500224
1775423270585,500224
1775423270587,500224
1775423270589,500224
1775423270590,500224
1775423270592,500224
1775423270593,500224
1775423270594,500224
1775423270596,500224
1775423270597,500224
1775423270599,500224
1775423270600,500224
1775423271083,500224
1775423271087,500224
1775423271091,500224
1775423271096,500224
1775423271099,500224
1775423271102,500224
1775423271105,500224
1775423271108,500224
1775423271111,500224
1775423271113,500224
1775423271116,500224
1775423271119,500224
1775423271121,500224
1775423271124,500224
1775423271127,500224
1775423271130,500224
1775423271132,500224
1775423271135,500224
1775423271138,500224
1775423271141,500224
1775423271143,500224
1775423271145,500224
1775423271148,500224
1775423271150,500224
1775423271153,500224
1775423271156,500224
1775423271159,500224
1775423271162,500224
1775423271164,500224
1775423271167,500224
1775423271170,500224
1775423271173,500224
1775423271175,500224
1775423271178,500224
1775423271181,500224
1775423271183,500224
1775423271186,500224
1775423271191,500224
1775423271194,500224
1775423271197,500224
1775423271200,500224
1775423271202,500224
1775423271205,500224
1775423271208,500224
1775423271210,500224
1775423271213,500224
1775423271215,500224
1775423271217,500224
1775423271683,500224
1775423271686,500224
1775423271690,500224
1775423271697,500224
1775423271700,500224
1775423271704,500224
1775423271707,500224
1775423271710,500224
1775423271714,500224
1775423271721,500224
1775423271727,500224
1775423271732,500224
1775423271736,500224
1775423271739,500224
1775423271741,500224
1775423271744,500224
1775423271746,500224
1775423271749,500224
1775423271752,500224
1775423271755,500224
1775423271760,500224
1775423271764,500224
1775423271766,500224
1775423271769,500224
1775423271771,500224
1775423271773,500224
1775423271775,500224
1775423271779,500224
1775423271783,500224
1775423271787,500224
1775423271790,500224
1775423271792,500224
1775423271795,500224
1775423271798,500224
1775423271801,500224
1775423271803,500224
1775423271805,500224
1775423271807,500224
1775423271809,500224
1775423271812,500224
1775423271815,500224
1775423271818,500224
1775423271820,500224
1775423271822,500224
1775423271823,500224
1775423271825,500224
1775423271826,500224
1775423271828,500224
1775423272285,500224
1775423272288,500224
1775423272291,500224
1775423272294,500224
1775423272296,500224
1775423272302,500224
1775423272305,500224
1775423272308,500224
1775423272310,500224
1775423272313,500224
1775423272317,500224
1775423272320,500224
1775423272322,500224
1775423272326,500224
1775423272334,500224
1775423272338,500224
1775423272345,500224
1775423272347,500224
1775423272350,500224
1775423272353,500224
1775423272356,500224
1775423272358,500224
1775423272361,500224
1775423272364,500224
1775423272366,500224
1775423272370,500224
1775423272373,500224
1775423272378,500224
1775423272381,500224
1775423272386,500224
1775423272388,500224
1775423272391,500224
1775423272394,500224
1775423272395,500224
1775423272397,500224
1775423272400,500224
1775423272402,500224
1775423272405,500224
1775423272408,500224
1775423272411,500224
1775423272413,500224
1775423272416,500224
1775423272419,500224
1775423272421,500224
1775423272423,500224
1775423272426,500224
1775423272428,500224
1775423272436,500224
1775423272439,500224
1775423272442,500224
1775423272444,500224
1775423272447,500224
1775423272897,500224
1775423272901,500224
1775423272903,500224
1775423272906,500224
1775423272909,500224
1775423272912,500224
1775423272915,500224
1775423272917,500224
1775423272920,500224
1775423272923,500224
1775423272925,500224
1775423272928,500224
1775423272931,500224
1775423272934,500224
1775423272939,500224
1775423272943,500224
1775423272945,500224
1775423272948,500224
1775423272950,500224
1775423272953,500224
1775423272955,500224
1775423272958,500224
1775423272960,500224
1775423272963,500224
1775423272965,500224
1775423272967,500224
1775423272969,500224
1775423272971,500224
1775423272973,500224
1775423272975,500224
1775423272978,500224
1775423272981,500224
1775423272984,500224
1775423272986,500224
1775423272988,500224
1775423272990,500224
1775423272992,500224
1775423272994,500224
1775423272996,500224
1775423272998,500224
1775423273001,500224
1775423273004,500224
1775423273007,500224
1775423273009,500224
1775423273012,500224
1775423273015,500224
1775423273017,500224
1775423273020,500224
1775423273023,500224
1775423273026,500224
1775423273489,500224
1775423273492,500224
1775423273495,500224
1775423273497,500224
1775423273500,500224
1775423273503,500224
1775423273505,500224
1775423273508,500224
1775423273511,500224
1775423273513,500224
1775423273516,500224
1775423273518,500224
1775423273520,500224
1775423273522,500224
1775423273524,500224
1775423273526,500224
1775423273528,500224
1775423273530,500224
1775423273532,500224
1775423273533,500224
1775423273535,500224
1775423273537,500224
1775423273538,500224
1775423273540,500224
1775423273541,500224
1775423273543,500224
1775423273544,500224
1775423273546,500224
1775423273547,500224
1775423273549,500224
1775423273550,500224
1775423273551,500224
1775423273553,500224
1775423273554,500224
1775423273555,500224
1775423273557,500224
1775423273558,500224
1775423273559,500224
1775423273560,500224
1775423273562,500224
1775423273563,500224
1775423273564,500224
1775423273565,500224
1775423273567,500224
1775423273570,500224
1775423273571,500224
1775423273573,500224
1775423273575,500224
1775423273576,500224
1775423273578,500224
1775423273581,500224
1775423273582,500224
1775423273583,500224
1775423273587,500224
1775423273590,500224
1775423273593,500224
1775423273596,500224
1775423274090,500224
1775423274094,500224
1775423274099,500224
1775423274102,500224
1775423274105,500224
1775423274108,500224
1775423274110,500224
1775423274113,500224
1775423274116,500224
1775423274118,500224
1775423274121,500224
1775423274123,500224
1775423274126,500224
1775423274128,500224
1775423274130,500224
1775423274134,500224
1775423274137,500224
1775423274140,500224
1775423274144,500224
1775423274147,500224
1775423274149,500224
1775423274152,500224
1775423274155,500224
1775423274157,500224
1775423274159,500224
1775423274161,500224
1775423274163,500224
1775423274169,500224
1775423274173,500224
1775423274176,500224
1775423274180,500224
1775423274183,500224
1775423274185,500224
1775423274189,500224
1775423274192,500224
1775423274196,500224
1775423274198,500224
1775423274201,500224
1775423274203,500224
1775423274206,500224
1775423274208,500224
1775423274211,500224
1775423274213,500224
1775423274215,500224
1775423274218,500224
1775423274221,500224
1775423274224,500224
1775423274678,500224
1775423274681,500224
1775423274684,500224
1775423274686,500224
1775423274689,500224
1775423274692,500224
1775423274694,500224
1775423274697,500224
1775423274700,500224
1775423274702,500224
1775423274705,500224
1775423274708,500224
1775423274713,500224
1775423274715,500224
1775423274718,500224
1775423274721,500224
1775423274723,500224
1775423274726,500224
1775423274729,500224
1775423274731,500224
1775423274734,500224
1775423274737,500224
1775423274740,500224
1775423274743,500224
1775423274746,500224
1775423274748,500224
1775423274751,500224
1775423274753,500224
1775423274755,500224
1775423274758,500224
1775423274760,500224
1775423274762,500224
1775423274765,500224
1775423274767,500224
1775423274769,500224
1775423274771,500224
1775423274774,500224
1775423274777,500224
1775423274780,500224
1775423274782,500224
1775423274784,500224
1775423274786,500224
1775423274787,500224
1775423274789,500224
1775423274790,500224
1775423274792,500224
1775423274793,500224
1775423274795,500224
1775423274796,500224
1775423274798,500224
1775423274799,500224
1775423274800,500224
1775423275283,500224
1775423275287,500224
1775423275291,500224
1775423275294,500224
1775423275298,500224
1775423275301,500224
1775423275304,500224
1775423275308,500224
1775423275310,500224
1775423275313,500224
1775423275316,500224
1775423275318,500224
1775423275322,500224
1775423275323,500224
1775423275327,500224
1775423275330,500224
1775423275333,500224
1775423275334,500224
1775423275337,500224
1775423275339,500224
1775423275341,500224
1775423275344,500224
1775423275347,500224
1775423275349,500224
1775423275351,500224
1775423275354,500224
1775423275356,500224
1775423275357,500224
1775423275360,500224
1775423275363,500224
1775423275366,500224
1775423275369,500224
1775423275371,500224
1775423275374,500224
1775423275376,500224
1775423275379,500224
1775423275383,500224
1775423275387,500224
1775423275390,500224
1775423275395,500224
1775423275397,500224
1775423275400,500224
1775423275401,500224
1775423275405,500224
1775423275408,500224
1775423275411,500224
1775423275413,500224
1775423275415,500224
1775423275418,500224
1775423275420,500224
1775423275422,500224
1775423275425,500224
1775423275427,500224
1775423275430,500224
1775423275431,500224
1775423275434,500224
1775423275882,500224
1775423275888,500224
1775423275891,500224
1775423275895,500224
1775423275899,500224
1775423275902,500224
1775423275905,500224
1775423275908,500224
1775423275912,500224
1775423275917,500224
1775423275924,500224
1775423275926,500224
1775423275930,500224
1775423275934,500224
1775423275938,500224
1775423275940,500224
1775423275943,500224
1775423275946,500224
1775423275948,500224
1775423275951,500224
1775423275955,500224
1775423275957,500224
1775423275960,500224
1775423275963,500224
1775423275965,500224
1775423275968,500224
1775423275970,500224
1775423275972,500224
1775423275974,500224
1775423275976,500224
1775423275977,500224
1775423275981,500224
1775423275984,500224
1775423275987,500224
1775423275989,500224
1775423275991,500224
1775423275993,500224
1775423275994,500224
1775423275995,500224
1775423275997,500224
1775423276000,500224
1775423276002,500224
1775423276005,500224
1775423276008,500224
1775423276009,500224
1775423276012,500224
1775423276018,500224
1775423276021,500224
1775423276023,500224
1775423276026,500224
1775423276031,500224
1775423276034,500224
1775423276482,500224
1775423276488,500224
1775423276490,500224
1775423276492,500224
1775423276493,500224
1775423276497,500224
1775423276500,500224
1775423276504,500224
1775423276506,500224
1775423276508,500224
1775423276510,500224
1775423276512,500224
1775423276516,500224
1775423276518,500224
1775423276520,500224
1775423276528,500224
1775423276532,500224
1775423276536,500224
1775423276541,500224
1775423276545,500224
1775423276549,500224
1775423276552,500224
1775423276556,500224
1775423276559,500224
1775423276562,500224
1775423276565,500224
1775423276567,500224
1775423276570,500224
1775423276573,500224
1775423276577,500224
1775423276581,500224
1775423276584,500224
1775423276586,500224
1775423276590,500224
1775423276592,500224
1775423276594,500224
1775423276597,500224
1775423276599,500224
1775423276602,500224
1775423276604,500224
1775423276607,500224
1775423276612,500224
1775423276615,500224
1775423276618,500224
1775423276621,500224
1775423276624,500224
1775423276627,500224
1775423277084,500224
1775423277089,500224
1775423277092,500224
1775423277096,500224
1775423277100,500224
1775423277103,500224
1775423277107,500224
1775423277110,500224
1775423277114,500224
1775423277118,500224
1775423277124,500224
1775423277127,500224
1775423277130,500224
1775423277134,500224
1775423277138,500224
1775423277142,500224
1775423277145,500224
1775423277148,500224
1775423277152,500224
1775423277156,500224
1775423277160,500224
1775423277164,500224
1775423277168,500224
1775423277171,500224
1775423277175,500224
1775423277178,500224
1775423277181,500224
1775423277185,500224
1775423277189,500224
1775423277192,500224
1775423277196,500224
1775423277200,500224
1775423277203,500224
1775423277207,500224
1775423277210,500224
1775423277214,500224
1775423277217,500224
1775423277219,500224
1775423277222,500224
1775423277226,500224
1775423277228,500224
1775423277231,500224
1775423277233,500224
1775423277235,500224
1775423277237,500224
1775423277239,500224
1775423277241,500224
1775423277245,500224
1775423277249,500224
1775423277251,500224
1775423277254,500224
1775423277257,500224
1775423277259,500224
1775423277262,500224
1775423277265,500224
1775423277267,500224
1775423277686,500224
1775423277691,500224
1775423277695,500224
1775423277698,500224
1775423277702,500224
1775423277704,500224
1775423277706,500224
1775423277708,500224
1775423277713,500224
1775423277716,500224
1775423277718,500224
1775423277722,500224
1775423277724,500224
1775423277726,500224
1775423277728,500224
1775423277732,500224
1775423277736,500224
1775423277739,500224
1775423277741,500224
1775423277744,500224
1775423277746,500224
1775423277749,500224
1775423277751,500224
1775423277753,500224
1775423277755,500224
1775423277757,500224
1775423277759,500224
1775423277761,500224
1775423277764,500224
1775423277767,500224
1775423277770,500224
1775423277773,500224
1775423277782,500224
1775423277785,500224
1775423277788,500224
1775423277791,500224
1775423277793,500224
1775423277796,500224
1775423277799,500224
1775423277805,500224
1775423277807,500224
1775423277810,500224
1775423277811,500224
1775423277813,500224
1775423277815,500224
1775423277817,500224
1775423277818,500224
1775423277820,500224
1775423277821,500224
1775423277823,500224
1775423277825,500224
1775423277827,500224
1775423277829,500224
1775423277831,500224
1775423278286,500224
1775423278290,500224
1775423278293,500224
1775423278297,500224
1775423278301,500224
1775423278305,500224
1775423278307,500224
1775423278310,500224
1775423278314,500224
1775423278318,500224
1775423278321,500224
1775423278325,500224
1775423278329,500224
1775423278331,500224
1775423278334,500224
1775423278337,500224
1775423278341,500224
1775423278343,500224
1775423278345,500224
1775423278347,500224
1775423278351,500224
1775423278355,500224
1775423278357,500224
1775423278361,500224
1775423278363,500224
1775423278365,500224
1775423278367,500224
1775423278369,500224
1775423278372,500224
1775423278374,500224
1775423278377,500224
1775423278379,500224
1775423278382,500224
1775423278384,500224
1775423278387,500224
1775423278391,500224
1775423278394,500224
1775423278398,500224
1775423278400,500224
1775423278402,500224
1775423278403,500224
1775423278405,500224
1775423278407,500224
1775423278408,500224
1775423278410,500224
1775423278411,500224
1775423278414,500224
1775423278417,500224
1775423278420,500224
1775423278424,500224
1775423278426,500224
1775423278428,500224
1775423278430,500224
1775423278432,500224
1775423278434,500224
1775423278435,500224
1775423278886,500224
1775423278889,500224
1775423278893,500224
1775423278896,500224
1775423278899,500224
1775423278904,500224
1775423278908,500224
1775423278911,500224
1775423278914,500224
1775423278917,500224
1775423278919,500224
1775423278920,500224
1775423278924,500224
1775423278929,500224
1775423278931,500224
1775423278934,500224
1775423278937,500224
1775423278939,500224
1775423278943,500224
1775423278946,500224
1775423278949,500224
1775423278952,500224
1775423278954,500224
1775423278955,500224
1775423278959,500224
1775423278962,500224
1775423278964,500224
1775423278966,500224
1775423278968,500224
1775423278969,500224
1775423278971,500224
1775423278972,500224
1775423278974,500224
1775423278975,500224
1775423278977,500224
1775423278979,500224
1775423278980,500224
1775423278982,500224
1775423278983,500224
1775423278986,500224
1775423278987,500224
1775423278989,500224
1775423278990,500224
1775423278992,500224
1775423278993,500224
1775423278995,500224
1775423278997,500224
1775423279000,500224
1775423279003,500224
1775423279005,500224
1775423279007,500224
1775423279009,500224
1775423279011,500224
1775423279013,500224
1775423279015,500224
1775423279017,500224
1775423279018,500224
1775423279020,500224
1775423279023,500224
1775423279487,500224
1775423279490,500224
1775423279493,500224
1775423279496,500224
1775423279498,500224
1775423279501,500224
1775423279506,500224
1775423279510,500224
1775423279513,500224
1775423279516,500224
1775423279519,500224
1775423279522,500224
1775423279525,500224
1775423279527,500224
1775423279529,500224
1775423279532,500224
1775423279534,500224
1775423279536,500224
1775423279539,500224
1775423279541,500224
1775423279544,500224
1775423279547,500224
1775423279549,500224
1775423279552,500224
1775423279554,500224
1775423279556,500224
1775423279558,500224
1775423279560,500224
1775423279563,500224
1775423279565,500224
1775423279567,500224
1775423279568,500224
1775423279570,500224
1775423279572,500224
1775423279575,500224
1775423279578,500224
1775423279581,500224
1775423279584,500224
1775423279586,500224
1775423279588,500224
1775423279589,500224
1775423279591,500224
1775423279592,500224
1775423279594,500224
1775423279597,500224
1775423279600,500224
1775423279609,500224
1775423279611,500224
1775423279614,500224
1775423279617,500224
1775423279620,500224
1775423279622,500224
1775423279625,500224
1775423279627,500224
1775423279629,500224
1775423279632,500224
1775423279634,500224
1775423279636,500224
1775423279638,500224
1775423280087,500224
1775423280090,500224
1775423280093,500224
1775423280095,500224
1775423280098,500224
1775423280101,500224
1775423280103,500224
1775423280106,500224
1775423280108,500224
1775423280110,500224
1775423280113,500224
1775423280115,500224
1775423280117,500224
1775423280120,500224
1775423280123,500224
1775423280126,500224
1775423280129,500224
1775423280131,500224
1775423280135,500224
1775423280139,500224
1775423280141,500224
1775423280144,500224
1775423280148,500224
1775423280151,500224
1775423280154,500224
1775423280157,500224
1775423280160,500224
1775423280163,500224
1775423280166,500224
1775423280173,500224
1775423280176,500224
1775423280178,500224
1775423280183,500224
1775423280185,500224
1775423280188,500224
1775423280190,500224
1775423280193,500224
1775423280195,500224
1775423280197,500224
1775423280198,500224
1775423280200,500224
1775423280202,500224
1775423280206,500224
1775423280208,500224
1775423280211,500224
1775423280214,500224
1775423280216,500224
1775423280219,500224
1775423280222,500224
1775423280224,500224
1775423280226,500224
1775423280229,500224
1775423280231,500224
1775423280233,500224
1775423280235,500224
1775423280684,500224
1775423280688,500224
1775423280691,500224
1775423280694,500224
1775423280697,500224
1775423280699,500224
1775423280702,500224
1775423280704,500224
1775423280707,500224
1775423280710,500224
1775423280713,500224
1775423280716,500224
1775423280718,500224
1775423280720,500224
1775423280723,500224
1775423280726,500224
1775423280728,500224
1775423280733,500224
1775423280735,500224
1775423280738,500224
1775423280740,500224
1775423280742,500224
1775423280744,500224
1775423280746,500224
1775423280747,500224
1775423280750,500224
1775423280753,500224
1775423280755,500224
1775423280756,500224
1775423280758,500224
1775423280760,500224
1775423280762,500224
1775423280763,500224
1775423280765,500224
1775423280767,500224
1775423280768,500224
1775423280770,500224
1775423280771,500224
1775423280774,500224
1775423280777,500224
1775423280779,500224
1775423280781,500224
1775423280784,500224
1775423280786,500224
1775423280788,500224
1775423280790,500224
1775423280791,500224
1775423280794,500224
1775423280796,500224
1775423280798,500224
1775423280800,500224
1775423280802,500224
1775423280804,500224
1775423280805,500224
1775423280807,500224
1775423280809,500224
1775423280812,500224
1775423280814,500224
1775423280816,500224
1775423280817,500224
1775423280820,500224
1775423280821,500224
1775423280823,500224
1775423280825,500224
1775423281284,500224
1775423281287,500224
1775423281290,500224
1775423281292,500224
1775423281295,500224
1775423281298,500224
1775423281302,500224
1775423281304,500224
1775423281308,500224
1775423281312,500224
1775423281315,500224
1775423281317,500224
1775423281319,500224
1775423281321,500224
1775423281323,500224
1775423281326,500224
1775423281328,500224
1775423281331,500224
1775423281333,500224
1775423281335,500224
1775423281337,500224
1775423281339,500224
1775423281342,500224
1775423281345,500224
1775423281347,500224
1775423281350,500224
1775423281353,500224
1775423281355,500224
1775423281358,500224
1775423281361,500224
1775423281363,500224
1775423281366,500224
1775423281368,500224
1775423281370,500224
1775423281372,500224
1775423281375,500224
1775423281377,500224
1775423281378,500224
1775423281383,500224
1775423281386,500224
1775423281388,500224
1775423281391,500224
1775423281393,500224
1775423281394,500224
1775423281396,500224
1775423281397,500224
1775423281399,500224
1775423281400,500224
1775423281402,500224
1775423281404,500224
1775423281405,500224
1775423281407,500224
1775423281408,500224
1775423281410,500224
1775423281411,500224
1775423281413,500224
1775423281414,500224
1775423281416,500224
1775423281417,500224
1775423281419,500224
1775423281420,500224
1775423281884,500224
1775423281887,500224
1775423281893,500224
1775423281895,500224
1775423281897,500224
1775423281899,500224
1775423281901,500224
1775423281903,500224
1775423281905,500224
1775423281907,500224
1775423281908,500224
1775423281912,500224
1775423281915,500224
1775423281917,500224
1775423281920,500224
1775423281923,500224
1775423281924,500224
1775423281926,500224
1775423281928,500224
1775423281931,500224
1775423281934,500224
1775423281937,500224
1775423281939,500224
1775423281942,500224
1775423281944,500224
1775423281947,500224
1775423281949,500224
1775423281952,500224
1775423281954,500224
1775423281956,500224
1775423281958,500224
1775423281960,500224
1775423281962,500224
1775423281963,500224
1775423281965,500224
1775423281967,500224
1775423281970,500224
1775423281972,500224
1775423281975,500224
1775423281978,500224
1775423281980,500224
1775423281983,500224
1775423281986,500224
1775423281988,500224
1775423281991,500224
1775423281994,500224
1775423281995,500224
1775423282003,500224
1775423282006,500224
1775423282009,500224
1775423282012,500224
1775423282015,500224
1775423282017,500224
1775423282022,500224
1775423282026,500224
1775423282028,500224
1775423282031,500224
1775423282034,500224
1775423282039,500224
1775423282043,500224
1775423282047,500224
1775423282051,500224
1775423282053,500224
1775423282055,500224
1775423282057,500224
1775423282059,500224
1775423282060,500224
1775423282062,500224
1775423282064,500224
1775423282066,500224
1775423282067,500224
1775423282485,500224
1775423282490,500224
1775423282493,500224
1775423282499,500224
1775423282502,500224
1775423282505,500224
1775423282507,500224
1775423282510,500224
1775423282513,500224
1775423282516,500224
1775423282520,500224
1775423282523,500224
1775423282526,500224
1775423282529,500224
1775423282532,500224
1775423282535,500224
1775423282537,500224
1775423282539,500224
1775423282541,500224
1775423282544,500224
1775423282546,500224
1775423282548,500224
1775423282551,500224
1775423282554,500224
1775423282555,500224
1775423282557,500224
1775423282559,500224
1775423282561,500224
1775423282566,500224
1775423282569,500224
1775423282572,500224
1775423282574,500224
1775423282577,500224
1775423282580,500224
1775423282582,500224
1775423282585,500224
1775423282588,500224
1775423282591,500224
1775423282594,500224
1775423282596,500224
1775423282599,500224
1775423282601,500224
1775423282604,500224
1775423282606,500224
1775423282608,500224
1775423282610,500224
1775423282618,500224
1775423282624,500224
1775423282626,500224
1775423282628,500224
1775423282629,500224
1775423282631,500224
1775423282633,500224
1775423282634,500224
1775423282636,500224
1775423282637,500224
1775423282639,500224
1775423282640,500224
1775423283087,500224
1775423283091,500224
1775423283094,500224
1775423283098,500224
1775423283101,500224
1775423283104,500224
1775423283110,500224
1775423283113,500224
1775423283115,500224
1775423283118,500224
1775423283123,500224
1775423283127,500224
1775423283131,500224
1775423283133,500224
1775423283136,500224
1775423283139,500224
1775423283142,500224
1775423283145,500224
1775423283147,500224
1775423283150,500224
1775423283153,500224
1775423283155,500224
1775423283156,500224
1775423283158,500224
1775423283159,500224
1775423283161,500224
1775423283162,500224
1775423283164,500224
1775423283166,500224
1775423283167,500224
1775423283169,500224
1775423283170,500224
1775423283171,500224
1775423283173,500224
1775423283174,500224
1775423283175,500224
1775423283177,500224
1775423283178,500224
1775423283179,500224
1775423283180,500224
1775423283181,500224
1775423283183,500224
1775423283184,500224
1775423283185,500224
1775423283187,500224
1775423283188,500224
1775423283189,500224
1775423283191,500224
1775423283192,500224
1775423283195,500224
1775423283198,500224
1775423283201,500224
1775423283203,500224
1775423283206,500224
1775423283208,500224
1775423283211,500224
1775423283213,500224
1775423283215,500224
1775423283218,500224
1775423283220,500224
1775423283222,500224
1775423283229,500224
1775423283232,500224
1775423283234,500224
1775423283237,500224
1775423283240,500224
1775423283242,500224
1775423283245,500224
1775423283248,500224
1775423283255,500224
1775423283257,500224
1775423283260,500224
1775423283266,500224
1775423283270,500224
1775423283273,500224
1775423283276,500224
1775423283278,500224
1775423283280,500224
1775423283282,500224
1775423283284,500224
1775423283688,500224
1775423283690,500224
1775423283693,500224
1775423283695,500224
1775423283697,500224
1775423283698,500224
1775423283700,500224
1775423283703,500224
1775423283704,500224
1775423283706,500224
1775423283709,500224
1775423283711,500224
1775423283713,500224
1775423283715,500224
1775423283717,500224
1775423283719,500224
1775423283722,500224
1775423283726,500224
1775423283730,500224
1775423283734,500224
1775423283737,500224
1775423283740,500224
1775423283743,500224
1775423283746,500224
1775423283750,500224
1775423283752,500224
1775423283755,500224
1775423283758,500224
1775423283759,500224
1775423283761,500224
1775423283763,500224
1775423283765,500224
1775423283767,500224
1775423283769,500224
1775423283771,500224
1775423283773,500224
1775423283775,500224
1775423283777,500224
1775423283779,500224
1775423283781,500224
1775423283782,500224
1775423283786,500224
1775423283789,500224
1775423283791,500224
1775423283794,500224
1775423283797,500224
1775423283799,500224
1775423283802,500224
1775423283804,500224
1775423283807,500224
1775423283810,500224
1775423283812,500224
1775423283813,500224
1775423283814,500224
1775423283816,500224
1775423283817,500224
1775423284290,500224
1775423284294,500224
1775423284298,500224
1775423284302,500224
1775423284306,500224
1775423284308,500224
1775423284310,500224
1775423284312,500224
1775423284314,500224
1775423284316,500224
1775423284320,500224
1775423284323,500224
1775423284325,500224
1775423284327,500224
1775423284328,500224
1775423284330,500224
1775423284331,500224
1775423284333,500224
1775423284335,500224
1775423284339,500224
1775423284342,500224
1775423284345,500224
1775423284348,500224
1775423284350,500224
1775423284354,500224
1775423284358,500224
1775423284360,500224
1775423284362,500224
1775423284365,500224
1775423284369,500224
1775423284376,500224
1775423284377,500224
1775423284380,500224
1775423284382,500224
1775423284383,500224
1775423284385,500224
1775423284387,500224
1775423284388,500224
1775423284390,500224
1775423284391,500224
1775423284393,500224
1775423284394,500224
1775423284395,500224
1775423284397,500224
1775423284398,500224
1775423284405,500224
1775423284409,500224
1775423284410,500224
1775423284414,500224
1775423284417,500224
1775423284421,500224
1775423284424,500224
1775423284427,500224
1775423284429,500224
1775423284432,500224
1775423284435,500224
1775423284439,500224
1775423284441,500224
1775423284443,500224
1775423284445,500224
1775423284447,500224
1775423284451,500224
1775423284459,500224
1775423284462,500224
1775423284464,500224
1775423284466,500224
1775423284469,500224
1775423284471,500224
1775423284473,500224
1775423284474,500224
1775423284477,500224
1775423284478,500224
1775423284482,500224
1775423284485,500224
1775423284489,500224
1775423284491,500224
1775423284496,500224
1775423284498,500224
1775423284499,500224
1775423284501,500224
1775423284502,500224
1775423284503,500224
1775423284504,500224
1775423284506,500224
1775423284509,500224
1775423284512,500224
1775423284514,500224
1775423284517,500224
1775423284519,500224
1775423284522,500224
1775423284524,500224
1775423284526,500224
1775423284890,500224
1775423284893,500224
1775423284895,500224
1775423284899,500224
1775423284901,500224
1775423284902,500224
1775423284904,500224
1775423284906,500224
1775423284907,500224
1775423284910,500224
1775423284913,500224
1775423284917,500224
1775423284921,500224
1775423284924,500224
1775423284929,500224
1775423284933,500224
1775423284937,500224
1775423284940,500224
1775423284942,500224
1775423284946,500224
1775423284948,500224
1775423284951,500224
1775423284954,500224
1775423284968,500224
1775423284970,500224
1775423284972,500224
1775423284974,500224
1775423284976,500224
1775423284978,500224
1775423284981,500224
1775423284983,500224
1775423284985,500224
1775423284988,500224
1775423284991,500224
1775423284994,500224
1775423284997,500224
1775423285001,500224
1775423285003,500224
1775423285005,500224
1775423285007,500224
1775423285009,500224
1775423285010,500224
1775423285013,500224
1775423285016,500224
1775423285018,500224
1775423285020,500224
1775423285022,500224
1775423285023,500224
1775423285025,500224
1775423285026,500224
1775423285029,500224
1775423285040,500224
1775423285045,500224
1775423285048,500224
1775423285051,500224
1775423285053,500224
1775423285056,500224
1775423285490,500224
1775423285492,500224
1775423285493,500224
1775423285495,500224
1775423285498,500224
1775423285503,500224
1775423285506,500224
1775423285510,500224
1775423285514,500224
1775423285518,500224
1775423285522,500224
1775423285526,500224
1775423285529,500224
1775423285532,500224
1775423285536,500224
1775423285540,500224
1775423285543,500224
1775423285545,500224
1775423285547,500224
1775423285548,500224
1775423285550,500224
1775423285552,500224
1775423285554,500224
1775423285555,500224
1775423285559,500224
1775423285562,500224
1775423285563,500224
1775423285565,500224
1775423285567,500224
1775423285569,500224
1775423285572,500224
1775423285573,500224
1775423285575,500224
1775423285576,500224
1775423285578,500224
1775423285580,500224
1775423285581,500224
1775423285582,500224
1775423285583,500224
1775423285589,500224
1775423285592,500224
1775423285595,500224
1775423285597,500224
1775423285599,500224
1775423285602,500224
1775423285605,500224
1775423285607,500224
1775423285610,500224
1775423285613,500224
1775423285616,500224
1775423285619,500224
1775423285621,500224
1775423285622,500224
1775423285626,500224
1775423285633,500224
1775423285637,500224
1775423285639,500224
1775423285643,500224
1775423285646,500224
1775423285647,500224
1775423285648,500224
1775423285650,500224
1775423285651,500224
1775423285652,500224
1775423285655,500224
1775423285658,500224
1775423285661,500224
1775423285664,500224
1775423285667,500224
1775423285669,500224
1775423285672,500224
1775423285676,500224
1775423285678,500224
1775423285681,500224
1775423285683,500224
1775423285687,500224
1775423285690,500224
1775423285692,500224
1775423285695,500224
1775423285698,500224
1775423285700,500224
1775423285704,500224
1775423285706,500224
1775423285709,500224
1775423285711,500224
1775423285713,500224
1775423285715,500224
1775423285717,500224
1775423285719,500224
1775423285721,500224
1775423285722,500224
1775423285725,500224
1775423285726,500224
1775423286102,500224
1775423286104,500224
1775423286107,500224
1775423286110,500224
1775423286114,500224
1775423286119,500224
1775423286120,500224
1775423286122,500224
1775423286124,500224
1775423286126,500224
1775423286131,500224
1775423286135,500224
1775423286137,500224
1775423286140,500224
1775423286143,500224
1775423286145,500224
1775423286148,500224
1775423286151,500224
1775423286153,500224
1775423286155,500224
1775423286157,500224
1775423286160,500224
1775423286162,500224
1775423286164,500224
1775423286166,500224
1775423286168,500224
1775423286170,500224
1775423286172,500224
1775423286174,500224
1775423286176,500224
1775423286178,500224
1775423286181,500224
1775423286183,500224
1775423286186,500224
1775423286188,500224
1775423286189,500224
1775423286194,500224
1775423286199,500224
1775423286202,500224
1775423286204,500224
1775423286208,500224
1775423286210,500224
1775423286212,500224
1775423286230,500224
1775423286233,500224
1775423286236,500224
1775423286239,500224
1775423286241,500224
1775423286244,500224
1775423286246,500224
1775423286249,500224
1775423286252,500224
1775423286254,500224
1775423286257,500224
1775423286259,500224
1775423286261,500224
1775423286264,500224
1775423286266,500224
1775423286268,500224
1775423286270,500224
1775423286271,500224
1775423286273,500224
1775423286274,500224
1775423286276,500224
1775423286278,500224
1775423286279,500224
1775423286281,500224
1775423286283,500224
1775423286285,500224
1775423286287,500224
1775423286290,500224
1775423286293,500224
1775423286294,500224
1775423286296,500224
1775423286298,500224
1775423286643,500224
1775423286645,500224
1775423286647,500224
1775423286648,500224
1775423286649,500224
1775423286651,500224
1775423286652,500224
1775423286653,500224
1775423286654,500224
1775423286656,500224
1775423286657,500224
1775423286658,500224
1775423286659,500224
1775423286663,500224
1775423286665,500224
1775423286666,500224
1775423286670,500224
1775423286673,500224
1775423286675,500224
1775423286678,500224
1775423286681,500224
1775423286683,500224
1775423286686,500224
1775423286689,500224
1775423286691,500224
1775423286694,500224
1775423286697,500224
1775423286699,500224
1775423286702,500224
1775423286704,500224
1775423286706,500224
1775423286708,500224
1775423286710,500224
1775423286712,500224
1775423286714,500224
1775423286716,500224
1775423286717,500224
1775423286719,500224
1775423286721,500224
1775423286722,500224
1775423286724,500224
1775423286725,500224
1775423286727,500224
1775423286730,500224
1775423286732,500224
1775423286734,500224
1775423286736,500224
1775423286738,500224
1775423286740,500224
1775423286742,500224
1775423286746,500224
1775423286751,500224
1775423286753,500224
1775423286756,500224
1775423286759,500224
1775423286761,500224
1775423286764,500224
1775423286767,500224
1775423286771,500224
1775423286775,500224
1775423286778,500224
1775423286781,500224
1775423286784,500224
1775423286787,500224
1775423286789,500224
1775423286791,500224
1775423286794,500224
1775423286797,500224
1775423286799,500224
1775423286801,500224
1775423286803,500224
1775423286805,500224
1775423286806,500224
1775423286808,500224
1775423286810,500224
1775423286812,500224
1775423286814,500224
1775423286815,500224
1775423286817,500224
1775423286818,500224
1775423286820,500224
1775423286821,500224
1775423286824,500224
1775423286827,500224
1775423286829,500224
1775423287225,500224
1775423287228,500224
1775423287231,500224
1775423287234,500224
1775423287236,500224
1775423287241,500224
1775423287243,500224
1775423287245,500224
1775423287247,500224
1775423287249,500224
1775423287251,500224
1775423287252,500224
1775423287255,500224
1775423287258,500224
1775423287261,500224
1775423287263,500224
1775423287265,500224
1775423287266,500224
1775423287269,500224
1775423287272,500224
1775423287274,500224
1775423287277,500224
1775423287280,500224
1775423287282,500224
1775423287285,500224
1775423287292,500224
1775423287296,500224
1775423287298,500224
1775423287300,500224
1775423287301,500224
1775423287302,500224
1775423287304,500224
1775423287305,500224
1775423287310,500224
1775423287313,500224
1775423287315,500224
1775423287318,500224
1775423287321,500224
1775423287323,500224
1775423287326,500224
1775423287329,500224
1775423287331,500224
1775423287334,500224
1775423287336,500224
1775423287338,500224
1775423287342,500224
1775423287345,500224
1775423287348,500224
1775423287356,500224
1775423287362,500224
1775423287366,500224
1775423287370,500224
1775423287372,500224
1775423287373,500224
1775423287374,500224
1775423287376,500224
1775423287378,500224
1775423287380,500224
1775423287381,500224
1775423287383,500224
1775423287385,500224
1775423287386,500224
1775423287388,500224
1775423287389,500224
1775423287391,500224
1775423287392,500224
1775423287395,500224
1775423287399,500224
1775423287404,500224
1775423287409,500224
1775423287413,500224
1775423287415,500224
1775423287416,500224
1775423287908,500224
1775423287911,500224
1775423287915,500224
1775423287920,500224
1775423287923,500224
1775423287926,500224
1775423287928,500224
1775423287931,500224
1775423287934,500224
1775423287936,500224
1775423287938,500224
1775423287941,500224
1775423287943,500224
1775423287945,500224
1775423287947,500224
1775423287949,500224
1775423287952,500224
1775423287954,500224
1775423287956,500224
1775423287959,500224
1775423287962,500224
1775423287964,500224
1775423287967,500224
1775423287970,500224
1775423287972,500224
1775423287974,500224
1775423287977,500224
1775423287979,500224
1775423287981,500224
1775423287983,500224
1775423287985,500224
1775423287987,500224
1775423287989,500224
1775423287990,500224
1775423287992,500224
1775423287994,500224
1775423287995,500224
1775423287996,500224
1775423287998,500224
1775423287999,500224
1775423288000,500224
1775423288002,500224
1775423288004,500224
1775423288007,500224
1775423288008,500224
1775423288009,500224
1775423288010,500224
1775423288012,500224
1775423288013,500224
1775423288014,500224
1775423288016,500224
1775423288017,500224
1775423288018,500224
1775423288019,500224
1775423288021,500224
1775423288022,500224
1775423288023,500224
1775423288024,500224
1775423288026,500224
1775423288027,500224
1775423288028,500224
1775423288029,500224
1775423288031,500224
1775423288032,500224
1775423288034,500224
1775423288037,500224
1775423288040,500224
1775423288042,500224
1775423288044,500224
1775423288047,500224
1775423288050,500224
1775423288053,500224
1775423288055,500224
1775423288058,500224
1775423288064,500224
1775423288069,500224
1775423288071,500224
1775423288506,500224
1775423288509,500224
1775423288511,500224
1775423288514,500224
1775423288516,500224
1775423288519,500224
1775423288521,500224
1775423288523,500224
1775423288525,500224
1775423288528,500224
1775423288530,500224
1775423288532,500224
1775423288533,500224
1775423288540,500224
1775423288546,500224
1775423288550,500224
1775423288558,500224
1775423288562,500224
1775423288563,500224
1775423288565,500224
1775423288567,500224
1775423288569,500224
1775423288570,500224
1775423288572,500224
1775423288574,500224
1775423288580,500224
1775423288582,500224
1775423288586,500224
1775423288588,500224
1775423288590,500224
1775423288592,500224
1775423288595,500224
1775423288598,500224
1775423288600,500224
1775423288603,500224
1775423288605,500224
1775423288607,500224
1775423288609,500224
1775423288613,500224
1775423288616,500224
1775423288619,500224
1775423288622,500224
1775423288624,500224
1775423288627,500224
1775423288629,500224
1775423288631,500224
1775423288633,500224
1775423288636,500224
1775423288638,500224
1775423288640,500224
1775423288641,500224
1775423288643,500224
1775423288645,500224
1775423288646,500224
1775423288648,500224
1775423288652,500224
1775423288655,500224
1775423288657,500224
1775423288658,500224
1775423288659,500224
1775423288661,500224
1775423288662,500224
1775423288664,500224
1775423288666,500224
1775423289106,500224
1775423289108,500224
1775423289110,500224
1775423289112,500224
1775423289113,500224
1775423289115,500224
1775423289116,500224
1775423289118,500224
1775423289119,500224
1775423289121,500224
1775423289122,500224
1775423289124,500224
1775423289125,500224
1775423289126,500224
1775423289128,500224
1775423289129,500224
1775423289130,500224
1775423289131,500224
1775423289133,500224
1775423289134,500224
1775423289135,500224
1775423289136,500224
1775423289138,500224
1775423289143,500224
1775423289145,500224
1775423289146,500224
1775423289148,500224
1775423289149,500224
1775423289150,500224
1775423289153,500224
1775423289155,500224
1775423289157,500224
1775423289159,500224
1775423289160,500224
1775423289165,500224
1775423289167,500224
1775423289170,500224
1775423289173,500224
1775423289175,500224
1775423289178,500224
1775423289180,500224
1775423289183,500224
1775423289185,500224
1775423289186,500224
1775423289188,500224
1775423289189,500224
1775423289191,500224
1775423289193,500224
1775423289195,500224
1775423289198,500224
1775423289200,500224
1775423289201,500224
1775423289206,500224
1775423289212,500224
1775423289218,500224
1775423289221,500224
1775423289224,500224
1775423289227,500224
1775423289229,500224
1775423289233,500224
1775423289236,500224
1775423289238,500224
1775423289241,500224
1775423289243,500224
1775423289245,500224
1775423289247,500224
1775423289249,500224
1775423289251,500224
1775423289254,500224
1775423289257,500224
1775423289260,500224
1775423289262,500224
1775423289265,500224
1775423289267,500224
1775423289270,500224
1775423289273,500224
1775423289275,500224
1775423289277,500224
1775423289280,500224
1775423289282,500224
1775423289284,500224
1775423289286,500224
1775423289287,500224
1775423289289,500224
1775423289291,500224
1775423289293,500224
1775423289295,500224
1775423289296,500224
1775423289298,500224
1775423289299,500224
1775423289301,500224
1775423289302,500224
1775423289304,500224
1775423289305,500224
1775423289708,500224
1775423289711,500224
1775423289713,500224
1775423289716,500224
1775423289720,500224
1775423289723,500224
1775423289727,500224
1775423289735,500224
1775423289741,500224
1775423289743,500224
1775423289745,500224
1775423289747,500224
1775423289751,500224
1775423289754,500224
1775423289758,500224
1775423289761,500224
1775423289764,500224
1775423289767,500224
1775423289770,500224
1775423289772,500224
1775423289774,500224
1775423289775,500224
1775423289777,500224
1775423289779,500224
1775423289780,500224
1775423289782,500224
1775423289783,500224
1775423289784,500224
1775423289786,500224
1775423289787,500224
1775423289789,500224
1775423289790,500224
1775423289791,500224
1775423289792,500224
1775423289796,500224
1775423289798,500224
1775423289801,500224
1775423289804,500224
1775423289806,500224
1775423289809,500224
1775423289812,500224
1775423289814,500224
1775423289817,500224
1775423289820,500224
1775423289822,500224
1775423289823,500224
1775423289826,500224
1775423289829,500224
1775423289831,500224
1775423289834,500224
1775423289837,500224
1775423289839,500224
1775423289842,500224
1775423289845,500224
1775423289848,500224
1775423289851,500224
1775423289853,500224
1775423289856,500224
1775423289859,500224
1775423289861,500224
1775423289863,500224
1775423289865,500224
1775423289868,500224
1775423289870,500224
1775423289872,500224
1775423289873,500224
1775423289875,500224
1775423289877,500224
1775423289878,500224
1775423289880,500224
1775423289881,500224
1775423290309,500224
1775423290311,500224
1775423290314,500224
1775423290321,500224
1775423290327,500224
1775423290332,500224
1775423290335,500224
1775423290339,500224
1775423290341,500224
1775423290344,500224
1775423290347,500224
1775423290349,500224
1775423290352,500224
1775423290356,500224
1775423290358,500224
1775423290360,500224
1775423290363,500224
1775423290369,500224
1775423290372,500224
1775423290375,500224
1775423290377,500224
1775423290379,500224
1775423290381,500224
1775423290383,500224
1775423290385,500224
1775423290387,500224
1775423290389,500224
1775423290392,500224
1775423290394,500224
1775423290397,500224
1775423290400,500224
1775423290402,500224
1775423290407,500224
1775423290409,500224
1775423290412,500224
1775423290414,500224
1775423290418,500224
1775423290422,500224
1775423290426,500224
1775423290432,500224
1775423290435,500224
1775423290438,500224
1775423290442,500224
1775423290445,500224
1775423290446,500224
1775423290449,500224
1775423290451,500224
1775423290453,500224
1775423290456,500224
1775423290458,500224
1775423290460,500224
1775423290463,500224
1775423290466,500224
1775423290468,500224
1775423290470,500224
1775423290471,500224
1775423290473,500224
1775423290474,500224
1775423290476,500224
1775423290477,500224
1775423290478,500224
1775423290480,500224
1775423290484,500224
1775423290486,500224
1775423290489,500224
1775423290491,500224
1775423290493,500224
1775423290497,500224
1775423290500,500224
1775423290503,500224
1775423290505,500224
1775423290508,500224
1775423290510,500224
1775423290512,500224
1775423290514,500224
1775423290517,500224
1775423290519,500224
1775423290909,500224
1775423290910,500224
1775423290916,500224
1775423290919,500224
1775423290922,500224
1775423290926,500224
1775423290930,500224
1775423290933,500224
1775423290935,500224
1775423290937,500224
1775423290940,500224
1775423290942,500224
1775423290945,500224
1775423290947,500224
1775423290949,500224
1775423290950,500224
1775423290951,500224
1775423290953,500224
1775423290954,500224
1775423290956,500224
1775423290957,500224
1775423290958,500224
1775423290960,500224
1775423290961,500224
1775423290963,500224
1775423290965,500224
1775423290967,500224
1775423290968,500224
1775423290970,500224
1775423290971,500224
1775423290973,500224
1775423290975,500224
1775423290977,500224
1775423290978,500224
1775423290980,500224
1775423290981,500224
1775423290988,500224
1775423290992,500224
1775423290993,500224
1775423290994,500224
1775423290996,500224
1775423290997,500224
1775423290998,500224
1775423290999,500224
1775423291001,500224
1775423291002,500224
1775423291003,500224
1775423291005,500224
1775423291006,500224
1775423291007,500224
1775423291011,500224
1775423291014,500224
1775423291016,500224
1775423291018,500224
1775423291023,500224
1775423291025,500224
1775423291027,500224
1775423291028,500224
1775423291030,500224
1775423291032,500224
1775423291033,500224
1775423291034,500224
1775423291036,500224
1775423291037,500224
1775423291038,500224
1775423291510,500224
1775423291513,500224
1775423291515,500224
1775423291517,500224
1775423291518,500224
1775423291520,500224
1775423291522,500224
1775423291526,500224
1775423291529,500224
1775423291532,500224
1775423291535,500224
1775423291537,500224
1775423291540,500224
1775423291543,500224
1775423291547,500224
1775423291550,500224
1775423291552,500224
1775423291555,500224
1775423291558,500224
1775423291560,500224
1775423291563,500224
1775423291566,500224
1775423291568,500224
1775423291571,500224
1775423291573,500224
1775423291575,500224
1775423291577,500224
1775423291579,500224
1775423291581,500224
1775423291583,500224
1775423291585,500224
1775423291587,500224
1775423291591,500224
1775423291593,500224
1775423291600,500224
1775423291604,500224
1775423291608,500224
1775423291613,500224
1775423291617,500224
1775423291620,500224
1775423291622,500224
1775423291625,500224
1775423291628,500224
1775423291630,500224
1775423291633,500224
1775423291636,500224
1775423291639,500224
1775423291641,500224
1775423291644,500224
1775423291648,500224
1775423291651,500224
1775423291654,500224
1775423291658,500224
1775423291662,500224
1775423291666,500224
1775423291668,500224
1775423291669,500224
1775423291671,500224
1775423291672,500224
1775423291675,500224
1775423291678,500224
1775423291680,500224
1775423291683,500224
1775423291684,500224
1775423291686,500224
1775423291687,500224
1775423291688,500224
1775423291689,500224
1775423291691,500224
1775423291694,500224
1775423291696,500224
1775423291702,500224
1775423291705,500224
1775423291711,500224
1775423291712,500224
1775423291715,500224
1775423291718,500224
1775423291720,500224
1775423291722,500224
1775423291723,500224
1775423291725,500224
1775423291727,500224
1775423291728,500224
1775423291730,500224
1775423291732,500224
1775423291736,500224
1775423291738,500224
1775423291739,500224
1775423291741,500224
1775423291743,500224
1775423291745,500224
1775423291747,500224
1775423291749,500224
1775423291752,500224
1775423291755,500224
1775423291757,500224
1775423291759,500224
1775423291762,500224
1775423291764,500224
1775423291766,500224
1775423291769,500224
1775423291772,500224
1775423292122,500224
1775423292125,500224
1775423292128,500224
1775423292135,500224
1775423292137,500224
1775423292139,500224
1775423292144,500224
1775423292147,500224
1775423292149,500224
1775423292152,500224
1775423292155,500224
1775423292157,500224
1775423292160,500224
1775423292162,500224
1775423292164,500224
1775423292165,500224
1775423292167,500224
1775423292168,500224
1775423292169,500224
1775423292173,500224
1775423292175,500224
1775423292177,500224
1775423292180,500224
1775423292182,500224
1775423292184,500224
1775423292185,500224
1775423292187,500224
1775423292189,500224
1775423292190,500224
1775423292193,500224
1775423292196,500224
1775423292198,500224
1775423292199,500224
1775423292202,500224
1775423292204,500224
1775423292207,500224
1775423292210,500224
1775423292212,500224
1775423292214,500224
1775423292216,500224
1775423292218,500224
1775423292221,500224
1775423292224,500224
1775423292227,500224
1775423292229,500224
1775423292232,500224
1775423292235,500224
1775423292238,500224
1775423292240,500224
1775423292242,500224
1775423292244,500224
1775423292249,500224
1775423292251,500224
1775423292253,500224
1775423292255,500224
1775423292257,500224
1775423292259,500224
1775423292261,500224
1775423292263,500224
1775423292264,500224
1775423292266,500224
1775423292268,500224
1775423292270,500224
1775423292273,500224
1775423292276,500224
1775423292278,500224
1775423292281,500224
1775423292284,500224
1775423292285,500224
1775423292287,500224
1775423292288,500224
1775423292292,500224
1775423292295,500224
1775423292636,500224
1775423292639,500224
1775423292642,500224
1775423292645,500224
1775423292647,500224
1775423292651,500224
1775423292654,500224
1775423292656,500224
1775423292659,500224
1775423292662,500224
1775423292664,500224
1775423292667,500224
1775423292670,500224
1775423292672,500224
1775423292675,500224
1775423292677,500224
1775423292680,500224
1775423292682,500224
1775423292684,500224
1775423292686,500224
1775423292688,500224
1775423292690,500224
1775423292692,500224
1775423292694,500224
1775423292696,500224
1775423292698,500224
1775423292706,500224
1775423292709,500224
1775423292712,500224
1775423292714,500224
1775423292717,500224
1775423292720,500224
1775423292722,500224
1775423292725,500224
1775423292727,500224
1775423292729,500224
1775423292732,500224
1775423292736,500224
1775423292738,500224
1775423292741,500224
1775423292744,500224
1775423292746,500224
1775423292749,500224
1775423292752,500224
1775423292754,500224
1775423292757,500224
1775423292759,500224
1775423292761,500224
1775423292764,500224
1775423292766,500224
1775423292768,500224
1775423292770,500224
1775423292771,500224
1775423292773,500224
1775423292775,500224
1775423292777,500224
1775423292778,500224
1775423292780,500224
1775423292781,500224
1775423292782,500224
1775423292785,500224
1775423292788,500224
1775423292789,500224
1775423292791,500224
1775423292793,500224
1775423292794,500224
1775423292796,500224
1775423292797,500224
1775423292798,500224
1775423292800,500224
1775423292801,500224
1775423292803,500224
1775423292805,500224
1775423292807,500224
1775423292810,500224
1775423292813,500224
1775423292815,500224
1775423292818,500224
1775423292824,500224
1775423292826,500224
1775423292829,500224
1775423292831,500224
1775423292833,500224
1775423292836,500224
1775423292839,500224
1775423292842,500224
1775423292845,500224
1775423292848,500224
1775423292850,500224
1775423292852,500224
1775423292853,500224
1775423292856,500224
1775423292858,500224
1775423292860,500224
1775423292862,500224
1775423292864,500224
1775423292866,500224
1775423292868,500224
1775423292869,500224
1775423292871,500224
1775423292873,500224
1775423292874,500224
1775423292876,500224
1775423292877,500224
1775423292879,500224
1775423292881,500224
1775423292882,500224
1775423292883,500224
1775423292885,500224
1775423292886,500224
1775423292888,500224
1775423292889,500224
1775423292890,500224
1775423292892,500224
1775423292893,500224
1775423292894,500224
1775423293238,500224
1775423293241,500224
1775423293244,500224
1775423293246,500224
1775423293249,500224
1775423293251,500224
1775423293254,500224
1775423293256,500224
1775423293258,500224
1775423293260,500224
1775423293262,500224
1775423293264,500224
1775423293268,500224
1775423293271,500224
1775423293274,500224
1775423293277,500224
1775423293279,500224
1775423293282,500224
1775423293285,500224
1775423293288,500224
1775423293291,500224
1775423293294,500224
1775423293297,500224
1775423293302,500224
1775423293305,500224
1775423293308,500224
1775423293311,500224
1775423293314,500224
1775423293317,500224
1775423293320,500224
1775423293322,500224
1775423293325,500224
1775423293328,500224
1775423293331,500224
1775423293333,500224
1775423293336,500224
1775423293339,500224
1775423293342,500224
1775423293344,500224
1775423293347,500224
1775423293349,500224
1775423293353,500224
1775423293355,500224
1775423293358,500224
1775423293361,500224
1775423293363,500224
1775423293366,500224
1775423293368,500224
1775423293370,500224
1775423293373,500224
1775423293376,500224
1775423293378,500224
1775423293380,500224
1775423293383,500224
1775423293385,500224
1775423293387,500224
1775423293389,500224
1775423293391,500224
1775423293395,500224
1775423293397,500224
1775423293399,500224
1775423293400,500224
1775423293402,500224
1775423293403,500224
1775423293404,500224
1775423293405,500224
1775423293406,500224
1775423293408,500224
1775423293409,500224
1775423293840,500224
1775423293844,500224
1775423293847,500224
1775423293850,500224
1775423293852,500224
1775423293855,500224
1775423293858,500224
1775423293861,500224
1775423293863,500224
1775423293866,500224
1775423293869,500224
1775423293873,500224
1775423293879,500224
1775423293881,500224
1775423293883,500224
1775423293885,500224
1775423293886,500224
1775423293888,500224
1775423293892,500224
1775423293897,500224
1775423293900,500224
1775423293902,500224
1775423293904,500224
1775423293907,500224
1775423293909,500224
1775423293911,500224
1775423293914,500224
1775423293916,500224
1775423293919,500224
1775423293921,500224
1775423293923,500224
1775423293925,500224
1775423293927,500224
1775423293929,500224
1775423293931,500224
1775423293932,500224
1775423293934,500224
1775423293937,500224
1775423293940,500224
1775423293943,500224
1775423293947,500224
1775423293950,500224
1775423293952,500224
1775423293955,500224
1775423293958,500224
1775423293961,500224
1775423293963,500224
1775423293966,500224
1775423293969,500224
1775423293971,500224
1775423293974,500224
1775423293976,500224
1775423293979,500224
1775423293981,500224
1775423293983,500224
1775423293985,500224
1775423293988,500224
1775423293990,500224
1775423293991,500224
1775423293993,500224
1775423293995,500224
1775423293996,500224
1775423293998,500224
1775423293999,500224
1775423294001,500224
1775423294002,500224
1775423294004,500224
1775423294006,500224
1775423294007,500224
1775423294009,500224
1775423294010,500224
1775423294012,500224
1775423294013,500224
1775423294019,500224
1775423294441,500224
1775423294445,500224
1775423294448,500224
1775423294451,500224
1775423294454,500224
1775423294457,500224
1775423294461,500224
1775423294464,500224
1775423294467,500224
1775423294470,500224
1775423294473,500224
1775423294476,500224
1775423294479,500224
1775423294482,500224
1775423294485,500224
1775423294487,500224
1775423294492,500224
1775423294496,500224
1775423294498,500224
1775423294500,500224
1775423294501,500224
1775423294503,500224
1775423294504,500224
1775423294506,500224
1775423294508,500224
1775423294511,500224
1775423294513,500224
1775423294516,500224
1775423294519,500224
1775423294521,500224
1775423294524,500224
1775423294526,500224
1775423294529,500224
1775423294531,500224
1775423294534,500224
1775423294536,500224
1775423294538,500224
1775423294540,500224
1775423294542,500224
1775423294543,500224
1775423294545,500224
1775423294548,500224
1775423294551,500224
1775423294554,500224
1775423294556,500224
1775423294558,500224
1775423294560,500224
1775423294562,500224
1775423294564,500224
1775423294566,500224
1775423294568,500224
1775423294570,500224
1775423294571,500224
1775423294573,500224
1775423294575,500224
1775423294576,500224
1775423294578,500224
1775423294581,500224
1775423294584,500224
1775423295040,500224
1775423295046,500224
1775423295049,500224
1775423295051,500224
1775423295053,500224
1775423295056,500224
1775423295059,500224
1775423295065,500224
1775423295069,500224
1775423295071,500224
1775423295074,500224
1775423295077,500224
1775423295079,500224
1775423295082,500224
1775423295085,500224
1775423295087,500224
1775423295090,500224
1775423295093,500224
1775423295095,500224
1775423295098,500224
1775423295100,500224
1775423295102,500224
1775423295105,500224
1775423295108,500224
1775423295110,500224
1775423295112,500224
1775423295114,500224
1775423295115,500224
1775423295117,500224
1775423295119,500224
1775423295121,500224
1775423295123,500224
1775423295125,500224
1775423295127,500224
1775423295128,500224
1775423295129,500224
1775423295131,500224
1775423295132,500224
1775423295134,500224
1775423295135,500224
1775423295136,500224
1775423295139,500224
1775423295141,500224
1775423295142,500224
1775423295144,500224
1775423295145,500224
1775423295146,500224
1775423295147,500224
1775423295150,500224
1775423295153,500224
1775423295156,500224
1775423295159,500224
1775423295161,500224
1775423295163,500224
1775423295164,500224
1775423295165,500224
1775423295167,500224
1775423295169,500224
1775423295172,500224
1775423295174,500224
1775423295175,500224
1775423295177,500224
1775423295178,500224
1775423295179,500224
1775423295180,500224
1775423295182,500224
1775423295183,500224
1775423295184,500224
1775423295185,500224
1775423295187,500224
1775423295188,500224
1775423295642,500224
1775423295645,500224
1775423295649,500224
1775423295651,500224
1775423295656,500224
1775423295660,500224
1775423295664,500224
1775423295668,500224
1775423295671,500224
1775423295674,500224
1775423295677,500224
1775423295679,500224
1775423295682,500224
1775423295684,500224
1775423295687,500224
1775423295689,500224
1775423295691,500224
1775423295693,500224
1775423295697,500224
1775423295700,500224
1775423295703,500224
1775423295706,500224
1775423295709,500224
1775423295712,500224
1775423295714,500224
1775423295717,500224
1775423295719,500224
1775423295721,500224
1775423295724,500224
1775423295726,500224
1775423295728,500224
1775423295730,500224
1775423295731,500224
1775423295732,500224
1775423295734,500224
1775423295735,500224
1775423295736,500224
1775423295738,500224
1775423295739,500224
1775423295740,500224
1775423295741,500224
1775423295743,500224
1775423295744,500224
1775423295745,500224
1775423295747,500224
1775423295748,500224
1775423295750,500224
1775423295751,500224
1775423295753,500224
1775423295756,500224
1775423295759,500224
1775423295761,500224
1775423295764,500224
1775423295767,500224
1775423295769,500224
1775423295772,500224
1775423295775,500224
1775423295777,500224
1775423295780,500224
1775423295783,500224
1775423295785,500224
1775423295788,500224
1775423295790,500224
1775423296244,500224
1775423296247,500224
1775423296250,500224
1775423296253,500224
1775423296258,500224
1775423296261,500224
1775423296264,500224
1775423296267,500224
1775423296269,500224
1775423296276,500224
1775423296280,500224
1775423296282,500224
1775423296287,500224
1775423296291,500224
1775423296293,500224
1775423296296,500224
1775423296297,500224
1775423296302,500224
1775423296305,500224
1775423296307,500224
1775423296309,500224
1775423296310,500224
1775423296312,500224
1775423296314,500224
1775423296315,500224
1775423296317,500224
1775423296319,500224
1775423296320,500224
1775423296322,500224
1775423296323,500224
1775423296324,500224
1775423296326,500224
1775423296327,500224
1775423296328,500224
1775423296330,500224
1775423296332,500224
1775423296333,500224
1775423296339,500224
1775423296342,500224
1775423296348,500224
1775423296351,500224
1775423296353,500224
1775423296355,500224
1775423296356,500224
1775423296358,500224
1775423296359,500224
1775423296360,500224
1775423296362,500224
1775423296364,500224
1775423296365,500224
1775423296367,500224
1775423296368,500224
1775423296369,500224
1775423296372,500224
1775423296374,500224
1775423296377,500224
1775423296379,500224
1775423296381,500224
1775423296384,500224
1775423296386,500224
1775423296388,500224
1775423296393,500224
1775423296395,500224
1775423296398,500224
1775423296401,500224
1775423296404,500224
1775423296407,500224
1775423296409,500224
1775423296412,500224
1775423296415,500224
1775423296417,500224
1775423296419,500224
1775423296422,500224
1775423296854,500224
1775423296857,500224
1775423296861,500224
1775423296867,500224
1775423296875,500224
1775423296878,500224
1775423296882,500224
1775423296885,500224
1775423296890,500224
1775423296894,500224
1775423296897,500224
1775423296901,500224
1775423296904,500224
1775423296907,500224
1775423296911,500224
1775423296915,500224
1775423296919,500224
1775423296924,500224
1775423296928,500224
1775423296931,500224
1775423296933,500224
1775423296936,500224
1775423296939,500224
1775423296941,500224
1775423296944,500224
1775423296946,500224
1775423296948,500224
1775423296950,500224
1775423296952,500224
1775423296954,500224
1775423296956,500224
1775423296958,500224
1775423296959,500224
1775423296961,500224
1775423296963,500224
1775423296966,500224
1775423296968,500224
1775423296971,500224
1775423296975,500224
1775423296978,500224
1775423296980,500224
1775423296983,500224
1775423296986,500224
1775423296988,500224
1775423296989,500224
1775423296992,500224
1775423296994,500224
1775423296998,500224
1775423297001,500224
1775423297003,500224
1775423297006,500224
1775423297009,500224
1775423297011,500224
1775423297014,500224
1775423297017,500224
1775423297019,500224
1775423297022,500224
1775423297025,500224
1775423297027,500224
1775423297030,500224
1775423297033,500224
1775423297036,500224
1775423297039,500224
1775423297041,500224
1775423297047,500224
1775423297049,500224
1775423297051,500224
1775423297444,500224
1775423297447,500224
1775423297450,500224
1775423297453,500224
1775423297455,500224
1775423297459,500224
1775423297462,500224
1775423297465,500224
1775423297468,500224
1775423297471,500224
1775423297473,500224
1775423297476,500224
1775423297479,500224
1775423297481,500224
1775423297484,500224
1775423297487,500224
1775423297489,500224
1775423297494,500224
1775423297497,500224
1775423297499,500224
1775423297501,500224
1775423297503,500224
1775423297505,500224
1775423297512,500224
1775423297522,500224
1775423297524,500224
1775423297529,500224
1775423297532,500224
1775423297534,500224
1775423297537,500224
1775423297540,500224
1775423297542,500224
1775423297545,500224
1775423297548,500224
1775423297551,500224
1775423297554,500224
1775423297556,500224
1775423297559,500224
1775423297562,500224
1775423297564,500224
1775423297566,500224
1775423297569,500224
1775423297571,500224
1775423297572,500224
1775423297578,500224
1775423297580,500224
1775423297583,500224
1775423297586,500224
1775423297588,500224
1775423297592,500224
1775423297595,500224
1775423297598,500224
1775423297600,500224
1775423297603,500224
1775423297607,500224
1775423297609,500224
1775423297616,500224
1775423297619,500224
1775423297622,500224
1775423297624,500224
1775423297626,500224
1775423297627,500224
1775423297630,500224
1775423297632,500224
1775423297633,500224
1775423297635,500224
1775423297641,500224
1775423297644,500224
1775423297646,500224
1775423297648,500224
1775423297650,500224
1775423297652,500224
1775423297654,500224
1775423297656,500224
1775423297658,500224
1775423297659,500224
1775423298045,500224
1775423298048,500224
1775423298053,500224
1775423298055,500224
1775423298058,500224
1775423298062,500224
1775423298064,500224
1775423298069,500224
1775423298072,500224
1775423298076,500224
1775423298078,500224
1775423298081,500224
1775423298085,500224
1775423298088,500224
1775423298096,500224
1775423298099,500224
1775423298101,500224
1775423298104,500224
1775423298109,500224
1775423298112,500224
1775423298115,500224
1775423298117,500224
1775423298121,500224
1775423298124,500224
1775423298126,500224
1775423298129,500224
1775423298131,500224
1775423298133,500224
1775423298135,500224
1775423298138,500224
1775423298141,500224
1775423298143,500224
1775423298146,500224
1775423298149,500224
1775423298151,500224
1775423298154,500224
1775423298156,500224
1775423298158,500224
1775423298161,500224
1775423298162,500224
1775423298164,500224
1775423298165,500224
1775423298171,500224
1775423298173,500224
1775423298175,500224
1775423298177,500224
1775423298179,500224
1775423298180,500224
1775423298182,500224
1775423298183,500224
1775423298185,500224
1775423298186,500224
1775423298187,500224
1775423298189,500224
1775423298190,500224
1775423298191,500224
1775423298193,500224
1775423298194,500224
1775423298648,500224
1775423298650,500224
1775423298658,500224
1775423298661,500224
1775423298663,500224
1775423298666,500224
1775423298669,500224
1775423298672,500224
1775423298674,500224
1775423298677,500224
1775423298680,500224
1775423298683,500224
1775423298686,500224
1775423298690,500224
1775423298693,500224
1775423298696,500224
1775423298697,500224
1775423298699,500224
1775423298705,500224
1775423298709,500224
1775423298713,500224
1775423298715,500224
1775423298716,500224
1775423298725,500224
1775423298728,500224
1775423298731,500224
1775423298734,500224
1775423298736,500224
1775423298739,500224
1775423298742,500224
1775423298745,500224
1775423298748,500224
1775423298752,500224
1775423298757,500224
1775423298761,500224
1775423298764,500224
1775423298767,500224
1775423298770,500224
1775423298772,500224
1775423298775,500224
1775423298778,500224
1775423298781,500224
1775423298784,500224
1775423298787,500224
1775423298790,500224
1775423298792,500224
1775423298795,500224
1775423298797,500224
1775423298799,500224
1775423298802,500224
1775423298804,500224
1775423298806,500224
1775423298808,500224
1775423298810,500224
1775423298813,500224
1775423298818,500224
1775423298821,500224
1775423298824,500224
1775423298826,500224
1775423298829,500224
1775423298832,500224
1775423298834,500224
1775423298836,500224
1775423298838,500224
1775423298841,500224
1775423298844,500224
1775423298846,500224
1775423298849,500224
1775423298851,500224
1775423298853,500224
1775423298855,500224
1775423298857,500224
1775423298859,500224
1775423298861,500224
1775423298863,500224
1775423298865,500224
1775423298867,500224
1775423298868,500224
1775423298870,500224
1775423298871,500224
1775423299250,500224
1775423299255,500224
1775423299259,500224
1775423299264,500224
1775423299267,500224
1775423299270,500224
1775423299273,500224
1775423299275,500224
1775423299279,500224
1775423299282,500224
1775423299284,500224
1775423299293,500224
1775423299296,500224
1775423299299,500224
1775423299303,500224
1775423299305,500224
1775423299309,500224
1775423299316,500224
1775423299321,500224
1775423299323,500224
1775423299325,500224
1775423299330,500224
1775423299337,500224
1775423299339,500224
1775423299341,500224
1775423299342,500224
1775423299344,500224
1775423299346,500224
1775423299347,500224
1775423299350,500224
1775423299352,500224
1775423299354,500224
1775423299358,500224
1775423299360,500224
1775423299362,500224
1775423299366,500224
1775423299369,500224
1775423299371,500224
1775423299374,500224
1775423299377,500224
1775423299380,500224
1775423299383,500224
1775423299386,500224
1775423299388,500224
1775423299391,500224
1775423299394,500224
1775423299398,500224
1775423299401,500224
1775423299404,500224
1775423299407,500224
1775423299410,500224
1775423299412,500224
1775423299415,500224
1775423299418,500224
1775423299420,500224
1775423299424,500224
1775423299427,500224
1775423299433,500224
1775423299437,500224
1775423299439,500224
1775423299444,500224
1775423299446,500224
1775423299447,500224
1775423299448,500224
1775423299450,500224
1775423299850,500224
1775423299854,500224
1775423299857,500224
1775423299862,500224
1775423299866,500224
1775423299869,500224
1775423299873,500224
1775423299878,500224
1775423299881,500224
1775423299884,500224
1775423299886,500224
1775423299889,500224
1775423299892,500224
1775423299895,500224
1775423299897,500224
1775423299901,500224
1775423299904,500224
1775423299912,500224
1775423299916,500224
1775423299919,500224
1775423299921,500224
1775423299924,500224
1775423299927,500224
1775423299930,500224
1775423299933,500224
1775423299936,500224
1775423299939,500224
1775423299942,500224
1775423299944,500224
1775423299947,500224
1775423299950,500224
1775423299952,500224
1775423299956,500224
1775423299959,500224
1775423299962,500224
1775423299965,500224
1775423299968,500224
1775423299971,500224
1775423299975,500224
1775423299977,500224
1775423299979,500224
1775423299981,500224
1775423299984,500224
1775423299987,500224
1775423299989,500224
1775423299991,500224
1775423299996,500224
1775423299997,500224
1775423299998,500224
1775423300002,500224
1775423300003,500224
1775423300007,500224
1775423300011,500224
1775423300014,500224
1775423300018,500224
1775423300021,500224
1775423300023,500224
1775423300026,500224
1775423300027,500224
1775423300029,500224
1775423300032,500224
1775423300035,500224
1775423300042,500224
1775423300046,500224
1775423300048,500224
1775423300051,500224
1775423300053,500224
1775423300059,500224
1775423300062,500224
1775423300064,500224
1775423300066,500224
1775423300068,500224
1775423300071,500224
1775423300074,500224
1775423300077,500224
1775423300080,500224
1775423300083,500224
1775423300086,500224
1775423300088,500224
1775423300449,500224
1775423300452,500224
1775423300455,500224
1775423300458,500224
1775423300465,500224
1775423300470,500224
1775423300475,500224
1775423300479,500224
1775423300482,500224
1775423300486,500224
1775423300490,500224
1775423300492,500224
1775423300496,500224
1775423300499,500224
1775423300502,500224
1775423300505,500224
1775423300509,500224
1775423300512,500224
1775423300515,500224
1775423300518,500224
1775423300521,500224
1775423300524,500224
1775423300527,500224
1775423300530,500224
1775423300532,500224
1775423300535,500224
1775423300537,500224
1775423300540,500224
1775423300543,500224
1775423300545,500224
1775423300547,500224
1775423300550,500224
1775423300551,500224
1775423300553,500224
1775423300555,500224
1775423300559,500224
1775423300561,500224
1775423300563,500224
1775423300565,500224
1775423300567,500224
1775423300568,500224
1775423300570,500224
1775423300572,500224
1775423300574,500224
1775423300575,500224
1775423300577,500224
1775423300578,500224
1775423300579,500224
1775423300582,500224
1775423300584,500224
1775423300587,500224
1775423300590,500224
1775423300591,500224
1775423300593,500224
1775423300598,500224
1775423300601,500224
1775423300606,500224
1775423300608,500224
1775423300609,500224
1775423300611,500224
1775423300614,500224
1775423300616,500224
1775423300619,500224
1775423301059,500224
1775423301061,500224
1775423301064,500224
1775423301067,500224
1775423301073,500224
1775423301076,500224
1775423301083,500224
1775423301086,500224
1775423301088,500224
1775423301091,500224
1775423301094,500224
1775423301107,500224
1775423301109,500224
1775423301111,500224
1775423301113,500224
1775423301115,500224
1775423301117,500224
1775423301119,500224
1775423301120,500224
1775423301122,500224
1775423301125,500224
1775423301127,500224
1775423301129,500224
1775423301131,500224
1775423301133,500224
1775423301137,500224
1775423301140,500224
1775423301143,500224
1775423301145,500224
1775423301148,500224
1775423301151,500224
1775423301156,500224
1775423301159,500224
1775423301161,500224
1775423301163,500224
1775423301165,500224
1775423301169,500224
1775423301176,500224
1775423301178,500224
1775423301179,500224
1775423301181,500224
1775423301183,500224
1775423301184,500224
1775423301188,500224
1775423301191,500224
1775423301194,500224
1775423301197,500224
1775423301199,500224
1775423301201,500224
1775423301203,500224
1775423301206,500224
1775423301209,500224
1775423301213,500224
1775423301215,500224
1775423301219,500224
1775423301220,500224
1775423301221,500224
1775423301223,500224
1775423301224,500224
1775423301225,500224
1775423301227,500224
1775423301228,500224
1775423301230,500224
1775423301232,500224
1775423301233,500224
1775423301235,500224
1775423301236,500224
1775423301238,500224
1775423301239,500224
1775423301240,500224
1775423301242,500224
1775423301243,500224
1775423301244,500224
1775423301246,500224
1775423301247,500224
1775423301653,500224
1775423301658,500224
1775423301662,500224
1775423301665,500224
1775423301667,500224
1775423301670,500224
1775423301673,500224
1775423301675,500224
1775423301677,500224
1775423301680,500224
1775423301682,500224
1775423301685,500224
1775423301691,500224
1775423301692,500224
1775423301696,500224
1775423301703,500224
1775423301706,500224
1775423301710,500224
1775423301711,500224
1775423301713,500224
1775423301715,500224
1775423301717,500224
1775423301723,500224
1775423301728,500224
1775423301729,500224
1775423301733,500224
1775423301736,500224
1775423301739,500224
1775423301741,500224
1775423301745,500224
1775423301749,500224
1775423301752,500224
1775423301758,500224
1775423301762,500224
1775423301766,500224
1775423301771,500224
1775423301774,500224
1775423301777,500224
1775423301779,500224
1775423301782,500224
1775423301785,500224
1775423301788,500224
1775423301789,500224
1775423301791,500224
1775423301792,500224
1775423301794,500224
1775423301796,500224
1775423301800,500224
1775423301807,500224
1775423301810,500224
1775423301813,500224
1775423301816,500224
1775423301821,500224
1775423301823,500224
1775423301826,500224
1775423301829,500224
1775423301831,500224
1775423301834,500224
1775423301837,500224
1775423301839,500224
1775423301841,500224
1775423301843,500224
1775423301846,500224
1775423301849,500224
1775423301851,500224
1775423301853,500224
1775423301855,500224
1775423301857,500224
1775423301860,500224
1775423301863,500224
1775423301865,500224
1775423301868,500224
1775423301871,500224
1775423301874,500224
1775423301877,500224
1775423301880,500224
1775423301882,500224
1775423301885,500224
1775423302252,500224
1775423302254,500224
1775423302259,500224
1775423302262,500224
1775423302266,500224
1775423302269,500224
1775423302272,500224
1775423302275,500224
1775423302280,500224
1775423302286,500224
1775423302290,500224
1775423302293,500224
1775423302294,500224
1775423302303,500224
1775423302308,500224
1775423302310,500224
1775423302314,500224
1775423302316,500224
1775423302320,500224
1775423302325,500224
1775423302326,500224
1775423302329,500224
1775423302332,500224
1775423302335,500224
1775423302337,500224
1775423302339,500224
1775423302350,500224
1775423302352,500224
1775423302354,500224
1775423302356,500224
1775423302360,500224
1775423302364,500224
1775423302367,500224
1775423302368,500224
1775423302372,500224
1775423302374,500224
1775423302376,500224
1775423302378,500224
1775423302380,500224
1775423302381,500224
1775423302384,500224
1775423302386,500224
1775423302388,500224
1775423302391,500224
1775423302395,500224
1775423302398,500224
1775423302403,500224
1775423302405,500224
1775423302408,500224
1775423302410,500224
1775423302413,500224
1775423302415,500224
1775423302416,500224
1775423302418,500224
1775423302420,500224
1775423302422,500224
1775423302424,500224
1775423302425,500224
1775423302427,500224
1775423302429,500224
1775423302431,500224
1775423302433,500224
1775423302434,500224
1775423302437,500224
1775423302440,500224
1775423302444,500224
1775423302448,500224
1775423302449,500224
1775423302453,500224
1775423302456,500224
1775423302855,500224
1775423302859,500224
1775423302862,500224
1775423302865,500224
1775423302869,500224
1775423302871,500224
1775423302875,500224
1775423302878,500224
1775423302882,500224
1775423302884,500224
1775423302886,500224
1775423302889,500224
1775423302890,500224
1775423302893,500224
1775423302895,500224
1775423302896,500224
1775423302898,500224
1775423302900,500224
1775423302902,500224
1775423302904,500224
1775423302905,500224
1775423302907,500224
1775423302909,500224
1775423302910,500224
1775423302913,500224
1775423302918,500224
1775423302919,500224
1775423302923,500224
1775423302924,500224
1775423302932,500224
1775423302934,500224
1775423302936,500224
1775423302939,500224
1775423302941,500224
1775423302945,500224
1775423302947,500224
1775423302949,500224
1775423302951,500224
1775423302953,500224
1775423302956,500224
1775423302959,500224
1775423302961,500224
1775423302963,500224
1775423302965,500224
1775423302968,500224
1775423302971,500224
1775423302972,500224
1775423302976,500224
1775423302978,500224
1775423302980,500224
1775423302983,500224
1775423302987,500224
1775423302990,500224
1775423302992,500224
1775423302994,500224
1775423303000,500224
1775423303002,500224
1775423303003,500224
1775423303005,500224
1775423303007,500224
1775423303008,500224
1775423303010,500224
1775423303013,500224
1775423303016,500224
1775423303020,500224
1775423303021,500224
1775423303025,500224
1775423303027,500224
1775423303030,500224
1775423303032,500224
1775423303034,500224
1775423303464,500224
1775423303470,500224
1775423303477,500224
1775423303480,500224
1775423303483,500224
1775423303487,500224
1775423303490,500224
1775423303493,500224
1775423303496,500224
1775423303499,500224
1775423303503,500224
1775423303506,500224
1775423303510,500224
1775423303515,500224
1775423303518,500224
1775423303521,500224
1775423303524,500224
1775423303526,500224
1775423303529,500224
1775423303533,500224
1775423303537,500224
1775423303540,500224
1775423303543,500224
1775423303546,500224
1775423303552,500224
1775423303555,500224
1775423303558,500224
1775423303562,500224
1775423303566,500224
1775423303570,500224
1775423303572,500224
1775423303575,500224
1775423303577,500224
1775423303579,500224
1775423303582,500224
1775423303584,500224
1775423303586,500224
1775423303589,500224
1775423303592,500224
1775423303594,500224
1775423303597,500224
1775423303600,500224
1775423303602,500224
1775423303604,500224
1775423303607,500224
1775423303609,500224
1775423303610,500224
1775423303612,500224
1775423303614,500224
1775423303616,500224
1775423303617,500224
1775423303619,500224
1775423303622,500224
1775423303624,500224
1775423303625,500224
1775423303627,500224
1775423303628,500224
1775423303630,500224
1775423303631,500224
1775423303633,500224
1775423303634,500224
1775423303636,500224
1775423303637,500224
1775423303641,500224
1775423303642,500224
1775423303644,500224
1775423303646,500224
1775423303649,500224
1775423303653,500224
1775423303654,500224
1775423303656,500224
1775423303658,500224
1775423303660,500224
1775423303661,500224
1775423303663,500224
1775423303664,500224
1775423303667,500224
1775423303670,500224
1775423303673,500224
1775423303676,500224
1775423303679,500224
1775423303681,500224
1775423303683,500224
1775423303686,500224
1775423303688,500224
1775423304058,500224
1775423304061,500224
1775423304064,500224
1775423304066,500224
1775423304071,500224
1775423304074,500224
1775423304078,500224
1775423304084,500224
1775423304088,500224
1775423304090,500224
1775423304094,500224
1775423304098,500224
1775423304100,500224
1775423304103,500224
1775423304107,500224
1775423304110,500224
1775423304114,500224
1775423304118,500224
1775423304123,500224
1775423304131,500224
1775423304135,500224
1775423304140,500224
1775423304142,500224
1775423304144,500224
1775423304146,500224
1775423304155,500224
1775423304159,500224
1775423304162,500224
1775423304164,500224
1775423304167,500224
1775423304170,500224
1775423304172,500224
1775423304178,500224
1775423304180,500224
1775423304182,500224
1775423304185,500224
1775423304189,500224
1775423304192,500224
1775423304195,500224
1775423304198,500224
1775423304201,500224
1775423304203,500224
1775423304206,500224
1775423304208,500224
1775423304212,500224
1775423304215,500224
1775423304218,500224
1775423304220,500224
1775423304222,500224
1775423304225,500224
1775423304227,500224
1775423304229,500224
1775423304231,500224
1775423304232,500224
1775423304234,500224
1775423304237,500224
1775423304240,500224
1775423304246,500224
1775423304247,500224
1775423304249,500224
1775423304250,500224
1775423304251,500224
1775423304253,500224
1775423304254,500224
1775423304255,500224
1775423304257,500224
1775423304264,500224
1775423304658,500224
1775423304661,500224
1775423304664,500224
1775423304667,500224
1775423304670,500224
1775423304673,500224
1775423304677,500224
1775423304680,500224
1775423304686,500224
1775423304688,500224
1775423304691,500224
1775423304693,500224
1775423304695,500224
1775423304698,500224
1775423304700,500224
1775423304702,500224
1775423304705,500224
1775423304709,500224
1775423304716,500224
1775423304721,500224
1775423304724,500224
1775423304726,500224
1775423304727,500224
1775423304729,500224
1775423304730,500224
1775423304732,500224
1775423304733,500224
1775423304736,500224
1775423304739,500224
1775423304741,500224
1775423304743,500224
1775423304746,500224
1775423304748,500224
1775423304749,500224
1775423304750,500224
1775423304752,500224
1775423304753,500224
1775423304759,500224
1775423304766,500224
1775423304768,500224
1775423304772,500224
1775423304774,500224
1775423304777,500224
1775423304780,500224
1775423304783,500224
1775423304785,500224
1775423304789,500224
1775423304792,500224
1775423304794,500224
1775423304795,500224
1775423304799,500224
1775423304802,500224
1775423304804,500224
1775423304807,500224
1775423304811,500224
1775423304814,500224
1775423304817,500224
1775423304820,500224
1775423304822,500224
1775423304825,500224
1775423304835,500224
1775423304839,500224
1775423304843,500224
1775423304846,500224
1775423304849,500224
1775423304852,500224
1775423304854,500224
1775423304857,500224
1775423304860,500224
1775423304862,500224
1775423304864,500224
1775423304866,500224
1775423304867,500224
1775423304869,500224
1775423304870,500224
1775423304872,500224
1775423305259,500224
1775423305261,500224
1775423305264,500224
1775423305267,500224
1775423305270,500224
1775423305275,500224
1775423305284,500224
1775423305287,500224
1775423305290,500224
1775423305301,500224
1775423305304,500224
1775423305306,500224
1775423305308,500224
1775423305309,500224
1775423305313,500224
1775423305315,500224
1775423305318,500224
1775423305321,500224
1775423305324,500224
1775423305327,500224
1775423305330,500224
1775423305333,500224
1775423305336,500224
1775423305338,500224
1775423305339,500224
1775423305340,500224
1775423305342,500224
1775423305343,500224
1775423305346,500224
1775423305349,500224
1775423305352,500224
1775423305354,500224
1775423305360,500224
1775423305366,500224
1775423305368,500224
1775423305370,500224
1775423305374,500224
1775423305377,500224
1775423305380,500224
1775423305382,500224
1775423305388,500224
1775423305391,500224
1775423305394,500224
1775423305397,500224
1775423305399,500224
1775423305402,500224
1775423305404,500224
1775423305406,500224
1775423305408,500224
1775423305410,500224
1775423305413,500224
1775423305415,500224
1775423305417,500224
1775423305418,500224
1775423305420,500224
1775423305422,500224
1775423305423,500224
1775423305425,500224
1775423305426,500224
1775423305428,500224
1775423305430,500224
1775423305432,500224
1775423305433,500224
1775423305435,500224
1775423305438,500224
1775423305441,500224
1775423305442,500224
1775423305444,500224
1775423305447,500224
1775423305450,500224
1775423305452,500224
1775423305454,500224
1775423305456,500224
1775423305458,500224
1775423305460,500224
1775423305461,500224
1775423305463,500224
1775423305860,500224
1775423305865,500224
1775423305869,500224
1775423305872,500224
1775423305878,500224
1775423305881,500224
1775423305887,500224
1775423305890,500224
1775423305892,500224
1775423305895,500224
1775423305898,500224
1775423305901,500224
1775423305904,500224
1775423305908,500224
1775423305910,500224
1775423305912,500224
1775423305914,500224
1775423305915,500224
1775423305919,500224
1775423305922,500224
1775423305924,500224
1775423305925,500224
1775423305927,500224
1775423305928,500224
1775423305932,500224
1775423305935,500224
1775423305940,500224
1775423305944,500224
1775423305947,500224
1775423305950,500224
1775423305952,500224
1775423305955,500224
1775423305958,500224
1775423305960,500224
1775423305962,500224
1775423305965,500224
1775423305968,500224
1775423305970,500224
1775423305978,500224
1775423305983,500224
1775423305987,500224
1775423305990,500224
1775423305993,500224
1775423305996,500224
1775423305998,500224
1775423306001,500224
1775423306005,500224
1775423306007,500224
1775423306010,500224
1775423306012,500224
1775423306013,500224
1775423306015,500224
1775423306016,500224
1775423306019,500224
1775423306021,500224
1775423306024,500224
1775423306029,500224
1775423306032,500224
1775423306034,500224
1775423306036,500224
1775423306038,500224
1775423306040,500224
1775423306043,500224
1775423306047,500224
1775423306049,500224
1775423306052,500224
1775423306055,500224
1775423306058,500224
1775423306061,500224
1775423306064,500224
1775423306066,500224
1775423306068,500224
1775423306070,500224
1775423306072,500224
1775423306074,500224
1775423306077,500224
1775423306079,500224
1775423306080,500224
1775423306082,500224
1775423306083,500224
1775423306085,500224
1775423306460,500224
1775423306470,500224
1775423306473,500224
1775423306475,500224
1775423306476,500224
1775423306478,500224
1775423306480,500224
1775423306482,500224
1775423306485,500224
1775423306489,500224
1775423306491,500224
1775423306493,500224
1775423306495,500224
1775423306497,500224
1775423306498,500224
1775423306500,500224
1775423306503,500224
1775423306506,500224
1775423306508,500224
1775423306513,500224
1775423306516,500224
1775423306519,500224
1775423306522,500224
1775423306525,500224
1775423306528,500224
1775423306531,500224
1775423306534,500224
1775423306536,500224
1775423306538,500224
1775423306544,500224
1775423306548,500224
1775423306550,500224
1775423306554,500224
1775423306558,500224
1775423306562,500224
1775423306566,500224
1775423306568,500224
1775423306570,500224
1775423306572,500224
1775423306575,500224
1775423306577,500224
1775423306580,500224
1775423306582,500224
1775423306584,500224
1775423306586,500224
1775423306588,500224
1775423306590,500224
1775423306592,500224
1775423306596,500224
1775423306598,500224
1775423306600,500224
1775423306603,500224
1775423306605,500224
1775423306608,500224
1775423306611,500224
1775423306613,500224
1775423306614,500224
1775423306616,500224
1775423306618,500224
1775423306620,500224
1775423306622,500224
1775423306624,500224
1775423306625,500224
1775423306627,500224
1775423306629,500224
1775423306632,500224
1775423306636,500224
1775423306639,500224
1775423306642,500224
1775423306645,500224
1775423306647,500224
1775423306649,500224
1775423306652,500224
1775423306655,500224
1775423306657,500224
1775423306660,500224
1775423306661,500224
1775423306665,500224
1775423306668,500224
1775423306670,500224
1775423306673,500224
1775423307064,500224
1775423307067,500224
1775423307072,500224
1775423307075,500224
1775423307077,500224
1775423307080,500224
1775423307082,500224
1775423307084,500224
1775423307086,500224
1775423307089,500224
1775423307093,500224
1775423307095,500224
1775423307097,500224
1775423307098,500224
1775423307100,500224
1775423307102,500224
1775423307103,500224
1775423307105,500224
1775423307107,500224
1775423307108,500224
1775423307121,500224
1775423307125,500224
1775423307129,500224
1775423307132,500224
1775423307138,500224
1775423307145,500224
1775423307149,500224
1775423307154,500224
1775423307156,500224
1775423307159,500224
1775423307162,500224
1775423307164,500224
1775423307167,500224
1775423307169,500224
1775423307171,500224
1775423307174,500224
1775423307176,500224
1775423307178,500224
1775423307181,500224
1775423307184,500224
1775423307187,500224
1775423307190,500224
1775423307194,500224
1775423307196,500224
1775423307198,500224
1775423307200,500224
1775423307202,500224
1775423307204,500224
1775423307205,500224
1775423307207,500224
1775423307209,500224
1775423307210,500224
1775423307212,500224
1775423307213,500224
1775423307216,500224
1775423307218,500224
1775423307221,500224
1775423307223,500224
1775423307226,500224
1775423307228,500224
1775423307230,500224
1775423307233,500224
1775423307234,500224
1775423307235,500224
1775423307237,500224
1775423307238,500224
1775423307244,500224
1775423307245,500224
1775423307247,500224
1775423307248,500224
1775423307249,500224
1775423307250,500224
1775423307252,500224
1775423307253,500224
1775423307254,500224
1775423307258,500224
1775423307260,500224
1775423307262,500224
1775423307264,500224
1775423307265,500224
1775423307664,500224
1775423307670,500224
1775423307676,500224
1775423307679,500224
1775423307682,500224
1775423307685,500224
1775423307688,500224
1775423307690,500224
1775423307692,500224
1775423307695,500224
1775423307697,500224
1775423307699,500224
1775423307702,500224
1775423307703,500224
1775423307705,500224
1775423307707,500224
1775423307710,500224
1775423307712,500224
1775423307715,500224
1775423307719,500224
1775423307722,500224
1775423307725,500224
1775423307728,500224
1775423307730,500224
1775423307732,500224
1775423307734,500224
1775423307737,500224
1775423307740,500224
1775423307744,500224
1775423307747,500224
1775423307749,500224
1775423307750,500224
1775423307752,500224
1775423307755,500224
1775423307757,500224
1775423307758,500224
1775423307762,500224
1775423307765,500224
1775423307767,500224
1775423307769,500224
1775423307770,500224
1775423307771,500224
1775423307773,500224
1775423307776,500224
1775423307779,500224
1775423307782,500224
1775423307787,500224
1775423307791,500224
1775423307795,500224
1775423307798,500224
1775423307801,500224
1775423307804,500224
1775423307807,500224
1775423307810,500224
1775423307812,500224
1775423307815,500224
1775423307818,500224
1775423307820,500224
1775423307823,500224
1775423307825,500224
1775423307827,500224
1775423307830,500224
1775423307832,500224
1775423307833,500224
1775423307835,500224
1775423307837,500224
1775423307839,500224
1775423307841,500224
1775423307842,500224
1775423307843,500224
1775423307847,500224
1775423307849,500224
1775423307851,500224
1775423307853,500224
1775423307854,500224
1775423307856,500224
1775423307859,500224
1775423307861,500224
1775423307865,500224
1775423307867,500224
1775423307869,500224
1775423307871,500224
1775423307873,500224
1775423307875,500224
1775423307878,500224
1775423307880,500224
1775423307882,500224
1775423307884,500224
1775423307886,500224
1775423307889,500224
1775423308267,500224
1775423308271,500224
1775423308274,500224
1775423308278,500224
1775423308281,500224
1775423308285,500224
1775423308288,500224
1775423308292,500224
1775423308295,500224
1775423308299,500224
1775423308302,500224
1775423308305,500224
1775423308307,500224
1775423308309,500224
1775423308311,500224
1775423308312,500224
1775423308314,500224
1775423308316,500224
1775423308320,500224
1775423308323,500224
1775423308324,500224
1775423308327,500224
1775423308330,500224
1775423308333,500224
1775423308335,500224
1775423308337,500224
1775423308341,500224
1775423308342,500224
1775423308344,500224
1775423308346,500224
1775423308349,500224
1775423308351,500224
1775423308352,500224
1775423308356,500224
1775423308358,500224
1775423308360,500224
1775423308362,500224
1775423308367,500224
1775423308373,500224
1775423308375,500224
1775423308378,500224
1775423308380,500224
1775423308383,500224
1775423308385,500224
1775423308387,500224
1775423308389,500224
1775423308390,500224
1775423308392,500224
1775423308394,500224
1775423308396,500224
1775423308398,500224
1775423308403,500224
1775423308406,500224
1775423308408,500224
1775423308411,500224
1775423308413,500224
1775423308415,500224
1775423308417,500224
1775423308419,500224
1775423308422,500224
1775423308425,500224
1775423308427,500224
1775423308429,500224
1775423308432,500224
1775423308434,500224
1775423308436,500224
1775423308437,500224
1775423308439,500224
1775423308440,500224
1775423308441,500224
1775423308445,500224
1775423308448,500224
1775423308870,500224
1775423308875,500224
1775423308880,500224
1775423308882,500224
1775423308884,500224
1775423308886,500224
1775423308889,500224
1775423308895,500224
1775423308904,500224
1775423308915,500224
1775423308917,500224
1775423308920,500224
1775423308922,500224
1775423308924,500224
1775423308925,500224
1775423308928,500224
1775423308932,500224
1775423308935,500224
1775423308938,500224
1775423308940,500224
1775423308942,500224
1775423308945,500224
1775423308947,500224
1775423308950,500224
1775423308953,500224
1775423308956,500224
1775423308958,500224
1775423308961,500224
1775423308963,500224
1775423308966,500224
1775423308967,500224
1775423308972,500224
1775423308974,500224
1775423308975,500224
1775423308978,500224
1775423308984,500224
1775423308989,500224
1775423308991,500224
1775423308995,500224
1775423308998,500224
1775423309001,500224
1775423309002,500224
1775423309007,500224
1775423309010,500224
1775423309013,500224
1775423309016,500224
1775423309019,500224
1775423309024,500224
1775423309028,500224
1775423309029,500224
1775423309032,500224
1775423309034,500224
1775423309035,500224
1775423309036,500224
1775423309038,500224
1775423309039,500224
1775423309040,500224
1775423309041,500224
1775423309043,500224
1775423309044,500224
1775423309045,500224
1775423309047,500224
1775423309048,500224
1775423309049,500224
1775423309050,500224
1775423309054,500224
1775423309056,500224
1775423309059,500224
1775423309061,500224
1775423309064,500224
1775423309066,500224
1775423309067,500224
1775423309069,500224
1775423309070,500224
1775423309071,500224
1775423309467,500224
1775423309471,500224
1775423309473,500224
1775423309475,500224
1775423309478,500224
1775423309479,500224
1775423309481,500224
1775423309484,500224
1775423309490,500224
1775423309494,500224
1775423309497,500224
1775423309500,500224
1775423309503,500224
1775423309506,500224
1775423309509,500224
1775423309513,500224
1775423309515,500224
1775423309517,500224
1775423309520,500224
1775423309524,500224
1775423309526,500224
1775423309527,500224
1775423309529,500224
1775423309530,500224
1775423309531,500224
1775423309533,500224
1775423309534,500224
1775423309535,500224
1775423309538,500224
1775423309540,500224
1775423309541,500224
1775423309543,500224
1775423309545,500224
1775423309547,500224
1775423309550,500224
1775423309553,500224
1775423309556,500224
1775423309558,500224
1775423309560,500224
1775423309569,500224
1775423309571,500224
1775423309573,500224
1775423309574,500224
1775423309577,500224
1775423309580,500224
1775423309583,500224
1775423309584,500224
1775423309585,500224
1775423309587,500224
1775423309589,500224
1775423309590,500224
1775423309592,500224
1775423309594,500224
1775423309598,500224
1775423309601,500224
1775423309603,500224
1775423309605,500224
1775423309607,500224
1775423309609,500224
1775423309611,500224
1775423309612,500224
1775423309613,500224
1775423309615,500224
1775423309617,500224
1775423309618,500224
1775423309620,500224
1775423309621,500224
1775423309623,500224
1775423309625,500224
1775423309626,500224
1775423309628,500224
1775423309629,500224
1775423309630,500224
1775423309632,500224
1775423309633,500224
1775423310069,500224
1775423310072,500224
1775423310075,500224
1775423310078,500224
1775423310081,500224
1775423310085,500224
1775423310090,500224
1775423310096,500224
1775423310099,500224
1775423310102,500224
1775423310112,500224
1775423310115,500224
1775423310118,500224
1775423310121,500224
1775423310124,500224
1775423310126,500224
1775423310129,500224
1775423310132,500224
1775423310134,500224
1775423310137,500224
1775423310140,500224
1775423310142,500224
1775423310145,500224
1775423310147,500224
1775423310149,500224
1775423310152,500224
1775423310154,500224
1775423310156,500224
1775423310158,500224
1775423310161,500224
1775423310165,500224
1775423310168,500224
1775423310171,500224
1775423310174,500224
1775423310177,500224
1775423310180,500224
1775423310183,500224
1775423310185,500224
1775423310188,500224
1775423310190,500224
1775423310192,500224
1775423310194,500224
1775423310195,500224
1775423310197,500224
1775423310199,500224
1775423310201,500224
1775423310202,500224
1775423310204,500224
1775423310205,500224
1775423310207,500224
1775423310208,500224
1775423310210,500224
1775423310211,500224
1775423310213,500224
1775423310214,500224
1775423310215,500224
1775423310217,500224
1775423310218,500224
1775423310219,500224
1775423310221,500224
1775423310223,500224
1775423310226,500224
1775423310229,500224
1775423310231,500224
1775423310232,500224
1775423310234,500224
1775423310244,500224
1775423310246,500224
1775423310249,500224
1775423310252,500224
1775423310253,500224
1775423310255,500224
1775423310256,500224
1775423310257,500224
1775423310258,500224
1775423310260,500224
1775423310261,500224
1775423310262,500224
1775423310668,500224
1775423310671,500224
1775423310674,500224
1775423310679,500224
1775423310681,500224
1775423310683,500224
1775423310685,500224
1775423310688,500224
1775423310691,500224
1775423310693,500224
1775423310695,500224
1775423310697,500224
1775423310699,500224
1775423310700,500224
1775423310702,500224
1775423310703,500224
1775423310704,500224
1775423310707,500224
1775423310708,500224
1775423310710,500224
1775423310713,500224
1775423310719,500224
1775423310728,500224
1775423310730,500224
1775423310733,500224
1775423310735,500224
1775423310737,500224
1775423310739,500224
1775423310740,500224
1775423310743,500224
1775423310745,500224
1775423310751,500224
1775423310753,500224
1775423310755,500224
1775423310757,500224
1775423310759,500224
1775423310761,500224
1775423310765,500224
1775423310768,500224
1775423310770,500224
1775423310773,500224
1775423310775,500224
1775423310777,500224
1775423310779,500224
1775423310781,500224
1775423310783,500224
1775423310785,500224
1775423310787,500224
1775423310790,500224
1775423310792,500224
1775423310794,500224
1775423310796,500224
1775423310797,500224
1775423310799,500224
1775423310800,500224
1775423310802,500224
1775423310803,500224
1775423310805,500224
1775423310807,500224
1775423310808,500224
1775423310817,500224
1775423310820,500224
1775423310822,500224
1775423310824,500224
1775423310827,500224
1775423310829,500224
1775423310831,500224
1775423310832,500224
1775423310834,500224
1775423310836,500224
1775423310837,500224
1775423310838,500224
1775423310841,500224
1775423310842,500224
1775423310844,500224
1775423310845,500224
1775423310846,500224
1775423310847,500224
1775423310849,500224
1775423310850,500224
1775423310851,500224
1775423311270,500224
1775423311277,500224
1775423311278,500224
1775423311280,500224
1775423311286,500224
1775423311290,500224
1775423311294,500224
1775423311297,500224
1775423311301,500224
1775423311305,500224
1775423311308,500224
1775423311311,500224
1775423311315,500224
1775423311318,500224
1775423311324,500224
1775423311329,500224
1775423311332,500224
1775423311335,500224
1775423311338,500224
1775423311340,500224
1775423311344,500224
1775423311347,500224
1775423311350,500224
1775423311353,500224
1775423311355,500224
1775423311358,500224
1775423311360,500224
1775423311363,500224
1775423311365,500224
1775423311367,500224
1775423311369,500224
1775423311371,500224
1775423311373,500224
1775423311374,500224
1775423311376,500224
1775423311378,500224
1775423311379,500224
1775423311381,500224
1775423311382,500224
1775423311383,500224
1775423311384,500224
1775423311386,500224
1775423311387,500224
1775423311389,500224
1775423311390,500224
1775423311392,500224
1775423311393,500224
1775423311394,500224
1775423311396,500224
1775423311397,500224
1775423311398,500224
1775423311400,500224
1775423311401,500224
1775423311403,500224
1775423311414,500224
1775423311417,500224
1775423311420,500224
1775423311421,500224
1775423311422,500224
1775423311425,500224
1775423311428,500224
1775423311429,500224
1775423311432,500224
1775423311433,500224
1775423311435,500224
1775423311437,500224
1775423311439,500224
1775423311441,500224
1775423311443,500224
1775423311445,500224
1775423311447,500224
1775423311449,500224
1775423311451,500224
1775423311453,500224
1775423311455,500224
1775423311456,500224
1775423311457,500224
1775423311458,500224
1775423311871,500224
1775423311876,500224
1775423311879,500224
1775423311882,500224
1775423311884,500224
1775423311887,500224
1775423311890,500224
1775423311892,500224
1775423311895,500224
1775423311899,500224
1775423311902,500224
1775423311905,500224
1775423311907,500224
1775423311912,500224
1775423311915,500224
1775423311918,500224
1775423311921,500224
1775423311925,500224
1775423311930,500224
1775423311934,500224
1775423311937,500224
1775423311940,500224
1775423311942,500224
1775423311949,500224
1775423311952,500224
1775423311956,500224
1775423311958,500224
1775423311959,500224
1775423311961,500224
1775423311965,500224
1775423311967,500224
1775423311970,500224
1775423311973,500224
1775423311975,500224
1775423311978,500224
1775423311980,500224
1775423311983,500224
1775423311984,500224
1775423311989,500224
1775423311991,500224
1775423311994,500224
1775423311997,500224
1775423311999,500224
1775423312002,500224
1775423312003,500224
1775423312005,500224
1775423312006,500224
1775423312007,500224
1775423312010,500224
1775423312012,500224
1775423312015,500224
1775423312017,500224
1775423312020,500224
1775423312022,500224
1775423312023,500224
1775423312024,500224
1775423312030,500224
1775423312033,500224
1775423312035,500224
1775423312038,500224
1775423312041,500224
1775423312043,500224
1775423312048,500224
1775423312051,500224
1775423312053,500224
1775423312056,500224
1775423312059,500224
1775423312062,500224
1775423312065,500224
1775423312067,500224
1775423312070,500224
1775423312075,500224
1775423312077,500224
1775423312080,500224
1775423312082,500224
1775423312085,500224
1775423312088,500224
1775423312090,500224
1775423312093,500224
1775423312095,500224
1775423312471,500224
1775423312474,500224
1775423312477,500224
1775423312480,500224
1775423312483,500224
1775423312486,500224
1775423312489,500224
1775423312493,500224
1775423312499,500224
1775423312502,500224
1775423312505,500224
1775423312507,500224
1775423312511,500224
1775423312514,500224
1775423312517,500224
1775423312521,500224
1775423312527,500224
1775423312532,500224
1775423312536,500224
1775423312541,500224
1775423312547,500224
1775423312551,500224
1775423312556,500224
1775423312559,500224
1775423312562,500224
1775423312565,500224
1775423312567,500224
1775423312569,500224
1775423312573,500224
1775423312575,500224
1775423312577,500224
1775423312578,500224
1775423312581,500224
1775423312585,500224
1775423312587,500224
1775423312588,500224
1775423312589,500224
1775423312591,500224
1775423312592,500224
1775423312593,500224
1775423312595,500224
1775423312597,500224
1775423312599,500224
1775423312601,500224
1775423312603,500224
1775423312605,500224
1775423312607,500224
1775423312608,500224
1775423312611,500224
1775423312614,500224
1775423312616,500224
1775423312617,500224
1775423312618,500224
1775423312620,500224
1775423312623,500224
1775423312626,500224
1775423312627,500224
1775423312629,500224
1775423312631,500224
1775423312633,500224
1775423312634,500224
1775423312636,500224
1775423312637,500224
1775423312639,500224
1775423312640,500224
1775423312643,500224
1775423312645,500224
1775423312647,500224
1775423312649,500224
1775423312651,500224
1775423312652,500224
1775423312654,500224
1775423312658,500224
1775423313076,500224
1775423313079,500224
1775423313083,500224
1775423313086,500224
1775423313088,500224
1775423313093,500224
1775423313096,500224
1775423313099,500224
1775423313100,500224
1775423313102,500224
1775423313106,500224
1775423313110,500224
1775423313113,500224
1775423313117,500224
1775423313121,500224
1775423313124,500224
1775423313127,500224
1775423313131,500224
1775423313136,500224
1775423313140,500224
1775423313144,500224
1775423313146,500224
1775423313148,500224
1775423313152,500224
1775423313155,500224
1775423313159,500224
1775423313164,500224
1775423313167,500224
1775423313170,500224
1775423313173,500224
1775423313174,500224
1775423313176,500224
1775423313178,500224
1775423313179,500224
1775423313181,500224
1775423313182,500224
1775423313184,500224
1775423313185,500224
1775423313187,500224
1775423313191,500224
1775423313195,500224
1775423313197,500224
1775423313200,500224
1775423313203,500224
1775423313206,500224
1775423313208,500224
1775423313210,500224
1775423313214,500224
1775423313218,500224
1775423313221,500224
1775423313223,500224
1775423313226,500224
1775423313228,500224
1775423313230,500224
1775423313232,500224
1775423313234,500224
1775423313235,500224
1775423313237,500224
1775423313239,500224
1775423313240,500224
1775423313241,500224
1775423313243,500224
1775423313246,500224
1775423313252,500224
1775423313254,500224
1775423313256,500224
1775423313260,500224
1775423313263,500224
1775423313265,500224
1775423313267,500224
1775423313270,500224
1775423313273,500224
1775423313275,500224
1775423313277,500224
1775423313278,500224
1775423313290,500224
1775423313292,500224
1775423313294,500224
1775423313295,500224
1775423313297,500224
1775423313299,500224
1775423313301,500224
1775423313302,500224
1775423313304,500224
1775423313306,500224
1775423313307,500224
1775423313308,500224
1775423313310,500224
1775423313313,500224
1775423313315,500224
1775423313316,500224
1775423313318,500224
1775423313674,500224
1775423313677,500224
1775423313683,500224
1775423313685,500224
1775423313689,500224
1775423313693,500224
1775423313696,500224
1775423313700,500224
1775423313705,500224
1775423313709,500224
1775423313712,500224
1775423313717,500224
1775423313720,500224
1775423313723,500224
1775423313726,500224
1775423313728,500224
1775423313732,500224
1775423313734,500224
1775423313736,500224
1775423313738,500224
1775423313740,500224
1775423313743,500224
1775423313746,500224
1775423313748,500224
1775423313750,500224
1775423313751,500224
1775423313755,500224
1775423313758,500224
1775423313761,500224
1775423313762,500224
1775423313764,500224
1775423313765,500224
1775423313767,500224
1775423313769,500224
1775423313772,500224
1775423313777,500224
1775423313781,500224
1775423313785,500224
1775423313788,500224
1775423313791,500224
1775423313794,500224
1775423313797,500224
1775423313799,500224
1775423313803,500224
1775423313806,500224
1775423313810,500224
1775423313812,500224
1775423313815,500224
1775423313819,500224
1775423313834,500224
1775423313839,500224
1775423313843,500224
1775423313846,500224
1775423313849,500224
1775423313852,500224
1775423313854,500224
1775423313856,500224
1775423313859,500224
1775423313861,500224
1775423313864,500224
1775423313866,500224
1775423313868,500224
1775423313871,500224
1775423313873,500224
1775423313874,500224
1775423313876,500224
1775423313877,500224
1775423313878,500224
1775423313880,500224
1775423313882,500224
1775423313885,500224
1775423313888,500224
1775423313890,500224
1775423314275,500224
1775423314278,500224
1775423314281,500224
1775423314285,500224
1775423314288,500224
1775423314295,500224
1775423314298,500224
1775423314300,500224
1775423314301,500224
1775423314302,500224
1775423314304,500224
1775423314305,500224
1775423314306,500224
1775423314307,500224
1775423314309,500224
1775423314310,500224
1775423314311,500224
1775423314313,500224
1775423314315,500224
1775423314318,500224
1775423314321,500224
1775423314324,500224
1775423314327,500224
1775423314330,500224
1775423314333,500224
1775423314335,500224
1775423314338,500224
1775423314340,500224
1775423314343,500224
1775423314345,500224
1775423314347,500224
1775423314349,500224
1775423314351,500224
1775423314353,500224
1775423314354,500224
1775423314356,500224
1775423314358,500224
1775423314360,500224
1775423314361,500224
1775423314365,500224
1775423314367,500224
1775423314371,500224
1775423314373,500224
1775423314376,500224
1775423314378,500224
1775423314379,500224
1775423314381,500224
1775423314383,500224
1775423314384,500224
1775423314386,500224
1775423314388,500224
1775423314389,500224
1775423314392,500224
1775423314394,500224
1775423314395,500224
1775423314396,500224
1775423314400,500224
1775423314401,500224
1775423314405,500224
1775423314406,500224
1775423314408,500224
1775423314410,500224
1775423314413,500224
1775423314415,500224
1775423314418,500224
1775423314421,500224
1775423314424,500224
1775423314427,500224
1775423314429,500224
1775423314431,500224
1775423314434,500224
1775423314436,500224
1775423314439,500224
1775423314441,500224
1775423314442,500224
1775423314444,500224
1775423314446,500224
1775423314448,500224
1775423314449,500224
1775423314451,500224
1775423314453,500224
1775423314454,500224
1775423314458,500224
1775423314876,500224
1775423314879,500224
1775423314882,500224
1775423314885,500224
1775423314887,500224
1775423314889,500224
1775423314891,500224
1775423314893,500224
1775423314894,500224
1775423314897,500224
1775423314900,500224
1775423314903,500224
1775423314906,500224
1775423314908,500224
1775423314917,500224
1775423314921,500224
1775423314923,500224
1775423314930,500224
1775423314937,500224
1775423314947,500224
1775423314950,500224
1775423314953,500224
1775423314956,500224
1775423314958,500224
1775423314960,500224
1775423314961,500224
1775423314963,500224
1775423314965,500224
1775423314967,500224
1775423314969,500224
1775423314971,500224
1775423314972,500224
1775423314976,500224
1775423314979,500224
1775423314985,500224
1775423314987,500224
1775423314989,500224
1775423314992,500224
1775423314994,500224
1775423314996,500224
1775423314997,500224
1775423314999,500224
1775423315001,500224
1775423315002,500224
1775423315004,500224
1775423315005,500224
1775423315008,500224
1775423315010,500224
1775423315012,500224
1775423315015,500224
1775423315018,500224
1775423315020,500224
1775423315023,500224
1775423315026,500224
1775423315028,500224
1775423315035,500224
1775423315037,500224
1775423315039,500224
1775423315041,500224
1775423315043,500224
1775423315045,500224
1775423315047,500224
1775423315051,500224
1775423315054,500224
1775423315057,500224
1775423315060,500224
1775423315062,500224
1775423315065,500224
1775423315067,500224
1775423315069,500224
1775423315071,500224
1775423315073,500224
1775423315076,500224
1775423315078,500224
1775423315080,500224
1775423315082,500224
1775423315084,500224
1775423315086,500224
1775423315088,500224
1775423315476,500224
1775423315480,500224
1775423315484,500224
1775423315491,500224
1775423315498,500224
1775423315501,500224
1775423315504,500224
1775423315512,500224
1775423315517,500224
1775423315520,500224
1775423315523,500224
1775423315525,500224
1775423315528,500224
1775423315530,500224
1775423315535,500224
1775423315537,500224
1775423315539,500224
1775423315541,500224
1775423315543,500224
1775423315545,500224
1775423315547,500224
1775423315549,500224
1775423315550,500224
1775423315552,500224
1775423315554,500224
1775423315555,500224
1775423315557,500224
1775423315558,500224
1775423315560,500224
1775423315561,500224
1775423315563,500224
1775423315564,500224
1775423315567,500224
1775423315570,500224
1775423315572,500224
1775423315575,500224
1775423315580,500224
1775423315581,500224
1775423315583,500224
1775423315584,500224
1775423315586,500224
1775423315587,500224
1775423315590,500224
1775423315592,500224
1775423315596,500224
1775423315600,500224
1775423315607,500224
1775423315610,500224
1775423315612,500224
1775423315614,500224
1775423315620,500224
1775423315623,500224
1775423315626,500224
1775423315629,500224
1775423315632,500224
1775423315635,500224
1775423315638,500224
1775423315641,500224
1775423315647,500224
1775423315650,500224
1775423315652,500224
1775423315655,500224
1775423315657,500224
1775423315659,500224
1775423315661,500224
1775423315663,500224
1775423315665,500224
1775423315671,500224
1775423315673,500224
1775423315674,500224
1775423315675,500224
1775423315677,500224
1775423315679,500224
1775423315681,500224
1775423315687,500224
1775423315689,500224
1775423315691,500224
1775423315693,500224
1775423315694,500224
1775423315696,500224
1775423315697,500224
1775423315698,500224
1775423315699,500224
1775423316085,500224
1775423316088,500224
1775423316090,500224
1775423316093,500224
1775423316095,500224
1775423316098,500224
1775423316100,500224
1775423316102,500224
1775423316106,500224
1775423316109,500224
1775423316115,500224
1775423316119,500224
1775423316123,500224
1775423316129,500224
1775423316131,500224
1775423316134,500224
1775423316137,500224
1775423316140,500224
1775423316144,500224
1775423316147,500224
1775423316151,500224
1775423316154,500224
1775423316159,500224
1775423316167,500224
1775423316171,500224
1775423316173,500224
1775423316175,500224
1775423316177,500224
1775423316179,500224
1775423316184,500224
1775423316187,500224
1775423316189,500224
1775423316192,500224
1775423316195,500224
1775423316197,500224
1775423316198,500224
1775423316200,500224
1775423316202,500224
1775423316203,500224
1775423316205,500224
1775423316206,500224
1775423316207,500224
1775423316209,500224
1775423316210,500224
1775423316212,500224
1775423316214,500224
1775423316215,500224
1775423316218,500224
1775423316221,500224
1775423316224,500224
1775423316226,500224
1775423316229,500224
1775423316232,500224
1775423316234,500224
1775423316237,500224
1775423316240,500224
1775423316242,500224
1775423316245,500224
1775423316248,500224
1775423316250,500224
1775423316253,500224
1775423316257,500224
1775423316263,500224
1775423316266,500224
1775423316270,500224
1775423316272,500224
1775423316274,500224
1775423316276,500224
1775423316277,500224
1775423316284,500224
1775423316287,500224
1775423316289,500224
1775423316292,500224
1775423316295,500224
1775423316298,500224
1775423316300,500224
1775423316682,500224
1775423316685,500224
1775423316688,500224
1775423316691,500224
1775423316700,500224
1775423316703,500224
1775423316714,500224
1775423316718,500224
1775423316721,500224
1775423316723,500224
1775423316725,500224
1775423316727,500224
1775423316729,500224
1775423316731,500224
1775423316733,500224
1775423316735,500224
1775423316737,500224
1775423316741,500224
1775423316745,500224
1775423316748,500224
1775423316754,500224
1775423316757,500224
1775423316760,500224
1775423316763,500224
1775423316767,500224
1775423316770,500224
1775423316773,500224
1775423316775,500224
1775423316778,500224
1775423316780,500224
1775423316782,500224
1775423316784,500224
1775423316789,500224
1775423316793,500224
1775423316795,500224
1775423316799,500224
1775423316803,500224
1775423316809,500224
1775423316814,500224
1775423316819,500224
1775423316823,500224
1775423316825,500224
1775423316828,500224
1775423316831,500224
1775423316833,500224
1775423316835,500224
1775423316837,500224
1775423316838,500224
1775423316844,500224
1775423316849,500224
1775423316858,500224
1775423316863,500224
1775423316866,500224
1775423316869,500224
1775423316872,500224
1775423316875,500224
1775423316877,500224
1775423316880,500224
1775423316884,500224
1775423316887,500224
1775423316889,500224
1775423316892,500224
1775423316895,500224
1775423316898,500224
1775423316901,500224
1775423316904,500224
1775423316906,500224
1775423316908,500224
1775423316910,500224
1775423316914,500224
1775423316916,500224
1775423316920,500224
1775423316922,500224
1775423316925,500224
1775423316928,500224
1775423316932,500224
1775423317289,500224
1775423317299,500224
1775423317302,500224
1775423317306,500224
1775423317309,500224
1775423317312,500224
1775423317314,500224
1775423317318,500224
1775423317320,500224
1775423317324,500224
1775423317329,500224
1775423317331,500224
1775423317333,500224
1775423317336,500224
1775423317339,500224
1775423317341,500224
1775423317344,500224
1775423317348,500224
1775423317350,500224
1775423317351,500224
1775423317354,500224
1775423317356,500224
1775423317360,500224
1775423317363,500224
1775423317366,500224
1775423317368,500224
1775423317371,500224
1775423317373,500224
1775423317375,500224
1775423317379,500224
1775423317381,500224
1775423317383,500224
1775423317385,500224
1775423317387,500224
1775423317389,500224
1775423317391,500224
1775423317393,500224
1775423317396,500224
1775423317401,500224
1775423317407,500224
1775423317409,500224
1775423317411,500224
1775423317413,500224
1775423317416,500224
1775423317418,500224
1775423317419,500224
1775423317420,500224
1775423317422,500224
1775423317423,500224
1775423317425,500224
1775423317427,500224
1775423317431,500224
1775423317434,500224
1775423317438,500224
1775423317445,500224
1775423317448,500224
1775423317450,500224
1775423317451,500224
1775423317453,500224
1775423317455,500224
1775423317458,500224
1775423317463,500224
1775423317468,500224
1775423317470,500224
1775423317472,500224
1775423317474,500224
1775423317476,500224
1775423317477,500224
1775423317480,500224
1775423317483,500224
1775423317485,500224
1775423317488,500224
1775423317489,500224
1775423317493,500224
1775423317497,500224
1775423317503,500224
1775423317505,500224
1775423317508,500224
1775423317515,500224
1775423317516,500224
1775423317520,500224
1775423317523,500224
1775423317526,500224
1775423317528,500224
1775423317531,500224
1775423317534,500224
1775423317536,500224
1775423317539,500224
1775423317541,500224
1775423317543,500224
1775423317887,500224
1775423317895,500224
1775423317898,500224
1775423317903,500224
1775423317905,500224
1775423317907,500224
1775423317910,500224
1775423317914,500224
1775423317917,500224
1775423317920,500224
1775423317922,500224
1775423317925,500224
1775423317927,500224
1775423317932,500224
1775423317934,500224
1775423317936,500224
1775423317938,500224
1775423317940,500224
1775423317942,500224
1775423317946,500224
1775423317950,500224
1775423317954,500224
1775423317957,500224
1775423317961,500224
1775423317964,500224
1775423317967,500224
1775423317975,500224
1775423317981,500224
1775423317984,500224
1775423317987,500224
1775423317990,500224
1775423317993,500224
1775423317995,500224
1775423317998,500224
1775423318001,500224
1775423318004,500224
1775423318007,500224
1775423318009,500224
1775423318012,500224
1775423318015,500224
1775423318017,500224
1775423318020,500224
1775423318023,500224
1775423318027,500224
1775423318029,500224
1775423318030,500224
1775423318033,500224
1775423318036,500224
1775423318040,500224
1775423318042,500224
1775423318045,500224
1775423318047,500224
1775423318049,500224
1775423318051,500224
1775423318052,500224
1775423318054,500224
1775423318056,500224
1775423318058,500224
1775423318060,500224
1775423318062,500224
1775423318064,500224
1775423318066,500224
1775423318067,500224
1775423318070,500224
1775423318071,500224
1775423318073,500224
1775423318075,500224
1775423318076,500224
1775423318078,500224
1775423318080,500224
1775423318082,500224
1775423318084,500224
1775423318086,500224
1775423318087,500224
1775423318089,500224
1775423318090,500224
1775423318091,500224
1775423318094,500224
1775423318095,500224
1775423318097,500224
1775423318099,500224
1775423318483,500224
1775423318488,500224
1775423318491,500224
1775423318495,500224
1775423318498,500224
1775423318501,500224
1775423318505,500224
1775423318508,500224
1775423318510,500224
1775423318513,500224
1775423318515,500224
1775423318517,500224
1775423318520,500224
1775423318523,500224
1775423318528,500224
1775423318536,500224
1775423318539,500224
1775423318541,500224
1775423318544,500224
1775423318547,500224
1775423318550,500224
1775423318553,500224
1775423318556,500224
1775423318558,500224
1775423318561,500224
1775423318564,500224
1775423318566,500224
1775423318569,500224
1775423318572,500224
1775423318575,500224
1775423318577,500224
1775423318580,500224
1775423318582,500224
1775423318585,500224
1775423318587,500224
1775423318590,500224
1775423318592,500224
1775423318594,500224
1775423318597,500224
1775423318599,500224
1775423318601,500224
1775423318603,500224
1775423318605,500224
1775423318609,500224
1775423318611,500224
1775423318612,500224
1775423318615,500224
1775423318618,500224
1775423318621,500224
1775423318624,500224
1775423318626,500224
1775423318628,500224
1775423318630,500224
1775423318632,500224
1775423318634,500224
1775423318636,500224
1775423318638,500224
1775423318641,500224
1775423318644,500224
1775423318647,500224
1775423318651,500224
1775423318654,500224
1775423318660,500224
1775423318666,500224
1775423318668,500224
1775423318671,500224
1775423318674,500224
1775423318676,500224
1775423318678,500224
1775423318681,500224
1775423318683,500224
1775423318686,500224
1775423318687,500224
1775423318689,500224
1775423318691,500224
1775423319082,500224
1775423319086,500224
1775423319088,500224
1775423319092,500224
1775423319095,500224
1775423319097,500224
1775423319100,500224
1775423319104,500224
1775423319107,500224
1775423319111,500224
1775423319114,500224
1775423319115,500224
1775423319116,500224
1775423319119,500224
1775423319122,500224
1775423319125,500224
1775423319128,500224
1775423319131,500224
1775423319134,500224
1775423319136,500224
1775423319139,500224
1775423319142,500224
1775423319145,500224
1775423319148,500224
1775423319150,500224
1775423319153,500224
1775423319155,500224
1775423319158,500224
1775423319160,500224
1775423319162,500224
1775423319164,500224
1775423319167,500224
1775423319170,500224
1775423319172,500224
1775423319175,500224
1775423319178,500224
1775423319180,500224
1775423319187,500224
1775423319193,500224
1775423319196,500224
1775423319197,500224
1775423319198,500224
1775423319200,500224
1775423319201,500224
1775423319204,500224
1775423319206,500224
1775423319209,500224
1775423319212,500224
1775423319215,500224
1775423319217,500224
1775423319220,500224
1775423319222,500224
1775423319224,500224
1775423319227,500224
1775423319230,500224
1775423319233,500224
1775423319236,500224
1775423319238,500224
1775423319240,500224
1775423319241,500224
1775423319243,500224
1775423319244,500224
1775423319245,500224
1775423319247,500224
1775423319249,500224
1775423319251,500224
1775423319252,500224
1775423319256,500224
1775423319257,500224
1775423319259,500224
1775423319260,500224
1775423319263,500224
1775423319266,500224
1775423319268,500224
1775423319271,500224
1775423319273,500224
1775423319275,500224
1775423319277,500224
1775423319278,500224
1775423319280,500224
1775423319282,500224
1775423319284,500224
1775423319286,500224
1775423319288,500224
1775423319685,500224
1775423319689,500224
1775423319692,500224
1775423319695,500224
1775423319699,500224
1775423319704,500224
1775423319707,500224
1775423319711,500224
1775423319714,500224
1775423319719,500224
1775423319721,500224
1775423319723,500224
1775423319726,500224
1775423319728,500224
1775423319730,500224
1775423319732,500224
1775423319733,500224
1775423319735,500224
1775423319738,500224
1775423319741,500224
1775423319743,500224
1775423319746,500224
1775423319749,500224
1775423319753,500224
1775423319756,500224
1775423319759,500224
1775423319762,500224
1775423319765,500224
1775423319767,500224
1775423319770,500224
1775423319772,500224
1775423319774,500224
1775423319776,500224
1775423319779,500224
1775423319782,500224
1775423319784,500224
1775423319787,500224
1775423319794,500224
1775423319797,500224
1775423319801,500224
1775423319803,500224
1775423319806,500224
1775423319810,500224
1775423319812,500224
1775423319815,500224
1775423319818,500224
1775423319820,500224
1775423319822,500224
1775423319824,500224
1775423319827,500224
1775423319829,500224
1775423319831,500224
1775423319833,500224
1775423319839,500224
1775423319841,500224
1775423319844,500224
1775423319847,500224
1775423319850,500224
1775423319852,500224
1775423319855,500224
1775423319857,500224
1775423319858,500224
1775423319859,500224
1775423319861,500224
1775423319862,500224
1775423319864,500224
1775423319865,500224
1775423319866,500224
1775423319868,500224
1775423319869,500224
1775423319870,500224
1775423319872,500224
1775423319873,500224
1775423319875,500224
1775423319892,500224
1775423319895,500224
1775423319898,500224
1775423319901,500224
1775423320284,500224
1775423320290,500224
1775423320296,500224
1775423320299,500224
1775423320301,500224
1775423320304,500224
1775423320307,500224
1775423320310,500224
1775423320312,500224
1775423320315,500224
1775423320319,500224
1775423320323,500224
1775423320326,500224
1775423320332,500224
1775423320335,500224
1775423320338,500224
1775423320340,500224
1775423320343,500224
1775423320345,500224
1775423320348,500224
1775423320354,500224
1775423320357,500224
1775423320359,500224
1775423320362,500224
1775423320364,500224
1775423320368,500224
1775423320370,500224
1775423320373,500224
1775423320375,500224
1775423320377,500224
1775423320380,500224
1775423320386,500224
1775423320389,500224
1775423320393,500224
1775423320396,500224
1775423320399,500224
1775423320402,500224
1775423320405,500224
1775423320408,500224
1775423320409,500224
1775423320410,500224
1775423320412,500224
1775423320413,500224
1775423320414,500224
1775423320416,500224
1775423320417,500224
1775423320418,500224
1775423320419,500224
1775423320421,500224
1775423320422,500224
1775423320423,500224
1775423320424,500224
1775423320426,500224
1775423320427,500224
1775423320428,500224
1775423320429,500224
1775423320431,500224
1775423320432,500224
1775423320435,500224
1775423320436,500224
1775423320441,500224
1775423320442,500224
1775423320451,500224
1775423320453,500224
1775423320455,500224
1775423320458,500224
1775423320461,500224
1775423320464,500224
1775423320466,500224
1775423320468,500224
1775423320471,500224
1775423320473,500224
1775423320476,500224
1775423320479,500224
1775423320482,500224
1775423320484,500224
1775423320487,500224
1775423320490,500224
1775423320492,500224
1775423320495,500224
1775423320888,500224
1775423320891,500224
1775423320894,500224
1775423320897,500224
1775423320900,500224
1775423320903,500224
1775423320906,500224
1775423320908,500224
1775423320912,500224
1775423320913,500224
1775423320916,500224
1775423320919,500224
1775423320924,500224
1775423320928,500224
1775423320933,500224
1775423320935,500224
1775423320938,500224
1775423320940,500224
1775423320943,500224
1775423320945,500224
1775423320948,500224
1775423320950,500224
1775423320953,500224
1775423320959,500224
1775423320962,500224
1775423320965,500224
1775423320968,500224
1775423320971,500224
1775423320980,500224
1775423320983,500224
1775423320985,500224
1775423320988,500224
1775423320990,500224
1775423320992,500224
1775423320995,500224
1775423320997,500224
1775423320999,500224
1775423321001,500224
1775423321003,500224
1775423321005,500224
1775423321007,500224
1775423321010,500224
1775423321012,500224
1775423321014,500224
1775423321016,500224
1775423321018,500224
1775423321027,500224
1775423321030,500224
1775423321032,500224
1775423321034,500224
1775423321036,500224
1775423321038,500224
1775423321040,500224
1775423321043,500224
1775423321046,500224
1775423321049,500224
1775423321052,500224
1775423321054,500224
1775423321057,500224
1775423321059,500224
1775423321061,500224
1775423321063,500224
1775423321069,500224
1775423321072,500224
1775423321075,500224
1775423321077,500224
1775423321079,500224
1775423321081,500224
1775423321082,500224
1775423321084,500224
1775423321085,500224
1775423321089,500224
1775423321092,500224
1775423321094,500224
1775423321097,500224
1775423321099,500224
1775423321103,500224
1775423321106,500224
1775423321108,500224
1775423321109,500224
1775423321486,500224
1775423321489,500224
1775423321492,500224
1775423321496,500224
1775423321500,500224
1775423321505,500224
1775423321507,500224
1775423321510,500224
1775423321513,500224
1775423321515,500224
1775423321517,500224
1775423321520,500224
1775423321522,500224
1775423321524,500224
1775423321526,500224
1775423321529,500224
1775423321535,500224
1775423321538,500224
1775423321541,500224
1775423321545,500224
1775423321548,500224
1775423321550,500224
1775423321551,500224
1775423321553,500224
1775423321555,500224
1775423321556,500224
1775423321558,500224
1775423321559,500224
1775423321561,500224
1775423321562,500224
1775423321564,500224
1775423321565,500224
1775423321566,500224
1775423321568,500224
1775423321569,500224
1775423321570,500224
1775423321572,500224
1775423321573,500224
1775423321575,500224
1775423321578,500224
1775423321580,500224
1775423321582,500224
1775423321584,500224
1775423321586,500224
1775423321587,500224
1775423321589,500224
1775423321591,500224
1775423321593,500224
1775423321594,500224
1775423321596,500224
1775423321598,500224
1775423321600,500224
1775423321603,500224
1775423321605,500224
1775423321607,500224
1775423321609,500224
1775423321611,500224
1775423321613,500224
1775423321615,500224
1775423321617,500224
1775423321619,500224
1775423321620,500224
1775423321622,500224
1775423321624,500224
1775423321625,500224
1775423321630,500224
1775423321631,500224
1775423321632,500224
1775423321633,500224
1775423321635,500224
1775423321636,500224
1775423321639,500224
1775423321641,500224
1775423321644,500224
1775423321647,500224
1775423321649,500224
1775423321652,500224
1775423321654,500224
1775423321656,500224
1775423321657,500224
1775423321659,500224
1775423321660,500224
1775423321661,500224
1775423321662,500224
1775423321664,500224
1775423321665,500224
1775423322089,500224
1775423322092,500224
1775423322095,500224
1775423322098,500224
1775423322100,500224
1775423322103,500224
1775423322107,500224
1775423322110,500224
1775423322113,500224
1775423322116,500224
1775423322118,500224
1775423322125,500224
1775423322129,500224
1775423322132,500224
1775423322134,500224
1775423322137,500224
1775423322140,500224
1775423322143,500224
1775423322144,500224
1775423322146,500224
1775423322147,500224
1775423322149,500224
1775423322151,500224
1775423322153,500224
1775423322156,500224
1775423322161,500224
1775423322164,500224
1775423322166,500224
1775423322169,500224
1775423322172,500224
1775423322174,500224
1775423322176,500224
1775423322178,500224
1775423322180,500224
1775423322182,500224
1775423322184,500224
1775423322186,500224
1775423322187,500224
1775423322189,500224
1775423322190,500224
1775423322192,500224
1775423322194,500224
1775423322195,500224
1775423322200,500224
1775423322203,500224
1775423322205,500224
1775423322206,500224
1775423322207,500224
1775423322209,500224
1775423322210,500224
1775423322211,500224
1775423322212,500224
1775423322214,500224
1775423322215,500224
1775423322216,500224
1775423322217,500224
1775423322221,500224
1775423322223,500224
1775423322226,500224
1775423322229,500224
1775423322232,500224
1775423322234,500224
1775423322237,500224
1775423322241,500224
1775423322243,500224
1775423322246,500224
1775423322249,500224
1775423322250,500224
1775423322252,500224
1775423322254,500224
1775423322256,500224
1775423322257,500224
1775423322259,500224
1775423322262,500224
1775423322265,500224
1775423322267,500224
1775423322689,500224
1775423322693,500224
1775423322696,500224
1775423322698,500224
1775423322704,500224
1775423322707,500224
1775423322710,500224
1775423322712,500224
1775423322714,500224
1775423322717,500224
1775423322719,500224
1775423322721,500224
1775423322723,500224
1775423322726,500224
1775423322732,500224
1775423322736,500224
1775423322738,500224
1775423322741,500224
1775423322744,500224
1775423322746,500224
1775423322749,500224
1775423322752,500224
1775423322762,500224
1775423322765,500224
1775423322767,500224
1775423322770,500224
1775423322773,500224
1775423322776,500224
1775423322779,500224
1775423322784,500224
1775423322787,500224
1775423322790,500224
1775423322798,500224
1775423322800,500224
1775423322803,500224
1775423322805,500224
1775423322807,500224
1775423322808,500224
1775423322810,500224
1775423322812,500224
1775423322813,500224
1775423322814,500224
1775423322817,500224
1775423322819,500224
1775423322821,500224
1775423322823,500224
1775423322825,500224
1775423322828,500224
1775423322831,500224
1775423322833,500224
1775423322835,500224
1775423322837,500224
1775423322838,500224
1775423322841,500224
1775423322843,500224
1775423322845,500224
1775423322847,500224
1775423322849,500224
1775423322850,500224
1775423322853,500224
1775423322856,500224
1775423322859,500224
1775423322860,500224
1775423322862,500224
1775423322863,500224
1775423322864,500224
1775423322867,500224
1775423322870,500224
1775423322873,500224
1775423322875,500224
1775423322877,500224
1775423322879,500224
1775423322881,500224
1775423322882,500224
1775423322887,500224
1775423322890,500224
1775423322893,500224
1775423322895,500224
1775423322897,500224
1775423322899,500224
1775423323290,500224
1775423323293,500224
1775423323296,500224
1775423323298,500224
1775423323301,500224
1775423323303,500224
1775423323305,500224
1775423323307,500224
1775423323309,500224
1775423323311,500224
1775423323314,500224
1775423323316,500224
1775423323318,500224
1775423323320,500224
1775423323322,500224
1775423323324,500224
1775423323327,500224
1775423323330,500224
1775423323333,500224
1775423323335,500224
1775423323340,500224
1775423323344,500224
1775423323347,500224
1775423323350,500224
1775423323352,500224
1775423323355,500224
1775423323357,500224
1775423323361,500224
1775423323363,500224
1775423323366,500224
1775423323370,500224
1775423323378,500224
1775423323381,500224
1775423323383,500224
1775423323386,500224
1775423323388,500224
1775423323391,500224
1775423323393,500224
1775423323395,500224
1775423323397,500224
1775423323398,500224
1775423323399,500224
1775423323400,500224
1775423323402,500224
1775423323403,500224
1775423323404,500224
1775423323406,500224
1775423323407,500224
1775423323408,500224
1775423323410,500224
1775423323411,500224
1775423323412,500224
1775423323413,500224
1775423323415,500224
1775423323416,500224
1775423323417,500224
1775423323419,500224
1775423323421,500224
1775423323425,500224
1775423323430,500224
1775423323433,500224
1775423323436,500224
1775423323438,500224
1775423323440,500224
1775423323442,500224
1775423323443,500224
1775423323445,500224
1775423323446,500224
1775423323447,500224
1775423323449,500224
1775423323450,500224
1775423323451,500224
1775423323453,500224
1775423323454,500224
1775423323455,500224
1775423323456,500224
1775423323458,500224
1775423323459,500224
1775423323460,500224
1775423323892,500224
1775423323897,500224
1775423323898,500224
1775423323900,500224
1775423323901,500224
1775423323903,500224
1775423323904,500224
1775423323905,500224
1775423323908,500224
1775423323910,500224
1775423323911,500224
1775423323913,500224
1775423323914,500224
1775423323916,500224
1775423323917,500224
1775423323918,500224
1775423323919,500224
1775423323922,500224
1775423323926,500224
1775423323929,500224
1775423323932,500224
1775423323935,500224
1775423323937,500224
1775423323940,500224
1775423323942,500224
1775423323944,500224
1775423323947,500224
1775423323949,500224
1775423323951,500224
1775423323954,500224
1775423323956,500224
1775423323958,500224
1775423323961,500224
1775423323966,500224
1775423323970,500224
1775423323976,500224
1775423323978,500224
1775423323980,500224
1775423323982,500224
1775423323984,500224
1775423323986,500224
1775423323988,500224
1775423323993,500224
1775423323996,500224
1775423324002,500224
1775423324007,500224
1775423324010,500224
1775423324012,500224
1775423324015,500224
1775423324018,500224
1775423324020,500224
1775423324023,500224
1775423324026,500224
1775423324028,500224
1775423324031,500224
1775423324033,500224
1775423324034,500224
1775423324036,500224
1775423324037,500224
1775423324040,500224
1775423324042,500224
1775423324045,500224
1775423324047,500224
1775423324048,500224
1775423324050,500224
1775423324052,500224
1775423324053,500224
1775423324055,500224
1775423324056,500224
1775423324058,500224
1775423324493,500224
1775423324496,500224
1775423324498,500224
1775423324501,500224
1775423324503,500224
1775423324506,500224
1775423324509,500224
1775423324511,500224
1775423324514,500224
1775423324516,500224
1775423324518,500224
1775423324520,500224
1775423324522,500224
1775423324523,500224
1775423324525,500224
1775423324527,500224
1775423324529,500224
1775423324535,500224
1775423324536,500224
1775423324538,500224
1775423324539,500224
1775423324540,500224
1775423324541,500224
1775423324545,500224
1775423324548,500224
1775423324551,500224
1775423324553,500224
1775423324556,500224
1775423324559,500224
1775423324562,500224
1775423324564,500224
1775423324570,500224
1775423324576,500224
1775423324578,500224
1775423324581,500224
1775423324582,500224
1775423324584,500224
1775423324592,500224
1775423324594,500224
1775423324597,500224
1775423324599,500224
1775423324601,500224
1775423324604,500224
1775423324607,500224
1775423324609,500224
1775423324611,500224
1775423324613,500224
1775423324615,500224
1775423324617,500224
1775423324619,500224
1775423324621,500224
1775423324623,500224
1775423324624,500224
1775423324626,500224
1775423324628,500224
1775423324629,500224
1775423324631,500224
1775423324633,500224
1775423324634,500224
1775423324636,500224
1775423324637,500224
1775423324639,500224
1775423324640,500224
1775423324642,500224
1775423324644,500224
1775423324646,500224
1775423324648,500224
1775423324650,500224
1775423324651,500224
1775423324653,500224
1775423324655,500224
1775423324657,500224
1775423324659,500224
1775423324660,500224
1775423324662,500224
1775423324663,500224
1775423324665,500224
1775423324669,500224
1775423324672,500224
1775423324674,500224
1775423324677,500224
1775423324680,500224
1775423324681,500224
1775423324683,500224
1775423324685,500224
1775423324687,500224
1775423324688,500224
1775423324689,500224
1775423324691,500224
1775423324692,500224
1775423324693,500224
1775423324694,500224
1775423325101,500224
1775423325117,500224
1775423325121,500224
1775423325124,500224
1775423325126,500224
1775423325128,500224
1775423325130,500224
1775423325132,500224
1775423325135,500224
1775423325137,500224
1775423325139,500224
1775423325140,500224
1775423325142,500224
1775423325143,500224
1775423325144,500224
1775423325148,500224
1775423325151,500224
1775423325155,500224
1775423325159,500224
1775423325160,500224
1775423325161,500224
1775423325163,500224
1775423325164,500224
1775423325166,500224
1775423325168,500224
1775423325169,500224
1775423325170,500224
1775423325172,500224
1775423325173,500224
1775423325175,500224
1775423325177,500224
1775423325179,500224
1775423325184,500224
1775423325187,500224
1775423325189,500224
1775423325191,500224
1775423325192,500224
1775423325194,500224
1775423325195,500224
1775423325196,500224
1775423325198,500224
1775423325199,500224
1775423325200,500224
1775423325202,500224
1775423325203,500224
1775423325207,500224
1775423325209,500224
1775423325219,500224
1775423325223,500224
1775423325225,500224
1775423325229,500224
1775423325232,500224
1775423325235,500224
1775423325237,500224
1775423325241,500224
1775423325245,500224
1775423325248,500224
1775423325250,500224
1775423325253,500224
1775423325255,500224
1775423325256,500224
1775423325258,500224
1775423325260,500224
1775423325261,500224
1775423325263,500224
1775423325265,500224
1775423325268,500224
1775423325271,500224
1775423325272,500224
1775423325275,500224
1775423325277,500224
1775423325281,500224
1775423325283,500224
1775423325284,500224
1775423325286,500224
1775423325289,500224
1775423325291,500224
1775423325695,500224
1775423325698,500224
1775423325700,500224
1775423325703,500224
1775423325706,500224
1775423325708,500224
1775423325711,500224
1775423325713,500224
1775423325716,500224
1775423325718,500224
1775423325722,500224
1775423325725,500224
1775423325728,500224
1775423325733,500224
1775423325736,500224
1775423325739,500224
1775423325742,500224
1775423325745,500224
1775423325747,500224
1775423325752,500224
1775423325755,500224
1775423325759,500224
1775423325761,500224
1775423325764,500224
1775423325768,500224
1775423325771,500224
1775423325774,500224
1775423325776,500224
1775423325778,500224
1775423325781,500224
1775423325785,500224
1775423325787,500224
1775423325790,500224
1775423325794,500224
1775423325797,500224
1775423325800,500224
1775423325804,500224
1775423325807,500224
1775423325812,500224
1775423325817,500224
1775423325820,500224
1775423325823,500224
1775423325826,500224
1775423325829,500224
1775423325831,500224
1775423325834,500224
1775423325837,500224
1775423325840,500224
1775423325842,500224
1775423325844,500224
1775423325846,500224
1775423325847,500224
1775423325849,500224
1775423325851,500224
1775423325855,500224
1775423325858,500224
1775423325860,500224
1775423325862,500224
1775423325864,500224
1775423325867,500224
1775423325870,500224
1775423325873,500224
1775423325878,500224
1775423325879,500224
1775423325881,500224
1775423325883,500224
1775423325885,500224
1775423325888,500224
1775423325889,500224
1775423325890,500224
1775423325892,500224
1775423325893,500224
1775423325895,500224
1775423325896,500224
1775423325897,500224
1775423325900,500224
1775423325906,500224
1775423325912,500224
1775423325915,500224
1775423325916,500224
1775423325918,500224
1775423325921,500224
1775423325924,500224
1775423325927,500224
1775423325930,500224
1775423325931,500224
1775423325933,500224
1775423326298,500224
1775423326301,500224
1775423326304,500224
1775423326309,500224
1775423326312,500224
1775423326314,500224
1775423326316,500224
1775423326320,500224
1775423326322,500224
1775423326325,500224
1775423326327,500224
1775423326329,500224
1775423326330,500224
1775423326332,500224
1775423326338,500224
1775423326342,500224
1775423326345,500224
1775423326347,500224
1775423326348,500224
1775423326349,500224
1775423326351,500224
1775423326352,500224
1775423326353,500224
1775423326355,500224
1775423326357,500224
1775423326359,500224
1775423326360,500224
1775423326362,500224
1775423326365,500224
1775423326369,500224
1775423326370,500224
1775423326374,500224
1775423326377,500224
1775423326379,500224
1775423326381,500224
1775423326382,500224
1775423326386,500224
1775423326389,500224
1775423326390,500224
1775423326392,500224
1775423326393,500224
1775423326395,500224
1775423326398,500224
1775423326402,500224
1775423326404,500224
1775423326406,500224
1775423326409,500224
1775423326411,500224
1775423326413,500224
1775423326415,500224
1775423326416,500224
1775423326419,500224
1775423326421,500224
1775423326423,500224
1775423326425,500224
1775423326428,500224
1775423326430,500224
1775423326432,500224
1775423326435,500224
1775423326438,500224
1775423326441,500224
1775423326443,500224
1775423326446,500224
1775423326448,500224
1775423326450,500224
1775423326451,500224
1775423326454,500224
1775423326456,500224
1775423326458,500224
1775423326459,500224
1775423326463,500224
1775423326465,500224
1775423326466,500224
1775423326469,500224
1775423326472,500224
1775423326473,500224
1775423326474,500224
1775423326476,500224
1775423326896,500224
1775423326904,500224
1775423326908,500224
1775423326910,500224
1775423326914,500224
1775423326918,500224
1775423326921,500224
1775423326928,500224
1775423326931,500224
1775423326937,500224
1775423326940,500224
1775423326942,500224
1775423326944,500224
1775423326945,500224
1775423326947,500224
1775423326948,500224
1775423326951,500224
1775423326953,500224
1775423326955,500224
1775423326958,500224
1775423326961,500224
1775423326963,500224
1775423326965,500224
1775423326968,500224
1775423326970,500224
1775423326971,500224
1775423326974,500224
1775423326977,500224
1775423326979,500224
1775423326981,500224
1775423326989,500224
1775423326992,500224
1775423326994,500224
1775423326996,500224
1775423326997,500224
1775423326998,500224
1775423327001,500224
1775423327002,500224
1775423327004,500224
1775423327006,500224
1775423327007,500224
1775423327009,500224
1775423327011,500224
1775423327014,500224
1775423327018,500224
1775423327020,500224
1775423327023,500224
1775423327025,500224
1775423327027,500224
1775423327029,500224
1775423327031,500224
1775423327033,500224
1775423327038,500224
1775423327040,500224
1775423327042,500224
1775423327044,500224
1775423327046,500224
1775423327048,500224
1775423327049,500224
1775423327051,500224
1775423327052,500224
1775423327055,500224
1775423327058,500224
1775423327061,500224
1775423327064,500224
1775423327066,500224
1775423327069,500224
1775423327071,500224
1775423327073,500224
1775423327075,500224
1775423327077,500224
1775423327079,500224
1775423327081,500224
1775423327084,500224
1775423327088,500224
1775423327091,500224
1775423327094,500224
1775423327098,500224
1775423327101,500224
1775423327104,500224
1775423327107,500224
1775423327109,500224
1775423327112,500224
1775423327115,500224
1775423327117,500224
1775423327120,500224
1775423327122,500224
1775423327498,500224
1775423327503,500224
1775423327506,500224
1775423327508,500224
1775423327511,500224
1775423327513,500224
1775423327519,500224
1775423327521,500224
1775423327526,500224
1775423327530,500224
1775423327533,500224
1775423327535,500224
1775423327538,500224
1775423327541,500224
1775423327545,500224
1775423327548,500224
1775423327550,500224
1775423327553,500224
1775423327555,500224
1775423327557,500224
1775423327560,500224
1775423327563,500224
1775423327565,500224
1775423327568,500224
1775423327572,500224
1775423327576,500224
1775423327578,500224
1775423327580,500224
1775423327582,500224
1775423327583,500224
1775423327585,500224
1775423327588,500224
1775423327591,500224
1775423327593,500224
1775423327594,500224
1775423327596,500224
1775423327598,500224
1775423327599,500224
1775423327602,500224
1775423327605,500224
1775423327607,500224
1775423327610,500224
1775423327612,500224
1775423327614,500224
1775423327617,500224
1775423327619,500224
1775423327623,500224
1775423327626,500224
1775423327628,500224
1775423327631,500224
1775423327633,500224
1775423327635,500224
1775423327637,500224
1775423327639,500224
1775423327641,500224
1775423327643,500224
1775423327644,500224
1775423327646,500224
1775423327648,500224
1775423327649,500224
1775423327651,500224
1775423327653,500224
1775423327654,500224
1775423327655,500224
1775423327657,500224
1775423327659,500224
1775423327662,500224
1775423327665,500224
1775423327667,500224
1775423328098,500224
1775423328108,500224
1775423328111,500224
1775423328113,500224
1775423328116,500224
1775423328118,500224
1775423328120,500224
1775423328123,500224
1775423328125,500224
1775423328127,500224
1775423328129,500224
1775423328133,500224
1775423328136,500224
1775423328139,500224
1775423328142,500224
1775423328145,500224
1775423328147,500224
1775423328150,500224
1775423328152,500224
1775423328155,500224
1775423328157,500224
1775423328160,500224
1775423328163,500224
1775423328165,500224
1775423328168,500224
1775423328171,500224
1775423328173,500224
1775423328176,500224
1775423328179,500224
1775423328181,500224
1775423328186,500224
1775423328189,500224
1775423328191,500224
1775423328196,500224
1775423328199,500224
1775423328202,500224
1775423328205,500224
1775423328208,500224
1775423328210,500224
1775423328213,500224
1775423328216,500224
1775423328218,500224
1775423328221,500224
1775423328224,500224
1775423328226,500224
1775423328229,500224
1775423328231,500224
1775423328234,500224
1775423328236,500224
1775423328238,500224
1775423328242,500224
1775423328248,500224
1775423328251,500224
1775423328254,500224
1775423328257,500224
1775423328259,500224
1775423328262,500224
1775423328265,500224
1775423328267,500224
1775423328270,500224
1775423328273,500224
1775423328275,500224
1775423328278,500224
1775423328280,500224
1775423328283,500224
1775423328287,500224
1775423328289,500224
1775423328293,500224
1775423328295,500224
1775423328298,500224
1775423328301,500224
1775423328305,500224
1775423328308,500224
1775423328310,500224
1775423328312,500224
1775423328314,500224
1775423328316,500224
1775423328318,500224
1775423328320,500224
1775423328324,500224
1775423328325,500224
1775423328327,500224
1775423328698,500224
1775423328701,500224
1775423328704,500224
1775423328706,500224
1775423328709,500224
1775423328712,500224
1775423328714,500224
1775423328717,500224
1775423328719,500224
1775423328722,500224
1775423328725,500224
1775423328727,500224
1775423328729,500224
1775423328733,500224
1775423328739,500224
1775423328746,500224
1775423328749,500224
1775423328751,500224
1775423328754,500224
1775423328756,500224
1775423328759,500224
1775423328761,500224
1775423328764,500224
1775423328768,500224
1775423328771,500224
1775423328774,500224
1775423328777,500224
1775423328781,500224
1775423328788,500224
1775423328791,500224
1775423328795,500224
1775423328798,500224
1775423328801,500224
1775423328803,500224
1775423328806,500224
1775423328809,500224
1775423328812,500224
1775423328815,500224
1775423328818,500224
1775423328820,500224
1775423328823,500224
1775423328825,500224
1775423328828,500224
1775423328831,500224
1775423328833,500224
1775423328837,500224
1775423328840,500224
1775423328843,500224
1775423328845,500224
1775423328848,500224
1775423328851,500224
1775423328853,500224
1775423328855,500224
1775423328857,500224
1775423328859,500224
1775423328861,500224
1775423328863,500224
1775423328865,500224
1775423328867,500224
1775423328869,500224
1775423328871,500224
1775423328872,500224
1775423328873,500224
1775423328874,500224
1775423328877,500224
1775423328880,500224
1775423328882,500224
1775423328883,500224
1775423328885,500224
1775423328886,500224
1775423328887,500224
1775423328889,500224
1775423328890,500224
1775423328893,500224
1775423328895,500224
1775423328896,500224
1775423328897,500224
1775423329301,500224
1775423329304,500224
1775423329307,500224
1775423329311,500224
1775423329314,500224
1775423329317,500224
1775423329319,500224
1775423329323,500224
1775423329326,500224
1775423329330,500224
1775423329337,500224
1775423329342,500224
1775423329345,500224
1775423329348,500224
1775423329350,500224
1775423329351,500224
1775423329355,500224
1775423329357,500224
1775423329358,500224
1775423329360,500224
1775423329364,500224
1775423329367,500224
1775423329369,500224
1775423329372,500224
1775423329375,500224
1775423329378,500224
1775423329379,500224
1775423329381,500224
1775423329382,500224
1775423329386,500224
1775423329389,500224
1775423329391,500224
1775423329394,500224
1775423329397,500224
1775423329399,500224
1775423329401,500224
1775423329402,500224
1775423329404,500224
1775423329406,500224
1775423329410,500224
1775423329413,500224
1775423329415,500224
1775423329416,500224
1775423329418,500224
1775423329419,500224
1775423329420,500224
1775423329422,500224
1775423329424,500224
1775423329426,500224
1775423329428,500224
1775423329429,500224
1775423329431,500224
1775423329433,500224
1775423329435,500224
1775423329436,500224
1775423329438,500224
1775423329440,500224
1775423329441,500224
1775423329443,500224
1775423329444,500224
1775423329445,500224
1775423329447,500224
1775423329449,500224
1775423329452,500224
1775423329454,500224
1775423329456,500224
1775423329458,500224
1775423329461,500224
1775423329471,500224
1775423329476,500224
1775423329479,500224
1775423329482,500224
1775423329485,500224
1775423329488,500224
1775423329902,500224
1775423329906,500224
1775423329909,500224
1775423329912,500224
1775423329915,500224
1775423329919,500224
1775423329924,500224
1775423329927,500224
1775423329929,500224
1775423329932,500224
1775423329933,500224
1775423329940,500224
1775423329943,500224
1775423329946,500224
1775423329948,500224
1775423329951,500224
1775423329954,500224
1775423329957,500224
1775423329959,500224
1775423329962,500224
1775423329965,500224
1775423329968,500224
1775423329969,500224
1775423329972,500224
1775423329975,500224
1775423329978,500224
1775423329980,500224
1775423329981,500224
1775423329988,500224
1775423329990,500224
1775423329992,500224
1775423329994,500224
1775423329996,500224
1775423329998,500224
1775423330002,500224
1775423330004,500224
1775423330008,500224
1775423330011,500224
1775423330013,500224
1775423330015,500224
1775423330016,500224
1775423330019,500224
1775423330022,500224
1775423330023,500224
1775423330025,500224
1775423330029,500224
1775423330031,500224
1775423330034,500224
1775423330035,500224
1775423330036,500224
1775423330038,500224
1775423330039,500224
1775423330040,500224
1775423330042,500224
1775423330044,500224
1775423330046,500224
1775423330048,500224
1775423330049,500224
1775423330051,500224
1775423330053,500224
1775423330056,500224
1775423330057,500224
1775423330060,500224
1775423330062,500224
1775423330067,500224
1775423330069,500224
1775423330071,500224
1775423330073,500224
1775423330075,500224
1775423330503,500224
1775423330508,500224
1775423330511,500224
1775423330514,500224
1775423330518,500224
1775423330521,500224
1775423330524,500224
1775423330527,500224
1775423330530,500224
1775423330533,500224
1775423330536,500224
1775423330539,500224
1775423330542,500224
1775423330544,500224
1775423330546,500224
1775423330550,500224
1775423330553,500224
1775423330555,500224
1775423330558,500224
1775423330561,500224
1775423330563,500224
1775423330566,500224
1775423330568,500224
1775423330570,500224
1775423330572,500224
1775423330574,500224
1775423330576,500224
1775423330578,500224
1775423330580,500224
1775423330583,500224
1775423330585,500224
1775423330587,500224
1775423330590,500224
1775423330593,500224
1775423330595,500224
1775423330598,500224
1775423330601,500224
1775423330603,500224
1775423330604,500224
1775423330606,500224
1775423330607,500224
1775423330610,500224
1775423330613,500224
1775423330616,500224
1775423330619,500224
1775423330621,500224
1775423330623,500224
1775423330625,500224
1775423330627,500224
1775423330630,500224
1775423330632,500224
1775423330633,500224
1775423330637,500224
1775423330639,500224
1775423330644,500224
1775423330646,500224
1775423330648,500224
1775423330650,500224
1775423330654,500224
1775423330656,500224
1775423330659,500224
1775423330664,500224
1775423330667,500224
1775423330669,500224
1775423330671,500224
1775423330672,500224
1775423330674,500224
1775423330677,500224
1775423330679,500224
1775423330680,500224
1775423330682,500224
1775423330683,500224
1775423330687,500224
1775423330691,500224
1775423330692,500224
1775423331103,500224
1775423331108,500224
1775423331110,500224
1775423331113,500224
1775423331116,500224
1775423331118,500224
1775423331124,500224
1775423331128,500224
1775423331131,500224
1775423331134,500224
1775423331140,500224
1775423331143,500224
1775423331146,500224
1775423331149,500224
1775423331153,500224
1775423331155,500224
1775423331158,500224
1775423331162,500224
1775423331165,500224
1775423331168,500224
1775423331171,500224
1775423331178,500224
1775423331181,500224
1775423331183,500224
1775423331186,500224
1775423331190,500224
1775423331193,500224
1775423331196,500224
1775423331205,500224
1775423331207,500224
1775423331210,500224
1775423331214,500224
1775423331217,500224
1775423331219,500224
1775423331223,500224
1775423331226,500224
1775423331228,500224
1775423331231,500224
1775423331234,500224
1775423331236,500224
1775423331239,500224
1775423331242,500224
1775423331244,500224
1775423331246,500224
1775423331248,500224
1775423331250,500224
1775423331251,500224
1775423331253,500224
1775423331255,500224
1775423331257,500224
1775423331259,500224
1775423331262,500224
1775423331265,500224
1775423331268,500224
1775423331270,500224
1775423331273,500224
1775423331276,500224
1775423331278,500224
1775423331281,500224
1775423331285,500224
1775423331287,500224
1775423331290,500224
1775423331292,500224
1775423331294,500224
1775423331300,500224
1775423331303,500224
1775423331305,500224
1775423331308,500224
1775423331310,500224
1775423331313,500224
1775423331315,500224
1775423331317,500224
1775423331319,500224
1775423331321,500224
1775423331323,500224
1775423331326,500224
1775423331704,500224
1775423331708,500224
1775423331715,500224
1775423331719,500224
1775423331724,500224
1775423331726,500224
1775423331728,500224
1775423331730,500224
1775423331732,500224
1775423331734,500224
1775423331735,500224
1775423331737,500224
1775423331739,500224
1775423331742,500224
1775423331743,500224
1775423331745,500224
1775423331748,500224
1775423331751,500224
1775423331753,500224
1775423331755,500224
1775423331758,500224
1775423331760,500224
1775423331762,500224
1775423331763,500224
1775423331764,500224
1775423331767,500224
1775423331769,500224
1775423331771,500224
1775423331773,500224
1775423331774,500224
1775423331776,500224
1775423331780,500224
1775423331782,500224
1775423331785,500224
1775423331788,500224
1775423331791,500224
1775423331794,500224
1775423331797,500224
1775423331800,500224
1775423331803,500224
1775423331806,500224
1775423331809,500224
1775423331811,500224
1775423331814,500224
1775423331817,500224
1775423331820,500224
1775423331822,500224
1775423331825,500224
1775423331828,500224
1775423331830,500224
1775423331833,500224
1775423331836,500224
1775423331840,500224
1775423331842,500224
1775423331846,500224
1775423331848,500224
1775423331851,500224
1775423331853,500224
1775423331855,500224
1775423331857,500224
1775423331859,500224
1775423331862,500224
1775423331865,500224
1775423331868,500224
1775423331871,500224
1775423331874,500224
1775423331876,500224
1775423331879,500224
1775423331882,500224
1775423331884,500224
1775423331887,500224
1775423331889,500224
1775423332308,500224
1775423332312,500224
1775423332315,500224
1775423332318,500224
1775423332320,500224
1775423332323,500224
1775423332328,500224
1775423332331,500224
1775423332334,500224
1775423332337,500224
1775423332340,500224
1775423332343,500224
1775423332345,500224
1775423332348,500224
1775423332350,500224
1775423332352,500224
1775423332359,500224
1775423332363,500224
1775423332365,500224
1775423332368,500224
1775423332370,500224
1775423332373,500224
1775423332376,500224
1775423332378,500224
1775423332380,500224
1775423332382,500224
1775423332385,500224
1775423332387,500224
1775423332389,500224
1775423332390,500224
1775423332392,500224
1775423332395,500224
1775423332397,500224
1775423332398,500224
1775423332400,500224
1775423332402,500224
1775423332403,500224
1775423332405,500224
1775423332406,500224
1775423332408,500224
1775423332409,500224
1775423332411,500224
1775423332413,500224
1775423332416,500224
1775423332419,500224
1775423332422,500224
1775423332425,500224
1775423332426,500224
1775423332428,500224
1775423332430,500224
1775423332434,500224
1775423332435,500224
1775423332437,500224
1775423332438,500224
1775423332439,500224
1775423332441,500224
1775423332442,500224
1775423332444,500224
1775423332446,500224
1775423332448,500224
1775423332450,500224
1775423332455,500224
1775423332458,500224
1775423332460,500224
1775423332463,500224
1775423332466,500224
1775423332468,500224
1775423332470,500224
1775423332473,500224
1775423332475,500224
1775423332477,500224
1775423332908,500224
1775423332910,500224
1775423332913,500224
1775423332916,500224
1775423332919,500224
1775423332922,500224
1775423332924,500224
1775423332927,500224
1775423332929,500224
1775423332930,500224
1775423332935,500224
1775423332939,500224
1775423332944,500224
1775423332946,500224
1775423332950,500224
1775423332953,500224
1775423332956,500224
1775423332957,500224
1775423332960,500224
1775423332962,500224
1775423332966,500224
1775423332968,500224
1775423332972,500224
1775423332975,500224
1775423332977,500224
1775423332981,500224
1775423332984,500224
1775423332987,500224
1775423332991,500224
1775423332994,500224
1775423332996,500224
1775423332998,500224
1775423333000,500224
1775423333002,500224
1775423333004,500224
1775423333006,500224
1775423333009,500224
1775423333011,500224
1775423333013,500224
1775423333014,500224
1775423333016,500224
1775423333018,500224
1775423333019,500224
1775423333021,500224
1775423333022,500224
1775423333024,500224
1775423333025,500224
1775423333027,500224
1775423333029,500224
1775423333030,500224
1775423333035,500224
1775423333037,500224
1775423333040,500224
1775423333043,500224
1775423333046,500224
1775423333048,500224
1775423333051,500224
1775423333053,500224
1775423333054,500224
1775423333056,500224
1775423333057,500224
1775423333060,500224
1775423333062,500224
1775423333067,500224
1775423333070,500224
1775423333072,500224
1775423333075,500224
1775423333078,500224
1775423333080,500224
1775423333083,500224
1775423333085,500224
1775423333087,500224
1775423333089,500224
1775423333092,500224
1775423333093,500224
1775423333508,500224
1775423333512,500224
1775423333515,500224
1775423333519,500224
1775423333521,500224
1775423333524,500224
1775423333527,500224
1775423333530,500224
1775423333532,500224
1775423333534,500224
1775423333536,500224
1775423333538,500224
1775423333539,500224
1775423333541,500224
1775423333544,500224
1775423333546,500224
1775423333549,500224
1775423333551,500224
1775423333554,500224
1775423333556,500224
1775423333558,500224
1775423333560,500224
1775423333563,500224
1775423333566,500224
1775423333567,500224
1775423333573,500224
1775423333575,500224
1775423333577,500224
1775423333581,500224
1775423333586,500224
1775423333587,500224
1775423333594,500224
1775423333598,500224
1775423333602,500224
1775423333606,500224
1775423333608,500224
1775423333611,500224
1775423333614,500224
1775423333616,500224
1775423333618,500224
1775423333620,500224
1775423333622,500224
1775423333625,500224
1775423333627,500224
1775423333630,500224
1775423333632,500224
1775423333634,500224
1775423333636,500224
1775423333638,500224
1775423333643,500224
1775423333646,500224
1775423333648,500224
1775423333650,500224
1775423333652,500224
1775423333654,500224
1775423333658,500224
1775423333660,500224
1775423333663,500224
1775423333666,500224
1775423333668,500224
1775423333671,500224
1775423333674,500224
1775423333677,500224
1775423333680,500224
1775423333684,500224
1775423333686,500224
1775423333687,500224
1775423333689,500224
1775423333691,500224
1775423333692,500224
1775423333694,500224
1775423333697,500224
1775423333700,500224
1775423333704,500224
1775423333706,500224
1775423333710,500224
1775423333713,500224
1775423333715,500224
1775423333718,500224
1775423333720,500224
1775423333723,500224
1775423333725,500224
1775423333728,500224
1775423333730,500224
1775423333732,500224
1775423334108,500224
1775423334113,500224
1775423334116,500224
1775423334119,500224
1775423334121,500224
1775423334124,500224
1775423334127,500224
1775423334129,500224
1775423334132,500224
1775423334135,500224
1775423334140,500224
1775423334144,500224
1775423334147,500224
1775423334149,500224
1775423334152,500224
1775423334161,500224
1775423334162,500224
1775423334164,500224
1775423334165,500224
1775423334167,500224
1775423334169,500224
1775423334171,500224
1775423334173,500224
1775423334177,500224
1775423334180,500224
1775423334183,500224
1775423334187,500224
1775423334191,500224
1775423334195,500224
1775423334198,500224
1775423334200,500224
1775423334202,500224
1775423334203,500224
1775423334205,500224
1775423334207,500224
1775423334209,500224
1775423334212,500224
1775423334214,500224
1775423334216,500224
1775423334220,500224
1775423334223,500224
1775423334226,500224
1775423334228,500224
1775423334231,500224
1775423334234,500224
1775423334237,500224
1775423334239,500224
1775423334241,500224
1775423334243,500224
1775423334245,500224
1775423334247,500224
1775423334249,500224
1775423334251,500224
1775423334253,500224
1775423334255,500224
1775423334257,500224
1775423334259,500224
1775423334261,500224
1775423334263,500224
1775423334265,500224
1775423334268,500224
1775423334271,500224
1775423334274,500224
1775423334277,500224
1775423334279,500224
1775423334282,500224
1775423334285,500224
1775423334287,500224
1775423334289,500224
1775423334293,500224
1775423334709,500224
1775423334712,500224
1775423334715,500224
1775423334717,500224
1775423334719,500224
1775423334722,500224
1775423334723,500224
1775423334729,500224
1775423334732,500224
1775423334735,500224
1775423334738,500224
1775423334740,500224
1775423334744,500224
1775423334746,500224
1775423334748,500224
1775423334750,500224
1775423334753,500224
1775423334756,500224
1775423334759,500224
1775423334761,500224
1775423334763,500224
1775423334765,500224
1775423334766,500224
1775423334768,500224
1775423334769,500224
1775423334773,500224
1775423334776,500224
1775423334779,500224
1775423334782,500224
1775423334785,500224
1775423334788,500224
1775423334791,500224
1775423334794,500224
1775423334796,500224
1775423334799,500224
1775423334802,500224
1775423334805,500224
1775423334807,500224
1775423334811,500224
1775423334815,500224
1775423334818,500224
1775423334821,500224
1775423334824,500224
1775423334826,500224
1775423334829,500224
1775423334832,500224
1775423334835,500224
1775423334838,500224
1775423334840,500224
1775423334843,500224
1775423334846,500224
1775423334848,500224
1775423334851,500224
1775423334853,500224
1775423334857,500224
1775423334859,500224
1775423334861,500224
1775423334863,500224
1775423334867,500224
1775423334872,500224
1775423334875,500224
1775423334877,500224
1775423334878,500224
1775423334881,500224
1775423334884,500224
1775423334888,500224
1775423334891,500224
1775423334894,500224
1775423334897,500224
1775423334900,500224
1775423334903,500224
1775423334906,500224
1775423334908,500224
1775423334911,500224
1775423334914,500224
1775423334916,500224
1775423334918,500224
1775423334921,500224
1775423334923,500224
1775423335310,500224
1775423335314,500224
1775423335317,500224
1775423335321,500224
1775423335325,500224
1775423335329,500224
1775423335332,500224
1775423335336,500224
1775423335338,500224
1775423335341,500224
1775423335343,500224
1775423335345,500224
1775423335348,500224
1775423335351,500224
1775423335354,500224
1775423335356,500224
1775423335362,500224
1775423335364,500224
1775423335367,500224
1775423335369,500224
1775423335372,500224
1775423335375,500224
1775423335377,500224
1775423335379,500224
1775423335381,500224
1775423335385,500224
1775423335389,500224
1775423335391,500224
1775423335393,500224
1775423335394,500224
1775423335397,500224
1775423335403,500224
1775423335404,500224
1775423335406,500224
1775423335410,500224
1775423335413,500224
1775423335415,500224
1775423335417,500224
1775423335419,500224
1775423335422,500224
1775423335425,500224
1775423335427,500224
1775423335430,500224
1775423335432,500224
1775423335434,500224
1775423335436,500224
1775423335438,500224
1775423335442,500224
1775423335446,500224
1775423335449,500224
1775423335452,500224
1775423335454,500224
1775423335457,500224
1775423335460,500224
1775423335463,500224
1775423335465,500224
1775423335467,500224
1775423335469,500224
1775423335472,500224
1775423335474,500224
1775423335477,500224
1775423335479,500224
1775423335481,500224
1775423335483,500224
1775423335484,500224
1775423335486,500224
1775423335487,500224
1775423335489,500224
1775423335492,500224
1775423335494,500224
1775423335496,500224
1775423335497,500224
1775423335499,500224
1775423335911,500224
1775423335915,500224
1775423335919,500224
1775423335921,500224
1775423335923,500224
1775423335927,500224
1775423335929,500224
1775423335931,500224
1775423335933,500224
1775423335935,500224
1775423335937,500224
1775423335939,500224
1775423335941,500224
1775423335944,500224
1775423335946,500224
1775423335949,500224
1775423335952,500224
1775423335955,500224
1775423335958,500224
1775423335960,500224
1775423335963,500224
1775423335964,500224
1775423335966,500224
1775423335968,500224
1775423335974,500224
1775423335977,500224
1775423335980,500224
1775423335983,500224
1775423335985,500224
1775423335987,500224
1775423335989,500224
1775423335991,500224
1775423335992,500224
1775423335994,500224
1775423335996,500224
1775423335998,500224
1775423336000,500224
1775423336001,500224
1775423336003,500224
1775423336005,500224
1775423336006,500224
1775423336007,500224
1775423336009,500224
1775423336010,500224
1775423336012,500224
1775423336014,500224
1775423336015,500224
1775423336017,500224
1775423336019,500224
1775423336020,500224
1775423336021,500224
1775423336023,500224
1775423336024,500224
1775423336025,500224
1775423336026,500224
1775423336028,500224
1775423336029,500224
1775423336030,500224
1775423336032,500224
1775423336033,500224
1775423336035,500224
1775423336036,500224
1775423336037,500224
1775423336039,500224
1775423336040,500224
1775423336042,500224
1775423336043,500224
1775423336045,500224
1775423336046,500224
1775423336048,500224
1775423336049,500224
1775423336051,500224
1775423336052,500224
1775423336054,500224
1775423336055,500224
1775423336056,500224
1775423336057,500224
1775423336060,500224
1775423336063,500224
1775423336066,500224
1775423336068,500224
1775423336512,500224
1775423336515,500224
1775423336518,500224
1775423336520,500224
1775423336523,500224
1775423336525,500224
1775423336529,500224
1775423336532,500224
1775423336535,500224
1775423336538,500224
1775423336540,500224
1775423336543,500224
1775423336546,500224
1775423336548,500224
1775423336551,500224
1775423336555,500224
1775423336558,500224
1775423336561,500224
1775423336563,500224
1775423336566,500224
1775423336568,500224
1775423336571,500224
1775423336574,500224
1775423336575,500224
1775423336577,500224
1775423336578,500224
1775423336580,500224
1775423336582,500224
1775423336585,500224
1775423336589,500224
1775423336592,500224
1775423336594,500224
1775423336596,500224
1775423336598,500224
1775423336600,500224
1775423336602,500224
1775423336604,500224
1775423336606,500224
1775423336608,500224
1775423336616,500224
1775423336619,500224
1775423336621,500224
1775423336623,500224
1775423336624,500224
1775423336626,500224
1775423336627,500224
1775423336629,500224
1775423336630,500224
1775423336633,500224
1775423336635,500224
1775423336638,500224
1775423336641,500224
1775423336643,500224
1775423336645,500224
1775423336648,500224
1775423336650,500224
1775423336652,500224
1775423336654,500224
1775423336656,500224
1775423336658,500224
1775423336660,500224
1775423336661,500224
1775423336663,500224
1775423336665,500224
1775423336667,500224
1775423336668,500224
1775423336670,500224
1775423336671,500224
1775423336673,500224
1775423336674,500224
1775423336676,500224
1775423336677,500224
1775423336678,500224
1775423336680,500224
1775423336681,500224
1775423336682,500224
1775423336684,500224
1775423337113,500224
1775423337115,500224
1775423337118,500224
1775423337121,500224
1775423337124,500224
1775423337126,500224
1775423337129,500224
1775423337132,500224
1775423337135,500224
1775423337137,500224
1775423337140,500224
1775423337142,500224
1775423337144,500224
1775423337146,500224
1775423337148,500224
1775423337151,500224
1775423337152,500224
1775423337156,500224
1775423337159,500224
1775423337162,500224
1775423337165,500224
1775423337167,500224
1775423337171,500224
1775423337177,500224
1775423337179,500224
1775423337180,500224
1775423337181,500224
1775423337183,500224
1775423337184,500224
1775423337186,500224
1775423337187,500224
1775423337189,500224
1775423337190,500224
1775423337191,500224
1775423337193,500224
1775423337194,500224
1775423337196,500224
1775423337198,500224
1775423337200,500224
1775423337201,500224
1775423337203,500224
1775423337204,500224
1775423337207,500224
1775423337208,500224
1775423337210,500224
1775423337211,500224
1775423337215,500224
1775423337217,500224
1775423337220,500224
1775423337223,500224
1775423337224,500224
1775423337225,500224
1775423337227,500224
1775423337228,500224
1775423337229,500224
1775423337230,500224
1775423337232,500224
1775423337233,500224
1775423337235,500224
1775423337236,500224
1775423337237,500224
1775423337240,500224
1775423337244,500224
1775423337246,500224
1775423337248,500224
1775423337250,500224
1775423337253,500224
1775423337255,500224
1775423337258,500224
1775423337261,500224
1775423337262,500224
1775423337264,500224
1775423337265,500224
1775423337267,500224
1775423337268,500224
1775423337714,500224
1775423337718,500224
1775423337727,500224
1775423337731,500224
1775423337733,500224
1775423337735,500224
1775423337736,500224
1775423337739,500224
1775423337742,500224
1775423337745,500224
1775423337748,500224
1775423337751,500224
1775423337756,500224
1775423337759,500224
1775423337761,500224
1775423337764,500224
1775423337767,500224
1775423337770,500224
1775423337773,500224
1775423337776,500224
1775423337778,500224
1775423337781,500224
1775423337785,500224
1775423337789,500224
1775423337793,500224
1775423337796,500224
1775423337799,500224
1775423337802,500224
1775423337805,500224
1775423337807,500224
1775423337810,500224
1775423337813,500224
1775423337815,500224
1775423337816,500224
1775423337818,500224
1775423337819,500224
1775423337821,500224
1775423337822,500224
1775423337824,500224
1775423337825,500224
1775423337827,500224
1775423337830,500224
1775423337834,500224
1775423337836,500224
1775423337838,500224
1775423337841,500224
1775423337843,500224
1775423337845,500224
1775423337847,500224
1775423337848,500224
1775423337850,500224
1775423337851,500224
1775423337852,500224
1775423337854,500224
1775423337855,500224
1775423337856,500224
1775423337857,500224
1775423337859,500224
1775423337861,500224
1775423337862,500224
1775423337863,500224
1775423337864,500224
1775423337866,500224
1775423337867,500224
1775423337869,500224
1775423337870,500224
1775423337871,500224
1775423337873,500224
1775423337874,500224
1775423337875,500224
1775423337877,500224
1775423337878,500224
1775423337879,500224
1775423337880,500224
1775423338316,500224
1775423338323,500224
1775423338326,500224
1775423338329,500224
1775423338332,500224
1775423338335,500224
1775423338338,500224
1775423338341,500224
1775423338343,500224
1775423338346,500224
1775423338351,500224
1775423338353,500224
1775423338357,500224
1775423338360,500224
1775423338363,500224
1775423338367,500224
1775423338370,500224
1775423338373,500224
1775423338375,500224
1775423338377,500224
1775423338379,500224
1775423338382,500224
1775423338384,500224
1775423338387,500224
1775423338389,500224
1775423338391,500224
1775423338393,500224
1775423338395,500224
1775423338397,500224
1775423338400,500224
1775423338402,500224
1775423338404,500224
1775423338406,500224
1775423338410,500224
1775423338415,500224
1775423338417,500224
1775423338419,500224
1775423338421,500224
1775423338423,500224
1775423338425,500224
1775423338426,500224
1775423338429,500224
1775423338432,500224
1775423338434,500224
1775423338436,500224
1775423338437,500224
1775423338442,500224
1775423338453,500224
1775423338456,500224
1775423338459,500224
1775423338463,500224
1775423338465,500224
1775423338467,500224
1775423338468,500224
1775423338471,500224
1775423338472,500224
1775423338475,500224
1775423338477,500224
1775423338478,500224
1775423338480,500224
1775423338481,500224
1775423338482,500224
1775423338484,500224
1775423338485,500224
1775423338487,500224
1775423338488,500224
1775423338490,500224
1775423338492,500224
1775423338493,500224
1775423338495,500224
1775423338497,500224
1775423338500,500224
1775423338504,500224
1775423338505,500224
1775423338506,500224
1775423338508,500224
1775423338509,500224
1775423338510,500224
1775423338512,500224
1775423338513,500224
1775423338918,500224
1775423338922,500224
1775423338925,500224
1775423338927,500224
1775423338930,500224
1775423338932,500224
1775423338934,500224
1775423338938,500224
1775423338942,500224
1775423338945,500224
1775423338948,500224
1775423338953,500224
1775423338956,500224
1775423338959,500224
1775423338963,500224
1775423338966,500224
1775423338969,500224
1775423338971,500224
1775423338973,500224
1775423338975,500224
1775423338977,500224
1775423338978,500224
1775423338981,500224
1775423338982,500224
1775423338984,500224
1775423338986,500224
1775423338989,500224
1775423338990,500224
1775423338991,500224
1775423338993,500224
1775423338994,500224
1775423338996,500224
1775423338998,500224
1775423339000,500224
1775423339002,500224
1775423339003,500224
1775423339006,500224
1775423339009,500224
1775423339011,500224
1775423339014,500224
1775423339016,500224
1775423339018,500224
1775423339020,500224
1775423339021,500224
1775423339025,500224
1775423339026,500224
1775423339029,500224
1775423339031,500224
1775423339033,500224
1775423339035,500224
1775423339038,500224
1775423339040,500224
1775423339042,500224
1775423339044,500224
1775423339046,500224
1775423339048,500224
1775423339050,500224
1775423339052,500224
1775423339053,500224
1775423339056,500224
1775423339058,500224
1775423339060,500224
1775423339062,500224
1775423339064,500224
1775423339067,500224
1775423339071,500224
1775423339074,500224
1775423339075,500224
1775423339077,500224
1775423339080,500224
1775423339083,500224
1775423339085,500224
1775423339087,500224
1775423339089,500224
1775423339090,500224
1775423339094,500224
1775423339518,500224
1775423339520,500224
1775423339523,500224
1775423339525,500224
1775423339528,500224
1775423339530,500224
1775423339533,500224
1775423339541,500224
1775423339543,500224
1775423339544,500224
1775423339548,500224
1775423339552,500224
1775423339555,500224
1775423339557,500224
1775423339559,500224
1775423339562,500224
1775423339564,500224
1775423339567,500224
1775423339569,500224
1775423339571,500224
1775423339573,500224
1775423339575,500224
1775423339577,500224
1775423339581,500224
1775423339587,500224
1775423339591,500224
1775423339596,500224
1775423339599,500224
1775423339601,500224
1775423339603,500224
1775423339605,500224
1775423339606,500224
1775423339610,500224
1775423339613,500224
1775423339615,500224
1775423339617,500224
1775423339619,500224
1775423339621,500224
1775423339623,500224
1775423339625,500224
1775423339626,500224
1775423339628,500224
1775423339629,500224
1775423339631,500224
1775423339633,500224
1775423339635,500224
1775423339638,500224
1775423339640,500224
1775423339642,500224
1775423339644,500224
1775423339646,500224
1775423339648,500224
1775423339650,500224
1775423339651,500224
1775423339653,500224
1775423339656,500224
1775423339659,500224
1775423339662,500224
1775423339666,500224
1775423339668,500224
1775423339671,500224
1775423339674,500224
1775423339676,500224
1775423339680,500224
1775423339682,500224
1775423339685,500224
1775423340118,500224
1775423340120,500224
1775423340124,500224
1775423340128,500224
1775423340131,500224
1775423340135,500224
1775423340139,500224
1775423340142,500224
1775423340149,500224
1775423340152,500224
1775423340155,500224
1775423340157,500224
1775423340160,500224
1775423340163,500224
1775423340166,500224
1775423340169,500224
1775423340172,500224
1775423340174,500224
1775423340176,500224
1775423340178,500224
1775423340180,500224
1775423340182,500224
1775423340186,500224
1775423340190,500224
1775423340192,500224
1775423340195,500224
1775423340197,500224
1775423340200,500224
1775423340207,500224
1775423340210,500224
1775423340212,500224
1775423340216,500224
1775423340221,500224
1775423340225,500224
1775423340228,500224
1775423340232,500224
1775423340235,500224
1775423340237,500224
1775423340239,500224
1775423340241,500224
1775423340246,500224
1775423340249,500224
1775423340252,500224
1775423340254,500224
1775423340256,500224
1775423340258,500224
1775423340259,500224
1775423340261,500224
1775423340263,500224
1775423340265,500224
1775423340268,500224
1775423340270,500224
1775423340272,500224
1775423340275,500224
1775423340277,500224
1775423340279,500224
1775423340281,500224
1775423340284,500224
1775423340287,500224
1775423340289,500224
1775423340291,500224
1775423340293,500224
1775423340295,500224
1775423340298,500224
1775423340301,500224
1775423340304,500224
1775423340308,500224
1775423340312,500224
1775423340315,500224
1775423340322,500224
1775423340324,500224
1775423340327,500224
1775423340334,500224
1775423340719,500224
1775423340723,500224
1775423340727,500224
1775423340730,500224
1775423340733,500224
1775423340738,500224
1775423340741,500224
1775423340744,500224
1775423340746,500224
1775423340749,500224
1775423340752,500224
1775423340754,500224
1775423340759,500224
1775423340761,500224
1775423340764,500224
1775423340766,500224
1775423340771,500224
1775423340773,500224
1775423340776,500224
1775423340779,500224
1775423340783,500224
1775423340785,500224
1775423340787,500224
1775423340790,500224
1775423340793,500224
1775423340795,500224
1775423340798,500224
1775423340801,500224
1775423340803,500224
1775423340806,500224
1775423340809,500224
1775423340811,500224
1775423340815,500224
1775423340817,500224
1775423340820,500224
1775423340822,500224
1775423340826,500224
1775423340828,500224
1775423340831,500224
1775423340834,500224
1775423340836,500224
1775423340837,500224
1775423340839,500224
1775423340841,500224
1775423340843,500224
1775423340844,500224
1775423340846,500224
1775423340847,500224
1775423340849,500224
1775423340850,500224
1775423340852,500224
1775423340853,500224
1775423340855,500224
1775423340857,500224
1775423340862,500224
1775423340865,500224
1775423340868,500224
1775423340870,500224
1775423340871,500224
1775423340874,500224
1775423340877,500224
1775423340880,500224
1775423340883,500224
1775423340885,500224
1775423340888,500224
1775423340890,500224
1775423340893,500224
1775423340896,500224
1775423340898,500224
1775423340901,500224
1775423340903,500224
1775423340906,500224
1775423340909,500224
1775423340912,500224
1775423340915,500224
1775423340917,500224
1775423341320,500224
1775423341323,500224
1775423341325,500224
1775423341327,500224
1775423341329,500224
1775423341333,500224
1775423341337,500224
1775423341339,500224
1775423341342,500224
1775423341346,500224
1775423341349,500224
1775423341352,500224
1775423341355,500224
1775423341357,500224
1775423341360,500224
1775423341362,500224
1775423341364,500224
1775423341366,500224
1775423341369,500224
1775423341373,500224
1775423341375,500224
1775423341378,500224
1775423341380,500224
1775423341384,500224
1775423341385,500224
1775423341387,500224
1775423341394,500224
1775423341399,500224
1775423341401,500224
1775423341403,500224
1775423341405,500224
1775423341408,500224
1775423341411,500224
1775423341413,500224
1775423341415,500224
1775423341417,500224
1775423341419,500224
1775423341422,500224
1775423341423,500224
1775423341425,500224
1775423341426,500224
1775423341427,500224
1775423341429,500224
1775423341430,500224
1775423341432,500224
1775423341436,500224
1775423341438,500224
1775423341440,500224
1775423341441,500224
1775423341443,500224
1775423341444,500224
1775423341445,500224
1775423341447,500224
1775423341448,500224
1775423341449,500224
1775423341451,500224
1775423341452,500224
1775423341453,500224
1775423341456,500224
1775423341460,500224
1775423341463,500224
1775423341466,500224
1775423341469,500224
1775423341471,500224
1775423341474,500224
1775423341477,500224
1775423341480,500224
1775423341482,500224
1775423341485,500224
1775423341488,500224
1775423341489,500224
1775423341490,500224
1775423341492,500224
1775423341494,500224
1775423341495,500224
1775423341497,500224
1775423341500,500224
1775423341923,500224
1775423341928,500224
1775423341931,500224
1775423341933,500224
1775423341936,500224
1775423341939,500224
1775423341941,500224
1775423341944,500224
1775423341947,500224
1775423341951,500224
1775423341955,500224
1775423341958,500224
1775423341961,500224
1775423341964,500224
1775423341966,500224
1775423341969,500224
1775423341972,500224
1775423341975,500224
1775423341978,500224
1775423341981,500224
1775423341983,500224
1775423341984,500224
1775423341986,500224
1775423341988,500224
1775423341990,500224
1775423341992,500224
1775423341993,500224
1775423341995,500224
1775423341996,500224
1775423341998,500224
1775423342000,500224
1775423342002,500224
1775423342005,500224
1775423342007,500224
1775423342009,500224
1775423342010,500224
1775423342011,500224
1775423342012,500224
1775423342014,500224
1775423342015,500224
1775423342016,500224
1775423342018,500224
1775423342019,500224
1775423342020,500224
1775423342025,500224
1775423342027,500224
1775423342030,500224
1775423342032,500224
1775423342033,500224
1775423342034,500224
1775423342035,500224
1775423342037,500224
1775423342038,500224
1775423342039,500224
1775423342040,500224
1775423342041,500224
1775423342043,500224
1775423342044,500224
1775423342045,500224
1775423342046,500224
1775423342048,500224
1775423342049,500224
1775423342050,500224
1775423342051,500224
1775423342053,500224
1775423342054,500224
1775423342057,500224
1775423342060,500224
1775423342521,500224
1775423342524,500224
1775423342527,500224
1775423342529,500224
1775423342531,500224
1775423342533,500224
1775423342535,500224
1775423342537,500224
1775423342538,500224
1775423342540,500224
1775423342542,500224
1775423342543,500224
1775423342545,500224
1775423342547,500224
1775423342548,500224
1775423342550,500224
1775423342551,500224
1775423342555,500224
1775423342557,500224
1775423342559,500224
1775423342560,500224
1775423342562,500224
1775423342563,500224
1775423342564,500224
1775423342566,500224
1775423342567,500224
1775423342568,500224
1775423342570,500224
1775423342571,500224
1775423342572,500224
1775423342573,500224
1775423342575,500224
1775423342576,500224
1775423342577,500224
1775423342579,500224
1775423342580,500224
1775423342581,500224
1775423342583,500224
1775423342584,500224
1775423342585,500224
1775423342586,500224
1775423342588,500224
1775423342589,500224
1775423342590,500224
1775423342591,500224
1775423342593,500224
1775423342594,500224
1775423342595,500224
1775423342596,500224
1775423342598,500224
1775423342599,500224
1775423342600,500224
1775423342601,500224
1775423342603,500224
1775423342611,500224
1775423342613,500224
1775423342614,500224
1775423342615,500224
1775423342616,500224
1775423342617,500224
1775423342619,500224
1775423342622,500224
1775423342625,500224
1775423342628,500224
1775423342629,500224
1775423342630,500224
1775423342632,500224
1775423342633,500224
1775423342634,500224
1775423342635,500224
1775423342637,500224
1775423342638,500224
1775423342641,500224
1775423342644,500224
1775423342645,500224
1775423342647,500224
1775423342648,500224
1775423342650,500224
1775423342652,500224
1775423342653,500224
1775423342655,500224
1775423342656,500224
1775423342658,500224
1775423342661,500224
1775423343124,500224
1775423343128,500224
1775423343132,500224
1775423343134,500224
1775423343136,500224
1775423343138,500224
1775423343141,500224
1775423343143,500224
1775423343146,500224
1775423343148,500224
1775423343151,500224
1775423343154,500224
1775423343156,500224
1775423343157,500224
1775423343159,500224
1775423343161,500224
1775423343163,500224
1775423343165,500224
1775423343167,500224
1775423343171,500224
1775423343174,500224
1775423343176,500224
1775423343178,500224
1775423343180,500224
1775423343181,500224
1775423343183,500224
1775423343184,500224
1775423343187,500224
1775423343189,500224
1775423343190,500224
1775423343193,500224
1775423343197,500224
1775423343201,500224
1775423343204,500224
1775423343210,500224
1775423343213,500224
1775423343215,500224
1775423343218,500224
1775423343221,500224
1775423343223,500224
1775423343226,500224
1775423343229,500224
1775423343231,500224
1775423343234,500224
1775423343237,500224
1775423343239,500224
1775423343242,500224
1775423343245,500224
1775423343247,500224
1775423343249,500224
1775423343251,500224
1775423343253,500224
1775423343257,500224
1775423343259,500224
1775423343264,500224
1775423343267,500224
1775423343271,500224
1775423343276,500224
1775423343279,500224
1775423343282,500224
1775423343285,500224
1775423343288,500224
1775423343290,500224
1775423343293,500224
1775423343295,500224
1775423343298,500224
1775423343301,500224
1775423343304,500224
1775423343306,500224
1775423343309,500224
1775423343311,500224
1775423343313,500224
1775423343314,500224
1775423343315,500224
1775423343317,500224
1775423343318,500224
1775423343319,500224
1775423343725,500224
1775423343728,500224
1775423343731,500224
1775423343734,500224
1775423343738,500224
1775423343741,500224
1775423343744,500224
1775423343747,500224
1775423343750,500224
1775423343752,500224
1775423343755,500224
1775423343757,500224
1775423343760,500224
1775423343762,500224
1775423343764,500224
1775423343767,500224
1775423343769,500224
1775423343773,500224
1775423343776,500224
1775423343779,500224
1775423343781,500224
1775423343783,500224
1775423343785,500224
1775423343788,500224
1775423343791,500224
1775423343793,500224
1775423343797,500224
1775423343798,500224
1775423343802,500224
1775423343805,500224
1775423343808,500224
1775423343812,500224
1775423343814,500224
1775423343817,500224
1775423343819,500224
1775423343821,500224
1775423343823,500224
1775423343824,500224
1775423343826,500224
1775423343828,500224
1775423343831,500224
1775423343834,500224
1775423343837,500224
1775423343840,500224
1775423343842,500224
1775423343845,500224
1775423343847,500224
1775423343850,500224
1775423343852,500224
1775423343854,500224
1775423343856,500224
1775423343858,500224
1775423343860,500224
1775423343863,500224
1775423343865,500224
1775423343868,500224
1775423343870,500224
1775423343873,500224
1775423343876,500224
1775423343879,500224
1775423343881,500224
1775423343883,500224
1775423343886,500224
1775423343888,500224
1775423343890,500224
1775423343892,500224
1775423343894,500224
1775423343896,500224
1775423344327,500224
1775423344330,500224
1775423344332,500224
1775423344334,500224
1775423344338,500224
1775423344340,500224
1775423344349,500224
1775423344352,500224
1775423344355,500224
1775423344358,500224
1775423344360,500224
1775423344363,500224
1775423344365,500224
1775423344367,500224
1775423344369,500224
1775423344371,500224
1775423344373,500224
1775423344377,500224
1775423344380,500224
1775423344382,500224
1775423344384,500224
1775423344386,500224
1775423344389,500224
1775423344393,500224
1775423344396,500224
1775423344399,500224
1775423344401,500224
1775423344404,500224
1775423344407,500224
1775423344409,500224
1775423344412,500224
1775423344414,500224
1775423344416,500224
1775423344418,500224
1775423344420,500224
1775423344422,500224
1775423344424,500224
1775423344426,500224
1775423344428,500224
1775423344430,500224
1775423344432,500224
1775423344434,500224
1775423344436,500224
1775423344438,500224
1775423344441,500224
1775423344444,500224
1775423344446,500224
1775423344449,500224
1775423344452,500224
1775423344455,500224
1775423344457,500224
1775423344458,500224
1775423344459,500224
1775423344461,500224
1775423344462,500224
1775423344466,500224
1775423344471,500224
1775423344472,500224
1775423344474,500224
1775423344476,500224
1775423344478,500224
1775423344479,500224
1775423344481,500224
1775423344482,500224
1775423344488,500224
1775423344494,500224
1775423344496,500224
1775423344497,500224
1775423344500,500224
1775423344502,500224
1775423344505,500224
1775423344507,500224
1775423344510,500224
1775423344512,500224
1775423344514,500224
1775423344516,500224
1775423344927,500224
1775423344929,500224
1775423344932,500224
1775423344934,500224
1775423344936,500224
1775423344939,500224
1775423344944,500224
1775423344947,500224
1775423344950,500224
1775423344953,500224
1775423344958,500224
1775423344960,500224
1775423344963,500224
1775423344966,500224
1775423344969,500224
1775423344971,500224
1775423344974,500224
1775423344977,500224
1775423344979,500224
1775423344982,500224
1775423344985,500224
1775423344987,500224
1775423344990,500224
1775423344992,500224
1775423344994,500224
1775423344998,500224
1775423345001,500224
1775423345004,500224
1775423345006,500224
1775423345009,500224
1775423345011,500224
1775423345013,500224
1775423345016,500224
1775423345018,500224
1775423345020,500224
1775423345022,500224
1775423345024,500224
1775423345025,500224
1775423345027,500224
1775423345028,500224
1775423345030,500224
1775423345034,500224
1775423345036,500224
1775423345037,500224
1775423345039,500224
1775423345041,500224
1775423345042,500224
1775423345044,500224
1775423345048,500224
1775423345050,500224
1775423345053,500224
1775423345056,500224
1775423345058,500224
1775423345060,500224
1775423345062,500224
1775423345064,500224
1775423345066,500224
1775423345069,500224
1775423345071,500224
1775423345073,500224
1775423345075,500224
1775423345077,500224
1775423345079,500224
1775423345081,500224
1775423345082,500224
1775423345085,500224
1775423345087,500224
1775423345089,500224
1775423345091,500224
1775423345093,500224
1775423345095,500224
1775423345098,500224
1775423345101,500224
1775423345535,500224
1775423345538,500224
1775423345541,500224
1775423345543,500224
1775423345545,500224
1775423345548,500224
1775423345552,500224
1775423345555,500224
1775423345558,500224
1775423345561,500224
1775423345563,500224
1775423345566,500224
1775423345569,500224
1775423345571,500224
1775423345573,500224
1775423345576,500224
1775423345578,500224
1775423345580,500224
1775423345583,500224
1775423345585,500224
1775423345587,500224
1775423345590,500224
1775423345592,500224
1775423345599,500224
1775423345602,500224
1775423345605,500224
1775423345607,500224
1775423345609,500224
1775423345612,500224
1775423345614,500224
1775423345616,500224
1775423345618,500224
1775423345619,500224
1775423345621,500224
1775423345622,500224
1775423345624,500224
1775423345625,500224
1775423345626,500224
1775423345628,500224
1775423345629,500224
1775423345630,500224
1775423345632,500224
1775423345633,500224
1775423345635,500224
1775423345637,500224
1775423345643,500224
1775423345645,500224
1775423345648,500224
1775423345650,500224
1775423345652,500224
1775423345655,500224
1775423345657,500224
1775423345659,500224
1775423345661,500224
1775423345663,500224
1775423345665,500224
1775423345667,500224
1775423345669,500224
1775423345670,500224
1775423345672,500224
1775423345674,500224
1775423345675,500224
1775423345677,500224
1775423345678,500224
1775423345680,500224
1775423345681,500224
1775423346131,500224
1775423346135,500224
1775423346138,500224
1775423346141,500224
1775423346144,500224
1775423346147,500224
1775423346150,500224
1775423346153,500224
1775423346155,500224
1775423346158,500224
1775423346160,500224
1775423346162,500224
1775423346165,500224
1775423346167,500224
1775423346169,500224
1775423346171,500224
1775423346173,500224
1775423346175,500224
1775423346177,500224
1775423346180,500224
1775423346182,500224
1775423346184,500224
1775423346185,500224
1775423346187,500224
1775423346189,500224
1775423346193,500224
1775423346195,500224
1775423346196,500224
1775423346198,500224
1775423346199,500224
1775423346202,500224
1775423346204,500224
1775423346207,500224
1775423346210,500224
1775423346212,500224
1775423346215,500224
1775423346217,500224
1775423346220,500224
1775423346223,500224
1775423346226,500224
1775423346229,500224
1775423346232,500224
1775423346234,500224
1775423346237,500224
1775423346243,500224
1775423346245,500224
1775423346251,500224
1775423346256,500224
1775423346260,500224
1775423346264,500224
1775423346267,500224
1775423346272,500224
1775423346274,500224
1775423346277,500224
1775423346279,500224
1775423346281,500224
1775423346282,500224
1775423346284,500224
1775423346285,500224
1775423346287,500224
1775423346288,500224
1775423346289,500224
1775423346291,500224
1775423346292,500224
1775423346293,500224
1775423346294,500224
1775423346296,500224
1775423346297,500224
1775423346300,500224
1775423346302,500224
1775423346305,500224
1775423346307,500224
1775423346308,500224
1775423346310,500224
1775423346311,500224
1775423346312,500224
1775423346313,500224
1775423346315,500224
1775423346317,500224
1775423346730,500224
1775423346734,500224
1775423346737,500224
1775423346740,500224
1775423346742,500224
1775423346746,500224
1775423346748,500224
1775423346751,500224
1775423346754,500224
1775423346757,500224
1775423346760,500224
1775423346762,500224
1775423346764,500224
1775423346766,500224
1775423346769,500224
1775423346770,500224
1775423346772,500224
1775423346774,500224
1775423346776,500224
1775423346778,500224
1775423346780,500224
1775423346781,500224
1775423346783,500224
1775423346785,500224
1775423346788,500224
1775423346790,500224
1775423346793,500224
1775423346796,500224
1775423346798,500224
1775423346801,500224
1775423346803,500224
1775423346806,500224
1775423346809,500224
1775423346812,500224
1775423346814,500224
1775423346817,500224
1775423346822,500224
1775423346825,500224
1775423346829,500224
1775423346832,500224
1775423346835,500224
1775423346838,500224
1775423346840,500224
1775423346843,500224
1775423346846,500224
1775423346848,500224
1775423346851,500224
1775423346853,500224
1775423346855,500224
1775423346857,500224
1775423346860,500224
1775423346862,500224
1775423346864,500224
1775423346867,500224
1775423346868,500224
1775423346870,500224
1775423346871,500224
1775423346875,500224
1775423346878,500224
1775423346881,500224
1775423346884,500224
1775423346886,500224
1775423346889,500224
1775423346892,500224
1775423346895,500224
1775423346897,500224
1775423346900,500224
1775423346903,500224
1775423346905,500224
1775423346908,500224
1775423346910,500224
1775423346913,500224
1775423346915,500224
1775423346917,500224
1775423346918,500224
1775423346920,500224
1775423346922,500224
1775423347330,500224
1775423347334,500224
1775423347338,500224
1775423347341,500224
1775423347344,500224
1775423347348,500224
1775423347352,500224
1775423347355,500224
1775423347358,500224
1775423347360,500224
1775423347362,500224
1775423347364,500224
1775423347366,500224
1775423347368,500224
1775423347370,500224
1775423347373,500224
1775423347376,500224
1775423347380,500224
1775423347383,500224
1775423347385,500224
1775423347391,500224
1775423347395,500224
1775423347398,500224
1775423347402,500224
1775423347405,500224
1775423347408,500224
1775423347411,500224
1775423347414,500224
1775423347417,500224
1775423347420,500224
1775423347422,500224
1775423347425,500224
1775423347428,500224
1775423347430,500224
1775423347433,500224
1775423347435,500224
1775423347437,500224
1775423347440,500224
1775423347442,500224
1775423347444,500224
1775423347446,500224
1775423347448,500224
1775423347450,500224
1775423347451,500224
1775423347452,500224
1775423347454,500224
1775423347455,500224
1775423347457,500224
1775423347458,500224
1775423347460,500224
1775423347462,500224
1775423347463,500224
1775423347464,500224
1775423347467,500224
1775423347469,500224
1775423347471,500224
1775423347474,500224
1775423347478,500224
1775423347480,500224
1775423347482,500224
1775423347483,500224
1775423347484,500224
1775423347486,500224
1775423347487,500224
1775423347488,500224
1775423347489,500224
1775423347491,500224
1775423347492,500224
1775423347493,500224
1775423347494,500224
1775423347497,500224
1775423347500,500224
1775423347502,500224
1775423347505,500224
1775423347507,500224
1775423347511,500224
1775423347513,500224
1775423347516,500224
1775423347932,500224
1775423347935,500224
1775423347937,500224
1775423347940,500224
1775423347943,500224
1775423347945,500224
1775423347948,500224
1775423347951,500224
1775423347953,500224
1775423347956,500224
1775423347959,500224
1775423347961,500224
1775423347964,500224
1775423347966,500224
1775423347967,500224
1775423347969,500224
1775423347971,500224
1775423347974,500224
1775423347976,500224
1775423347981,500224
1775423347982,500224
1775423347984,500224
1775423347985,500224
1775423347987,500224
1775423347989,500224
1775423347990,500224
1775423347994,500224
1775423347997,500224
1775423348000,500224
1775423348003,500224
1775423348008,500224
1775423348014,500224
1775423348017,500224
1775423348019,500224
1775423348021,500224
1775423348022,500224
1775423348025,500224
1775423348027,500224
1775423348029,500224
1775423348030,500224
1775423348031,500224
1775423348033,500224
1775423348035,500224
1775423348038,500224
1775423348040,500224
1775423348043,500224
1775423348045,500224
1775423348047,500224
1775423348049,500224
1775423348052,500224
1775423348055,500224
1775423348058,500224
1775423348060,500224
1775423348063,500224
1775423348065,500224
1775423348068,500224
1775423348071,500224
1775423348073,500224
1775423348076,500224
1775423348079,500224
1775423348081,500224
1775423348084,500224
1775423348087,500224
1775423348089,500224
1775423348092,500224
1775423348094,500224
1775423348100,500224
1775423348103,500224
1775423348106,500224
1775423348108,500224
1775423348111,500224
1775423348114,500224
1775423348115,500224
1775423348117,500224
1775423348532,500224
1775423348534,500224
1775423348535,500224
1775423348537,500224
1775423348538,500224
1775423348539,500224
1775423348541,500224
1775423348542,500224
1775423348543,500224
1775423348546,500224
1775423348547,500224
1775423348548,500224
1775423348550,500224
1775423348551,500224
1775423348552,500224
1775423348554,500224
1775423348555,500224
1775423348556,500224
1775423348557,500224
1775423348559,500224
1775423348560,500224
1775423348561,500224
1775423348563,500224
1775423348564,500224
1775423348565,500224
1775423348566,500224
1775423348568,500224
1775423348569,500224
1775423348570,500224
1775423348571,500224
1775423348574,500224
1775423348577,500224
1775423348579,500224
1775423348581,500224
1775423348582,500224
1775423348583,500224
1775423348585,500224
1775423348586,500224
1775423348587,500224
1775423348588,500224
1775423348590,500224
1775423348591,500224
1775423348592,500224
1775423348593,500224
1775423348595,500224
1775423348596,500224
1775423348597,500224
1775423348598,500224
1775423348600,500224
1775423348601,500224
1775423348602,500224
1775423348603,500224
1775423348605,500224
1775423348606,500224
1775423348607,500224
1775423348610,500224
1775423348612,500224
1775423348613,500224
1775423348615,500224
1775423348617,500224
1775423348619,500224
1775423348621,500224
1775423348623,500224
1775423348625,500224
1775423348628,500224
1775423348630,500224
1775423348632,500224
1775423348634,500224
1775423348636,500224
1775423348638,500224
1775423348640,500224
1775423348642,500224
1775423348646,500224
1775423348650,500224
1775423348653,500224
1775423348655,500224
1775423348658,500224
1775423348660,500224
1775423348662,500224
1775423349136,500224
1775423349139,500224
1775423349140,500224
1775423349141,500224
1775423349143,500224
1775423349144,500224
1775423349149,500224
1775423349152,500224
1775423349155,500224
1775423349158,500224
1775423349161,500224
1775423349163,500224
1775423349165,500224
1775423349168,500224
1775423349170,500224
1775423349176,500224
1775423349179,500224
1775423349182,500224
1775423349186,500224
1775423349189,500224
1775423349193,500224
1775423349195,500224
1775423349196,500224
1775423349198,500224
1775423349200,500224
1775423349201,500224
1775423349203,500224
1775423349204,500224
1775423349208,500224
1775423349212,500224
1775423349214,500224
1775423349215,500224
1775423349217,500224
1775423349218,500224
1775423349219,500224
1775423349223,500224
1775423349226,500224
1775423349229,500224
1775423349231,500224
1775423349234,500224
1775423349237,500224
1775423349239,500224
1775423349241,500224
1775423349244,500224
1775423349246,500224
1775423349248,500224
1775423349249,500224
1775423349251,500224
1775423349253,500224
1775423349254,500224
1775423349256,500224
1775423349257,500224
1775423349259,500224
1775423349260,500224
1775423349262,500224
1775423349263,500224
1775423349264,500224
1775423349268,500224
1775423349271,500224
1775423349273,500224
1775423349276,500224
1775423349278,500224
1775423349281,500224
1775423349284,500224
1775423349287,500224
1775423349290,500224
1775423349293,500224
1775423349296,500224
1775423349299,500224
1775423349302,500224
1775423349305,500224
1775423349307,500224
1775423349310,500224
1775423349312,500224
1775423349735,500224
1775423349738,500224
1775423349740,500224
1775423349743,500224
1775423349745,500224
1775423349748,500224
1775423349751,500224
1775423349754,500224
1775423349757,500224
1775423349761,500224
1775423349764,500224
1775423349767,500224
1775423349770,500224
1775423349773,500224
1775423349776,500224
1775423349779,500224
1775423349781,500224
1775423349784,500224
1775423349787,500224
1775423349789,500224
1775423349791,500224
1775423349793,500224
1775423349795,500224
1775423349799,500224
1775423349801,500224
1775423349803,500224
1775423349805,500224
1775423349807,500224
1775423349810,500224
1775423349813,500224
1775423349816,500224
1775423349818,500224
1775423349821,500224
1775423349824,500224
1775423349826,500224
1775423349828,500224
1775423349829,500224
1775423349832,500224
1775423349835,500224
1775423349836,500224
1775423349838,500224
1775423349839,500224
1775423349840,500224
1775423349842,500224
1775423349843,500224
1775423349844,500224
1775423349845,500224
1775423349847,500224
1775423349848,500224
1775423349849,500224
1775423349851,500224
1775423349853,500224
1775423349855,500224
1775423349858,500224
1775423349861,500224
1775423349863,500224
1775423349866,500224
1775423349869,500224
1775423349871,500224
1775423349874,500224
1775423349876,500224
1775423349880,500224
1775423349882,500224
1775423349885,500224
1775423349888,500224
1775423349891,500224
1775423349894,500224
1775423349896,500224
1775423349899,500224
1775423349902,500224
1775423349905,500224
1775423349908,500224
1775423349910,500224
1775423349912,500224
1775423349913,500224
1775423349915,500224
1775423350336,500224
1775423350339,500224
1775423350342,500224
1775423350344,500224
1775423350347,500224
1775423350350,500224
1775423350352,500224
1775423350355,500224
1775423350358,500224
1775423350361,500224
1775423350364,500224
1775423350366,500224
1775423350369,500224
1775423350373,500224
1775423350375,500224
1775423350377,500224
1775423350380,500224
1775423350381,500224
1775423350385,500224
1775423350387,500224
1775423350390,500224
1775423350392,500224
1775423350394,500224
1775423350396,500224
1775423350400,500224
1775423350403,500224
1775423350406,500224
1775423350409,500224
1775423350410,500224
1775423350414,500224
1775423350417,500224
1775423350420,500224
1775423350423,500224
1775423350427,500224
1775423350430,500224
1775423350433,500224
1775423350436,500224
1775423350439,500224
1775423350448,500224
1775423350450,500224
1775423350452,500224
1775423350462,500224
1775423350464,500224
1775423350466,500224
1775423350468,500224
1775423350470,500224
1775423350472,500224
1775423350474,500224
1775423350475,500224
1775423350477,500224
1775423350479,500224
1775423350481,500224
1775423350483,500224
1775423350484,500224
1775423350486,500224
1775423350488,500224
1775423350489,500224
1775423350491,500224
1775423350493,500224
1775423350494,500224
1775423350496,500224
1775423350497,500224
1775423350498,500224
1775423350500,500224
1775423350501,500224
1775423350503,500224
1775423350504,500224
1775423350505,500224
1775423350507,500224
1775423350508,500224
1775423350509,500224
1775423350511,500224
1775423350512,500224
1775423350513,500224
1775423350514,500224
1775423350516,500224
1775423350517,500224
1775423350518,500224
1775423350937,500224
1775423350941,500224
1775423350944,500224
1775423350947,500224
1775423350949,500224
1775423350953,500224
1775423350955,500224
1775423350959,500224
1775423350962,500224
1775423350965,500224
1775423350967,500224
1775423350969,500224
1775423350972,500224
1775423350974,500224
1775423350976,500224
1775423350980,500224
1775423350982,500224
1775423350986,500224
1775423350988,500224
1775423350991,500224
1775423350993,500224
1775423350996,500224
1775423350998,500224
1775423351003,500224
1775423351006,500224
1775423351009,500224
1775423351011,500224
1775423351014,500224
1775423351017,500224
1775423351019,500224
1775423351021,500224
1775423351024,500224
1775423351027,500224
1775423351029,500224
1775423351033,500224
1775423351035,500224
1775423351038,500224
1775423351041,500224
1775423351044,500224
1775423351048,500224
1775423351052,500224
1775423351053,500224
1775423351055,500224
1775423351056,500224
1775423351057,500224
1775423351058,500224
1775423351060,500224
1775423351061,500224
1775423351062,500224
1775423351063,500224
1775423351065,500224
1775423351066,500224
1775423351067,500224
1775423351069,500224
1775423351070,500224
1775423351073,500224
1775423351075,500224
1775423351076,500224
1775423351078,500224
1775423351079,500224
1775423351081,500224
1775423351082,500224
1775423351083,500224
1775423351084,500224
1775423351086,500224
1775423351087,500224
1775423351088,500224
1775423351089,500224
1775423351091,500224
1775423351092,500224
1775423351093,500224
1775423351094,500224
1775423351095,500224
1775423351097,500224
1775423351098,500224
1775423351099,500224
1775423351100,500224
1775423351103,500224
1775423351105,500224
1775423351107,500224
1775423351538,500224
1775423351541,500224
1775423351545,500224
1775423351548,500224
1775423351550,500224
1775423351552,500224
1775423351553,500224
1775423351555,500224
1775423351556,500224
1775423351558,500224
1775423351560,500224
1775423351562,500224
1775423351564,500224
1775423351571,500224
1775423351574,500224
1775423351577,500224
1775423351579,500224
1775423351581,500224
1775423351583,500224
1775423351584,500224
1775423351586,500224
1775423351587,500224
1775423351589,500224
1775423351590,500224
1775423351593,500224
1775423351597,500224
1775423351600,500224
1775423351602,500224
1775423351605,500224
1775423351607,500224
1775423351609,500224
1775423351614,500224
1775423351616,500224
1775423351619,500224
1775423351621,500224
1775423351622,500224
1775423351624,500224
1775423351626,500224
1775423351627,500224
1775423351629,500224
1775423351630,500224
1775423351632,500224
1775423351633,500224
1775423351635,500224
1775423351636,500224
1775423351637,500224
1775423351639,500224
1775423351640,500224
1775423351642,500224
1775423351645,500224
1775423351647,500224
1775423351650,500224
1775423351652,500224
1775423351654,500224
1775423351656,500224
1775423351658,500224
1775423351660,500224
1775423351662,500224
1775423351664,500224
1775423351665,500224
1775423351667,500224
1775423351670,500224
1775423351672,500224
1775423351673,500224
1775423351675,500224
1775423351676,500224
1775423351678,500224
1775423351679,500224
1775423351680,500224
1775423351681,500224
1775423351683,500224
1775423351684,500224
1775423351685,500224
1775423351686,500224
1775423352139,500224
1775423352142,500224
1775423352144,500224
1775423352147,500224
1775423352149,500224
1775423352150,500224
1775423352152,500224
1775423352154,500224
1775423352155,500224
1775423352157,500224
1775423352158,500224
1775423352160,500224
1775423352161,500224
1775423352162,500224
1775423352163,500224
1775423352169,500224
1775423352171,500224
1775423352174,500224
1775423352176,500224
1775423352178,500224
1775423352180,500224
1775423352182,500224
1775423352184,500224
1775423352186,500224
1775423352188,500224
1775423352190,500224
1775423352198,500224
1775423352201,500224
1775423352204,500224
1775423352207,500224
1775423352210,500224
1775423352213,500224
1775423352216,500224
1775423352218,500224
1775423352221,500224
1775423352224,500224
1775423352225,500224
1775423352227,500224
1775423352228,500224
1775423352229,500224
1775423352235,500224
1775423352237,500224
1775423352238,500224
1775423352240,500224
1775423352241,500224
1775423352243,500224
1775423352245,500224
1775423352246,500224
1775423352248,500224
1775423352250,500224
1775423352251,500224
1775423352253,500224
1775423352254,500224
1775423352256,500224
1775423352257,500224
1775423352259,500224
1775423352260,500224
1775423352262,500224
1775423352263,500224
1775423352264,500224
1775423352266,500224
1775423352267,500224
1775423352268,500224
1775423352269,500224
1775423352271,500224
1775423352273,500224
1775423352274,500224
1775423352275,500224
1775423352277,500224
1775423352278,500224
1775423352280,500224
1775423352281,500224
1775423352282,500224
1775423352284,500224
1775423352285,500224
1775423352286,500224
1775423352288,500224
1775423352289,500224
1775423352290,500224
1775423352292,500224
1775423352293,500224
1775423352295,500224
1775423352740,500224
1775423352743,500224
1775423352746,500224
1775423352748,500224
1775423352751,500224
1775423352753,500224
1775423352756,500224
1775423352758,500224
1775423352761,500224
1775423352764,500224
1775423352767,500224
1775423352770,500224
1775423352772,500224
1775423352775,500224
1775423352777,500224
1775423352780,500224
1775423352783,500224
1775423352785,500224
1775423352793,500224
1775423352798,500224
1775423352801,500224
1775423352804,500224
1775423352806,500224
1775423352809,500224
1775423352812,500224
1775423352815,500224
1775423352817,500224
1775423352820,500224
1775423352823,500224
1775423352825,500224
1775423352831,500224
1775423352834,500224
1775423352836,500224
1775423352839,500224
1775423352842,500224
1775423352844,500224
1775423352846,500224
1775423352848,500224
1775423352851,500224
1775423352855,500224
1775423352858,500224
1775423352861,500224
1775423352863,500224
1775423352866,500224
1775423352870,500224
1775423352873,500224
1775423352875,500224
1775423352878,500224
1775423352881,500224
1775423352884,500224
1775423352886,500224
1775423352889,500224
1775423352890,500224
1775423352891,500224
1775423352893,500224
1775423352894,500224
1775423352896,500224
1775423352897,500224
1775423352899,500224
1775423352900,500224
1775423352901,500224
1775423352902,500224
1775423352904,500224
1775423352905,500224
1775423352906,500224
1775423352908,500224
1775423352909,500224
1775423352910,500224
1775423352911,500224
1775423352912,500224
1775423352914,500224
1775423352916,500224
1775423352918,500224
1775423352919,500224
1775423353341,500224
1775423353344,500224
1775423353347,500224
1775423353349,500224
1775423353352,500224
1775423353355,500224
1775423353361,500224
1775423353364,500224
1775423353366,500224
1775423353368,500224
1775423353370,500224
1775423353372,500224
1775423353375,500224
1775423353376,500224
1775423353377,500224
1775423353378,500224
1775423353380,500224
1775423353381,500224
1775423353382,500224
1775423353383,500224
1775423353385,500224
1775423353386,500224
1775423353389,500224
1775423353392,500224
1775423353395,500224
1775423353397,500224
1775423353400,500224
1775423353401,500224
1775423353403,500224
1775423353404,500224
1775423353406,500224
1775423353408,500224
1775423353409,500224
1775423353410,500224
1775423353412,500224
1775423353413,500224
1775423353416,500224
1775423353419,500224
1775423353421,500224
1775423353424,500224
1775423353426,500224
1775423353427,500224
1775423353428,500224
1775423353430,500224
1775423353431,500224
1775423353433,500224
1775423353434,500224
1775423353435,500224
1775423353437,500224
1775423353438,500224
1775423353440,500224
1775423353441,500224
1775423353444,500224
1775423353447,500224
1775423353449,500224
1775423353452,500224
1775423353456,500224
1775423353459,500224
1775423353462,500224
1775423353465,500224
1775423353468,500224
1775423353471,500224
1775423353473,500224
1775423353476,500224
1775423353479,500224
1775423353481,500224
1775423353484,500224
1775423353487,500224
1775423353489,500224
1775423353492,500224
1775423353494,500224
1775423353497,500224
1775423353498,500224
1775423353501,500224
1775423353503,500224
1775423353506,500224
1775423353508,500224
1775423353510,500224
1775423353512,500224
1775423353514,500224
1775423353516,500224
1775423353942,500224
1775423353946,500224
1775423353950,500224
1775423353952,500224
1775423353954,500224
1775423353957,500224
1775423353959,500224
1775423353963,500224
1775423353965,500224
1775423353967,500224
1775423353969,500224
1775423353972,500224
1775423353974,500224
1775423353976,500224
1775423353979,500224
1775423353981,500224
1775423353983,500224
1775423353989,500224
1775423353993,500224
1775423353996,500224
1775423353999,500224
1775423354002,500224
1775423354005,500224
1775423354007,500224
1775423354010,500224
1775423354012,500224
1775423354014,500224
1775423354016,500224
1775423354019,500224
1775423354022,500224
1775423354023,500224
1775423354026,500224
1775423354029,500224
1775423354032,500224
1775423354034,500224
1775423354037,500224
1775423354040,500224
1775423354042,500224
1775423354045,500224
1775423354047,500224
1775423354049,500224
1775423354052,500224
1775423354054,500224
1775423354056,500224
1775423354058,500224
1775423354060,500224
1775423354062,500224
1775423354064,500224
1775423354067,500224
1775423354069,500224
1775423354071,500224
1775423354073,500224
1775423354075,500224
1775423354077,500224
1775423354079,500224
1775423354081,500224
1775423354082,500224
1775423354083,500224
1775423354085,500224
1775423354086,500224
1775423354088,500224
1775423354089,500224
1775423354091,500224
1775423354092,500224
1775423354094,500224
1775423354096,500224
1775423354097,500224
1775423354098,500224
1775423354100,500224
1775423354102,500224
1775423354105,500224
1775423354107,500224
1775423354109,500224
1775423354111,500224
1775423354114,500224
1775423354122,500224
1775423354124,500224
1775423354126,500224
1775423354541,500224
1775423354544,500224
1775423354549,500224
1775423354552,500224
1775423354555,500224
1775423354560,500224
1775423354563,500224
1775423354567,500224
1775423354569,500224
1775423354572,500224
1775423354575,500224
1775423354578,500224
1775423354580,500224
1775423354583,500224
1775423354585,500224
1775423354588,500224
1775423354590,500224
1775423354592,500224
1775423354594,500224
1775423354597,500224
1775423354600,500224
1775423354606,500224
1775423354611,500224
1775423354614,500224
1775423354617,500224
1775423354620,500224
1775423354626,500224
1775423354628,500224
1775423354630,500224
1775423354632,500224
1775423354635,500224
1775423354637,500224
1775423354639,500224
1775423354641,500224
1775423354642,500224
1775423354645,500224
1775423354646,500224
1775423354648,500224
1775423354650,500224
1775423354653,500224
1775423354655,500224
1775423354656,500224
1775423354660,500224
1775423354663,500224
1775423354665,500224
1775423354667,500224
1775423354669,500224
1775423354671,500224
1775423354673,500224
1775423354674,500224
1775423354676,500224
1775423354678,500224
1775423354680,500224
1775423354682,500224
1775423354683,500224
1775423354685,500224
1775423354687,500224
1775423354688,500224
1775423354690,500224
1775423354691,500224
1775423354694,500224
1775423354697,500224
1775423354700,500224
1775423354703,500224
1775423354709,500224
1775423354711,500224
1775423354713,500224
1775423354715,500224
1775423354717,500224
1775423354719,500224
1775423354720,500224
1775423354722,500224
1775423354724,500224
1775423354725,500224
1775423354727,500224
1775423354728,500224
1775423354730,500224
1775423354731,500224
1775423354733,500224
1775423354735,500224
1775423354738,500224
1775423354741,500224
1775423354743,500224
1775423354746,500224
1775423355143,500224
1775423355147,500224
1775423355149,500224
1775423355151,500224
1775423355152,500224
1775423355154,500224
1775423355156,500224
1775423355158,500224
1775423355160,500224
1775423355162,500224
1775423355163,500224
1775423355167,500224
1775423355170,500224
1775423355175,500224
1775423355178,500224
1775423355181,500224
1775423355184,500224
1775423355187,500224
1775423355189,500224
1775423355191,500224
1775423355194,500224
1775423355202,500224
1775423355204,500224
1775423355207,500224
1775423355210,500224
1775423355212,500224
1775423355215,500224
1775423355218,500224
1775423355219,500224
1775423355221,500224
1775423355222,500224
1775423355223,500224
1775423355224,500224
1775423355226,500224
1775423355228,500224
1775423355230,500224
1775423355236,500224
1775423355239,500224
1775423355241,500224
1775423355243,500224
1775423355244,500224
1775423355247,500224
1775423355249,500224
1775423355251,500224
1775423355252,500224
1775423355254,500224
1775423355259,500224
1775423355263,500224
1775423355268,500224
1775423355271,500224
1775423355274,500224
1775423355276,500224
1775423355279,500224
1775423355281,500224
1775423355283,500224
1775423355286,500224
1775423355288,500224
1775423355290,500224
1775423355292,500224
1775423355295,500224
1775423355297,500224
1775423355299,500224
1775423355301,500224
1775423355302,500224
1775423355304,500224
1775423355306,500224
1775423355308,500224
1775423355310,500224
1775423355312,500224
1775423355314,500224
1775423355316,500224
1775423355318,500224
1775423355319,500224
1775423355321,500224
1775423355323,500224
1775423355326,500224
1775423355329,500224
1775423355332,500224
1775423355743,500224
1775423355745,500224
1775423355751,500224
1775423355754,500224
1775423355756,500224
1775423355759,500224
1775423355761,500224
1775423355764,500224
1775423355768,500224
1775423355770,500224
1775423355773,500224
1775423355775,500224
1775423355778,500224
1775423355783,500224
1775423355786,500224
1775423355789,500224
1775423355793,500224
1775423355796,500224
1775423355799,500224
1775423355802,500224
1775423355813,500224
1775423355818,500224
1775423355823,500224
1775423355827,500224
1775423355830,500224
1775423355833,500224
1775423355836,500224
1775423355839,500224
1775423355842,500224
1775423355845,500224
1775423355847,500224
1775423355850,500224
1775423355867,500224
1775423355872,500224
1775423355875,500224
1775423355878,500224
1775423355880,500224
1775423355883,500224
1775423355885,500224
1775423355888,500224
1775423355890,500224
1775423355892,500224
1775423355895,500224
1775423355896,500224
1775423355899,500224
1775423355901,500224
1775423355904,500224
1775423355907,500224
1775423355909,500224
1775423355911,500224
1775423355914,500224
1775423355916,500224
1775423355918,500224
1775423355923,500224
1775423355928,500224
1775423355934,500224
1775423355938,500224
1775423355941,500224
1775423355943,500224
1775423355946,500224
1775423355949,500224
1775423355952,500224
1775423355954,500224
1775423355956,500224
1775423355957,500224
1775423355964,500224
1775423355966,500224
1775423355969,500224
1775423355972,500224
1775423355975,500224
1775423355978,500224
1775423355980,500224
1775423355983,500224
1775423356346,500224
1775423356348,500224
1775423356351,500224
1775423356354,500224
1775423356357,500224
1775423356360,500224
1775423356363,500224
1775423356365,500224
1775423356368,500224
1775423356370,500224
1775423356373,500224
1775423356376,500224
1775423356379,500224
1775423356382,500224
1775423356384,500224
1775423356386,500224
1775423356388,500224
1775423356390,500224
1775423356391,500224
1775423356393,500224
1775423356395,500224
1775423356396,500224
1775423356398,500224
1775423356401,500224
1775423356404,500224
1775423356408,500224
1775423356411,500224
1775423356413,500224
1775423356416,500224
1775423356418,500224
1775423356420,500224
1775423356422,500224
1775423356424,500224
1775423356427,500224
1775423356430,500224
1775423356432,500224
1775423356436,500224
1775423356438,500224
1775423356441,500224
1775423356444,500224
1775423356446,500224
1775423356447,500224
1775423356449,500224
1775423356451,500224
1775423356454,500224
1775423356457,500224
1775423356459,500224
1775423356460,500224
1775423356462,500224
1775423356463,500224
1775423356465,500224
1775423356466,500224
1775423356468,500224
1775423356469,500224
1775423356471,500224
1775423356472,500224
1775423356473,500224
1775423356475,500224
1775423356476,500224
1775423356478,500224
1775423356480,500224
1775423356483,500224
1775423356485,500224
1775423356487,500224
1775423356489,500224
1775423356492,500224
1775423356497,500224
1775423356505,500224
1775423356514,500224
1775423356516,500224
1775423356522,500224
1775423356524,500224
1775423356531,500224
1775423356534,500224
1775423356537,500224
1775423356540,500224
1775423356542,500224
1775423356947,500224
1775423356950,500224
1775423356954,500224
1775423356957,500224
1775423356960,500224
1775423356963,500224
1775423356966,500224
1775423356968,500224
1775423356972,500224
1775423356975,500224
1775423356978,500224
1775423356980,500224
1775423356983,500224
1775423356986,500224
1775423356988,500224
1775423356991,500224
1775423356994,500224
1775423356995,500224
1775423356998,500224
1775423356999,500224
1775423357001,500224
1775423357004,500224
1775423357007,500224
1775423357010,500224
1775423357013,500224
1775423357015,500224
1775423357017,500224
1775423357020,500224
1775423357022,500224
1775423357024,500224
1775423357026,500224
1775423357028,500224
1775423357030,500224
1775423357032,500224
1775423357034,500224
1775423357035,500224
1775423357037,500224
1775423357039,500224
1775423357041,500224
1775423357044,500224
1775423357045,500224
1775423357046,500224
1775423357049,500224
1775423357051,500224
1775423357052,500224
1775423357056,500224
1775423357059,500224
1775423357061,500224
1775423357063,500224
1775423357065,500224
1775423357067,500224
1775423357070,500224
1775423357072,500224
1775423357073,500224
1775423357076,500224
1775423357079,500224
1775423357082,500224
1775423357084,500224
1775423357087,500224
1775423357090,500224
1775423357092,500224
1775423357095,500224
1775423357097,500224
1775423357099,500224
1775423357102,500224
1775423357104,500224
1775423357106,500224
1775423357108,500224
1775423357109,500224
1775423357111,500224
1775423357113,500224
1775423357115,500224
1775423357117,500224
1775423357118,500224
1775423357120,500224
1775423357123,500224
1775423357129,500224
1775423357131,500224
1775423357133,500224
1775423357139,500224
1775423357142,500224
1775423357144,500224
1775423357146,500224
1775423357149,500224
1775423357151,500224
1775423357153,500224
1775423357546,500224
1775423357551,500224
1775423357554,500224
1775423357557,500224
1775423357563,500224
1775423357568,500224
1775423357572,500224
1775423357577,500224
1775423357581,500224
1775423357584,500224
1775423357587,500224
1775423357589,500224
1775423357591,500224
1775423357592,500224
1775423357596,500224
1775423357599,500224
1775423357601,500224
1775423357604,500224
1775423357607,500224
1775423357611,500224
1775423357613,500224
1775423357616,500224
1775423357619,500224
1775423357621,500224
1775423357624,500224
1775423357627,500224
1775423357630,500224
1775423357631,500224
1775423357639,500224
1775423357642,500224
1775423357644,500224
1775423357646,500224
1775423357648,500224
1775423357651,500224
1775423357652,500224
1775423357654,500224
1775423357655,500224
1775423357658,500224
1775423357660,500224
1775423357663,500224
1775423357665,500224
1775423357667,500224
1775423357669,500224
1775423357671,500224
1775423357673,500224
1775423357674,500224
1775423357677,500224
1775423357680,500224
1775423357683,500224
1775423357686,500224
1775423357688,500224
1775423357691,500224
1775423357693,500224
1775423357696,500224
1775423357698,500224
1775423357700,500224
1775423357706,500224
1775423357708,500224
1775423357712,500224
1775423357716,500224
1775423357718,500224
1775423357719,500224
1775423357721,500224
1775423357723,500224
1775423357726,500224
1775423357728,500224
1775423357731,500224
1775423357733,500224
1775423357735,500224
1775423357737,500224
1775423357739,500224
1775423357741,500224
1775423357743,500224
1775423357745,500224
1775423357746,500224
1775423357748,500224
1775423357750,500224
1775423357751,500224
1775423357753,500224
1775423357755,500224
1775423358149,500224
1775423358152,500224
1775423358157,500224
1775423358161,500224
1775423358164,500224
1775423358167,500224
1775423358170,500224
1775423358173,500224
1775423358175,500224
1775423358181,500224
1775423358183,500224
1775423358185,500224
1775423358187,500224
1775423358192,500224
1775423358194,500224
1775423358196,500224
1775423358199,500224
1775423358201,500224
1775423358202,500224
1775423358204,500224
1775423358206,500224
1775423358208,500224
1775423358211,500224
1775423358213,500224
1775423358217,500224
1775423358219,500224
1775423358221,500224
1775423358222,500224
1775423358224,500224
1775423358226,500224
1775423358228,500224
1775423358229,500224
1775423358231,500224
1775423358233,500224
1775423358234,500224
1775423358237,500224
1775423358241,500224
1775423358244,500224
1775423358247,500224
1775423358250,500224
1775423358252,500224
1775423358253,500224
1775423358254,500224
1775423358255,500224
1775423358257,500224
1775423358258,500224
1775423358259,500224
1775423358261,500224
1775423358262,500224
1775423358263,500224
1775423358265,500224
1775423358266,500224
1775423358268,500224
1775423358269,500224
1775423358271,500224
1775423358272,500224
1775423358275,500224
1775423358277,500224
1775423358280,500224
1775423358283,500224
1775423358285,500224
1775423358286,500224
1775423358289,500224
1775423358293,500224
1775423358296,500224
1775423358301,500224
1775423358306,500224
1775423358309,500224
1775423358311,500224
1775423358312,500224
1775423358315,500224
1775423358318,500224
1775423358321,500224
1775423358323,500224
1775423358325,500224
1775423358326,500224
1775423358328,500224
1775423358329,500224
1775423358330,500224
1775423358331,500224
1775423358336,500224
1775423358343,500224
1775423358348,500224
1775423358350,500224
1775423358352,500224
1775423358353,500224
1775423358355,500224
1775423358358,500224
1775423358749,500224
1775423358753,500224
1775423358757,500224
1775423358760,500224
1775423358763,500224
1775423358767,500224
1775423358769,500224
1775423358772,500224
1775423358775,500224
1775423358780,500224
1775423358782,500224
1775423358785,500224
1775423358787,500224
1775423358788,500224
1775423358790,500224
1775423358798,500224
1775423358802,500224
1775423358810,500224
1775423358814,500224
1775423358816,500224
1775423358818,500224
1775423358822,500224
1775423358824,500224
1775423358826,500224
1775423358827,500224
1775423358829,500224
1775423358831,500224
1775423358832,500224
1775423358834,500224
1775423358836,500224
1775423358838,500224
1775423358840,500224
1775423358842,500224
1775423358844,500224
1775423358851,500224
1775423358856,500224
1775423358858,500224
1775423358861,500224
1775423358866,500224
1775423358870,500224
1775423358874,500224
1775423358877,500224
1775423358880,500224
1775423358883,500224
1775423358886,500224
1775423358891,500224
1775423358895,500224
1775423358898,500224
1775423358900,500224
1775423358903,500224
1775423358906,500224
1775423358910,500224
1775423358912,500224
1775423358915,500224
1775423358920,500224
1775423358923,500224
1775423358925,500224
1775423358927,500224
1775423358929,500224
1775423358932,500224
1775423358933,500224
1775423358935,500224
1775423358937,500224
1775423358939,500224
1775423358941,500224
1775423358942,500224
1775423358944,500224
1775423358946,500224
1775423358949,500224
1775423358951,500224
1775423358953,500224
1775423358955,500224
1775423358956,500224
1775423358958,500224
1775423358959,500224
1775423359349,500224
1775423359353,500224
1775423359355,500224
1775423359358,500224
1775423359359,500224
1775423359360,500224
1775423359362,500224
1775423359363,500224
1775423359364,500224
1775423359365,500224
1775423359367,500224
1775423359368,500224
1775423359369,500224
1775423359372,500224
1775423359374,500224
1775423359377,500224
1775423359380,500224
1775423359382,500224
1775423359385,500224
1775423359387,500224
1775423359389,500224
1775423359390,500224
1775423359391,500224
1775423359394,500224
1775423359396,500224
1775423359398,500224
1775423359400,500224
1775423359402,500224
1775423359404,500224
1775423359406,500224
1775423359408,500224
1775423359411,500224
1775423359412,500224
1775423359413,500224
1775423359416,500224
1775423359418,500224
1775423359420,500224
1775423359421,500224
1775423359423,500224
1775423359424,500224
1775423359425,500224
1775423359426,500224
1775423359427,500224
1775423359429,500224
1775423359430,500224
1775423359431,500224
1775423359433,500224
1775423359435,500224
1775423359436,500224
1775423359438,500224
1775423359439,500224
1775423359440,500224
1775423359442,500224
1775423359444,500224
1775423359445,500224
1775423359447,500224
1775423359450,500224
1775423359451,500224
1775423359453,500224
1775423359454,500224
1775423359455,500224
1775423359458,500224
1775423359460,500224
1775423359462,500224
1775423359463,500224
1775423359465,500224
1775423359468,500224
1775423359472,500224
1775423359474,500224
1775423359477,500224
1775423359480,500224
1775423359483,500224
1775423359489,500224
1775423359493,500224
1775423359495,500224
1775423359498,500224
1775423359501,500224
1775423359503,500224
1775423359506,500224
1775423359509,500224
1775423359952,500224
1775423359955,500224
1775423359959,500224
1775423359961,500224
1775423359965,500224
1775423359969,500224
1775423359972,500224
1775423359974,500224
1775423359979,500224
1775423359982,500224
1775423359984,500224
1775423359987,500224
1775423359990,500224
1775423359991,500224
1775423359993,500224
1775423359995,500224
1775423359997,500224
1775423359998,500224
1775423360000,500224
1775423360001,500224
1775423360003,500224
1775423360004,500224
1775423360006,500224
1775423360008,500224
1775423360014,500224
1775423360016,500224
1775423360017,500224
1775423360019,500224
1775423360020,500224
1775423360022,500224
1775423360023,500224
1775423360024,500224
1775423360026,500224
1775423360030,500224
1775423360033,500224
1775423360035,500224
1775423360036,500224
1775423360040,500224
1775423360043,500224
1775423360045,500224
1775423360048,500224
1775423360051,500224
1775423360053,500224
1775423360056,500224
1775423360059,500224
1775423360061,500224
1775423360064,500224
1775423360067,500224
1775423360070,500224
1775423360073,500224
1775423360076,500224
1775423360079,500224
1775423360082,500224
1775423360084,500224
1775423360086,500224
1775423360089,500224
1775423360091,500224
1775423360093,500224
1775423360094,500224
1775423360095,500224
1775423360097,500224
1775423360098,500224
1775423360100,500224
1775423360101,500224
1775423360104,500224
1775423360105,500224
1775423360106,500224
1775423360108,500224
1775423360109,500224
1775423360111,500224
1775423360112,500224
1775423360113,500224
1775423360115,500224
1775423360116,500224
1775423360118,500224
1775423360119,500224
1775423360121,500224
1775423360122,500224
1775423360124,500224
1775423360126,500224
1775423360127,500224
1775423360130,500224
1775423360133,500224
1775423360135,500224
1775423360137,500224
1775423360553,500224
1775423360555,500224
1775423360557,500224
1775423360559,500224
1775423360560,500224
1775423360562,500224
1775423360564,500224
1775423360565,500224
1775423360567,500224
1775423360569,500224
1775423360570,500224
1775423360572,500224
1775423360574,500224
1775423360575,500224
1775423360577,500224
1775423360579,500224
1775423360581,500224
1775423360582,500224
1775423360584,500224
1775423360587,500224
1775423360590,500224
1775423360592,500224
1775423360594,500224
1775423360596,500224
1775423360598,500224
1775423360599,500224
1775423360601,500224
1775423360602,500224
1775423360604,500224
1775423360605,500224
1775423360606,500224
1775423360607,500224
1775423360609,500224
1775423360610,500224
1775423360611,500224
1775423360616,500224
1775423360622,500224
1775423360628,500224
1775423360634,500224
1775423360638,500224
1775423360640,500224
1775423360642,500224
1775423360644,500224
1775423360645,500224
1775423360647,500224
1775423360649,500224
1775423360651,500224
1775423360652,500224
1775423360654,500224
1775423360656,500224
1775423360658,500224
1775423360660,500224
1775423360662,500224
1775423360664,500224
1775423360666,500224
1775423360667,500224
1775423360669,500224
1775423360671,500224
1775423360673,500224
1775423360674,500224
1775423360676,500224
1775423360677,500224
1775423360679,500224
1775423361153,500224
1775423361156,500224
1775423361159,500224
1775423361162,500224
1775423361165,500224
1775423361167,500224
1775423361169,500224
1775423361171,500224
1775423361173,500224
1775423361175,500224
1775423361178,500224
1775423361182,500224
1775423361185,500224
1775423361187,500224
1775423361190,500224
1775423361193,500224
1775423361195,500224
1775423361196,500224
1775423361198,500224
1775423361199,500224
1775423361200,500224
1775423361202,500224
1775423361203,500224
1775423361204,500224
1775423361206,500224
1775423361207,500224
1775423361208,500224
1775423361209,500224
1775423361211,500224
1775423361213,500224
1775423361215,500224
1775423361218,500224
1775423361221,500224
1775423361223,500224
1775423361225,500224
1775423361226,500224
1775423361227,500224
1775423361228,500224
1775423361230,500224
1775423361231,500224
1775423361232,500224
1775423361233,500224
1775423361235,500224
1775423361239,500224
1775423361245,500224
1775423361249,500224
1775423361251,500224
1775423361252,500224
1775423361255,500224
1775423361256,500224
1775423361258,500224
1775423361259,500224
1775423361260,500224
1775423361261,500224
1775423361263,500224
1775423361264,500224
1775423361265,500224
1775423361268,500224
1775423361271,500224
1775423361274,500224
1775423361276,500224
1775423361278,500224
1775423361279,500224
1775423361281,500224
1775423361283,500224
1775423361284,500224
1775423361286,500224
1775423361288,500224
1775423361291,500224
1775423361294,500224
1775423361299,500224
1775423361301,500224
1775423361302,500224
1775423361303,500224
1775423361305,500224
1775423361306,500224
1775423361307,500224
1775423361309,500224
1775423361310,500224
1775423361311,500224
1775423361312,500224
1775423361753,500224
1775423361756,500224
1775423361759,500224
1775423361761,500224
1775423361763,500224
1775423361765,500224
1775423361768,500224
1775423361771,500224
1775423361772,500224
1775423361774,500224
1775423361776,500224
1775423361778,500224
1775423361781,500224
1775423361783,500224
1775423361787,500224
1775423361791,500224
1775423361793,500224
1775423361798,500224
1775423361801,500224
1775423361803,500224
1775423361806,500224
1775423361809,500224
1775423361812,500224
1775423361815,500224
1775423361817,500224
1775423361820,500224
1775423361823,500224
1775423361825,500224
1775423361828,500224
1775423361831,500224
1775423361833,500224
1775423361835,500224
1775423361837,500224
1775423361840,500224
1775423361843,500224
1775423361845,500224
1775423361848,500224
1775423361850,500224
1775423361851,500224
1775423361853,500224
1775423361854,500224
1775423361856,500224
1775423361860,500224
1775423361864,500224
1775423361867,500224
1775423361868,500224
1775423361869,500224
1775423361871,500224
1775423361872,500224
1775423361873,500224
1775423361875,500224
1775423361876,500224
1775423361877,500224
1775423361878,500224
1775423361880,500224
1775423361882,500224
1775423361883,500224
1775423361885,500224
1775423361886,500224
1775423361888,500224
1775423361890,500224
1775423361891,500224
1775423361894,500224
1775423361897,500224
1775423361899,500224
1775423361908,500224
1775423361911,500224
1775423361914,500224
1775423361917,500224
1775423361920,500224
1775423361922,500224
1775423361924,500224
1775423361926,500224
1775423361928,500224
1775423361930,500224
1775423361933,500224
1775423361936,500224
1775423361938,500224
1775423361940,500224
1775423361942,500224
1775423361943,500224
1775423361945,500224
1775423361947,500224
1775423361948,500224
1775423361950,500224
1775423361951,500224
1775423361952,500224
1775423362353,500224
1775423362358,500224
1775423362363,500224
1775423362366,500224
1775423362370,500224
1775423362373,500224
1775423362376,500224
1775423362379,500224
1775423362383,500224
1775423362385,500224
1775423362387,500224
1775423362389,500224
1775423362391,500224
1775423362393,500224
1775423362395,500224
1775423362397,500224
1775423362399,500224
1775423362402,500224
1775423362407,500224
1775423362409,500224
1775423362411,500224
1775423362414,500224
1775423362416,500224
1775423362417,500224
1775423362419,500224
1775423362421,500224
1775423362423,500224
1775423362425,500224
1775423362426,500224
1775423362428,500224
1775423362432,500224
1775423362434,500224
1775423362437,500224
1775423362439,500224
1775423362441,500224
1775423362443,500224
1775423362445,500224
1775423362447,500224
1775423362449,500224
1775423362450,500224
1775423362452,500224
1775423362455,500224
1775423362457,500224
1775423362459,500224
1775423362462,500224
1775423362464,500224
1775423362470,500224
1775423362474,500224
1775423362477,500224
1775423362479,500224
1775423362481,500224
1775423362484,500224
1775423362487,500224
1775423362489,500224
1775423362492,500224
1775423362494,500224
1775423362496,500224
1775423362498,500224
1775423362501,500224
1775423362503,500224
1775423362505,500224
1775423362507,500224
1775423362510,500224
1775423362519,500224
1775423362522,500224
1775423362523,500224
1775423362525,500224
1775423362527,500224
1775423362528,500224
1775423362530,500224
1775423362531,500224
1775423362533,500224
1775423362534,500224
1775423362538,500224
1775423362541,500224
1775423362544,500224
1775423362546,500224
1775423362549,500224
1775423362551,500224
1775423362554,500224
1775423362556,500224
1775423362558,500224
1775423362560,500224
1775423362562,500224
1775423362564,500224
1775423362567,500224
1775423362570,500224
1775423362572,500224
1775423362574,500224
1775423362575,500224
1775423362584,500224
1775423362587,500224
1775423362955,500224
1775423362957,500224
1775423362960,500224
1775423362962,500224
1775423362964,500224
1775423362970,500224
1775423362973,500224
1775423362977,500224
1775423362986,500224
1775423362995,500224
1775423362997,500224
1775423363000,500224
1775423363002,500224
1775423363004,500224
1775423363006,500224
1775423363008,500224
1775423363010,500224
1775423363012,500224
1775423363016,500224
1775423363022,500224
1775423363027,500224
1775423363030,500224
1775423363032,500224
1775423363034,500224
1775423363039,500224
1775423363042,500224
1775423363044,500224
1775423363047,500224
1775423363050,500224
1775423363052,500224
1775423363054,500224
1775423363056,500224
1775423363058,500224
1775423363060,500224
1775423363062,500224
1775423363064,500224
1775423363066,500224
1775423363067,500224
1775423363069,500224
1775423363071,500224
1775423363072,500224
1775423363077,500224
1775423363087,500224
1775423363089,500224
1775423363090,500224
1775423363092,500224
1775423363095,500224
1775423363098,500224
1775423363101,500224
1775423363103,500224
1775423363115,500224
1775423363118,500224
1775423363120,500224
1775423363122,500224
1775423363124,500224
1775423363126,500224
1775423363129,500224
1775423363131,500224
1775423363133,500224
1775423363135,500224
1775423363137,500224
1775423363139,500224
1775423363140,500224
1775423363142,500224
1775423363143,500224
1775423363145,500224
1775423363147,500224
1775423363149,500224
1775423363150,500224
1775423363152,500224
1775423363153,500224
1775423363154,500224
1775423363156,500224
1775423363157,500224
1775423363158,500224
1775423363160,500224
1775423363555,500224
1775423363557,500224
1775423363559,500224
1775423363562,500224
1775423363567,500224
1775423363570,500224
1775423363572,500224
1775423363575,500224
1775423363578,500224
1775423363580,500224
1775423363584,500224
1775423363586,500224
1775423363588,500224
1775423363590,500224
1775423363595,500224
1775423363597,500224
1775423363599,500224
1775423363601,500224
1775423363603,500224
1775423363605,500224
1775423363607,500224
1775423363609,500224
1775423363611,500224
1775423363613,500224
1775423363614,500224
1775423363616,500224
1775423363618,500224
1775423363620,500224
1775423363621,500224
1775423363623,500224
1775423363624,500224
1775423363627,500224
1775423363629,500224
1775423363631,500224
1775423363633,500224
1775423363634,500224
1775423363636,500224
1775423363638,500224
1775423363639,500224
1775423363641,500224
1775423363644,500224
1775423363646,500224
1775423363649,500224
1775423363652,500224
1775423363654,500224
1775423363657,500224
1775423363660,500224
1775423363662,500224
1775423363664,500224
1775423363667,500224
1775423363669,500224
1775423363672,500224
1775423363675,500224
1775423363677,500224
1775423363680,500224
1775423363683,500224
1775423363685,500224
1775423363687,500224
1775423363691,500224
1775423363696,500224
1775423363699,500224
1775423363702,500224
1775423363704,500224
1775423363707,500224
1775423363710,500224
1775423363712,500224
1775423363714,500224
1775423363715,500224
1775423363717,500224
1775423363718,500224
1775423363720,500224
1775423363721,500224
1775423363722,500224
1775423363724,500224
1775423363725,500224
1775423364164,500224
1775423364168,500224
1775423364171,500224
1775423364174,500224
1775423364177,500224
1775423364179,500224
1775423364182,500224
1775423364185,500224
1775423364187,500224
1775423364190,500224
1775423364193,500224
1775423364195,500224
1775423364197,500224
1775423364207,500224
1775423364210,500224
1775423364211,500224
1775423364213,500224
1775423364216,500224
1775423364219,500224
1775423364224,500224
1775423364235,500224
1775423364237,500224
1775423364243,500224
1775423364245,500224
1775423364247,500224
1775423364248,500224
1775423364251,500224
1775423364253,500224
1775423364255,500224
1775423364256,500224
1775423364258,500224
1775423364259,500224
1775423364261,500224
1775423364262,500224
1775423364265,500224
1775423364267,500224
1775423364269,500224
1775423364271,500224
1775423364272,500224
1775423364273,500224
1775423364274,500224
1775423364276,500224
1775423364277,500224
1775423364278,500224
1775423364280,500224
1775423364281,500224
1775423364282,500224
1775423364283,500224
1775423364286,500224
1775423364289,500224
1775423364292,500224
1775423364296,500224
1775423364299,500224
1775423364301,500224
1775423364304,500224
1775423364306,500224
1775423364309,500224
1775423364312,500224
1775423364317,500224
1775423364321,500224
1775423364323,500224
1775423364325,500224
1775423364326,500224
1775423364327,500224
1775423364328,500224
1775423364330,500224
1775423364333,500224
1775423364337,500224
1775423364339,500224
1775423364340,500224
1775423364342,500224
1775423364344,500224
1775423364346,500224
1775423364348,500224
1775423364349,500224
1775423364351,500224
1775423364352,500224
1775423364353,500224
1775423364355,500224
1775423364356,500224
1775423364358,500224
1775423364359,500224
1775423364361,500224
1775423364362,500224
1775423364364,500224
1775423364365,500224
1775423364366,500224
1775423364367,500224
1775423364369,500224
1775423364370,500224
1775423364371,500224
1775423364372,500224
1775423364374,500224
1775423364375,500224
1775423364376,500224
1775423364377,500224
1775423364379,500224
1775423364757,500224
1775423364758,500224
1775423364760,500224
1775423364763,500224
1775423364767,500224
1775423364769,500224
1775423364771,500224
1775423364772,500224
1775423364774,500224
1775423364776,500224
1775423364779,500224
1775423364781,500224
1775423364784,500224
1775423364787,500224
1775423364789,500224
1775423364792,500224
1775423364797,500224
1775423364803,500224
1775423364805,500224
1775423364808,500224
1775423364811,500224
1775423364813,500224
1775423364816,500224
1775423364819,500224
1775423364821,500224
1775423364823,500224
1775423364825,500224
1775423364827,500224
1775423364829,500224
1775423364831,500224
1775423364833,500224
1775423364837,500224
1775423364839,500224
1775423364841,500224
1775423364843,500224
1775423364845,500224
1775423364847,500224
1775423364851,500224
1775423364854,500224
1775423364857,500224
1775423364860,500224
1775423364863,500224
1775423364865,500224
1775423364868,500224
1775423364870,500224
1775423364872,500224
1775423364874,500224
1775423364876,500224
1775423364878,500224
1775423364880,500224
1775423364882,500224
1775423364884,500224
1775423364886,500224
1775423364887,500224
1775423364888,500224
1775423364890,500224
1775423364891,500224
1775423364893,500224
1775423364894,500224
1775423364896,500224
1775423364898,500224
1775423364899,500224
1775423364900,500224
1775423364902,500224
1775423364911,500224
1775423364918,500224
1775423364921,500224
1775423364925,500224
1775423364931,500224
1775423364935,500224
1775423364937,500224
1775423364939,500224
1775423364941,500224
1775423364943,500224
1775423364945,500224
1775423364946,500224
1775423364948,500224
1775423364950,500224
1775423364952,500224
1775423364954,500224
1775423364956,500224
1775423364959,500224
1775423364962,500224
1775423364965,500224
1775423364968,500224
1775423364970,500224
1775423364973,500224
1775423364976,500224
1775423364979,500224
1775423364981,500224
1775423364984,500224
1775423364987,500224
1775423364989,500224
1775423364991,500224
1775423364993,500224
1775423364995,500224
1775423364997,500224
1775423365000,500224
1775423365002,500224
1775423365004,500224
1775423365005,500224
1775423365007,500224
1775423365008,500224
1775423365009,500224
1775423365010,500224
1775423365012,500224
1775423365013,500224
1775423365014,500224
1775423365016,500224
1775423365017,500224
1775423365019,500224
1775423365020,500224
1775423365027,500224
1775423365030,500224
1775423365035,500224
1775423365038,500224
1775423365040,500224
1775423365361,500224
1775423365363,500224
1775423365367,500224
1775423365370,500224
1775423365373,500224
1775423365375,500224
1775423365378,500224
1775423365380,500224
1775423365383,500224
1775423365387,500224
1775423365392,500224
1775423365397,500224
1775423365400,500224
1775423365403,500224
1775423365405,500224
1775423365407,500224
1775423365409,500224
1775423365411,500224
1775423365413,500224
1775423365416,500224
1775423365419,500224
1775423365422,500224
1775423365424,500224
1775423365427,500224
1775423365429,500224
1775423365430,500224
1775423365431,500224
1775423365433,500224
1775423365434,500224
1775423365435,500224
1775423365437,500224
1775423365438,500224
1775423365439,500224
1775423365440,500224
1775423365442,500224
1775423365443,500224
1775423365446,500224
1775423365454,500224
1775423365456,500224
1775423365459,500224
1775423365462,500224
1775423365464,500224
1775423365467,500224
1775423365470,500224
1775423365473,500224
1775423365479,500224
1775423365481,500224
1775423365483,500224
1775423365486,500224
1775423365488,500224
1775423365490,500224
1775423365493,500224
1775423365495,500224
1775423365499,500224
1775423365501,500224
1775423365503,500224
1775423365504,500224
1775423365505,500224
1775423365507,500224
1775423365508,500224
1775423365509,500224
1775423365511,500224
1775423365512,500224
1775423365513,500224
1775423365515,500224
1775423365516,500224
1775423365960,500224
1775423365965,500224
1775423365970,500224
1775423365973,500224
1775423365980,500224
1775423365983,500224
1775423365984,500224
1775423365986,500224
1775423365988,500224
1775423365990,500224
1775423365992,500224
1775423365995,500224
1775423365998,500224
1775423366001,500224
1775423366003,500224
1775423366005,500224
1775423366007,500224
1775423366009,500224
1775423366011,500224
1775423366013,500224
1775423366015,500224
1775423366017,500224
1775423366019,500224
1775423366020,500224
1775423366022,500224
1775423366024,500224
1775423366025,500224
1775423366027,500224
1775423366030,500224
1775423366033,500224
1775423366035,500224
1775423366037,500224
1775423366038,500224
1775423366043,500224
1775423366045,500224
1775423366047,500224
1775423366050,500224
1775423366052,500224
1775423366054,500224
1775423366056,500224
1775423366059,500224
1775423366063,500224
1775423366065,500224
1775423366067,500224
1775423366070,500224
1775423366073,500224
1775423366075,500224
1775423366077,500224
1775423366079,500224
1775423366081,500224
1775423366083,500224
1775423366085,500224
1775423366086,500224
1775423366089,500224
1775423366092,500224
1775423366093,500224
1775423366096,500224
1775423366100,500224
1775423366103,500224
1775423366107,500224
1775423366110,500224
1775423366111,500224
1775423366114,500224
1775423366115,500224
1775423366117,500224
1775423366119,500224
1775423366120,500224
1775423366127,500224
1775423366130,500224
1775423366131,500224
1775423366133,500224
1775423366135,500224
1775423366138,500224
1775423366141,500224
1775423366143,500224
1775423366146,500224
1775423366148,500224
1775423366151,500224
1775423366153,500224
1775423366155,500224
1775423366157,500224
1775423366160,500224
1775423366163,500224
1775423366166,500224
1775423366169,500224
1775423366170,500224
1775423366172,500224
1775423366173,500224
1775423366175,500224
1775423366178,500224
1775423366180,500224
1775423366183,500224
1775423366185,500224
1775423366187,500224
1775423366189,500224
1775423366191,500224
1775423366193,500224
1775423366195,500224
1775423366197,500224
1775423366199,500224
1775423366200,500224
1775423366201,500224
1775423366203,500224
1775423366204,500224
1775423366205,500224
1775423366206,500224
1775423366208,500224
1775423366210,500224
1775423366211,500224
1775423366561,500224
1775423366566,500224
1775423366568,500224
1775423366571,500224
1775423366573,500224
1775423366575,500224
1775423366577,500224
1775423366591,500224
1775423366592,500224
1775423366594,500224
1775423366598,500224
1775423366602,500224
1775423366605,500224
1775423366608,500224
1775423366610,500224
1775423366613,500224
1775423366616,500224
1775423366618,500224
1775423366621,500224
1775423366623,500224
1775423366626,500224
1775423366631,500224
1775423366633,500224
1775423366636,500224
1775423366637,500224
1775423366641,500224
1775423366646,500224
1775423366649,500224
1775423366651,500224
1775423366653,500224
1775423366655,500224
1775423366657,500224
1775423366658,500224
1775423366660,500224
1775423366663,500224
1775423366665,500224
1775423366666,500224
1775423366668,500224
1775423366669,500224
1775423366671,500224
1775423366672,500224
1775423366673,500224
1775423366675,500224
1775423366676,500224
1775423366678,500224
1775423366679,500224
1775423366680,500224
1775423366682,500224
1775423366683,500224
1775423366685,500224
1775423366686,500224
1775423366687,500224
1775423366689,500224
1775423366690,500224
1775423366692,500224
1775423366693,500224
1775423366694,500224
1775423366696,500224
1775423366697,500224
1775423366699,500224
1775423366701,500224
1775423366702,500224
1775423366704,500224
1775423366707,500224
1775423366708,500224
1775423366714,500224
1775423366717,500224
1775423366720,500224
1775423366722,500224
1775423366725,500224
1775423366727,500224
1775423366728,500224
1775423366729,500224
1775423366731,500224
1775423366732,500224
1775423366733,500224
1775423366735,500224
1775423366736,500224
1775423366737,500224
1775423366738,500224
1775423366740,500224
1775423366741,500224
1775423366742,500224
1775423366743,500224
1775423367164,500224
1775423367168,500224
1775423367170,500224
1775423367172,500224
1775423367173,500224
1775423367175,500224
1775423367177,500224
1775423367180,500224
1775423367183,500224
1775423367186,500224
1775423367189,500224
1775423367192,500224
1775423367194,500224
1775423367196,500224
1775423367198,500224
1775423367200,500224
1775423367202,500224
1775423367204,500224
1775423367206,500224
1775423367211,500224
1775423367214,500224
1775423367216,500224
1775423367220,500224
1775423367223,500224
1775423367225,500224
1775423367227,500224
1775423367228,500224
1775423367230,500224
1775423367238,500224
1775423367240,500224
1775423367244,500224
1775423367247,500224
1775423367249,500224
1775423367252,500224
1775423367254,500224
1775423367255,500224
1775423367257,500224
1775423367258,500224
1775423367260,500224
1775423367261,500224
1775423367263,500224
1775423367264,500224
1775423367266,500224
1775423367267,500224
1775423367269,500224
1775423367270,500224
1775423367272,500224
1775423367273,500224
1775423367274,500224
1775423367276,500224
1775423367277,500224
1775423367281,500224
1775423367283,500224
1775423367286,500224
1775423367289,500224
1775423367291,500224
1775423367294,500224
1775423367297,500224
1775423367299,500224
1775423367302,500224
1775423367305,500224
1775423367307,500224
1775423367310,500224
1775423367312,500224
1775423367314,500224
1775423367317,500224
1775423367319,500224
1775423367321,500224
1775423367323,500224
1775423367767,500224
1775423367771,500224
1775423367774,500224
1775423367777,500224
1775423367780,500224
1775423367784,500224
1775423367788,500224
1775423367790,500224
1775423367793,500224
1775423367796,500224
1775423367798,500224
1775423367801,500224
1775423367804,500224
1775423367807,500224
1775423367810,500224
1775423367813,500224
1775423367816,500224
1775423367820,500224
1775423367823,500224
1775423367826,500224
1775423367830,500224
1775423367832,500224
1775423367834,500224
1775423367837,500224
1775423367840,500224
1775423367842,500224
1775423367845,500224
1775423367847,500224
1775423367849,500224
1775423367851,500224
1775423367854,500224
1775423367856,500224
1775423367857,500224
1775423367859,500224
1775423367860,500224
1775423367862,500224
1775423367865,500224
1775423367868,500224
1775423367869,500224
1775423367870,500224
1775423367875,500224
1775423367877,500224
1775423367879,500224
1775423367881,500224
1775423367884,500224
1775423367886,500224
1775423367888,500224
1775423367890,500224
1775423367891,500224
1775423367893,500224
1775423367895,500224
1775423367896,500224
1775423367898,500224
1775423367900,500224
1775423367901,500224
1775423367903,500224
1775423367905,500224
1775423367906,500224
1775423367908,500224
1775423367909,500224
1775423367911,500224
1775423367912,500224
1775423367914,500224
1775423367915,500224
1775423367917,500224
1775423367918,500224
1775423367920,500224
1775423367921,500224
1775423367923,500224
1775423367924,500224
1775423367926,500224
1775423367928,500224
1775423367929,500224
1775423367934,500224
1775423367935,500224
1775423367937,500224
1775423367939,500224
1775423367942,500224
1775423367945,500224
1775423367948,500224
1775423367951,500224
1775423367954,500224
1775423367956,500224
1775423367958,500224
1775423367959,500224
1775423367961,500224
1775423367962,500224
1775423367964,500224
1775423367965,500224
1775423367966,500224
1775423367968,500224
1775423367969,500224
1775423367970,500224
1775423367972,500224
1775423367973,500224
1775423367974,500224
1775423367975,500224
1775423367978,500224
1775423367980,500224
1775423368364,500224
1775423368367,500224
1775423368370,500224
1775423368372,500224
1775423368375,500224
1775423368378,500224
1775423368380,500224
1775423368383,500224
1775423368386,500224
1775423368389,500224
1775423368391,500224
1775423368394,500224
1775423368396,500224
1775423368399,500224
1775423368401,500224
1775423368403,500224
1775423368405,500224
1775423368407,500224
1775423368408,500224
1775423368410,500224
1775423368412,500224
1775423368414,500224
1775423368416,500224
1775423368418,500224
1775423368426,500224
1775423368430,500224
1775423368433,500224
1775423368439,500224
1775423368447,500224
1775423368450,500224
1775423368453,500224
1775423368456,500224
1775423368460,500224
1775423368462,500224
1775423368464,500224
1775423368467,500224
1775423368469,500224
1775423368471,500224
1775423368474,500224
1775423368477,500224
1775423368480,500224
1775423368482,500224
1775423368485,500224
1775423368487,500224
1775423368491,500224
1775423368493,500224
1775423368495,500224
1775423368497,500224
1775423368499,500224
1775423368501,500224
1775423368503,500224
1775423368506,500224
1775423368509,500224
1775423368512,500224
1775423368514,500224
1775423368517,500224
1775423368519,500224
1775423368522,500224
1775423368525,500224
1775423368529,500224
1775423368532,500224
1775423368535,500224
1775423368538,500224
1775423368540,500224
1775423368543,500224
1775423368546,500224
1775423368548,500224
1775423368551,500224
1775423368553,500224
1775423368556,500224
1775423368559,500224
1775423368561,500224
1775423368568,500224
1775423368570,500224
1775423368572,500224
1775423368575,500224
1775423368577,500224
1775423368578,500224
1775423368580,500224
1775423368965,500224
1775423368968,500224
1775423368971,500224
1775423368974,500224
1775423368976,500224
1775423368979,500224
1775423368982,500224
1775423368984,500224
1775423368987,500224
1775423368990,500224
1775423368992,500224
1775423368995,500224
1775423368999,500224
1775423369002,500224
1775423369006,500224
1775423369008,500224
1775423369010,500224
1775423369011,500224
1775423369013,500224
1775423369015,500224
1775423369016,500224
1775423369018,500224
1775423369019,500224
1775423369021,500224
1775423369024,500224
1775423369027,500224
1775423369030,500224
1775423369033,500224
1775423369036,500224
1775423369042,500224
1775423369046,500224
1775423369049,500224
1775423369051,500224
1775423369054,500224
1775423369057,500224
1775423369059,500224
1775423369061,500224
1775423369062,500224
1775423369064,500224
1775423369067,500224
1775423369069,500224
1775423369072,500224
1775423369074,500224
1775423369076,500224
1775423369078,500224
1775423369079,500224
1775423369081,500224
1775423369083,500224
1775423369086,500224
1775423369088,500224
1775423369090,500224
1775423369092,500224
1775423369094,500224
1775423369096,500224
1775423369098,500224
1775423369100,500224
1775423369102,500224
1775423369104,500224
1775423369105,500224
1775423369107,500224
1775423369109,500224
1775423369110,500224
1775423369112,500224
1775423369113,500224
1775423369115,500224
1775423369116,500224
1775423369118,500224
1775423369119,500224
1775423369122,500224
1775423369131,500224
1775423369136,500224
1775423369138,500224
1775423369141,500224
1775423369144,500224
1775423369147,500224
1775423369149,500224
1775423369151,500224
1775423369153,500224
1775423369155,500224
1775423369157,500224
1775423369159,500224
1775423369161,500224
1775423369162,500224
1775423369164,500224
1775423369165,500224
1775423369167,500224
1775423369169,500224
1775423369170,500224
1775423369573,500224
1775423369577,500224
1775423369580,500224
1775423369583,500224
1775423369586,500224
1775423369588,500224
1775423369591,500224
1775423369593,500224
1775423369595,500224
1775423369598,500224
1775423369600,500224
1775423369602,500224
1775423369604,500224
1775423369606,500224
1775423369608,500224
1775423369610,500224
1775423369611,500224
1775423369614,500224
1775423369616,500224
1775423369618,500224
1775423369620,500224
1775423369623,500224
1775423369625,500224
1775423369631,500224
1775423369633,500224
1775423369635,500224
1775423369636,500224
1775423369638,500224
1775423369640,500224
1775423369641,500224
1775423369645,500224
1775423369647,500224
1775423369648,500224
1775423369651,500224
1775423369653,500224
1775423369654,500224
1775423369656,500224
1775423369659,500224
1775423369662,500224
1775423369664,500224
1775423369667,500224
1775423369670,500224
1775423369672,500224
1775423369675,500224
1775423369681,500224
1775423369682,500224
1775423369683,500224
1775423369685,500224
1775423369686,500224
1775423369687,500224
1775423369688,500224
1775423369691,500224
1775423369693,500224
1775423369696,500224
1775423369698,500224
1775423369701,500224
1775423369703,500224
1775423369708,500224
1775423369710,500224
1775423369712,500224
1775423369714,500224
1775423369715,500224
1775423369718,500224
1775423369720,500224
1775423369722,500224
1775423369724,500224
1775423369726,500224
1775423369728,500224
1775423369731,500224
1775423369733,500224
1775423369735,500224
1775423369736,500224
1775423369738,500224
1775423369740,500224
1775423369741,500224
1775423369743,500224
1775423369745,500224
1775423369746,500224
1775423369748,500224
1775423369756,500224
1775423369759,500224
1775423370167,500224
1775423370170,500224
1775423370172,500224
1775423370175,500224
1775423370177,500224
1775423370182,500224
1775423370184,500224
1775423370186,500224
1775423370188,500224
1775423370189,500224
1775423370192,500224
1775423370194,500224
1775423370196,500224
1775423370198,500224
1775423370200,500224
1775423370202,500224
1775423370204,500224
1775423370206,500224
1775423370208,500224
1775423370210,500224
1775423370213,500224
1775423370215,500224
1775423370217,500224
1775423370219,500224
1775423370222,500224
1775423370226,500224
1775423370228,500224
1775423370230,500224
1775423370231,500224
1775423370233,500224
1775423370234,500224
1775423370237,500224
1775423370239,500224
1775423370242,500224
1775423370244,500224
1775423370246,500224
1775423370248,500224
1775423370250,500224
1775423370252,500224
1775423370254,500224
1775423370256,500224
1775423370257,500224
1775423370259,500224
1775423370261,500224
1775423370262,500224
1775423370264,500224
1775423370265,500224
1775423370267,500224
1775423370268,500224
1775423370270,500224
1775423370271,500224
1775423370273,500224
1775423370274,500224
1775423370275,500224
1775423370277,500224
1775423370278,500224
1775423370279,500224
1775423370281,500224
1775423370283,500224
1775423370285,500224
1775423370287,500224
1775423370288,500224
1775423370290,500224
1775423370291,500224
1775423370292,500224
1775423370293,500224
1775423370295,500224
1775423370296,500224
1775423370297,500224
1775423370298,500224
1775423370300,500224
1775423370302,500224
1775423370304,500224
1775423370305,500224
1775423370308,500224
1775423370311,500224
1775423370314,500224
1775423370316,500224
1775423370319,500224
1775423370322,500224
1775423370325,500224
1775423370327,500224
1775423370329,500224
1775423370330,500224
1775423370332,500224
1775423370335,500224
1775423370338,500224
1775423370344,500224
1775423370346,500224
1775423370348,500224
1775423370776,500224
1775423370782,500224
1775423370785,500224
1775423370788,500224
1775423370790,500224
1775423370794,500224
1775423370796,500224
1775423370798,500224
1775423370802,500224
1775423370805,500224
1775423370807,500224
1775423370809,500224
1775423370811,500224
1775423370813,500224
1775423370816,500224
1775423370818,500224
1775423370820,500224
1775423370822,500224
1775423370824,500224
1775423370826,500224
1775423370828,500224
1775423370830,500224
1775423370832,500224
1775423370834,500224
1775423370837,500224
1775423370840,500224
1775423370843,500224
1775423370845,500224
1775423370847,500224
1775423370849,500224
1775423370852,500224
1775423370855,500224
1775423370857,500224
1775423370860,500224
1775423370862,500224
1775423370865,500224
1775423370869,500224
1775423370875,500224
1775423370877,500224
1775423370878,500224
1775423370880,500224
1775423370881,500224
1775423370882,500224
1775423370884,500224
1775423370885,500224
1775423370886,500224
1775423370887,500224
1775423370888,500224
1775423370890,500224
1775423370891,500224
1775423370892,500224
1775423370893,500224
1775423370895,500224
1775423370896,500224
1775423370897,500224
1775423370899,500224
1775423370901,500224
1775423370902,500224
1775423370904,500224
1775423370905,500224
1775423370906,500224
1775423370908,500224
1775423370909,500224
1775423370910,500224
1775423370911,500224
1775423370913,500224
1775423370914,500224
1775423370917,500224
1775423370920,500224
1775423370922,500224
1775423370925,500224
1775423370927,500224
1775423370932,500224
1775423370934,500224
1775423370936,500224
1775423370938,500224
1775423370940,500224
1775423370941,500224
1775423370943,500224
1775423370944,500224
1775423370945,500224
1775423370946,500224
1775423370948,500224
1775423370949,500224
1775423370950,500224
1775423371372,500224
1775423371376,500224
1775423371378,500224
1775423371381,500224
1775423371382,500224
1775423371384,500224
1775423371386,500224
1775423371388,500224
1775423371389,500224
1775423371391,500224
1775423371395,500224
1775423371397,500224
1775423371400,500224
1775423371403,500224
1775423371407,500224
1775423371409,500224
1775423371412,500224
1775423371415,500224
1775423371417,500224
1775423371419,500224
1775423371421,500224
1775423371422,500224
1775423371424,500224
1775423371425,500224
1775423371427,500224
1775423371428,500224
1775423371429,500224
1775423371431,500224
1775423371432,500224
1775423371433,500224
1775423371434,500224
1775423371436,500224
1775423371437,500224
1775423371438,500224
1775423371439,500224
1775423371440,500224
1775423371442,500224
1775423371443,500224
1775423371445,500224
1775423371447,500224
1775423371448,500224
1775423371450,500224
1775423371451,500224
1775423371453,500224
1775423371454,500224
1775423371456,500224
1775423371457,500224
1775423371462,500224
1775423371464,500224
1775423371467,500224
1775423371469,500224
1775423371470,500224
1775423371472,500224
1775423371473,500224
1775423371475,500224
1775423371476,500224
1775423371478,500224
1775423371480,500224
1775423371482,500224
1775423371484,500224
1775423371487,500224
1775423371490,500224
1775423371492,500224
1775423371494,500224
1775423371495,500224
1775423371497,500224
1775423371498,500224
1775423371501,500224
1775423371504,500224
1775423371506,500224
1775423371508,500224
1775423371510,500224
1775423371512,500224
1775423371514,500224
1775423371516,500224
1775423371517,500224
1775423371518,500224
1775423371520,500224
1775423371521,500224
1775423371523,500224
1775423371525,500224
1775423371527,500224
1775423371971,500224
1775423371974,500224
1775423371977,500224
1775423371987,500224
1775423371990,500224
1775423371993,500224
1775423371995,500224
1775423371998,500224
1775423372000,500224
1775423372003,500224
1775423372005,500224
1775423372008,500224
1775423372011,500224
1775423372013,500224
1775423372016,500224
1775423372018,500224
1775423372021,500224
1775423372024,500224
1775423372034,500224
1775423372037,500224
1775423372039,500224
1775423372042,500224
1775423372044,500224
1775423372047,500224
1775423372049,500224
1775423372051,500224
1775423372053,500224
1775423372055,500224
1775423372057,500224
1775423372059,500224
1775423372061,500224
1775423372062,500224
1775423372064,500224
1775423372066,500224
1775423372067,500224
1775423372069,500224
1775423372072,500224
1775423372074,500224
1775423372075,500224
1775423372077,500224
1775423372078,500224
1775423372080,500224
1775423372083,500224
1775423372085,500224
1775423372086,500224
1775423372087,500224
1775423372089,500224
1775423372090,500224
1775423372091,500224
1775423372092,500224
1775423372094,500224
1775423372096,500224
1775423372097,500224
1775423372099,500224
1775423372101,500224
1775423372103,500224
1775423372105,500224
1775423372107,500224
1775423372109,500224
1775423372110,500224
1775423372112,500224
1775423372114,500224
1775423372115,500224
1775423372116,500224
1775423372118,500224
1775423372119,500224
1775423372121,500224
1775423372122,500224
1775423372124,500224
1775423372125,500224
1775423372126,500224
1775423372128,500224
1775423372129,500224
1775423372130,500224
1775423372132,500224
1775423372134,500224
1775423372135,500224
1775423372137,500224
1775423372571,500224
1775423372574,500224
1775423372577,500224
1775423372580,500224
1775423372582,500224
1775423372585,500224
1775423372588,500224
1775423372590,500224
1775423372593,500224
1775423372596,500224
1775423372598,500224
1775423372601,500224
1775423372603,500224
1775423372606,500224
1775423372608,500224
1775423372610,500224
1775423372612,500224
1775423372614,500224
1775423372620,500224
1775423372623,500224
1775423372626,500224
1775423372629,500224
1775423372631,500224
1775423372635,500224
1775423372638,500224
1775423372640,500224
1775423372643,500224
1775423372646,500224
1775423372647,500224
1775423372649,500224
1775423372650,500224
1775423372651,500224
1775423372653,500224
1775423372656,500224
1775423372659,500224
1775423372662,500224
1775423372665,500224
1775423372667,500224
1775423372670,500224
1775423372672,500224
1775423372675,500224
1775423372677,500224
1775423372679,500224
1775423372681,500224
1775423372683,500224
1775423372685,500224
1775423372687,500224
1775423372688,500224
1775423372690,500224
1775423372691,500224
1775423372693,500224
1775423372695,500224
1775423372697,500224
1775423372698,500224
1775423372699,500224
1775423372701,500224
1775423372703,500224
1775423372704,500224
1775423372705,500224
1775423372707,500224
1775423372708,500224
1775423372710,500224
1775423372714,500224
1775423372717,500224
1775423372719,500224
1775423372722,500224
1775423372723,500224
1775423372725,500224
1775423372726,500224
1775423372728,500224
1775423372729,500224
1775423372731,500224
1775423372732,500224
1775423372733,500224
1775423372735,500224
1775423372736,500224
1775423372737,500224
1775423372738,500224
1775423372740,500224
1775423372741,500224
1775423372742,500224
1775423372743,500224
1775423372745,500224
1775423372746,500224
1775423372748,500224
1775423372749,500224
1775423372751,500224
1775423373173,500224
1775423373177,500224
1775423373180,500224
1775423373183,500224
1775423373186,500224
1775423373189,500224
1775423373192,500224
1775423373195,500224
1775423373197,500224
1775423373199,500224
1775423373203,500224
1775423373206,500224
1775423373210,500224
1775423373216,500224
1775423373219,500224
1775423373221,500224
1775423373223,500224
1775423373224,500224
1775423373226,500224
1775423373227,500224
1775423373229,500224
1775423373230,500224
1775423373232,500224
1775423373233,500224
1775423373235,500224
1775423373236,500224
1775423373238,500224
1775423373240,500224
1775423373241,500224
1775423373242,500224
1775423373243,500224
1775423373245,500224
1775423373246,500224
1775423373248,500224
1775423373250,500224
1775423373252,500224
1775423373254,500224
1775423373256,500224
1775423373257,500224
1775423373259,500224
1775423373261,500224
1775423373262,500224
1775423373266,500224
1775423373269,500224
1775423373272,500224
1775423373274,500224
1775423373275,500224
1775423373276,500224
1775423373277,500224
1775423373279,500224
1775423373280,500224
1775423373281,500224
1775423373283,500224
1775423373284,500224
1775423373285,500224
1775423373289,500224
1775423373292,500224
1775423373295,500224
1775423373297,500224
1775423373299,500224
1775423373300,500224
1775423373302,500224
1775423373303,500224
1775423373304,500224
1775423373305,500224
1775423373308,500224
1775423373311,500224
1775423373313,500224
1775423373316,500224
1775423373319,500224
1775423373321,500224
1775423373323,500224
1775423373325,500224
1775423373327,500224
1775423373330,500224
1775423373333,500224
1775423373336,500224
1775423373338,500224
1775423373341,500224
1775423373344,500224
1775423373346,500224
1775423373348,500224
1775423373351,500224
1775423373774,500224
1775423373779,500224
1775423373784,500224
1775423373787,500224
1775423373789,500224
1775423373792,500224
1775423373794,500224
1775423373796,500224
1775423373799,500224
1775423373803,500224
1775423373806,500224
1775423373809,500224
1775423373812,500224
1775423373815,500224
1775423373818,500224
1775423373821,500224
1775423373824,500224
1775423373831,500224
1775423373836,500224
1775423373839,500224
1775423373841,500224
1775423373844,500224
1775423373846,500224
1775423373849,500224
1775423373851,500224
1775423373854,500224
1775423373856,500224
1775423373858,500224
1775423373860,500224
1775423373863,500224
1775423373864,500224
1775423373866,500224
1775423373867,500224
1775423373869,500224
1775423373870,500224
1775423373871,500224
1775423373873,500224
1775423373876,500224
1775423373879,500224
1775423373881,500224
1775423373884,500224
1775423373887,500224
1775423373889,500224
1775423373893,500224
1775423373894,500224
1775423373896,500224
1775423373897,500224
1775423373898,500224
1775423373900,500224
1775423373901,500224
1775423373902,500224
1775423373904,500224
1775423373905,500224
1775423373911,500224
1775423373913,500224
1775423373915,500224
1775423373916,500224
1775423373919,500224
1775423373922,500224
1775423373925,500224
1775423373927,500224
1775423373928,500224
1775423373929,500224
1775423373930,500224
1775423373933,500224
1775423373937,500224
1775423373940,500224
1775423373943,500224
1775423373945,500224
1775423373948,500224
1775423374374,500224
1775423374377,500224
1775423374380,500224
1775423374382,500224
1775423374385,500224
1775423374387,500224
1775423374395,500224
1775423374398,500224
1775423374400,500224
1775423374403,500224
1775423374408,500224
1775423374411,500224
1775423374414,500224
1775423374418,500224
1775423374421,500224
1775423374426,500224
1775423374430,500224
1775423374433,500224
1775423374436,500224
1775423374439,500224
1775423374441,500224
1775423374444,500224
1775423374447,500224
1775423374461,500224
1775423374464,500224
1775423374467,500224
1775423374470,500224
1775423374474,500224
1775423374478,500224
1775423374482,500224
1775423374484,500224
1775423374487,500224
1775423374489,500224
1775423374492,500224
1775423374494,500224
1775423374496,500224
1775423374498,500224
1775423374500,500224
1775423374501,500224
1775423374503,500224
1775423374505,500224
1775423374506,500224
1775423374508,500224
1775423374510,500224
1775423374511,500224
1775423374513,500224
1775423374514,500224
1775423374516,500224
1775423374517,500224
1775423374519,500224
1775423374520,500224
1775423374521,500224
1775423374523,500224
1775423374524,500224
1775423374526,500224
1775423374528,500224
1775423374529,500224
1775423374530,500224
1775423374532,500224
1775423374533,500224
1775423374534,500224
1775423374535,500224
1775423374537,500224
1775423374538,500224
1775423374539,500224
1775423374541,500224
1775423374542,500224
1775423374544,500224
1775423374545,500224
1775423374547,500224
1775423374548,500224
1775423374550,500224
1775423374551,500224
1775423374552,500224
1775423374554,500224
1775423374555,500224
1775423374556,500224
1775423374558,500224
1775423374976,500224
1775423374979,500224
1775423374989,500224
1775423374992,500224
1775423374994,500224
1775423374998,500224
1775423375001,500224
1775423375003,500224
1775423375006,500224
1775423375009,500224
1775423375011,500224
1775423375014,500224
1775423375016,500224
1775423375018,500224
1775423375020,500224
1775423375022,500224
1775423375025,500224
1775423375027,500224
1775423375029,500224
1775423375031,500224
1775423375034,500224
1775423375037,500224
1775423375040,500224
1775423375042,500224
1775423375045,500224
1775423375047,500224
1775423375049,500224
1775423375051,500224
1775423375054,500224
1775423375056,500224
1775423375058,500224
1775423375060,500224
1775423375062,500224
1775423375066,500224
1775423375071,500224
1775423375074,500224
1775423375077,500224
1775423375080,500224
1775423375081,500224
1775423375083,500224
1775423375084,500224
1775423375086,500224
1775423375087,500224
1775423375089,500224
1775423375090,500224
1775423375092,500224
1775423375093,500224
1775423375094,500224
1775423375096,500224
1775423375097,500224
1775423375098,500224
1775423375100,500224
1775423375101,500224
1775423375103,500224
1775423375104,500224
1775423375105,500224
1775423375107,500224
1775423375108,500224
1775423375110,500224
1775423375111,500224
1775423375113,500224
1775423375114,500224
1775423375116,500224
1775423375117,500224
1775423375119,500224
1775423375120,500224
1775423375121,500224
1775423375123,500224
1775423375125,500224
1775423375126,500224
1775423375129,500224
1775423375135,500224
1775423375137,500224
1775423375139,500224
1775423375141,500224
1775423375143,500224
1775423375145,500224
1775423375148,500224
1775423375151,500224
1775423375153,500224
1775423375154,500224
1775423375156,500224
1775423375158,500224
1775423375159,500224
1775423375161,500224
1775423375162,500224
1775423375164,500224
1775423375166,500224
1775423375168,500224
1775423375170,500224
1775423375172,500224
1775423375173,500224
1775423375175,500224
1775423375177,500224
1775423375178,500224
1775423375180,500224
1775423375181,500224
1775423375183,500224
1775423375186,500224
1775423375189,500224
1775423375191,500224
1775423375194,500224
1775423375197,500224
1775423375199,500224
1775423375202,500224
1775423375205,500224
1775423375207,500224
1775423375210,500224
1775423375580,500224
1775423375582,500224
1775423375584,500224
1775423375587,500224
1775423375589,500224
1775423375591,500224
1775423375594,500224
1775423375597,500224
1775423375600,500224
1775423375602,500224
1775423375604,500224
1775423375606,500224
1775423375609,500224
1775423375612,500224
1775423375614,500224
1775423375616,500224
1775423375618,500224
1775423375621,500224
1775423375623,500224
1775423375626,500224
1775423375633,500224
1775423375636,500224
1775423375638,500224
1775423375641,500224
1775423375644,500224
1775423375646,500224
1775423375648,500224
1775423375651,500224
1775423375657,500224
1775423375659,500224
1775423375662,500224
1775423375664,500224
1775423375666,500224
1775423375668,500224
1775423375670,500224
1775423375671,500224
1775423375673,500224
1775423375675,500224
1775423375676,500224
1775423375680,500224
1775423375683,500224
1775423375685,500224
1775423375687,500224
1775423375689,500224
1775423375691,500224
1775423375693,500224
1775423375694,500224
1775423375696,500224
1775423375698,500224
1775423375699,500224
1775423375701,500224
1775423375703,500224
1775423375704,500224
1775423375708,500224
1775423375710,500224
1775423375712,500224
1775423375715,500224
1775423375718,500224
1775423375721,500224
1775423375723,500224
1775423375725,500224
1775423375728,500224
1775423375730,500224
1775423375732,500224
1775423375734,500224
1775423375736,500224
1775423375738,500224
1775423375740,500224
1775423375741,500224
1775423375743,500224
1775423375745,500224
1775423375747,500224
1775423375749,500224
1775423375750,500224
1775423375752,500224
1775423375754,500224
1775423375755,500224
1775423375759,500224
1775423375760,500224
1775423376189,500224
1775423376192,500224
1775423376205,500224
1775423376208,500224
1775423376211,500224
1775423376214,500224
1775423376217,500224
1775423376220,500224
1775423376223,500224
1775423376226,500224
1775423376228,500224
1775423376231,500224
1775423376234,500224
1775423376237,500224
1775423376240,500224
1775423376243,500224
1775423376245,500224
1775423376246,500224
1775423376248,500224
1775423376250,500224
1775423376251,500224
1775423376253,500224
1775423376254,500224
1775423376256,500224
1775423376257,500224
1775423376258,500224
1775423376260,500224
1775423376261,500224
1775423376264,500224
1775423376267,500224
1775423376274,500224
1775423376275,500224
1775423376276,500224
1775423376278,500224
1775423376279,500224
1775423376281,500224
1775423376283,500224
1775423376284,500224
1775423376285,500224
1775423376287,500224
1775423376288,500224
1775423376289,500224
1775423376290,500224
1775423376293,500224
1775423376296,500224
1775423376299,500224
1775423376301,500224
1775423376303,500224
1775423376305,500224
1775423376306,500224
1775423376308,500224
1775423376310,500224
1775423376313,500224
1775423376315,500224
1775423376316,500224
1775423376318,500224
1775423376319,500224
1775423376321,500224
1775423376323,500224
1775423376324,500224
1775423376328,500224
1775423376330,500224
1775423376333,500224
1775423376336,500224
1775423376338,500224
1775423376340,500224
1775423376346,500224
1775423376347,500224
1775423376348,500224
1775423376350,500224
1775423376352,500224
1775423376355,500224
1775423376357,500224
1775423376360,500224
1775423376362,500224
1775423376363,500224
1775423376365,500224
1775423376367,500224
1775423376368,500224
1775423376370,500224
1775423376777,500224
1775423376780,500224
1775423376783,500224
1775423376789,500224
1775423376792,500224
1775423376794,500224
1775423376797,500224
1775423376799,500224
1775423376802,500224
1775423376806,500224
1775423376812,500224
1775423376816,500224
1775423376820,500224
1775423376822,500224
1775423376824,500224
1775423376827,500224
1775423376829,500224
1775423376831,500224
1775423376833,500224
1775423376835,500224
1775423376837,500224
1775423376839,500224
1775423376841,500224
1775423376842,500224
1775423376844,500224
1775423376846,500224
1775423376847,500224
1775423376849,500224
1775423376852,500224
1775423376854,500224
1775423376857,500224
1775423376860,500224
1775423376862,500224
1775423376865,500224
1775423376868,500224
1775423376870,500224
1775423376873,500224
1775423376875,500224
1775423376877,500224
1775423376879,500224
1775423376881,500224
1775423376882,500224
1775423376884,500224
1775423376886,500224
1775423376890,500224
1775423376893,500224
1775423376895,500224
1775423376896,500224
1775423376897,500224
1775423376900,500224
1775423376906,500224
1775423376908,500224
1775423376910,500224
1775423376911,500224
1775423376912,500224
1775423376914,500224
1775423376915,500224
1775423376916,500224
1775423376917,500224
1775423376919,500224
1775423376920,500224
1775423376921,500224
1775423376922,500224
1775423376924,500224
1775423376925,500224
1775423376927,500224
1775423376929,500224
1775423376931,500224
1775423376934,500224
1775423376936,500224
1775423376938,500224
1775423376940,500224
1775423376942,500224
1775423376944,500224
1775423376945,500224
1775423376947,500224
1775423376949,500224
1775423376951,500224
1775423376953,500224
1775423376955,500224
1775423376957,500224
1775423376959,500224
1775423376961,500224
1775423376963,500224
1775423377379,500224
1775423377382,500224
1775423377385,500224
1775423377388,500224
1775423377390,500224
1775423377393,500224
1775423377396,500224
1775423377398,500224
1775423377401,500224
1775423377403,500224
1775423377406,500224
1775423377408,500224
1775423377410,500224
1775423377414,500224
1775423377417,500224
1775423377420,500224
1775423377425,500224
1775423377428,500224
1775423377430,500224
1775423377431,500224
1775423377433,500224
1775423377434,500224
1775423377436,500224
1775423377439,500224
1775423377441,500224
1775423377443,500224
1775423377444,500224
1775423377447,500224
1775423377450,500224
1775423377452,500224
1775423377454,500224
1775423377457,500224
1775423377458,500224
1775423377460,500224
1775423377462,500224
1775423377464,500224
1775423377465,500224
1775423377467,500224
1775423377468,500224
1775423377469,500224
1775423377471,500224
1775423377472,500224
1775423377473,500224
1775423377475,500224
1775423377476,500224
1775423377477,500224
1775423377480,500224
1775423377482,500224
1775423377484,500224
1775423377486,500224
1775423377487,500224
1775423377489,500224
1775423377491,500224
1775423377492,500224
1775423377494,500224
1775423377496,500224
1775423377497,500224
1775423377498,500224
1775423377509,500224
1775423377513,500224
1775423377517,500224
1775423377519,500224
1775423377521,500224
1775423377524,500224
1775423377527,500224
1775423377529,500224
1775423377532,500224
1775423377535,500224
1775423377537,500224
1775423377540,500224
1775423377543,500224
1775423377547,500224
1775423377550,500224
1775423377552,500224
1775423377555,500224
1775423377558,500224
1775423377561,500224
1775423377563,500224
1775423377565,500224
1775423377568,500224
1775423377570,500224
1775423377572,500224
1775423377575,500224
1775423377578,500224
1775423377581,500224
1775423377583,500224
1775423377586,500224
1775423377589,500224
1775423377591,500224
1775423377594,500224
1775423377596,500224
1775423377599,500224
1775423377601,500224
1775423377603,500224
1775423377605,500224
1775423377607,500224
1775423377611,500224
1775423377613,500224
1775423377616,500224
1775423377983,500224
1775423377986,500224
1775423377988,500224
1775423377993,500224
1775423377999,500224
1775423378001,500224
1775423378004,500224
1775423378007,500224
1775423378010,500224
1775423378012,500224
1775423378015,500224
1775423378018,500224
1775423378020,500224
1775423378030,500224
1775423378033,500224
1775423378035,500224
1775423378038,500224
1775423378041,500224
1775423378044,500224
1775423378046,500224
1775423378048,500224
1775423378049,500224
1775423378050,500224
1775423378052,500224
1775423378053,500224
1775423378054,500224
1775423378058,500224
1775423378060,500224
1775423378063,500224
1775423378065,500224
1775423378068,500224
1775423378070,500224
1775423378072,500224
1775423378074,500224
1775423378076,500224
1775423378078,500224
1775423378080,500224
1775423378081,500224
1775423378083,500224
1775423378085,500224
1775423378086,500224
1775423378088,500224
1775423378090,500224
1775423378091,500224
1775423378093,500224
1775423378094,500224
1775423378096,500224
1775423378097,500224
1775423378099,500224
1775423378102,500224
1775423378104,500224
1775423378105,500224
1775423378108,500224
1775423378111,500224
1775423378113,500224
1775423378116,500224
1775423378117,500224
1775423378118,500224
1775423378120,500224
1775423378121,500224
1775423378123,500224
1775423378124,500224
1775423378125,500224
1775423378127,500224
1775423378128,500224
1775423378129,500224
1775423378130,500224
1775423378132,500224
1775423378582,500224
1775423378585,500224
1775423378587,500224
1775423378590,500224
1775423378593,500224
1775423378595,500224
1775423378598,500224
1775423378600,500224
1775423378604,500224
1775423378606,500224
1775423378609,500224
1775423378612,500224
1775423378618,500224
1775423378621,500224
1775423378624,500224
1775423378627,500224
1775423378629,500224
1775423378632,500224
1775423378634,500224
1775423378636,500224
1775423378638,500224
1775423378640,500224
1775423378642,500224
1775423378644,500224
1775423378646,500224
1775423378647,500224
1775423378651,500224
1775423378654,500224
1775423378657,500224
1775423378660,500224
1775423378662,500224
1775423378665,500224
1775423378668,500224
1775423378671,500224
1775423378674,500224
1775423378677,500224
1775423378680,500224
1775423378682,500224
1775423378685,500224
1775423378687,500224
1775423378689,500224
1775423378691,500224
1775423378693,500224
1775423378695,500224
1775423378697,500224
1775423378699,500224
1775423378701,500224
1775423378703,500224
1775423378705,500224
1775423378707,500224
1775423378709,500224
1775423378710,500224
1775423378712,500224
1775423378714,500224
1775423378716,500224
1775423378718,500224
1775423378720,500224
1775423378722,500224
1775423378724,500224
1775423378725,500224
1775423378728,500224
1775423378731,500224
1775423378732,500224
1775423378734,500224
1775423378735,500224
1775423378737,500224
1775423378738,500224
1775423378740,500224
1775423378741,500224
1775423378742,500224
1775423378745,500224
1775423378748,500224
1775423378750,500224
1775423378753,500224
1775423378756,500224
1775423378759,500224
1775423378762,500224
1775423378764,500224
1775423378766,500224
1775423378769,500224
1775423379181,500224
1775423379184,500224
1775423379186,500224
1775423379189,500224
1775423379191,500224
1775423379194,500224
1775423379199,500224
1775423379202,500224
1775423379206,500224
1775423379208,500224
1775423379209,500224
1775423379211,500224
1775423379213,500224
1775423379215,500224
1775423379218,500224
1775423379221,500224
1775423379224,500224
1775423379226,500224
1775423379228,500224
1775423379230,500224
1775423379233,500224
1775423379236,500224
1775423379239,500224
1775423379242,500224
1775423379244,500224
1775423379246,500224
1775423379248,500224
1775423379250,500224
1775423379252,500224
1775423379254,500224
1775423379256,500224
1775423379257,500224
1775423379259,500224
1775423379261,500224
1775423379262,500224
1775423379264,500224
1775423379266,500224
1775423379268,500224
1775423379270,500224
1775423379272,500224
1775423379274,500224
1775423379275,500224
1775423379277,500224
1775423379279,500224
1775423379280,500224
1775423379282,500224
1775423379283,500224
1775423379285,500224
1775423379287,500224
1775423379288,500224
1775423379289,500224
1775423379291,500224
1775423379292,500224
1775423379295,500224
1775423379297,500224
1775423379299,500224
1775423379301,500224
1775423379304,500224
1775423379307,500224
1775423379309,500224
1775423379311,500224
1775423379316,500224
1775423379318,500224
1775423379321,500224
1775423379324,500224
1775423379326,500224
1775423379329,500224
1775423379331,500224
1775423379333,500224
1775423379335,500224
1775423379337,500224
1775423379339,500224
1775423379340,500224
1775423379342,500224
1775423379344,500224
1775423379345,500224
1775423379347,500224
1775423379348,500224
1775423379350,500224
1775423379351,500224
1775423379353,500224
1775423379354,500224
1775423379356,500224
1775423379357,500224
1775423379359,500224
1775423379360,500224
1775423379361,500224
1775423379363,500224
1775423379364,500224
1775423379365,500224
1775423379367,500224
1775423379368,500224
1775423379369,500224
1775423379370,500224
1775423379372,500224
1775423379373,500224
1775423379377,500224
1775423379379,500224
1775423379382,500224
1775423379385,500224
1775423379387,500224
1775423379390,500224
1775423379392,500224
1775423379395,500224
1775423379782,500224
1775423379785,500224
1775423379788,500224
1775423379790,500224
1775423379793,500224
1775423379795,500224
1775423379798,500224
1775423379802,500224
1775423379805,500224
1775423379808,500224
1775423379810,500224
1775423379813,500224
1775423379816,500224
1775423379818,500224
1775423379821,500224
1775423379823,500224
1775423379830,500224
1775423379837,500224
1775423379840,500224
1775423379843,500224
1775423379846,500224
1775423379850,500224
1775423379852,500224
1775423379855,500224
1775423379858,500224
1775423379860,500224
1775423379863,500224
1775423379866,500224
1775423379869,500224
1775423379872,500224
1775423379875,500224
1775423379878,500224
1775423379881,500224
1775423379885,500224
1775423379888,500224
1775423379891,500224
1775423379893,500224
1775423379896,500224
1775423379899,500224
1775423379902,500224
1775423379905,500224
1775423379907,500224
1775423379909,500224
1775423379912,500224
1775423379914,500224
1775423379916,500224
1775423379918,500224
1775423379919,500224
1775423379921,500224
1775423379923,500224
1775423379925,500224
1775423379927,500224
1775423379928,500224
1775423379930,500224
1775423379933,500224
1775423379935,500224
1775423379937,500224
1775423379939,500224
1775423379940,500224
1775423379942,500224
1775423379944,500224
1775423379945,500224
1775423379949,500224
1775423379951,500224
1775423379954,500224
1775423379956,500224
1775423379958,500224
1775423379959,500224
1775423379960,500224
1775423379962,500224
1775423379963,500224
1775423379964,500224
1775423379966,500224
1775423379967,500224
1775423379969,500224
1775423379970,500224
1775423380383,500224
1775423380386,500224
1775423380389,500224
1775423380392,500224
1775423380394,500224
1775423380397,500224
1775423380401,500224
1775423380403,500224
1775423380406,500224
1775423380408,500224
1775423380410,500224
1775423380412,500224
1775423380414,500224
1775423380416,500224
1775423380419,500224
1775423380421,500224
1775423380423,500224
1775423380426,500224
1775423380428,500224
1775423380430,500224
1775423380432,500224
1775423380434,500224
1775423380436,500224
1775423380438,500224
1775423380440,500224
1775423380441,500224
1775423380443,500224
1775423380445,500224
1775423380446,500224
1775423380448,500224
1775423380451,500224
1775423380454,500224
1775423380456,500224
1775423380459,500224
1775423380462,500224
1775423380464,500224
1775423380465,500224
1775423380468,500224
1775423380471,500224
1775423380474,500224
1775423380476,500224
1775423380479,500224
1775423380482,500224
1775423380484,500224
1775423380486,500224
1775423380488,500224
1775423380490,500224
1775423380493,500224
1775423380495,500224
1775423380497,500224
1775423380500,500224
1775423380502,500224
1775423380505,500224
1775423380508,500224
1775423380510,500224
1775423380513,500224
1775423380516,500224
1775423380519,500224
1775423380521,500224
1775423380524,500224
1775423380984,500224
1775423380986,500224
1775423380990,500224
1775423380993,500224
1775423380996,500224
1775423380998,500224
1775423381001,500224
1775423381004,500224
1775423381007,500224
1775423381009,500224
1775423381012,500224
1775423381015,500224
1775423381018,500224
1775423381021,500224
1775423381024,500224
1775423381026,500224
1775423381028,500224
1775423381031,500224
1775423381033,500224
1775423381036,500224
1775423381038,500224
1775423381041,500224
1775423381044,500224
1775423381046,500224
1775423381048,500224
1775423381050,500224
1775423381053,500224
1775423381055,500224
1775423381057,500224
1775423381059,500224
1775423381060,500224
1775423381062,500224
1775423381064,500224
1775423381066,500224
1775423381067,500224
1775423381069,500224
1775423381071,500224
1775423381073,500224
1775423381075,500224
1775423381076,500224
1775423381078,500224
1775423381079,500224
1775423381081,500224
1775423381082,500224
1775423381083,500224
1775423381085,500224
1775423381086,500224
1775423381087,500224
1775423381089,500224
1775423381090,500224
1775423381091,500224
1775423381092,500224
1775423381094,500224
1775423381095,500224
1775423381096,500224
1775423381098,500224
1775423381100,500224
1775423381103,500224
1775423381106,500224
1775423381109,500224
1775423381111,500224
1775423381114,500224
1775423381116,500224
1775423381118,500224
1775423381123,500224
1775423381126,500224
1775423381129,500224
1775423381132,500224
1775423381585,500224
1775423381588,500224
1775423381591,500224
1775423381593,500224
1775423381597,500224
1775423381599,500224
1775423381600,500224
1775423381601,500224
1775423381604,500224
1775423381607,500224
1775423381610,500224
1775423381612,500224
1775423381615,500224
1775423381617,500224
1775423381620,500224
1775423381623,500224
1775423381627,500224
1775423381629,500224
1775423381631,500224
1775423381632,500224
1775423381633,500224
1775423381635,500224
1775423381636,500224
1775423381637,500224
1775423381638,500224
1775423381640,500224
1775423381641,500224
1775423381642,500224
1775423381643,500224
1775423381645,500224
1775423381650,500224
1775423381652,500224
1775423381654,500224
1775423381655,500224
1775423381664,500224
1775423381666,500224
1775423381668,500224
1775423381670,500224
1775423381672,500224
1775423381675,500224
1775423381678,500224
1775423381680,500224
1775423381683,500224
1775423381686,500224
1775423381688,500224
1775423381691,500224
1775423381693,500224
1775423381695,500224
1775423381697,500224
1775423381698,500224
1775423381699,500224
1775423381703,500224
1775423381706,500224
1775423381709,500224
1775423381712,500224
1775423381715,500224
1775423381717,500224
1775423381719,500224
1775423381721,500224
1775423381724,500224
1775423381726,500224
1775423381728,500224
1775423381729,500224
1775423381731,500224
1775423381733,500224
1775423381736,500224
1775423381738,500224
1775423381740,500224
1775423381742,500224
1775423381745,500224
1775423381750,500224
1775423381753,500224
1775423382188,500224
1775423382191,500224
1775423382194,500224
1775423382197,500224
1775423382202,500224
1775423382206,500224
1775423382209,500224
1775423382213,500224
1775423382216,500224
1775423382220,500224
1775423382223,500224
1775423382226,500224
1775423382229,500224
1775423382232,500224
1775423382235,500224
1775423382237,500224
1775423382240,500224
1775423382242,500224
1775423382243,500224
1775423382245,500224
1775423382247,500224
1775423382249,500224
1775423382250,500224
1775423382252,500224
1775423382253,500224
1775423382255,500224
1775423382257,500224
1775423382258,500224
1775423382260,500224
1775423382262,500224
1775423382264,500224
1775423382265,500224
1775423382267,500224
1775423382269,500224
1775423382270,500224
1775423382272,500224
1775423382274,500224
1775423382275,500224
1775423382277,500224
1775423382278,500224
1775423382280,500224
1775423382281,500224
1775423382282,500224
1775423382284,500224
1775423382285,500224
1775423382286,500224
1775423382288,500224
1775423382289,500224
1775423382290,500224
1775423382291,500224
1775423382292,500224
1775423382294,500224
1775423382296,500224
