timestamp,size
1775428948756,20992
1775428948756,38400
1775428948757,36864
1775428948758,192000
1775428948759,115200
1775428948760,268800
1775428948763,442880
1775428949362,96256
1775428949363,173056
1775428949365,249344
1775428949368,397312
1775428949368,21504
1775428949369,95744
1775428949369,116736
1775428949370,192000
1775428949373,443904
1775428949375,345600
1775428949377,268800
1775428949378,172032
1775428949379,250368
1775428949382,500224
1775428949964,500224
1775428949966,442368
1775428949968,328192
1775428949971,500224
1775428949973,499200
1775428949976,500224
1775428949979,500224
1775428949981,500224
1775428949984,500224
1775428949987,500224
1775428949989,500224
1775428949992,500224
1775428949995,500224
1775428949999,500224
1775428950002,500224
1775428950005,500224
1775428950572,500224
1775428950576,500224
1775428950579,500224
1775428950582,500224
1775428950585,500224
1775428950589,500224
1775428950592,500224
1775428950596,500224
1775428950599,500224
1775428950602,500224
1775428950605,500224
1775428950607,500224
1775428950610,500224
1775428950613,500224
1775428950615,500224
1775428950618,500224
1775428950620,500224
1775428950622,500224
1775428951166,500224
1775428951171,500224
1775428951174,500224
1775428951177,500224
1775428951180,500224
1775428951183,500224
1775428951185,500224
1775428951191,500224
1775428951194,500224
1775428951196,500224
1775428951199,500224
1775428951202,500224
1775428951204,500224
1775428951207,500224
1775428951210,500224
1775428951213,500224
1775428951216,500224
1775428951219,500224
1775428951221,500224
1775428951224,500224
1775428951226,500224
1775428951229,500224
1775428951231,500224
1775428951771,500224
1775428951776,500224
1775428951780,500224
1775428951783,500224
1775428951786,500224
1775428951789,500224
1775428951792,500224
1775428951795,500224
1775428951798,500224
1775428951800,500224
1775428951803,500224
1775428951806,500224
1775428951809,500224
1775428951812,500224
1775428951814,500224
1775428951817,500224
1775428951820,500224
1775428951823,500224
1775428951825,500224
1775428951828,500224
1775428951830,500224
1775428951833,500224
1775428951836,500224
1775428951839,500224
1775428951842,500224
1775428951844,500224
1775428951847,500224
1775428952370,500224
1775428952375,500224
1775428952377,500224
1775428952380,500224
1775428952383,500224
1775428952386,500224
1775428952388,500224
1775428952391,500224
1775428952394,500224
1775428952397,500224
1775428952399,500224
1775428952402,500224
1775428952404,500224
1775428952408,500224
1775428952411,500224
1775428952415,500224
1775428952417,500224
1775428952426,500224
1775428952429,500224
1775428952432,500224
1775428952435,500224
1775428952438,500224
1775428952440,500224
1775428952443,500224
1775428952446,500224
1775428952448,500224
1775428952451,500224
1775428952454,500224
1775428952456,500224
1775428952459,500224
1775428952461,500224
1775428952463,500224
1775428952466,500224
1775428952468,500224
1775428952975,500224
1775428952978,500224
1775428952981,500224
1775428952983,500224
1775428952986,500224
1775428952989,500224
1775428952991,500224
1775428952994,500224
1775428952997,500224
1775428953016,500224
1775428953024,500224
1775428953032,500224
1775428953043,500224
1775428953046,500224
1775428953050,500224
1775428953053,500224
1775428953055,500224
1775428953060,500224
1775428953063,500224
1775428953066,500224
1775428953069,500224
1775428953072,500224
1775428953083,500224
1775428953088,500224
1775428953090,500224
1775428953092,500224
1775428953094,500224
1775428953097,500224
1775428953101,500224
1775428953104,500224
1775428953106,500224
1775428953110,500224
1775428953112,500224
1775428953114,500224
1775428953115,500224
1775428953119,500224
1775428953123,500224
1775428953126,500224
1775428953130,500224
1775428953132,500224
1775428953584,500224
1775428953592,500224
1775428953596,500224
1775428953598,500224
1775428953601,500224
1775428953606,500224
1775428953612,500224
1775428953616,500224
1775428953620,500224
1775428953624,500224
1775428953628,500224
1775428953630,500224
1775428953634,500224
1775428953641,500224
1775428953644,500224
1775428953646,500224
1775428953649,500224
1775428953651,500224
1775428953653,500224
1775428953655,500224
1775428953657,500224
1775428953660,500224
1775428953664,500224
1775428953665,500224
1775428953668,500224
1775428953669,500224
1775428953671,500224
1775428953673,500224
1775428953675,500224
1775428953677,500224
1775428953679,500224
1775428953682,500224
1775428953685,500224
1775428953688,500224
1775428953689,500224
1775428953691,500224
1775428953694,500224
1775428953697,500224
1775428953701,500224
1775428953706,500224
1775428953711,500224
1775428953716,500224
1775428953719,500224
1775428953723,500224
1775428953727,500224
1775428953730,500224
1775428954181,500224
1775428954186,500224
1775428954189,500224
1775428954192,500224
1775428954196,500224
1775428954199,500224
1775428954203,500224
1775428954206,500224
1775428954210,500224
1775428954213,500224
1775428954216,500224
1775428954218,500224
1775428954222,500224
1775428954224,500224
1775428954228,500224
1775428954233,500224
1775428954237,500224
1775428954241,500224
1775428954244,500224
1775428954250,500224
1775428954253,500224
1775428954257,500224
1775428954260,500224
1775428954264,500224
1775428954269,500224
1775428954273,500224
1775428954277,500224
1775428954281,500224
1775428954287,500224
1775428954291,500224
1775428954296,500224
1775428954300,500224
1775428954305,500224
1775428954309,500224
1775428954314,500224
1775428954317,500224
1775428954320,500224
1775428954323,500224
1775428954327,500224
1775428954330,500224
1775428954333,500224
1775428954337,500224
1775428954779,500224
1775428954783,500224
1775428954788,500224
1775428954792,500224
1775428954795,500224
1775428954799,500224
1775428954803,500224
1775428954807,500224
1775428954811,500224
1775428954815,500224
1775428954820,500224
1775428954824,500224
1775428954827,500224
1775428954830,500224
1775428954833,500224
1775428954835,500224
1775428954837,500224
1775428954839,500224
1775428954842,500224
1775428954843,500224
1775428954846,500224
1775428954850,500224
1775428954854,500224
1775428954857,500224
1775428954859,500224
1775428954862,500224
1775428954864,500224
1775428954868,500224
1775428954871,500224
1775428954874,500224
1775428954876,500224
1775428954878,500224
1775428954880,500224
1775428954883,500224
1775428954885,500224
1775428954887,500224
1775428954889,500224
1775428954891,500224
1775428954893,500224
1775428954895,500224
1775428954896,500224
1775428954898,500224
1775428954900,500224
1775428954902,500224
1775428954904,500224
1775428954906,500224
1775428954909,500224
1775428954911,500224
1775428954912,500224
1775428955382,500224
1775428955384,500224
1775428955387,500224
1775428955390,500224
1775428955393,500224
1775428955396,500224
1775428955400,500224
1775428955402,500224
1775428955405,500224
1775428955408,500224
1775428955410,500224
1775428955413,500224
1775428955416,500224
1775428955418,500224
1775428955421,500224
1775428955424,500224
1775428955428,500224
1775428955431,500224
1775428955433,500224
1775428955435,500224
1775428955438,500224
1775428955440,500224
1775428955442,500224
1775428955444,500224
1775428955446,500224
1775428955449,500224
1775428955452,500224
1775428955454,500224
1775428955457,500224
1775428955459,500224
1775428955462,500224
1775428955465,500224
1775428955468,500224
1775428955472,500224
1775428955474,500224
1775428955476,500224
1775428955480,500224
1775428955482,500224
1775428955485,500224
1775428955488,500224
1775428955491,500224
1775428955493,500224
1775428955496,500224
1775428955499,500224
1775428955501,500224
1775428955504,500224
1775428955506,500224
1775428955509,500224
1775428955511,500224
1775428955981,500224
1775428955984,500224
1775428955988,500224
1775428955991,500224
1775428955994,500224
1775428955996,500224
1775428956000,500224
1775428956003,500224
1775428956006,500224
1775428956010,500224
1775428956013,500224
1775428956017,500224
1775428956021,500224
1775428956024,500224
1775428956028,500224
1775428956030,500224
1775428956033,500224
1775428956035,500224
1775428956036,500224
1775428956041,500224
1775428956043,500224
1775428956048,500224
1775428956050,500224
1775428956052,500224
1775428956054,500224
1775428956057,500224
1775428956060,500224
1775428956062,500224
1775428956065,500224
1775428956068,500224
1775428956070,500224
1775428956072,500224
1775428956074,500224
1775428956075,500224
1775428956077,500224
1775428956078,500224
1775428956080,500224
1775428956081,500224
1775428956083,500224
1775428956085,500224
1775428956086,500224
1775428956088,500224
1775428956089,500224
1775428956091,500224
1775428956092,500224
1775428956093,500224
1775428956095,500224
1775428956096,500224
1775428956097,500224
1775428956099,500224
1775428956100,500224
1775428956101,500224
1775428956103,500224
1775428956583,500224
1775428956587,500224
1775428956590,500224
1775428956594,500224
1775428956597,500224
1775428956599,500224
1775428956602,500224
1775428956604,500224
1775428956607,500224
1775428956610,500224
1775428956612,500224
1775428956615,500224
1775428956618,500224
1775428956620,500224
1775428956623,500224
1775428956626,500224
1775428956628,500224
1775428956631,500224
1775428956634,500224
1775428956637,500224
1775428956639,500224
1775428956641,500224
1775428956642,500224
1775428956644,500224
1775428956645,500224
1775428956648,500224
1775428956651,500224
1775428956652,500224
1775428956654,500224
1775428956655,500224
1775428956660,500224
1775428956667,500224
1775428956669,500224
1775428956672,500224
1775428956675,500224
1775428956678,500224
1775428956681,500224
1775428956683,500224
1775428956686,500224
1775428956689,500224
1775428956691,500224
1775428956694,500224
1775428956696,500224
1775428956699,500224
1775428956701,500224
1775428956703,500224
1775428956705,500224
1775428956707,500224
1775428956709,500224
1775428956711,500224
1775428957185,500224
1775428957188,500224
1775428957198,500224
1775428957201,500224
1775428957205,500224
1775428957209,500224
1775428957213,500224
1775428957216,500224
1775428957218,500224
1775428957220,500224
1775428957223,500224
1775428957226,500224
1775428957229,500224
1775428957232,500224
1775428957234,500224
1775428957237,500224
1775428957240,500224
1775428957242,500224
1775428957245,500224
1775428957247,500224
1775428957249,500224
1775428957252,500224
1775428957254,500224
1775428957256,500224
1775428957258,500224
1775428957261,500224
1775428957265,500224
1775428957270,500224
1775428957273,500224
1775428957274,500224
1775428957276,500224
1775428957278,500224
1775428957279,500224
1775428957282,500224
1775428957284,500224
1775428957287,500224
1775428957296,500224
1775428957300,500224
1775428957302,500224
1775428957304,500224
1775428957306,500224
1775428957309,500224
1775428957313,500224
1775428957315,500224
1775428957316,500224
1775428957317,500224
1775428957319,500224
1775428957321,500224
1775428957786,500224
1775428957789,500224
1775428957791,500224
1775428957793,500224
1775428957795,500224
1775428957799,500224
1775428957802,500224
1775428957804,500224
1775428957807,500224
1775428957809,500224
1775428957812,500224
1775428957815,500224
1775428957818,500224
1775428957822,500224
1775428957825,500224
1775428957827,500224
1775428957830,500224
1775428957833,500224
1775428957835,500224
1775428957838,500224
1775428957841,500224
1775428957843,500224
1775428957846,500224
1775428957849,500224
1775428957851,500224
1775428957853,500224
1775428957855,500224
1775428957857,500224
1775428957859,500224
1775428957861,500224
1775428957863,500224
1775428957864,500224
1775428957866,500224
1775428957867,500224
1775428957869,500224
1775428957871,500224
1775428957872,500224
1775428957875,500224
1775428957877,500224
1775428957881,500224
1775428957885,500224
1775428957890,500224
1775428957893,500224
1775428957894,500224
1775428957895,500224
1775428957897,500224
1775428957901,500224
1775428957904,500224
1775428957909,500224
1775428958387,500224
1775428958391,500224
1775428958396,500224
1775428958399,500224
1775428958403,500224
1775428958407,500224
1775428958412,500224
1775428958415,500224
1775428958418,500224
1775428958422,500224
1775428958427,500224
1775428958431,500224
1775428958435,500224
1775428958438,500224
1775428958442,500224
1775428958446,500224
1775428958449,500224
1775428958452,500224
1775428958458,500224
1775428958461,500224
1775428958464,500224
1775428958468,500224
1775428958471,500224
1775428958474,500224
1775428958476,500224
1775428958479,500224
1775428958480,500224
1775428958482,500224
1775428958483,500224
1775428958486,500224
1775428958488,500224
1775428958489,500224
1775428958496,500224
1775428958499,500224
1775428958503,500224
1775428958505,500224
1775428958509,500224
1775428958514,500224
1775428958516,500224
1775428958519,500224
1775428958522,500224
1775428958525,500224
1775428958527,500224
1775428958532,500224
1775428958537,500224
1775428958539,500224
1775428958542,500224
1775428958544,500224
1775428958546,500224
1775428958557,500224
1775428958991,500224
1775428958996,500224
1775428958999,500224
1775428959005,500224
1775428959008,500224
1775428959011,500224
1775428959015,500224
1775428959019,500224
1775428959023,500224
1775428959028,500224
1775428959031,500224
1775428959034,500224
1775428959037,500224
1775428959039,500224
1775428959042,500224
1775428959045,500224
1775428959048,500224
1775428959051,500224
1775428959054,500224
1775428959056,500224
1775428959058,500224
1775428959061,500224
1775428959064,500224
1775428959067,500224
1775428959069,500224
1775428959071,500224
1775428959076,500224
1775428959078,500224
1775428959084,500224
1775428959087,500224
1775428959089,500224
1775428959091,500224
1775428959093,500224
1775428959096,500224
1775428959100,500224
1775428959103,500224
1775428959107,500224
1775428959108,500224
1775428959110,500224
1775428959113,500224
1775428959116,500224
1775428959117,500224
1775428959121,500224
1775428959124,500224
1775428959126,500224
1775428959129,500224
1775428959130,500224
1775428959132,500224
1775428959134,500224
1775428959136,500224
1775428959139,500224
1775428959141,500224
1775428959593,500224
1775428959596,500224
1775428959600,500224
1775428959603,500224
1775428959608,500224
1775428959614,500224
1775428959617,500224
1775428959619,500224
1775428959622,500224
1775428959625,500224
1775428959629,500224
1775428959632,500224
1775428959636,500224
1775428959640,500224
1775428959643,500224
1775428959646,500224
1775428959649,500224
1775428959652,500224
1775428959655,500224
1775428959659,500224
1775428959663,500224
1775428959666,500224
1775428959669,500224
1775428959673,500224
1775428959675,500224
1775428959677,500224
1775428959679,500224
1775428959681,500224
1775428959685,500224
1775428959688,500224
1775428959690,500224
1775428959693,500224
1775428959698,500224
1775428959701,500224
1775428959704,500224
1775428959707,500224
1775428959710,500224
1775428959712,500224
1775428959715,500224
1775428959718,500224
1775428959720,500224
1775428959723,500224
1775428959726,500224
1775428959729,500224
1775428959732,500224
1775428959734,500224
1775428959737,500224
1775428959740,500224
1775428960191,500224
1775428960194,500224
1775428960195,500224
1775428960199,500224
1775428960202,500224
1775428960207,500224
1775428960210,500224
1775428960212,500224
1775428960215,500224
1775428960218,500224
1775428960220,500224
1775428960223,500224
1775428960226,500224
1775428960228,500224
1775428960231,500224
1775428960234,500224
1775428960237,500224
1775428960239,500224
1775428960242,500224
1775428960246,500224
1775428960255,500224
1775428960258,500224
1775428960260,500224
1775428960262,500224
1775428960263,500224
1775428960265,500224
1775428960266,500224
1775428960268,500224
1775428960269,500224
1775428960271,500224
1775428960272,500224
1775428960274,500224
1775428960275,500224
1775428960277,500224
1775428960278,500224
1775428960279,500224
1775428960281,500224
1775428960282,500224
1775428960283,500224
1775428960284,500224
1775428960286,500224
1775428960287,500224
1775428960288,500224
1775428960289,500224
1775428960292,500224
1775428960294,500224
1775428960296,500224
1775428960298,500224
1775428960299,500224
1775428960301,500224
1775428960302,500224
1775428960793,500224
1775428960796,500224
1775428960801,500224
1775428960804,500224
1775428960808,500224
1775428960812,500224
1775428960817,500224
1775428960822,500224
1775428960825,500224
1775428960829,500224
1775428960831,500224
1775428960835,500224
1775428960838,500224
1775428960841,500224
1775428960844,500224
1775428960847,500224
1775428960850,500224
1775428960853,500224
1775428960855,500224
1775428960857,500224
1775428960858,500224
1775428960860,500224
1775428960861,500224
1775428960862,500224
1775428960864,500224
1775428960865,500224
1775428960866,500224
1775428960867,500224
1775428960869,500224
1775428960870,500224
1775428960871,500224
1775428960872,500224
1775428960874,500224
1775428960875,500224
1775428960876,500224
1775428960877,500224
1775428960879,500224
1775428960880,500224
1775428960882,500224
1775428960883,500224
1775428960884,500224
1775428960886,500224
1775428960887,500224
1775428960888,500224
1775428960890,500224
1775428960891,500224
1775428960892,500224
1775428960894,500224
1775428960895,500224
1775428960896,500224
1775428960898,500224
1775428960899,500224
1775428960900,500224
1775428960902,500224
1775428960904,500224
1775428960906,500224
1775428961397,500224
1775428961400,500224
1775428961404,500224
1775428961408,500224
1775428961411,500224
1775428961413,500224
1775428961417,500224
1775428961427,500224
1775428961429,500224
1775428961432,500224
1775428961435,500224
1775428961437,500224
1775428961440,500224
1775428961443,500224
1775428961445,500224
1775428961448,500224
1775428961450,500224
1775428961452,500224
1775428961454,500224
1775428961456,500224
1775428961458,500224
1775428961460,500224
1775428961462,500224
1775428961464,500224
1775428961466,500224
1775428961469,500224
1775428961471,500224
1775428961473,500224
1775428961475,500224
1775428961477,500224
1775428961479,500224
1775428961481,500224
1775428961483,500224
1775428961485,500224
1775428961487,500224
1775428961489,500224
1775428961491,500224
1775428961493,500224
1775428961496,500224
1775428961499,500224
1775428961501,500224
1775428961502,500224
1775428961504,500224
1775428961506,500224
1775428961512,500224
1775428961515,500224
1775428961516,500224
1775428961524,500224
1775428961527,500224
1775428961998,500224
1775428962001,500224
1775428962005,500224
1775428962008,500224
1775428962011,500224
1775428962015,500224
1775428962018,500224
1775428962021,500224
1775428962023,500224
1775428962025,500224
1775428962029,500224
1775428962031,500224
1775428962034,500224
1775428962037,500224
1775428962040,500224
1775428962043,500224
1775428962045,500224
1775428962049,500224
1775428962053,500224
1775428962056,500224
1775428962059,500224
1775428962062,500224
1775428962064,500224
1775428962067,500224
1775428962070,500224
1775428962072,500224
1775428962080,500224
1775428962083,500224
1775428962086,500224
1775428962088,500224
1775428962091,500224
1775428962094,500224
1775428962097,500224
1775428962100,500224
1775428962103,500224
1775428962106,500224
1775428962109,500224
1775428962111,500224
1775428962113,500224
1775428962116,500224
1775428962118,500224
1775428962120,500224
1775428962122,500224
1775428962125,500224
1775428962128,500224
1775428962131,500224
1775428962134,500224
1775428962135,500224
1775428962137,500224
1775428962138,500224
1775428962140,500224
1775428962141,500224
1775428962143,500224
1775428962600,500224
1775428962604,500224
1775428962607,500224
1775428962612,500224
1775428962615,500224
1775428962618,500224
1775428962621,500224
1775428962624,500224
1775428962627,500224
1775428962630,500224
1775428962633,500224
1775428962636,500224
1775428962638,500224
1775428962641,500224
1775428962644,500224
1775428962646,500224
1775428962649,500224
1775428962651,500224
1775428962653,500224
1775428962655,500224
1775428962657,500224
1775428962662,500224
1775428962665,500224
1775428962668,500224
1775428962671,500224
1775428962673,500224
1775428962676,500224
1775428962680,500224
1775428962683,500224
1775428962685,500224
1775428962688,500224
1775428962691,500224
1775428962693,500224
1775428962696,500224
1775428962699,500224
1775428962701,500224
1775428962704,500224
1775428962707,500224
1775428962709,500224
1775428962712,500224
1775428962714,500224
1775428962723,500224
1775428962726,500224
1775428962729,500224
1775428962731,500224
1775428962734,500224
1775428962736,500224
1775428962739,500224
1775428962741,500224
1775428962743,500224
1775428962745,500224
1775428962747,500224
1775428962749,500224
1775428962751,500224
1775428962753,500224
1775428963202,500224
1775428963205,500224
1775428963207,500224
1775428963210,500224
1775428963213,500224
1775428963216,500224
1775428963218,500224
1775428963221,500224
1775428963226,500224
1775428963229,500224
1775428963232,500224
1775428963235,500224
1775428963237,500224
1775428963240,500224
1775428963243,500224
1775428963246,500224
1775428963250,500224
1775428963253,500224
1775428963255,500224
1775428963258,500224
1775428963261,500224
1775428963263,500224
1775428963268,500224
1775428963270,500224
1775428963272,500224
1775428963274,500224
1775428963276,500224
1775428963278,500224
1775428963280,500224
1775428963283,500224
1775428963285,500224
1775428963286,500224
1775428963288,500224
1775428963290,500224
1775428963291,500224
1775428963293,500224
1775428963294,500224
1775428963296,500224
1775428963297,500224
1775428963299,500224
1775428963301,500224
1775428963302,500224
1775428963304,500224
1775428963308,500224
1775428963311,500224
1775428963313,500224
1775428963315,500224
1775428963317,500224
1775428963318,500224
1775428963320,500224
1775428963323,500224
1775428963324,500224
1775428963328,500224
1775428963332,500224
1775428963335,500224
1775428963338,500224
1775428963341,500224
1775428963344,500224
1775428963347,500224
1775428963805,500224
1775428963808,500224
1775428963811,500224
1775428963814,500224
1775428963816,500224
1775428963819,500224
1775428963823,500224
1775428963826,500224
1775428963829,500224
1775428963832,500224
1775428963834,500224
1775428963836,500224
1775428963838,500224
1775428963840,500224
1775428963841,500224
1775428963843,500224
1775428963845,500224
1775428963846,500224
1775428963851,500224
1775428963854,500224
1775428963856,500224
1775428963859,500224
1775428963862,500224
1775428963864,500224
1775428963867,500224
1775428963869,500224
1775428963872,500224
1775428963875,500224
1775428963878,500224
1775428963881,500224
1775428963884,500224
1775428963887,500224
1775428963889,500224
1775428963892,500224
1775428963895,500224
1775428963897,500224
1775428963899,500224
1775428963902,500224
1775428963905,500224
1775428963908,500224
1775428963911,500224
1775428963914,500224
1775428963915,500224
1775428963917,500224
1775428963920,500224
1775428963923,500224
1775428963925,500224
1775428963927,500224
1775428963930,500224
1775428963932,500224
1775428963934,500224
1775428963936,500224
1775428963937,500224
1775428963939,500224
1775428963941,500224
1775428963943,500224
1775428963945,500224
1775428963947,500224
1775428963949,500224
1775428964406,500224
1775428964408,500224
1775428964410,500224
1775428964412,500224
1775428964417,500224
1775428964420,500224
1775428964422,500224
1775428964425,500224
1775428964427,500224
1775428964430,500224
1775428964432,500224
1775428964434,500224
1775428964436,500224
1775428964438,500224
1775428964440,500224
1775428964442,500224
1775428964444,500224
1775428964445,500224
1775428964447,500224
1775428964448,500224
1775428964451,500224
1775428964452,500224
1775428964454,500224
1775428964455,500224
1775428964457,500224
1775428964460,500224
1775428964464,500224
1775428964467,500224
1775428964470,500224
1775428964473,500224
1775428964475,500224
1775428964478,500224
1775428964479,500224
1775428964485,500224
1775428964489,500224
1775428964492,500224
1775428964495,500224
1775428964498,500224
1775428964503,500224
1775428964506,500224
1775428964508,500224
1775428964509,500224
1775428964512,500224
1775428964514,500224
1775428964516,500224
1775428964519,500224
1775428964521,500224
1775428964524,500224
1775428964526,500224
1775428964528,500224
1775428964530,500224
1775428964532,500224
1775428964535,500224
1775428964538,500224
1775428964541,500224
1775428964542,500224
1775428964544,500224
1775428964546,500224
1775428964547,500224
1775428964551,500224
1775428964553,500224
1775428964556,500224
1775428964557,500224
1775428965008,500224
1775428965014,500224
1775428965018,500224
1775428965021,500224
1775428965024,500224
1775428965027,500224
1775428965031,500224
1775428965035,500224
1775428965038,500224
1775428965040,500224
1775428965043,500224
1775428965047,500224
1775428965049,500224
1775428965051,500224
1775428965055,500224
1775428965059,500224
1775428965063,500224
1775428965066,500224
1775428965069,500224
1775428965073,500224
1775428965076,500224
1775428965079,500224
1775428965082,500224
1775428965085,500224
1775428965088,500224
1775428965090,500224
1775428965092,500224
1775428965095,500224
1775428965097,500224
1775428965099,500224
1775428965101,500224
1775428965103,500224
1775428965104,500224
1775428965106,500224
1775428965108,500224
1775428965111,500224
1775428965113,500224
1775428965115,500224
1775428965119,500224
1775428965122,500224
1775428965125,500224
1775428965128,500224
1775428965131,500224
1775428965134,500224
1775428965137,500224
1775428965139,500224
1775428965141,500224
1775428965143,500224
1775428965145,500224
1775428965146,500224
1775428965149,500224
1775428965152,500224
1775428965155,500224
1775428965158,500224
1775428965163,500224
1775428965166,500224
1775428965170,500224
1775428965173,500224
1775428965179,500224
1775428965182,500224
1775428965185,500224
1775428965187,500224
1775428965191,500224
1775428965194,500224
1775428965530,500224
1775428965533,500224
1775428965537,500224
1775428965542,500224
1775428965545,500224
1775428965548,500224
1775428965552,500224
1775428965555,500224
1775428965557,500224
1775428965559,500224
1775428965561,500224
1775428965564,500224
1775428965566,500224
1775428965569,500224
1775428965572,500224
1775428965575,500224
1775428965580,500224
1775428965584,500224
1775428965586,500224
1775428965589,500224
1775428965591,500224
1775428965593,500224
1775428965596,500224
1775428965598,500224
1775428965600,500224
1775428965603,500224
1775428965607,500224
1775428965610,500224
1775428965612,500224
1775428965614,500224
1775428965617,500224
1775428965620,500224
1775428965622,500224
1775428965625,500224
1775428965626,500224
1775428965628,500224
1775428965629,500224
1775428965630,500224
1775428965631,500224
1775428965633,500224
1775428965635,500224
1775428965636,500224
1775428965638,500224
1775428965641,500224
1775428965643,500224
1775428965646,500224
1775428965650,500224
1775428965653,500224
1775428965655,500224
1775428965657,500224
1775428965658,500224
1775428965659,500224
1775428965660,500224
1775428965662,500224
1775428965666,500224
1775428965669,500224
1775428965672,500224
1775428965675,500224
1775428965677,500224
1775428965680,500224
1775428965683,500224
1775428965685,500224
1775428965691,500224
1775428965693,500224
1775428965697,500224
1775428965700,500224
1775428965702,500224
1775428965704,500224
1775428966133,500224
1775428966139,500224
1775428966148,500224
1775428966154,500224
1775428966157,500224
1775428966159,500224
1775428966162,500224
1775428966166,500224
1775428966168,500224
1775428966170,500224
1775428966172,500224
1775428966175,500224
1775428966177,500224
1775428966179,500224
1775428966183,500224
1775428966185,500224
1775428966190,500224
1775428966193,500224
1775428966196,500224
1775428966200,500224
1775428966202,500224
1775428966204,500224
1775428966206,500224
1775428966210,500224
1775428966212,500224
1775428966214,500224
1775428966218,500224
1775428966226,500224
1775428966228,500224
1775428966231,500224
1775428966233,500224
1775428966234,500224
1775428966236,500224
1775428966238,500224
1775428966241,500224
1775428966245,500224
1775428966249,500224
1775428966252,500224
1775428966254,500224
1775428966255,500224
1775428966258,500224
1775428966261,500224
1775428966264,500224
1775428966267,500224
1775428966271,500224
1775428966274,500224
1775428966277,500224
1775428966281,500224
1775428966284,500224
1775428966287,500224
1775428966290,500224
1775428966733,500224
1775428966738,500224
1775428966742,500224
1775428966746,500224
1775428966749,500224
1775428966754,500224
1775428966758,500224
1775428966762,500224
1775428966769,500224
1775428966774,500224
1775428966776,500224
1775428966778,500224
1775428966780,500224
1775428966782,500224
1775428966784,500224
1775428966786,500224
1775428966790,500224
1775428966793,500224
1775428966795,500224
1775428966798,500224
1775428966801,500224
1775428966803,500224
1775428966806,500224
1775428966808,500224
1775428966812,500224
1775428966816,500224
1775428966818,500224
1775428966821,500224
1775428966823,500224
1775428966826,500224
1775428966828,500224
1775428966829,500224
1775428966831,500224
1775428966833,500224
1775428966835,500224
1775428966848,500224
1775428966850,500224
1775428966853,500224
1775428966859,500224
1775428966863,500224
1775428966866,500224
1775428966868,500224
1775428966870,500224
1775428966873,500224
1775428966874,500224
1775428966875,500224
1775428966879,500224
1775428966881,500224
1775428966883,500224
1775428966884,500224
1775428966887,500224
1775428966889,500224
1775428966891,500224
1775428966893,500224
1775428966894,500224
1775428966896,500224
1775428966898,500224
1775428966900,500224
1775428966902,500224
1775428966906,500224
1775428966909,500224
1775428966913,500224
1775428966915,500224
1775428966917,500224
1775428966918,500224
1775428966920,500224
1775428966922,500224
1775428966924,500224
1775428966928,500224
1775428966930,500224
1775428966932,500224
1775428966935,500224
1775428966942,500224
1775428966945,500224
1775428966947,500224
1775428966949,500224
1775428966951,500224
1775428966954,500224
1775428966956,500224
1775428966959,500224
1775428967299,500224
1775428967303,500224
1775428967306,500224
1775428967308,500224
1775428967311,500224
1775428967314,500224
1775428967316,500224
1775428967321,500224
1775428967328,500224
1775428967331,500224
1775428967336,500224
1775428967339,500224
1775428967344,500224
1775428967351,500224
1775428967354,500224
1775428967357,500224
1775428967361,500224
1775428967364,500224
1775428967368,500224
1775428967372,500224
1775428967375,500224
1775428967378,500224
1775428967383,500224
1775428967386,500224
1775428967389,500224
1775428967392,500224
1775428967394,500224
1775428967396,500224
1775428967399,500224
1775428967401,500224
1775428967403,500224
1775428967405,500224
1775428967407,500224
1775428967410,500224
1775428967412,500224
1775428967414,500224
1775428967416,500224
1775428967418,500224
1775428967420,500224
1775428967423,500224
1775428967425,500224
1775428967430,500224
1775428967432,500224
1775428967437,500224
1775428967441,500224
1775428967443,500224
1775428967447,500224
1775428967451,500224
1775428967455,500224
1775428967458,500224
1775428967461,500224
1775428967463,500224
1775428967467,500224
1775428967475,500224
1775428967478,500224
1775428967480,500224
1775428967483,500224
1775428967486,500224
1775428967491,500224
1775428967495,500224
1775428967497,500224
1775428967499,500224
1775428967501,500224
1775428967502,500224
1775428967505,500224
1775428967507,500224
1775428967511,500224
1775428967515,500224
1775428967518,500224
1775428967520,500224
1775428967524,500224
1775428967526,500224
1775428967528,500224
1775428967531,500224
1775428967535,500224
1775428967537,500224
1775428967540,500224
1775428967542,500224
1775428967545,500224
1775428967548,500224
1775428967549,500224
1775428967550,500224
1775428967552,500224
1775428967553,500224
1775428967556,500224
1775428967558,500224
1775428967563,500224
1775428967568,500224
1775428967571,500224
1775428967573,500224
1775428967575,500224
1775428967578,500224
1775428967580,500224
1775428967583,500224
1775428967937,500224
1775428967940,500224
1775428967944,500224
1775428967949,500224
1775428967952,500224
1775428967955,500224
1775428967958,500224
1775428967960,500224
1775428967962,500224
1775428967965,500224
1775428967967,500224
1775428967969,500224
1775428967971,500224
1775428967972,500224
1775428967976,500224
1775428967977,500224
1775428967979,500224
1775428967980,500224
1775428967983,500224
1775428967985,500224
1775428967988,500224
1775428967990,500224
1775428967991,500224
1775428967994,500224
1775428968001,500224
1775428968006,500224
1775428968010,500224
1775428968012,500224
1775428968014,500224
1775428968016,500224
1775428968019,500224
1775428968022,500224
1775428968025,500224
1775428968027,500224
1775428968029,500224
1775428968030,500224
1775428968033,500224
1775428968036,500224
1775428968039,500224
1775428968041,500224
1775428968043,500224
1775428968045,500224
1775428968048,500224
1775428968050,500224
1775428968052,500224
1775428968054,500224
1775428968056,500224
1775428968058,500224
1775428968060,500224
1775428968061,500224
1775428968063,500224
1775428968064,500224
1775428968065,500224
1775428968070,500224
1775428968073,500224
1775428968075,500224
1775428968079,500224
1775428968080,500224
1775428968082,500224
1775428968083,500224
1775428968084,500224
1775428968086,500224
1775428968087,500224
1775428968088,500224
1775428968089,500224
1775428968091,500224
1775428968092,500224
1775428968093,500224
1775428968096,500224
1775428968098,500224
1775428968100,500224
1775428968102,500224
1775428968104,500224
1775428968106,500224
1775428968108,500224
1775428968109,500224
1775428968110,500224
1775428968112,500224
1775428968113,500224
1775428968115,500224
1775428968116,500224
1775428968118,500224
1775428968119,500224
1775428968121,500224
1775428968538,500224
1775428968541,500224
1775428968543,500224
1775428968545,500224
1775428968547,500224
1775428968549,500224
1775428968551,500224
1775428968554,500224
1775428968560,500224
1775428968564,500224
1775428968567,500224
1775428968570,500224
1775428968572,500224
1775428968575,500224
1775428968578,500224
1775428968580,500224
1775428968583,500224
1775428968585,500224
1775428968588,500224
1775428968590,500224
1775428968593,500224
1775428968595,500224
1775428968597,500224
1775428968599,500224
1775428968600,500224
1775428968602,500224
1775428968603,500224
1775428968605,500224
1775428968606,500224
1775428968610,500224
1775428968613,500224
1775428968616,500224
1775428968618,500224
1775428968620,500224
1775428968625,500224
1775428968628,500224
1775428968631,500224
1775428968633,500224
1775428968635,500224
1775428968639,500224
1775428968641,500224
1775428968643,500224
1775428968645,500224
1775428968647,500224
1775428968648,500224
1775428968650,500224
1775428968652,500224
1775428968658,500224
1775428968663,500224
1775428968666,500224
1775428968668,500224
1775428968675,500224
1775428968678,500224
1775428968680,500224
1775428968683,500224
1775428968685,500224
1775428968686,500224
1775428968689,500224
1775428968691,500224
1775428968694,500224
1775428968696,500224
1775428968698,500224
1775428968700,500224
1775428968702,500224
1775428968705,500224
1775428968708,500224
1775428968709,500224
1775428968711,500224
1775428968713,500224
1775428968714,500224
1775428968715,500224
1775428968717,500224
1775428968720,500224
1775428968721,500224
1775428968722,500224
1775428968724,500224
1775428968727,500224
1775428968730,500224
1775428968731,500224
1775428968735,500224
1775428968737,500224
1775428968740,500224
1775428968742,500224
1775428968745,500224
1775428968748,500224
1775428968751,500224
1775428968755,500224
1775428968758,500224
1775428968760,500224
1775428968763,500224
1775428968766,500224
1775428968768,500224
1775428969137,500224
1775428969150,500224
1775428969158,500224
1775428969160,500224
1775428969163,500224
1775428969166,500224
1775428969168,500224
1775428969172,500224
1775428969174,500224
1775428969176,500224
1775428969178,500224
1775428969185,500224
1775428969188,500224
1775428969192,500224
1775428969194,500224
1775428969197,500224
1775428969198,500224
1775428969200,500224
1775428969202,500224
1775428969203,500224
1775428969205,500224
1775428969207,500224
1775428969208,500224
1775428969210,500224
1775428969213,500224
1775428969214,500224
1775428969220,500224
1775428969222,500224
1775428969225,500224
1775428969227,500224
1775428969229,500224
1775428969232,500224
1775428969234,500224
1775428969238,500224
1775428969245,500224
1775428969247,500224
1775428969251,500224
1775428969253,500224
1775428969255,500224
1775428969256,500224
1775428969260,500224
1775428969262,500224
1775428969264,500224
1775428969266,500224
1775428969268,500224
1775428969270,500224
1775428969272,500224
1775428969274,500224
1775428969276,500224
1775428969278,500224
1775428969280,500224
1775428969281,500224
1775428969283,500224
1775428969286,500224
1775428969287,500224
1775428969289,500224
1775428969290,500224
1775428969298,500224
1775428969308,500224
1775428969310,500224
1775428969312,500224
1775428969316,500224
1775428969319,500224
1775428969322,500224
1775428969329,500224
1775428969332,500224
1775428969336,500224
1775428969340,500224
1775428969342,500224
1775428969345,500224
1775428969346,500224
1775428969348,500224
1775428969350,500224
1775428969351,500224
1775428969353,500224
1775428969355,500224
1775428969356,500224
1775428969358,500224
1775428969360,500224
1775428969362,500224
1775428969363,500224
1775428969366,500224
1775428969370,500224
1775428969371,500224
1775428969375,500224
1775428969378,500224
1775428969379,500224
1775428969380,500224
1775428969383,500224
1775428969385,500224
1775428969387,500224
1775428969389,500224
1775428969390,500224
1775428969392,500224
1775428969393,500224
1775428969737,500224
1775428969741,500224
1775428969744,500224
1775428969746,500224
1775428969748,500224
1775428969750,500224
1775428969754,500224
1775428969756,500224
1775428969760,500224
1775428969763,500224
1775428969766,500224
1775428969768,500224
1775428969770,500224
1775428969773,500224
1775428969775,500224
1775428969777,500224
1775428969780,500224
1775428969782,500224
1775428969784,500224
1775428969788,500224
1775428969792,500224
1775428969794,500224
1775428969798,500224
1775428969799,500224
1775428969803,500224
1775428969807,500224
1775428969809,500224
1775428969811,500224
1775428969824,500224
1775428969827,500224
1775428969831,500224
1775428969834,500224
1775428969837,500224
1775428969842,500224
1775428969850,500224
1775428969853,500224
1775428969855,500224
1775428969857,500224
1775428969859,500224
1775428969861,500224
1775428969863,500224
1775428969866,500224
1775428969868,500224
1775428969870,500224
1775428969873,500224
1775428969875,500224
1775428969878,500224
1775428969881,500224
1775428969884,500224
1775428969886,500224
1775428969889,500224
1775428969892,500224
1775428969895,500224
1775428969897,500224
1775428969899,500224
1775428969901,500224
1775428969903,500224
1775428969907,500224
1775428969909,500224
1775428969911,500224
1775428969914,500224
1775428969919,500224
1775428969922,500224
1775428969925,500224
1775428969928,500224
1775428969931,500224
1775428969933,500224
1775428969936,500224
1775428969939,500224
1775428969941,500224
1775428969944,500224
1775428969947,500224
1775428969950,500224
1775428970338,500224
1775428970340,500224
1775428970342,500224
1775428970347,500224
1775428970350,500224
1775428970353,500224
1775428970356,500224
1775428970359,500224
1775428970364,500224
1775428970369,500224
1775428970372,500224
1775428970374,500224
1775428970377,500224
1775428970379,500224
1775428970383,500224
1775428970387,500224
1775428970393,500224
1775428970399,500224
1775428970401,500224
1775428970406,500224
1775428970410,500224
1775428970414,500224
1775428970415,500224
1775428970417,500224
1775428970419,500224
1775428970422,500224
1775428970424,500224
1775428970427,500224
1775428970430,500224
1775428970432,500224
1775428970434,500224
1775428970439,500224
1775428970441,500224
1775428970443,500224
1775428970444,500224
1775428970446,500224
1775428970448,500224
1775428970451,500224
1775428970456,500224
1775428970459,500224
1775428970462,500224
1775428970465,500224
1775428970468,500224
1775428970470,500224
1775428970473,500224
1775428970476,500224
1775428970478,500224
1775428970480,500224
1775428970482,500224
1775428970483,500224
1775428970485,500224
1775428970488,500224
1775428970490,500224
1775428970491,500224
1775428970493,500224
1775428970495,500224
1775428970497,500224
1775428970499,500224
1775428970501,500224
1775428970504,500224
1775428970508,500224
1775428970511,500224
1775428970513,500224
1775428970516,500224
1775428970517,500224
1775428970518,500224
1775428970520,500224
1775428970523,500224
1775428970524,500224
1775428970527,500224
1775428970531,500224
1775428970534,500224
1775428970538,500224
1775428970542,500224
1775428970545,500224
1775428970547,500224
1775428970549,500224
1775428970550,500224
1775428970552,500224
1775428970559,500224
1775428970561,500224
1775428970565,500224
1775428970568,500224
1775428970570,500224
1775428970573,500224
1775428970575,500224
1775428970579,500224
1775428970582,500224
1775428970584,500224
1775428970586,500224
1775428970589,500224
1775428970591,500224
1775428970595,500224
1775428970598,500224
1775428970600,500224
1775428970603,500224
1775428970605,500224
1775428970606,500224
1775428970607,500224
1775428970612,500224
1775428970615,500224
1775428970617,500224
1775428970619,500224
1775428970621,500224
1775428970622,500224
1775428970624,500224
1775428970625,500224
1775428970939,500224
1775428970945,500224
1775428970951,500224
1775428970953,500224
1775428970957,500224
1775428970960,500224
1775428970962,500224
1775428970964,500224
1775428970965,500224
1775428970967,500224
1775428970968,500224
1775428970969,500224
1775428970970,500224
1775428970972,500224
1775428970979,500224
1775428970981,500224
1775428970983,500224
1775428970987,500224
1775428970988,500224
1775428970990,500224
1775428970992,500224
1775428970993,500224
1775428970995,500224
1775428970999,500224
1775428971002,500224
1775428971005,500224
1775428971007,500224
1775428971009,500224
1775428971010,500224
1775428971011,500224
1775428971015,500224
1775428971016,500224
1775428971018,500224
1775428971020,500224
1775428971024,500224
1775428971027,500224
1775428971030,500224
1775428971033,500224
1775428971034,500224
1775428971037,500224
1775428971040,500224
1775428971042,500224
1775428971046,500224
1775428971050,500224
1775428971053,500224
1775428971057,500224
1775428971060,500224
1775428971063,500224
1775428971064,500224
1775428971068,500224
1775428971071,500224
1775428971074,500224
1775428971078,500224
1775428971081,500224
1775428971085,500224
1775428971088,500224
1775428971091,500224
1775428971095,500224
1775428971097,500224
1775428971099,500224
1775428971102,500224
1775428971105,500224
1775428971108,500224
1775428971111,500224
1775428971112,500224
1775428971115,500224
1775428971119,500224
1775428971124,500224
1775428971127,500224
1775428971130,500224
1775428971131,500224
1775428971135,500224
1775428971138,500224
1775428971140,500224
1775428971143,500224
1775428971144,500224
1775428971148,500224
1775428971155,500224
1775428971158,500224
1775428971161,500224
1775428971163,500224
1775428971165,500224
1775428971168,500224
1775428971170,500224
1775428971172,500224
1775428971174,500224
1775428971176,500224
1775428971177,500224
1775428971180,500224
1775428971184,500224
1775428971189,500224
1775428971192,500224
1775428971196,500224
1775428971198,500224
1775428971201,500224
1775428971204,500224
1775428971207,500224
1775428971209,500224
1775428971211,500224
1775428971215,500224
1775428971220,500224
1775428971223,500224
1775428971226,500224
1775428971228,500224
1775428971229,500224
1775428971232,500224
1775428971234,500224
1775428971236,500224
1775428971238,500224
1775428971239,500224
1775428971243,500224
1775428971245,500224
1775428971541,500224
1775428971545,500224
1775428971548,500224
1775428971553,500224
1775428971555,500224
1775428971557,500224
1775428971559,500224
1775428971561,500224
1775428971564,500224
1775428971567,500224
1775428971570,500224
1775428971571,500224
1775428971574,500224
1775428971579,500224
1775428971583,500224
1775428971585,500224
1775428971587,500224
1775428971590,500224
1775428971592,500224
1775428971594,500224
1775428971595,500224
1775428971598,500224
1775428971601,500224
1775428971603,500224
1775428971605,500224
1775428971606,500224
1775428971608,500224
1775428971611,500224
1775428971613,500224
1775428971616,500224
1775428971618,500224
1775428971621,500224
1775428971624,500224
1775428971626,500224
1775428971631,500224
1775428971633,500224
1775428971635,500224
1775428971640,500224
1775428971642,500224
1775428971644,500224
1775428971646,500224
1775428971648,500224
1775428971650,500224
1775428971652,500224
1775428971653,500224
1775428971656,500224
1775428971658,500224
1775428971662,500224
1775428971665,500224
1775428971668,500224
1775428971672,500224
1775428971674,500224
1775428971676,500224
1775428971678,500224
1775428971681,500224
1775428971684,500224
1775428971687,500224
1775428971689,500224
1775428971692,500224
1775428971694,500224
1775428971696,500224
1775428971698,500224
1775428971699,500224
1775428971701,500224
1775428972133,500224
1775428972134,500224
1775428972137,500224
1775428972141,500224
1775428972144,500224
1775428972146,500224
1775428972149,500224
1775428972152,500224
1775428972153,500224
1775428972155,500224
1775428972159,500224
1775428972162,500224
1775428972165,500224
1775428972167,500224
1775428972170,500224
1775428972173,500224
1775428972174,500224
1775428972176,500224
1775428972177,500224
1775428972178,500224
1775428972180,500224
1775428972181,500224
1775428972182,500224
1775428972183,500224
1775428972187,500224
1775428972191,500224
1775428972195,500224
1775428972198,500224
1775428972200,500224
1775428972202,500224
1775428972205,500224
1775428972207,500224
1775428972208,500224
1775428972210,500224
1775428972213,500224
1775428972217,500224
1775428972219,500224
1775428972221,500224
1775428972222,500224
1775428972224,500224
1775428972225,500224
1775428972227,500224
1775428972228,500224
1775428972229,500224
1775428972231,500224
1775428972232,500224
1775428972233,500224
1775428972235,500224
1775428972237,500224
1775428972238,500224
1775428972239,500224
1775428972241,500224
1775428972242,500224
1775428972243,500224
1775428972245,500224
1775428972246,500224
1775428972247,500224
1775428972251,500224
1775428972253,500224
1775428972256,500224
1775428972257,500224
1775428972259,500224
1775428972261,500224
1775428972262,500224
1775428972263,500224
1775428972265,500224
1775428972267,500224
1775428972268,500224
1775428972271,500224
1775428972277,500224
1775428972282,500224
1775428972288,500224
1775428972291,500224
1775428972293,500224
1775428972295,500224
1775428972298,500224
1775428972301,500224
1775428972302,500224
1775428972305,500224
1775428972308,500224
1775428972311,500224
1775428972312,500224
1775428972314,500224
1775428972315,500224
1775428972319,500224
1775428972323,500224
1775428972326,500224
1775428972332,500224
1775428972334,500224
1775428972338,500224
1775428972340,500224
1775428972343,500224
1775428972345,500224
1775428972347,500224
1775428972348,500224
1775428972350,500224
1775428972353,500224
1775428972355,500224
1775428972358,500224
1775428972363,500224
1775428972366,500224
1775428972368,500224
1775428972376,500224
1775428972379,500224
1775428972382,500224
1775428972384,500224
1775428972387,500224
1775428972390,500224
1775428972394,500224
1775428972397,500224
1775428972741,500224
1775428972743,500224
1775428972746,500224
1775428972749,500224
1775428972750,500224
1775428972753,500224
1775428972755,500224
1775428972756,500224
1775428972758,500224
1775428972760,500224
1775428972763,500224
1775428972766,500224
1775428972768,500224
1775428972769,500224
1775428972773,500224
1775428972775,500224
1775428972778,500224
1775428972784,500224
1775428972788,500224
1775428972791,500224
1775428972793,500224
1775428972794,500224
1775428972796,500224
1775428972797,500224
1775428972800,500224
1775428972804,500224
1775428972808,500224
1775428972811,500224
1775428972814,500224
1775428972816,500224
1775428972819,500224
1775428972821,500224
1775428972823,500224
1775428972824,500224
1775428972826,500224
1775428972829,500224
1775428972831,500224
1775428972832,500224
1775428972833,500224
1775428972835,500224
1775428972836,500224
1775428972837,500224
1775428972838,500224
1775428972841,500224
1775428972844,500224
1775428972850,500224
1775428972853,500224
1775428972855,500224
1775428972856,500224
1775428972858,500224
1775428972859,500224
1775428972861,500224
1775428972862,500224
1775428972864,500224
1775428972865,500224
1775428972866,500224
1775428972868,500224
1775428972869,500224
1775428972870,500224
1775428972875,500224
1775428972877,500224
1775428972879,500224
1775428972881,500224
1775428972884,500224
1775428972887,500224
1775428972889,500224
1775428972892,500224
1775428972895,500224
1775428972897,500224
1775428972898,500224
1775428972900,500224
1775428972902,500224
1775428972903,500224
1775428972904,500224
1775428972906,500224
1775428972907,500224
1775428972909,500224
1775428972910,500224
1775428972912,500224
1775428972913,500224
1775428972915,500224
1775428973326,500224
1775428973328,500224
1775428973331,500224
1775428973336,500224
1775428973338,500224
1775428973341,500224
1775428973343,500224
1775428973347,500224
1775428973350,500224
1775428973353,500224
1775428973355,500224
1775428973358,500224
1775428973360,500224
1775428973362,500224
1775428973363,500224
1775428973364,500224
1775428973366,500224
1775428973367,500224
1775428973368,500224
1775428973370,500224
1775428973373,500224
1775428973381,500224
1775428973387,500224
1775428973389,500224
1775428973391,500224
1775428973394,500224
1775428973396,500224
1775428973397,500224
1775428973399,500224
1775428973401,500224
1775428973402,500224
1775428973404,500224
1775428973406,500224
1775428973407,500224
1775428973409,500224
1775428973411,500224
1775428973414,500224
1775428973416,500224
1775428973417,500224
1775428973418,500224
1775428973420,500224
1775428973424,500224
1775428973428,500224
1775428973430,500224
1775428973434,500224
1775428973437,500224
1775428973439,500224
1775428973441,500224
1775428973443,500224
1775428973448,500224
1775428973450,500224
1775428973453,500224
1775428973454,500224
1775428973457,500224
1775428973460,500224
1775428973462,500224
1775428973464,500224
1775428973466,500224
1775428973471,500224
1775428973475,500224
1775428973478,500224
1775428973485,500224
1775428973489,500224
1775428973491,500224
1775428973494,500224
1775428973497,500224
1775428973499,500224
1775428973501,500224
1775428973502,500224
1775428973504,500224
1775428973505,500224
1775428973507,500224
1775428973508,500224
1775428973511,500224
1775428973514,500224
1775428973517,500224
1775428973522,500224
1775428973526,500224
1775428973529,500224
1775428973532,500224
1775428973534,500224
1775428973538,500224
1775428973541,500224
1775428973547,500224
1775428973551,500224
1775428973554,500224
1775428973556,500224
1775428973558,500224
1775428973562,500224
1775428973565,500224
1775428973568,500224
1775428973569,500224
1775428973571,500224
1775428973573,500224
1775428973576,500224
1775428973578,500224
1775428973582,500224
1775428973585,500224
1775428973588,500224
1775428973591,500224
1775428973594,500224
1775428973599,500224
1775428973604,500224
1775428973607,500224
1775428973610,500224
1775428973942,500224
1775428973946,500224
1775428973948,500224
1775428973950,500224
1775428973954,500224
1775428973957,500224
1775428973960,500224
1775428973964,500224
1775428973967,500224
1775428973970,500224
1775428973974,500224
1775428973977,500224
1775428973979,500224
1775428973981,500224
1775428973982,500224
1775428973985,500224
1775428973987,500224
1775428973989,500224
1775428973990,500224
1775428973992,500224
1775428973994,500224
1775428973999,500224
1775428974001,500224
1775428974005,500224
1775428974008,500224
1775428974011,500224
1775428974013,500224
1775428974015,500224
1775428974017,500224
1775428974020,500224
1775428974026,500224
1775428974029,500224
1775428974035,500224
1775428974037,500224
1775428974038,500224
1775428974040,500224
1775428974042,500224
1775428974044,500224
1775428974046,500224
1775428974048,500224
1775428974049,500224
1775428974051,500224
1775428974053,500224
1775428974055,500224
1775428974057,500224
1775428974058,500224
1775428974060,500224
1775428974061,500224
1775428974063,500224
1775428974065,500224
1775428974066,500224
1775428974067,500224
1775428974070,500224
1775428974072,500224
1775428974073,500224
1775428974074,500224
1775428974077,500224
1775428974082,500224
1775428974085,500224
1775428974089,500224
1775428974092,500224
1775428974094,500224
1775428974097,500224
1775428974100,500224
1775428974103,500224
1775428974105,500224
1775428974109,500224
1775428974113,500224
1775428974116,500224
1775428974118,500224
1775428974122,500224
1775428974124,500224
1775428974131,500224
1775428974135,500224
1775428974138,500224
1775428974140,500224
1775428974142,500224
1775428974144,500224
1775428974146,500224
1775428974148,500224
1775428974149,500224
1775428974151,500224
1775428974153,500224
1775428974155,500224
1775428974156,500224
1775428974158,500224
1775428974160,500224
1775428974162,500224
1775428974163,500224
1775428974166,500224
1775428974168,500224
1775428974170,500224
1775428974173,500224
1775428974175,500224
1775428974178,500224
1775428974180,500224
1775428974189,500224
1775428974511,500224
1775428974513,500224
1775428974517,500224
1775428974520,500224
1775428974521,500224
1775428974522,500224
1775428974526,500224
1775428974529,500224
1775428974532,500224
1775428974534,500224
1775428974535,500224
1775428974539,500224
1775428974545,500224
1775428974549,500224
1775428974550,500224
1775428974552,500224
1775428974553,500224
1775428974554,500224
1775428974556,500224
1775428974557,500224
1775428974559,500224
1775428974560,500224
1775428974562,500224
1775428974564,500224
1775428974566,500224
1775428974569,500224
1775428974572,500224
1775428974575,500224
1775428974578,500224
1775428974580,500224
1775428974582,500224
1775428974584,500224
1775428974586,500224
1775428974589,500224
1775428974593,500224
1775428974596,500224
1775428974598,500224
1775428974602,500224
1775428974604,500224
1775428974607,500224
1775428974610,500224
1775428974612,500224
1775428974614,500224
1775428974617,500224
1775428974631,500224
1775428974637,500224
1775428974640,500224
1775428974643,500224
1775428974644,500224
1775428974646,500224
1775428974647,500224
1775428974648,500224
1775428974650,500224
1775428974651,500224
1775428974653,500224
1775428974656,500224
1775428974659,500224
1775428974661,500224
1775428974663,500224
1775428974666,500224
1775428974669,500224
1775428974671,500224
1775428974674,500224
1775428974676,500224
1775428974677,500224
1775428974680,500224
1775428974683,500224
1775428974684,500224
1775428974686,500224
1775428974690,500224
1775428974692,500224
1775428974697,500224
1775428974702,500224
1775428974704,500224
1775428974705,500224
1775428974706,500224
1775428974707,500224
1775428975149,500224
1775428975152,500224
1775428975156,500224
1775428975158,500224
1775428975160,500224
1775428975161,500224
1775428975162,500224
1775428975164,500224
1775428975165,500224
1775428975167,500224
1775428975168,500224
1775428975169,500224
1775428975171,500224
1775428975177,500224
1775428975180,500224
1775428975182,500224
1775428975184,500224
1775428975186,500224
1775428975190,500224
1775428975193,500224
1775428975196,500224
1775428975198,500224
1775428975202,500224
1775428975205,500224
1775428975206,500224
1775428975208,500224
1775428975210,500224
1775428975213,500224
1775428975214,500224
1775428975216,500224
1775428975218,500224
1775428975221,500224
1775428975222,500224
1775428975224,500224
1775428975227,500224
1775428975229,500224
1775428975231,500224
1775428975233,500224
1775428975236,500224
1775428975239,500224
1775428975242,500224
1775428975247,500224
1775428975252,500224
1775428975255,500224
1775428975258,500224
1775428975261,500224
1775428975265,500224
1775428975267,500224
1775428975269,500224
1775428975271,500224
1775428975273,500224
1775428975276,500224
1775428975280,500224
1775428975283,500224
1775428975285,500224
1775428975286,500224
1775428975289,500224
1775428975291,500224
1775428975294,500224
1775428975296,500224
1775428975298,500224
1775428975299,500224
1775428975301,500224
1775428975302,500224
1775428975304,500224
1775428975306,500224
1775428975307,500224
1775428975309,500224
1775428975312,500224
1775428975315,500224
1775428975318,500224
1775428975321,500224
1775428975324,500224
1775428975327,500224
1775428975332,500224
1775428975334,500224
1775428975337,500224
1775428975339,500224
1775428975341,500224
1775428975343,500224
1775428975346,500224
1775428975350,500224
1775428975354,500224
1775428975357,500224
1775428975360,500224
1775428975363,500224
1775428975364,500224
1775428975368,500224
1775428975372,500224
1775428975375,500224
1775428975379,500224
1775428975381,500224
1775428975383,500224
1775428975387,500224
1775428975392,500224
1775428975395,500224
1775428975400,500224
1775428975402,500224
1775428975404,500224
1775428975407,500224
1775428975409,500224
1775428975412,500224
1775428975415,500224
1775428975417,500224
1775428975420,500224
1775428975422,500224
1775428975424,500224
1775428975426,500224
1775428975430,500224
1775428975433,500224
1775428975436,500224
1775428975441,500224
1775428975443,500224
1775428975446,500224
1775428975449,500224
1775428975451,500224
1775428975455,500224
1775428975459,500224
1775428975461,500224
1775428975464,500224
1775428975467,500224
1775428975469,500224
1775428975470,500224
1775428975746,500224
1775428975747,500224
1775428975752,500224
1775428975755,500224
1775428975756,500224
1775428975760,500224
1775428975761,500224
1775428975764,500224
1775428975766,500224
1775428975769,500224
1775428975770,500224
1775428975772,500224
1775428975773,500224
1775428975774,500224
1775428975776,500224
1775428975778,500224
1775428975779,500224
1775428975780,500224
1775428975782,500224
1775428975785,500224
1775428975787,500224
1775428975788,500224
1775428975790,500224
1775428975791,500224
1775428975795,500224
1775428975799,500224
1775428975802,500224
1775428975803,500224
1775428975805,500224
1775428975806,500224
1775428975808,500224
1775428975809,500224
1775428975810,500224
1775428975812,500224
1775428975813,500224
1775428975815,500224
1775428975816,500224
1775428975817,500224
1775428975819,500224
1775428975822,500224
1775428975823,500224
1775428975825,500224
1775428975827,500224
1775428975828,500224
1775428975830,500224
1775428975831,500224
1775428975832,500224
1775428975835,500224
1775428975838,500224
1775428975840,500224
1775428975842,500224
1775428975844,500224
1775428975846,500224
1775428975848,500224
1775428975850,500224
1775428975853,500224
1775428975856,500224
1775428975859,500224
1775428975861,500224
1775428975864,500224
1775428975867,500224
1775428975869,500224
1775428975872,500224
1775428975875,500224
1775428975880,500224
1775428975884,500224
1775428975886,500224
1775428975888,500224
1775428975890,500224
1775428975892,500224
1775428975894,500224
1775428975898,500224
1775428975900,500224
1775428975901,500224
1775428975904,500224
1775428975907,500224
1775428975910,500224
1775428975912,500224
1775428975915,500224
1775428975918,500224
1775428975921,500224
1775428975923,500224
1775428975926,500224
1775428975929,500224
1775428975931,500224
1775428975934,500224
1775428976293,500224
1775428976296,500224
1775428976298,500224
1775428976302,500224
1775428976306,500224
1775428976310,500224
1775428976313,500224
1775428976316,500224
1775428976319,500224
1775428976322,500224
1775428976324,500224
1775428976326,500224
1775428976328,500224
1775428976330,500224
1775428976332,500224
1775428976334,500224
1775428976336,500224
1775428976337,500224
1775428976339,500224
1775428976341,500224
1775428976343,500224
1775428976345,500224
1775428976348,500224
1775428976350,500224
1775428976351,500224
1775428976353,500224
1775428976354,500224
1775428976356,500224
1775428976358,500224
1775428976359,500224
1775428976361,500224
1775428976362,500224
1775428976363,500224
1775428976365,500224
1775428976368,500224
1775428976372,500224
1775428976376,500224
1775428976378,500224
1775428976381,500224
1775428976384,500224
1775428976386,500224
1775428976389,500224
1775428976392,500224
1775428976395,500224
1775428976397,500224
1775428976400,500224
1775428976403,500224
1775428976405,500224
1775428976408,500224
1775428976411,500224
1775428976416,500224
1775428976417,500224
1775428976418,500224
1775428976422,500224
1775428976424,500224
1775428976426,500224
1775428976429,500224
1775428976433,500224
1775428976435,500224
1775428976438,500224
1775428976441,500224
1775428976443,500224
1775428976446,500224
1775428976450,500224
1775428976453,500224
1775428976456,500224
1775428976459,500224
1775428976461,500224
1775428976464,500224
1775428976467,500224
1775428976470,500224
1775428976472,500224
1775428976475,500224
1775428976480,500224
1775428976481,500224
1775428976486,500224
1775428976488,500224
1775428976489,500224
1775428976491,500224
1775428976492,500224
1775428976493,500224
1775428976496,500224
1775428976499,500224
1775428976502,500224
1775428976504,500224
1775428976507,500224
1775428976510,500224
1775428976512,500224
1775428976515,500224
1775428976518,500224
1775428976948,500224
1775428976951,500224
1775428976954,500224
1775428976957,500224
1775428976959,500224
1775428976961,500224
1775428976963,500224
1775428976965,500224
1775428976968,500224
1775428976971,500224
1775428976974,500224
1775428976977,500224
1775428976980,500224
1775428976983,500224
1775428976986,500224
1775428976988,500224
1775428976991,500224
1775428976994,500224
1775428976996,500224
1775428976999,500224
1775428977001,500224
1775428977003,500224
1775428977005,500224
1775428977008,500224
1775428977010,500224
1775428977012,500224
1775428977013,500224
1775428977015,500224
1775428977017,500224
1775428977019,500224
1775428977021,500224
1775428977022,500224
1775428977024,500224
1775428977026,500224
1775428977027,500224
1775428977029,500224
1775428977031,500224
1775428977033,500224
1775428977035,500224
1775428977037,500224
1775428977039,500224
1775428977042,500224
1775428977044,500224
1775428977046,500224
1775428977047,500224
1775428977049,500224
1775428977050,500224
1775428977051,500224
1775428977053,500224
1775428977054,500224
1775428977055,500224
1775428977057,500224
1775428977058,500224
1775428977059,500224
1775428977061,500224
1775428977062,500224
1775428977063,500224
1775428977065,500224
1775428977066,500224
1775428977069,500224
1775428977073,500224
1775428977076,500224
1775428977079,500224
1775428977081,500224
1775428977084,500224
1775428977087,500224
1775428977089,500224
1775428977092,500224
1775428977095,500224
1775428977097,500224
1775428977100,500224
1775428977103,500224
1775428977105,500224
1775428977106,500224
1775428977107,500224
1775428977108,500224
1775428977110,500224
1775428977111,500224
1775428977112,500224
1775428977114,500224
1775428977115,500224
1775428977116,500224
1775428977117,500224
1775428977119,500224
1775428977127,500224
1775428977131,500224
1775428977133,500224
1775428977137,500224
1775428977138,500224
1775428977140,500224
1775428977142,500224
1775428977144,500224
1775428977145,500224
1775428977147,500224
1775428977148,500224
1775428977149,500224
1775428977151,500224
1775428977152,500224
1775428977155,500224
1775428977157,500224
1775428977160,500224
1775428977163,500224
1775428977166,500224
1775428977169,500224
1775428977171,500224
1775428977174,500224
1775428977178,500224
1775428977182,500224
1775428977184,500224
1775428977187,500224
1775428977190,500224
1775428977193,500224
1775428977195,500224
1775428977201,500224
1775428977205,500224
1775428977208,500224
1775428977210,500224
1775428977211,500224
1775428977213,500224
1775428977214,500224
1775428977216,500224
1775428977536,500224
1775428977538,500224
1775428977541,500224
1775428977544,500224
1775428977547,500224
1775428977549,500224
1775428977552,500224
1775428977554,500224
1775428977556,500224
1775428977557,500224
1775428977559,500224
1775428977560,500224
1775428977561,500224
1775428977563,500224
1775428977564,500224
1775428977566,500224
1775428977567,500224
1775428977568,500224
1775428977570,500224
1775428977571,500224
1775428977572,500224
1775428977574,500224
1775428977577,500224
1775428977584,500224
1775428977586,500224
1775428977592,500224
1775428977594,500224
1775428977596,500224
1775428977598,500224
1775428977600,500224
1775428977602,500224
1775428977604,500224
1775428977606,500224
1775428977608,500224
1775428977611,500224
1775428977613,500224
1775428977616,500224
1775428977619,500224
1775428977621,500224
1775428977624,500224
1775428977628,500224
1775428977630,500224
1775428977633,500224
1775428977636,500224
1775428977638,500224
1775428977641,500224
1775428977644,500224
1775428977645,500224
1775428977647,500224
1775428977648,500224
1775428977649,500224
1775428977652,500224
1775428977654,500224
1775428977656,500224
1775428977658,500224
1775428977660,500224
1775428977662,500224
1775428977666,500224
1775428977668,500224
1775428977670,500224
1775428977672,500224
1775428977673,500224
1775428977675,500224
1775428977676,500224
1775428977679,500224
1775428977681,500224
1775428977687,500224
1775428977689,500224
1775428977691,500224
1775428977694,500224
1775428977696,500224
1775428977699,500224
1775428977701,500224
1775428977704,500224
1775428977706,500224
1775428977708,500224
1775428977710,500224
1775428977713,500224
1775428977715,500224
1775428977716,500224
1775428977719,500224
1775428977721,500224
1775428977724,500224
1775428977726,500224
1775428977728,500224
1775428977730,500224
1775428977732,500224
1775428977733,500224
1775428977735,500224
1775428977737,500224
1775428977738,500224
1775428977740,500224
1775428977741,500224
1775428977743,500224
1775428977744,500224
1775428977745,500224
1775428977747,500224
1775428977748,500224
1775428977749,500224
1775428977750,500224
1775428977762,500224
1775428977767,500224
1775428977770,500224
1775428977776,500224
1775428977778,500224
1775428977780,500224
1775428977783,500224
1775428977785,500224
1775428977787,500224
1775428978147,500224
1775428978149,500224
1775428978151,500224
1775428978153,500224
1775428978154,500224
1775428978158,500224
1775428978160,500224
1775428978164,500224
1775428978167,500224
1775428978169,500224
1775428978172,500224
1775428978175,500224
1775428978177,500224
1775428978180,500224
1775428978182,500224
1775428978184,500224
1775428978187,500224
1775428978189,500224
1775428978192,500224
1775428978196,500224
1775428978198,500224
1775428978201,500224
1775428978204,500224
1775428978207,500224
1775428978209,500224
1775428978212,500224
1775428978214,500224
1775428978216,500224
1775428978218,500224
1775428978221,500224
1775428978223,500224
1775428978224,500224
1775428978230,500224
1775428978232,500224
1775428978234,500224
1775428978237,500224
1775428978238,500224
1775428978239,500224
1775428978243,500224
1775428978245,500224
1775428978247,500224
1775428978248,500224
1775428978253,500224
1775428978256,500224
1775428978258,500224
1775428978261,500224
1775428978264,500224
1775428978267,500224
1775428978270,500224
1775428978278,500224
1775428978280,500224
1775428978281,500224
1775428978284,500224
1775428978289,500224
1775428978292,500224
1775428978295,500224
1775428978299,500224
1775428978302,500224
1775428978304,500224
1775428978307,500224
1775428978310,500224
1775428978312,500224
1775428978315,500224
1775428978318,500224
1775428978320,500224
1775428978322,500224
1775428978324,500224
1775428978326,500224
1775428978667,500224
1775428978672,500224
1775428978675,500224
1775428978677,500224
1775428978683,500224
1775428978686,500224
1775428978688,500224
1775428978689,500224
1775428978691,500224
1775428978692,500224
1775428978693,500224
1775428978695,500224
1775428978696,500224
1775428978700,500224
1775428978703,500224
1775428978705,500224
1775428978706,500224
1775428978708,500224
1775428978710,500224
1775428978713,500224
1775428978715,500224
1775428978717,500224
1775428978719,500224
1775428978722,500224
1775428978725,500224
1775428978728,500224
1775428978730,500224
1775428978732,500224
1775428978734,500224
1775428978737,500224
1775428978739,500224
1775428978742,500224
1775428978744,500224
1775428978746,500224
1775428978747,500224
1775428978755,500224
1775428978759,500224
1775428978761,500224
1775428978764,500224
1775428978765,500224
1775428978767,500224
1775428978768,500224
1775428978770,500224
1775428978771,500224
1775428978774,500224
1775428978776,500224
1775428978778,500224
1775428978779,500224
1775428978782,500224
1775428978784,500224
1775428978786,500224
1775428978788,500224
1775428978790,500224
1775428978792,500224
1775428978793,500224
1775428978796,500224
1775428978797,500224
1775428978799,500224
1775428978803,500224
1775428978806,500224
1775428978808,500224
1775428978811,500224
1775428978813,500224
1775428978814,500224
1775428978817,500224
1775428978818,500224
1775428978820,500224
1775428978821,500224
1775428978823,500224
1775428978825,500224
1775428978827,500224
1775428978832,500224
1775428978836,500224
1775428978841,500224
1775428978842,500224
1775428978844,500224
1775428978847,500224
1775428978851,500224
1775428978854,500224
1775428978856,500224
1775428978857,500224
1775428978859,500224
1775428978861,500224
1775428978863,500224
1775428978864,500224
1775428978866,500224
1775428978868,500224
1775428978869,500224
1775428978871,500224
1775428978874,500224
1775428978877,500224
1775428978880,500224
1775428978882,500224
1775428978884,500224
1775428978886,500224
1775428978887,500224
1775428978889,500224
1775428979267,500224
1775428979270,500224
1775428979272,500224
1775428979276,500224
1775428979278,500224
1775428979279,500224
1775428979281,500224
1775428979283,500224
1775428979284,500224
1775428979288,500224
1775428979291,500224
1775428979292,500224
1775428979294,500224
1775428979296,500224
1775428979298,500224
1775428979299,500224
1775428979302,500224
1775428979304,500224
1775428979307,500224
1775428979308,500224
1775428979309,500224
1775428979311,500224
1775428979312,500224
1775428979315,500224
1775428979318,500224
1775428979322,500224
1775428979325,500224
1775428979328,500224
1775428979330,500224
1775428979333,500224
1775428979335,500224
1775428979337,500224
1775428979340,500224
1775428979343,500224
1775428979345,500224
1775428979347,500224
1775428979349,500224
1775428979352,500224
1775428979354,500224
1775428979355,500224
1775428979357,500224
1775428979359,500224
1775428979361,500224
1775428979362,500224
1775428979364,500224
1775428979370,500224
1775428979374,500224
1775428979376,500224
1775428979380,500224
1775428979385,500224
1775428979389,500224
1775428979393,500224
1775428979396,500224
1775428979399,500224
1775428979401,500224
1775428979404,500224
1775428979407,500224
1775428979410,500224
1775428979413,500224
1775428979420,500224
1775428979422,500224
1775428979425,500224
1775428979428,500224
1775428979430,500224
1775428979434,500224
1775428979437,500224
1775428979438,500224
1775428979442,500224
1775428979446,500224
1775428979449,500224
1775428979453,500224
1775428979456,500224
1775428979459,500224
1775428979461,500224
1775428979464,500224
1775428979467,500224
1775428979473,500224
1775428979475,500224
1775428979477,500224
1775428979479,500224
1775428979481,500224
1775428979482,500224
1775428979484,500224
1775428979867,500224
1775428979869,500224
1775428979871,500224
1775428979874,500224
1775428979876,500224
1775428979880,500224
1775428979881,500224
1775428979883,500224
1775428979884,500224
1775428979885,500224
1775428979887,500224
1775428979889,500224
1775428979890,500224
1775428979892,500224
1775428979894,500224
1775428979897,500224
1775428979899,500224
1775428979901,500224
1775428979904,500224
1775428979907,500224
1775428979909,500224
1775428979912,500224
1775428979915,500224
1775428979917,500224
1775428979918,500224
1775428979919,500224
1775428979921,500224
1775428979923,500224
1775428979925,500224
1775428979928,500224
1775428979929,500224
1775428979933,500224
1775428979935,500224
1775428979937,500224
1775428979938,500224
1775428979940,500224
1775428979941,500224
1775428979943,500224
1775428979945,500224
1775428979949,500224
1775428979950,500224
1775428979951,500224
1775428979953,500224
1775428979954,500224
1775428979955,500224
1775428979957,500224
1775428979958,500224
1775428979960,500224
1775428979962,500224
1775428979963,500224
1775428979964,500224
1775428979969,500224
1775428979972,500224
1775428979976,500224
1775428979979,500224
1775428979980,500224
1775428979981,500224
1775428979983,500224
1775428979984,500224
1775428979985,500224
1775428979987,500224
1775428979988,500224
1775428979989,500224
1775428979990,500224
1775428979992,500224
1775428979993,500224
1775428979994,500224
1775428979996,500224
1775428979997,500224
1775428980000,500224
1775428980003,500224
1775428980006,500224
1775428980009,500224
1775428980012,500224
1775428980014,500224
1775428980016,500224
1775428980018,500224
1775428980020,500224
1775428980023,500224
1775428980025,500224
1775428980026,500224
1775428980028,500224
1775428980030,500224
1775428980031,500224
1775428980033,500224
1775428980034,500224
1775428980036,500224
1775428980039,500224
1775428980043,500224
1775428980046,500224
1775428980049,500224
1775428980470,500224
1775428980472,500224
1775428980474,500224
1775428980475,500224
1775428980477,500224
1775428980479,500224
1775428980481,500224
1775428980483,500224
1775428980486,500224
1775428980487,500224
1775428980490,500224
1775428980492,500224
1775428980493,500224
1775428980495,500224
1775428980497,500224
1775428980499,500224
1775428980501,500224
1775428980502,500224
1775428980504,500224
1775428980505,500224
1775428980507,500224
1775428980508,500224
1775428980512,500224
1775428980515,500224
1775428980516,500224
1775428980518,500224
1775428980519,500224
1775428980521,500224
1775428980524,500224
1775428980526,500224
1775428980528,500224
1775428980529,500224
1775428980531,500224
1775428980532,500224
1775428980536,500224
1775428980538,500224
1775428980541,500224
1775428980544,500224
1775428980547,500224
1775428980552,500224
1775428980556,500224
1775428980558,500224
1775428980559,500224
1775428980561,500224
1775428980562,500224
1775428980564,500224
1775428980565,500224
1775428980567,500224
1775428980569,500224
1775428980571,500224
1775428980573,500224
1775428980575,500224
1775428980576,500224
1775428980584,500224
1775428980587,500224
1775428980592,500224
1775428980594,500224
1775428980599,500224
1775428980600,500224
1775428980602,500224
1775428980603,500224
1775428980605,500224
1775428980606,500224
1775428980607,500224
1775428980609,500224
1775428980610,500224
1775428980613,500224
1775428980616,500224
1775428980618,500224
1775428980620,500224
1775428980622,500224
1775428980624,500224
1775428980628,500224
1775428980631,500224
1775428980634,500224
1775428980636,500224
1775428980638,500224
1775428980640,500224
1775428980642,500224
1775428980645,500224
1775428980647,500224
1775428981071,500224
1775428981074,500224
1775428981077,500224
1775428981082,500224
1775428981084,500224
1775428981086,500224
1775428981089,500224
1775428981092,500224
1775428981098,500224
1775428981100,500224
1775428981105,500224
1775428981108,500224
1775428981112,500224
1775428981115,500224
1775428981117,500224
1775428981119,500224
1775428981121,500224
1775428981124,500224
1775428981128,500224
1775428981130,500224
1775428981132,500224
1775428981134,500224
1775428981136,500224
1775428981138,500224
1775428981140,500224
1775428981142,500224
1775428981144,500224
1775428981149,500224
1775428981152,500224
1775428981155,500224
1775428981159,500224
1775428981166,500224
1775428981170,500224
1775428981173,500224
1775428981175,500224
1775428981178,500224
1775428981181,500224
1775428981184,500224
1775428981186,500224
1775428981189,500224
1775428981191,500224
1775428981192,500224
1775428981194,500224
1775428981195,500224
1775428981196,500224
1775428981198,500224
1775428981199,500224
1775428981200,500224
1775428981201,500224
1775428981203,500224
1775428981204,500224
1775428981205,500224
1775428981209,500224
1775428981211,500224
1775428981214,500224
1775428981215,500224
1775428981217,500224
1775428981218,500224
1775428981219,500224
1775428981221,500224
1775428981222,500224
1775428981223,500224
1775428981224,500224
1775428981226,500224
1775428981227,500224
1775428981228,500224
1775428981229,500224
1775428981233,500224
1775428981240,500224
1775428981243,500224
1775428981246,500224
1775428981248,500224
1775428981251,500224
1775428981254,500224
1775428981256,500224
1775428981259,500224
1775428981260,500224
1775428981261,500224
1775428981263,500224
1775428981264,500224
1775428981265,500224
1775428981267,500224
1775428981268,500224
1775428981269,500224
1775428981271,500224
1775428981273,500224
1775428981274,500224
1775428981276,500224
1775428981281,500224
1775428981285,500224
1775428981290,500224
1775428981295,500224
1775428981298,500224
1775428981300,500224
1775428981671,500224
1775428981674,500224
1775428981676,500224
1775428981678,500224
1775428981680,500224
1775428981682,500224
1775428981684,500224
1775428981686,500224
1775428981688,500224
1775428981690,500224
1775428981692,500224
1775428981694,500224
1775428981698,500224
1775428981699,500224
1775428981703,500224
1775428981707,500224
1775428981708,500224
1775428981710,500224
1775428981711,500224
1775428981712,500224
1775428981713,500224
1775428981715,500224
1775428981716,500224
1775428981717,500224
1775428981719,500224
1775428981720,500224
1775428981721,500224
1775428981722,500224
1775428981726,500224
1775428981746,500224
1775428981751,500224
1775428981753,500224
1775428981756,500224
1775428981762,500224
1775428981767,500224
1775428981772,500224
1775428981776,500224
1775428981778,500224
1775428981780,500224
1775428981783,500224
1775428981786,500224
1775428981790,500224
1775428981795,500224
1775428981801,500224
1775428981804,500224
1775428981806,500224
1775428981808,500224
1775428981810,500224
1775428981812,500224
1775428981814,500224
1775428981816,500224
1775428981818,500224
1775428981819,500224
1775428981821,500224
1775428981825,500224
1775428981829,500224
1775428981832,500224
1775428981834,500224
1775428981838,500224
1775428981844,500224
1775428981847,500224
1775428981850,500224
1775428981853,500224
1775428982274,500224
1775428982278,500224
1775428982281,500224
1775428982283,500224
1775428982286,500224
1775428982290,500224
1775428982293,500224
1775428982296,500224
1775428982298,500224
1775428982301,500224
1775428982304,500224
1775428982306,500224
1775428982308,500224
1775428982311,500224
1775428982316,500224
1775428982322,500224
1775428982325,500224
1775428982328,500224
1775428982331,500224
1775428982336,500224
1775428982339,500224
1775428982342,500224
1775428982344,500224
1775428982346,500224
1775428982350,500224
1775428982352,500224
1775428982354,500224
1775428982356,500224
1775428982360,500224
1775428982362,500224
1775428982365,500224
1775428982370,500224
1775428982372,500224
1775428982375,500224
1775428982378,500224
1775428982380,500224
1775428982382,500224
1775428982386,500224
1775428982388,500224
1775428982390,500224
1775428982392,500224
1775428982395,500224
1775428982397,500224
1775428982400,500224
1775428982403,500224
1775428982405,500224
1775428982408,500224
1775428982410,500224
1775428982412,500224
1775428982415,500224
1775428982417,500224
1775428982418,500224
1775428982419,500224
1775428982422,500224
1775428982424,500224
1775428982425,500224
1775428982430,500224
1775428982431,500224
1775428982434,500224
1775428982435,500224
1775428982439,500224
1775428982445,500224
1775428982451,500224
1775428982454,500224
1775428982456,500224
1775428982458,500224
1775428982460,500224
1775428982462,500224
1775428982464,500224
1775428982467,500224
1775428982470,500224
1775428982473,500224
1775428982479,500224
1775428982482,500224
1775428982485,500224
1775428982487,500224
1775428982490,500224
1775428982492,500224
1775428982495,500224
1775428982497,500224
1775428982500,500224
1775428982502,500224
1775428982504,500224
1775428982506,500224
1775428982508,500224
1775428982512,500224
1775428982520,500224
1775428982523,500224
1775428982526,500224
1775428982529,500224
1775428982532,500224
1775428982533,500224
1775428982536,500224
1775428982538,500224
1775428982543,500224
1775428982545,500224
1775428982547,500224
1775428982549,500224
1775428982550,500224
1775428982557,500224
1775428982563,500224
1775428982567,500224
1775428982569,500224
1775428982571,500224
1775428982572,500224
1775428982574,500224
1775428982576,500224
1775428982578,500224
1775428982580,500224
1775428982582,500224
1775428982583,500224
1775428982585,500224
1775428982589,500224
1775428982591,500224
1775428982592,500224
1775428982875,500224
1775428982877,500224
1775428982880,500224
1775428982882,500224
1775428982885,500224
1775428982889,500224
1775428982893,500224
1775428982896,500224
1775428982899,500224
1775428982902,500224
1775428982905,500224
1775428982907,500224
1775428982910,500224
1775428982913,500224
1775428982915,500224
1775428982916,500224
1775428982920,500224
1775428982922,500224
1775428982929,500224
1775428982932,500224
1775428982934,500224
1775428982935,500224
1775428982938,500224
1775428982940,500224
1775428982941,500224
1775428982946,500224
1775428982950,500224
1775428982955,500224
1775428982957,500224
1775428982961,500224
1775428982964,500224
1775428982966,500224
1775428982968,500224
1775428982972,500224
1775428982974,500224
1775428982977,500224
1775428982979,500224
1775428982981,500224
1775428982983,500224
1775428982985,500224
1775428982987,500224
1775428982989,500224
1775428982991,500224
1775428982992,500224
1775428982996,500224
1775428983000,500224
1775428983006,500224
1775428983011,500224
1775428983014,500224
1775428983017,500224
1775428983020,500224
1775428983021,500224
1775428983024,500224
1775428983027,500224
1775428983031,500224
1775428983035,500224
1775428983038,500224
1775428983043,500224
1775428983049,500224
1775428983053,500224
1775428983055,500224
1775428983058,500224
1775428983061,500224
1775428983063,500224
1775428983065,500224
1775428983067,500224
1775428983069,500224
1775428983070,500224
1775428983074,500224
1775428983076,500224
1775428983077,500224
1775428983081,500224
1775428983085,500224
1775428983089,500224
1775428983093,500224
1775428983095,500224
1775428983097,500224
1775428983099,500224
1775428983101,500224
1775428983103,500224
1775428983104,500224
1775428983109,500224
1775428983111,500224
1775428983114,500224
1775428983116,500224
1775428983118,500224
1775428983119,500224
1775428983121,500224
1775428983122,500224
1775428984076,500224
1775428984080,500224
1775428984083,500224
1775428984087,500224
1775428984090,500224
1775428984094,500224
1775428984096,500224
1775428984099,500224
1775428984101,500224
1775428984104,500224
1775428984108,500224
1775428984111,500224
1775428984113,500224
1775428984118,500224
1775428984122,500224
1775428984124,500224
1775428984127,500224
1775428984140,500224
1775428984144,500224
1775428984148,500224
1775428984152,500224
1775428984154,500224
1775428984157,500224
1775428984159,500224
1775428984160,500224
1775428984163,500224
1775428984165,500224
1775428984168,500224
1775428984171,500224
1775428984172,500224
1775428984175,500224
1775428984181,500224
1775428984184,500224
1775428984188,500224
1775428984191,500224
1775428984193,500224
1775428984197,500224
1775428984200,500224
1775428984202,500224
1775428984204,500224
1775428984206,500224
1775428984208,500224
1775428984209,500224
1775428984212,500224
1775428984213,500224
1775428984217,500224
1775428984220,500224
1775428984222,500224
1775428984224,500224
1775428984226,500224
1775428984228,500224
1775428984230,500224
1775428984232,500224
1775428984233,500224
1775428984235,500224
1775428984239,500224
1775428984241,500224
1775428984243,500224
1775428984245,500224
1775428984249,500224
1775428984251,500224
1775428984253,500224
1775428984256,500224
1775428984258,500224
1775428984259,500224
1775428984262,500224
1775428984265,500224
1775428984266,500224
1775428984267,500224
1775428984269,500224
1775428984270,500224
1775428984271,500224
1775428984274,500224
1775428984275,500224
1775428984276,500224
1775428984279,500224
1775428984281,500224
1775428984283,500224
1775428984284,500224
1775428984287,500224
1775428984289,500224
1775428984292,500224
1775428984294,500224
1775428984296,500224
1775428984298,500224
1775428984302,500224
1775428984305,500224
1775428984307,500224
1775428984308,500224
1775428984311,500224
1775428984312,500224
1775428984314,500224
1775428984318,500224
1775428984320,500224
1775428984322,500224
1775428984326,500224
1775428984329,500224
1775428984331,500224
1775428984334,500224
1775428984336,500224
1775428984339,500224
1775428984342,500224
1775428984344,500224
1775428984350,500224
1775428984355,500224
1775428984358,500224
1775428984362,500224
1775428984366,500224
1775428984369,500224
1775428984371,500224
1775428984375,500224
1775428984377,500224
1775428984380,500224
1775428984383,500224
1775428984386,500224
1775428984389,500224
1775428984391,500224
1775428984393,500224
1775428984396,500224
1775428984399,500224
1775428984401,500224
1775428984403,500224
1775428984405,500224
1775428984408,500224
1775428984409,500224
1775428984412,500224
1775428984415,500224
1775428984417,500224
1775428986900,500224
1775428986904,500224
1775428986906,500224
1775428986910,500224
1775428986912,500224
1775428986914,500224
1775428986916,500224
1775428986920,500224
1775428986922,500224
1775428986925,500224
1775428986928,500224
1775428986930,500224
1775428986932,500224
1775428986935,500224
1775428986938,500224
1775428986942,500224
1775428986946,500224
1775428986949,500224
1775428986953,500224
1775428986955,500224
1775428986956,500224
1775428986960,500224
1775428986962,500224
1775428986965,500224
1775428986968,500224
1775428986970,500224
1775428986978,500224
1775428986982,500224
1775428986986,500224
1775428986989,500224
1775428986992,500224
1775428987994,500224
1775428988003,500224
1775428988007,500224
1775428988011,500224
1775428988013,500224
1775428988015,500224
1775428988017,500224
1775428988020,500224
1775428988023,500224
1775428988026,500224
1775428988028,500224
1775428988031,500224
1775428988034,500224
1775428988038,500224
1775428988043,500224
1775428988046,500224
1775428988049,500224
1775428988051,500224
1775428988056,500224
1775428988058,500224
1775428988060,500224
1775428988063,500224
1775428988067,500224
1775428988069,500224
1775428988070,500224
1775428988072,500224
1775428988073,500224
1775428988075,500224
1775428988076,500224
1775428988078,500224
1775428988080,500224
1775428988085,500224
1775428988088,500224
1775428988089,500224
1775428988091,500224
1775428988092,500224
1775428988093,500224
1775428988095,500224
1775428988096,500224
1775428988098,500224
1775428988100,500224
1775428988101,500224
1775428988107,500224
1775428988114,500224
1775428988119,500224
1775428988123,500224
1775428988125,500224
1775428988130,500224
1775428988132,500224
1775428988133,500224
1775428988136,500224
1775428988138,500224
1775428988142,500224
1775428988145,500224
1775428988146,500224
1775428988148,500224
1775428988151,500224
1775428988153,500224
1775428988155,500224
1775428988158,500224
1775428988162,500224
1775428988164,500224
1775428988167,500224
1775428988170,500224
1775428988172,500224
1775428988174,500224
1775428988176,500224
1775428988178,500224
1775428988181,500224
1775428988183,500224
1775428988186,500224
1775428988187,500224
1775428988190,500224
1775428988191,500224
1775428988193,500224
1775428988195,500224
1775428988196,500224
1775428988198,500224
1775428988199,500224
1775428988204,500224
1775428988207,500224
1775428988209,500224
1775428988211,500224
1775428988217,500224
1775428988219,500224
1775428988221,500224
1775428988223,500224
1775428988226,500224
1775428988229,500224
1775428988232,500224
1775428988235,500224
1775428988238,500224
1775428988241,500224
1775428988245,500224
1775428988248,500224
1775428988252,500224
1775428988254,500224
1775428988256,500224
1775428988258,500224
1775428988261,500224
1775428988262,500224
1775428988272,500224
1775428988280,500224
1775428988282,500224
1775428988285,500224
1775428988287,500224
1775428988289,500224
1775428988292,500224
1775428988294,500224
1775428988297,500224
1775428988299,500224
1775428988301,500224
1775428988303,500224
1775428988306,500224
1775428988308,500224
1775428988310,500224
1775428988314,500224
1775428988317,500224
1775428988320,500224
1775428988321,500224
1775428988325,500224
1775428988329,500224
1775428988331,500224
1775428988332,500224
1775428988337,500224
1775428988340,500224
1775428988342,500224
1775428988345,500224
1775428988346,500224
1775428988349,500224
1775428988351,500224
1775428988352,500224
1775428988354,500224
1775428988356,500224
1775428988358,500224
1775428988359,500224
1775428988361,500224
1775428988367,500224
1775428988370,500224
1775428988372,500224
1775428988375,500224
1775428988378,500224
1775428988381,500224
1775428988384,500224
1775428988389,500224
1775428988391,500224
1775428988392,500224
1775428988394,500224
1775428988396,500224
1775428988399,500224
1775428988403,500224
1775428988411,500224
1775428988418,500224
1775428988421,500224
1775428988428,500224
1775428988443,500224
1775428988452,500224
1775428988456,500224
1775428988462,500224
1775428988467,500224
1775428988469,500224
1775428988471,500224
1775428988473,500224
1775428988475,500224
1775428988478,500224
1775428988482,500224
1775428988486,500224
1775428988489,500224
1775428988493,500224
1775428988498,500224
1775428988502,500224
1775428988507,500224
1775428988511,500224
1775428988515,500224
1775428988517,500224
1775428988520,500224
1775428988526,500224
1775428988529,500224
1775428988532,500224
1775428988534,500224
1775428988536,500224
1775428988539,500224
1775428988544,500224
1775428988546,500224
1775428988549,500224
1775428988552,500224
1775428988554,500224
1775428988557,500224
1775428988560,500224
1775428988566,500224
1775428988569,500224
1775428988570,500224
1775428988572,500224
1775428988573,500224
1775428988576,500224
1775428988579,500224
1775428988580,500224
1775428988582,500224
1775428988584,500224
1775428988586,500224
1775428988588,500224
1775428988590,500224
1775428988593,500224
1775428988597,500224
1775428988602,500224
1775428988607,500224
1775428988608,500224
1775428988611,500224
1775428988613,500224
1775428988616,500224
1775428988617,500224
1775428988619,500224
1775428988621,500224
1775428988625,500224
1775428988627,500224
1775428988630,500224
1775428988632,500224
1775428988636,500224
1775428988638,500224
1775428988641,500224
1775428988645,500224
1775428988650,500224
1775428988654,500224
1775428988656,500224
1775428988658,500224
1775428988660,500224
1775428988662,500224
1775428988664,500224
1775428988666,500224
1775428988667,500224
1775428988670,500224
1775428988674,500224
1775428988675,500224
1775428988677,500224
1775428988679,500224
1775428988682,500224
1775428988684,500224
1775428988686,500224
1775428988688,500224
1775428988690,500224
1775428988692,500224
1775428988695,500224
1775428988697,500224
1775428988699,500224
1775428988702,500224
1775428988706,500224
1775428988708,500224
1775428988710,500224
1775428988712,500224
1775428988715,500224
1775428988720,500224
1775428988722,500224
1775428988724,500224
1775428988728,500224
1775428988730,500224
1775428988732,500224
1775428988734,500224
1775428988736,500224
1775428988737,500224
1775428988746,500224
1775428988749,500224
1775428988752,500224
1775428988754,500224
1775428988756,500224
1775428988757,500224
1775428988759,500224
1775428988762,500224
1775428988767,500224
1775428988771,500224
1775428988772,500224
1775428988779,500224
1775428988781,500224
1775428988784,500224
1775428988788,500224
1775428988792,500224
1775428988795,500224
1775428988798,500224
1775428988801,500224
1775428988804,500224
1775428988806,500224
1775428988808,500224
1775428988810,500224
1775428988813,500224
1775428988816,500224
1775428988818,500224
1775428988820,500224
1775428989117,500224
1775428989120,500224
1775428989122,500224
1775428989345,500224
1775428989349,500224
1775428989351,500224
1775428989507,500224
1775428989510,500224
1775428989518,500224
1775428989521,500224
1775428989523,500224
1775428989526,500224
1775428989530,500224
1775428989533,500224
1775428989536,500224
1775428989538,500224
1775428989541,500224
1775428989545,500224
1775428989547,500224
1775428989548,500224
1775428989549,500224
1775428989554,500224
1775428989556,500224
1775428989558,500224
1775428989559,500224
1775428989562,500224
1775428989565,500224
1775428989567,500224
1775428989570,500224
1775428989573,500224
1775428989575,500224
1775428989578,500224
1775428989580,500224
1775428989582,500224
1775428989586,500224
1775428989588,500224
1775428989589,500224
1775428989591,500224
1775428989592,500224
1775428989596,500224
1775428989599,500224
1775428989602,500224
1775428989607,500224
1775428989610,500224
1775428989611,500224
1775428989615,500224
1775428989618,500224
1775428989620,500224
1775428989625,500224
1775428989634,500224
1775428989637,500224
1775428989639,500224
1775428989643,500224
1775428989646,500224
1775428989648,500224
1775428989651,500224
1775428989655,500224
1775428989657,500224
1775428989660,500224
1775428989663,500224
1775428989665,500224
1775428989669,500224
1775428989672,500224
1775428989674,500224
1775428989677,500224
1775428989680,500224
1775428989683,500224
1775428989685,500224
1775428989688,500224
1775428989689,500224
1775428989691,500224
1775428989693,500224
1775428989696,500224
1775428989698,500224
1775428989702,500224
1775428989704,500224
1775428989706,500224
1775428989709,500224
1775428989712,500224
1775428989713,500224
1775428989715,500224
1775428989717,500224
1775428989718,500224
1775428989722,500224
1775428989726,500224
1775428989729,500224
1775428989732,500224
1775428989735,500224
1775428989740,500224
1775428989742,500224
1775428989744,500224
1775428989747,500224
1775428989749,500224
1775428989751,500224
1775428989754,500224
1775428989756,500224
1775428989757,500224
1775428989759,500224
1775428989763,500224
1775428989766,500224
1775428989770,500224
1775428989772,500224
1775428989778,500224
1775428989780,500224
1775428989782,500224
1775428989785,500224
1775428989787,500224
1775428989790,500224
1775428989791,500224
1775428989798,500224
1775428989800,500224
1775428989804,500224
1775428989807,500224
1775428989811,500224
1775428989814,500224
1775428989816,500224
1775428989817,500224
1775428989819,500224
1775428989821,500224
1775428989822,500224
1775428989825,500224
1775428989827,500224
1775428989829,500224
1775428989830,500224
1775428989839,500224
1775428989844,500224
1775428989847,500224
1775428989852,500224
1775428989856,500224
1775428989858,500224
1775428989861,500224
1775428989864,500224
1775428989868,500224
1775428989871,500224
1775428989873,500224
1775428989876,500224
1775428989878,500224
1775428989884,500224
1775428989887,500224
1775428989890,500224
1775428989893,500224
1775428989895,500224
1775428989897,500224
1775428989900,500224
1775428989902,500224
1775428989904,500224
1775428989908,500224
1775428989911,500224
1775428989915,500224
1775428989918,500224
1775428989921,500224
1775428989923,500224
1775428989925,500224
1775428989927,500224
1775428989929,500224
1775428989932,500224
1775428989934,500224
1775428989937,500224
1775428989942,500224
1775428989946,500224
1775428989950,500224
1775428989952,500224
1775428989955,500224
1775428989957,500224
1775428989958,500224
1775428989960,500224
1775428989962,500224
1775428989965,500224
1775428989967,500224
1775428989969,500224
1775428989971,500224
1775428989973,500224
1775428989974,500224
1775428989977,500224
1775428989982,500224
1775428989983,500224
1775428989986,500224
1775428989989,500224
1775428989992,500224
1775428989995,500224
1775428989998,500224
1775428990000,500224
1775428990003,500224
1775428990005,500224
1775428990007,500224
1775428990008,500224
1775428990010,500224
1775428990012,500224
1775428990013,500224
1775428990015,500224
1775428990018,500224
1775428990020,500224
1775428990021,500224
1775428990023,500224
1775428990024,500224
1775428990034,500224
1775428990037,500224
1775428990040,500224
1775428990043,500224
1775428990045,500224
1775428990048,500224
1775428990051,500224
1775428990054,500224
1775428990056,500224
1775428990059,500224
1775428990062,500224
1775428990066,500224
1775428990068,500224
1775428990071,500224
1775428990074,500224
1775428990078,500224
1775428990081,500224
1775428990083,500224
1775428990086,500224
1775428990088,500224
1775428990091,500224
1775428990094,500224
1775428990097,500224
1775428990100,500224
1775428990103,500224
1775428990104,500224
1775428990107,500224
1775428990115,500224
1775428990118,500224
1775428990120,500224
1775428990123,500224
1775428990126,500224
1775428990129,500224
1775428990132,500224
1775428990135,500224
1775428990137,500224
1775428990139,500224
1775428990142,500224
1775428990144,500224
1775428990147,500224
1775428990151,500224
1775428990155,500224
1775428990157,500224
1775428990161,500224
1775428990169,500224
1775428990172,500224
1775428990175,500224
1775428990178,500224
1775428990181,500224
1775428990183,500224
1775428990187,500224
1775428990189,500224
1775428990194,500224
1775428990197,500224
1775428990201,500224
1775428990203,500224
1775428990205,500224
1775428990208,500224
1775428990210,500224
1775428990212,500224
1775428990216,500224
1775428990219,500224
1775428990223,500224
1775428990226,500224
1775428990229,500224
1775428990232,500224
1775428990235,500224
1775428990237,500224
1775428990240,500224
1775428990244,500224
1775428990248,500224
1775428990251,500224
1775428990255,500224
1775428990258,500224
1775428990261,500224
1775428990263,500224
1775428990265,500224
1775428990266,500224
1775428990269,500224
1775428990271,500224
1775428990274,500224
1775428990276,500224
1775428990281,500224
1775428990284,500224
1775428990287,500224
1775428990289,500224
1775428990292,500224
1775428990294,500224
1775428990296,500224
1775428990298,500224
1775428990299,500224
1775428990302,500224
1775428990305,500224
1775428990307,500224
1775428990310,500224
1775428990312,500224
1775428990316,500224
1775428990322,500224
1775428990326,500224
1775428990328,500224
1775428990330,500224
1775428990331,500224
1775428990333,500224
1775428990336,500224
1775428990339,500224
1775428990341,500224
1775428990345,500224
1775428990350,500224
1775428990352,500224
1775428990356,500224
1775428990360,500224
1775428990363,500224
1775428990365,500224
1775428990367,500224
1775428990370,500224
1775428990372,500224
1775428990378,500224
1775428990380,500224
1775428990382,500224
1775428990384,500224
1775428990387,500224
1775428990391,500224
1775428990394,500224
1775428990404,500224
1775428990408,500224
1775428990412,500224
1775428990417,500224
1775428990421,500224
1775428990423,500224
1775428990425,500224
1775428990427,500224
1775428990429,500224
1775428990431,500224
1775428990433,500224
1775428990435,500224
1775428990438,500224
1775428990440,500224
1775428990442,500224
1775428990450,500224
1775428990454,500224
1775428990457,500224
1775428990460,500224
1775428990464,500224
1775428990467,500224
1775428990470,500224
1775428990473,500224
1775428990476,500224
1775428990477,500224
1775428990479,500224
1775428990482,500224
1775428990484,500224
1775428990486,500224
1775428990488,500224
1775428990489,500224
1775428990491,500224
1775428990493,500224
1775428990495,500224
1775428990497,500224
1775428990499,500224
1775428990501,500224
1775428990505,500224
1775428990508,500224
1775428990510,500224
1775428990511,500224
1775428990514,500224
1775428990523,500224
1775428990530,500224
1775428990533,500224
1775428990536,500224
1775428990539,500224
1775428990542,500224
1775428990545,500224
1775428990547,500224
1775428990552,500224
1775428990556,500224
1775428990560,500224
1775428990563,500224
1775428990566,500224
1775428990569,500224
1775428990573,500224
1775428990575,500224
1775428990578,500224
1775428990581,500224
1775428990583,500224
1775428990586,500224
1775428990589,500224
1775428990594,500224
1775428990597,500224
1775428990600,500224
1775428990603,500224
1775428990606,500224
1775428990609,500224
1775428990611,500224
1775428990613,500224
1775428990615,500224
1775428990617,500224
1775428990622,500224
1775428990625,500224
1775428990629,500224
1775428990632,500224
1775428990635,500224
1775428990637,500224
1775428990638,500224
1775428990641,500224
1775428990643,500224
1775428990646,500224
1775428990649,500224
1775428990651,500224
1775428990653,500224
1775428990655,500224
1775428990657,500224
1775428990659,500224
1775428990662,500224
1775428990665,500224
1775428990667,500224
1775428990669,500224
1775428990670,500224
1775428990672,500224
1775428990673,500224
1775428990675,500224
1775428990677,500224
1775428990679,500224
1775428990681,500224
1775428990683,500224
1775428990685,500224
1775428990688,500224
1775428990692,500224
1775428990695,500224
1775428990698,500224
1775428990701,500224
1775428990703,500224
1775428990705,500224
1775428990709,500224
1775428990711,500224
1775428990714,500224
1775428990717,500224
1775428990721,500224
1775428990723,500224
1775428990727,500224
1775428990730,500224
1775428990732,500224
1775428990735,500224
1775428990741,500224
1775428990743,500224
1775428990746,500224
1775428990749,500224
1775428990752,500224
1775428990753,500224
1775428990755,500224
1775428990759,500224
1775428990762,500224
1775428990764,500224
1775428990766,500224
1775428990767,500224
1775428990770,500224
1775428990772,500224
1775428990774,500224
1775428990776,500224
1775428990779,500224
1775428990782,500224
1775428990784,500224
1775428990786,500224
1775428990788,500224
1775428990790,500224
1775428990793,500224
1775428990796,500224
1775428990798,500224
1775428990799,500224
1775428990801,500224
1775428990803,500224
1775428990805,500224
1775428990807,500224
1775428990810,500224
1775428990813,500224
1775428990815,500224
1775428990818,500224
1775428990820,500224
1775428990822,500224
1775428990825,500224
1775428990828,500224
1775428990830,500224
1775428990833,500224
1775428990838,500224
1775428990844,500224
1775428990846,500224
1775428990848,500224
1775428990851,500224
1775428990855,500224
1775428990858,500224
1775428990860,500224
1775428990863,500224
1775428990868,500224
1775428990871,500224
1775428990874,500224
1775428990877,500224
1775428990881,500224
1775428990886,500224
1775428990889,500224
1775428990893,500224
1775428990897,500224
1775428990900,500224
1775428990902,500224
1775428990906,500224
1775428990908,500224
1775428990909,500224
1775428990912,500224
1775428990914,500224
1775428990915,500224
1775428990918,500224
1775428990919,500224
1775428990922,500224
1775428990925,500224
1775428990926,500224
1775428990928,500224
1775428990929,500224
1775428990932,500224
1775428990933,500224
1775428990935,500224
1775428990939,500224
1775428990942,500224
1775428990944,500224
1775428990947,500224
1775428990952,500224
1775428990954,500224
1775428990956,500224
1775428990958,500224
1775428990960,500224
1775428990962,500224
1775428990963,500224
1775428990970,500224
1775428990974,500224
1775428990977,500224
1775428990980,500224
1775428990983,500224
1775428990985,500224
1775428990988,500224
1775428990991,500224
1775428990992,500224
1775428990994,500224
1775428990997,500224
1775428991003,500224
1775428991006,500224
1775428991008,500224
1775428991010,500224
1775428991011,500224
1775428991013,500224
1775428991014,500224
1775428991017,500224
1775428991022,500224
1775428991026,500224
1775428991028,500224
1775428991030,500224
1775428991034,500224
1775428991037,500224
1775428991039,500224
1775428991042,500224
1775428991047,500224
1775428991049,500224
1775428991050,500224
1775428991054,500224
1775428991057,500224
1775428991058,500224
1775428991062,500224
1775428991064,500224
1775428991066,500224
1775428991067,500224
1775428991070,500224
1775428991073,500224
1775428991075,500224
1775428991076,500224
1775428991078,500224
1775428991081,500224
1775428991088,500224
1775428991091,500224
1775428991095,500224
1775428991097,500224
1775428991099,500224
1775428991102,500224
1775428991104,500224
1775428991106,500224
1775428991109,500224
1775428991111,500224
1775428991113,500224
1775428991116,500224
1775428991118,500224
1775428991120,500224
1775428991122,500224
1775428991124,500224
1775428991127,500224
1775428991129,500224
1775428991131,500224
1775428991135,500224
1775428991138,500224
1775428991139,500224
1775428991142,500224
1775428991145,500224
1775428991146,500224
1775428991148,500224
1775428991149,500224
1775428991150,500224
1775428991153,500224
1775428991154,500224
1775428991156,500224
1775428991158,500224
1775428991161,500224
1775428991164,500224
1775428991166,500224
1775428991167,500224
1775428991173,500224
1775428991176,500224
1775428991179,500224
1775428991184,500224
1775428991193,500224
1775428991196,500224
1775428991198,500224
1775428991201,500224
1775428991204,500224
1775428991207,500224
1775428991210,500224
1775428991212,500224
1775428991216,500224
1775428991220,500224
1775428991222,500224
1775428991224,500224
1775428991228,500224
1775428991230,500224
1775428991232,500224
1775428991234,500224
1775428991236,500224
1775428991237,500224
1775428991241,500224
1775428991244,500224
1775428991246,500224
1775428991249,500224
1775428991252,500224
1775428991255,500224
1775428991259,500224
1775428991261,500224
1775428991268,500224
1775428991272,500224
1775428991275,500224
1775428991280,500224
1775428991282,500224
1775428991284,500224
1775428991285,500224
1775428991289,500224
1775428991291,500224
1775428991294,500224
1775428991296,500224
1775428991298,500224
1775428991301,500224
1775428991304,500224
1775428991307,500224
1775428991308,500224
1775428991314,500224
1775428991318,500224
1775428991320,500224
1775428991322,500224
1775428991324,500224
1775428991328,500224
1775428991330,500224
1775428991332,500224
1775428991334,500224
1775428991336,500224
1775428991338,500224
1775428991341,500224
1775428991343,500224
1775428991345,500224
1775428991348,500224
1775428991351,500224
1775428991353,500224
1775428991354,500224
1775428991356,500224
1775428991358,500224
1775428991361,500224
1775428991364,500224
1775428991367,500224
1775428991371,500224
1775428991374,500224
1775428991376,500224
1775428991378,500224
1775428991381,500224
1775428991384,500224
1775428991386,500224
1775428991388,500224
1775428991390,500224
1775428991393,500224
1775428991395,500224
1775428991398,500224
1775428991401,500224
1775428991404,500224
1775428991405,500224
1775428991408,500224
1775428991411,500224
1775428991414,500224
1775428991418,500224
1775428991421,500224
1775428991424,500224
1775428991428,500224
1775428991431,500224
1775428991433,500224
1775428991435,500224
1775428991438,500224
1775428991441,500224
1775428991444,500224
1775428991447,500224
1775428991450,500224
1775428991452,500224
1775428991455,500224
1775428991458,500224
1775428991460,500224
1775428991461,500224
1775428991464,500224
1775428991467,500224
1775428991470,500224
1775428991472,500224
1775428991474,500224
1775428991475,500224
1775428991477,500224
1775428991479,500224
1775428991481,500224
1775428991483,500224
1775428991484,500224
1775428991486,500224
1775428991487,500224
1775428991488,500224
1775428991490,500224
1775428991491,500224
1775428991494,500224
1775428991499,500224
1775428991502,500224
1775428991504,500224
1775428991506,500224
1775428991509,500224
1775428991513,500224
1775428991515,500224
1775428991516,500224
1775428991523,500224
1775428991527,500224
1775428991529,500224
1775428991531,500224
1775428991534,500224
1775428991537,500224
1775428991539,500224
1775428991540,500224
1775428991543,500224
1775428991548,500224
1775428991551,500224
1775428991556,500224
1775428991558,500224
1775428991560,500224
1775428991563,500224
1775428991566,500224
1775428991568,500224
1775428991570,500224
1775428991572,500224
1775428991575,500224
1775428991578,500224
1775428991581,500224
1775428991591,500224
1775428991594,500224
1775428991596,500224
1775428991599,500224
1775428991602,500224
1775428991605,500224
1775428991607,500224
1775428991610,500224
1775428991612,500224
1775428991614,500224
1775428991617,500224
1775428991619,500224
1775428991622,500224
1775428991625,500224
1775428991628,500224
1775428991629,500224
1775428991633,500224
1775428991636,500224
1775428991638,500224
1775428991641,500224
1775428991644,500224
1775428991645,500224
1775428991649,500224
1775428991651,500224
1775428991653,500224
1775428991654,500224
1775428991657,500224
1775428991659,500224
1775428991661,500224
1775428991662,500224
1775428991663,500224
1775428991665,500224
1775428991666,500224
1775428991668,500224
1775428991669,500224
1775428991672,500224
1775428991675,500224
1775428991679,500224
1775428991682,500224
1775428991685,500224
1775428991686,500224
1775428991688,500224
1775428991691,500224
1775428991694,500224
1775428991696,500224
1775428991697,500224
1775428991698,500224
1775428991701,500224
1775428991705,500224
1775428991708,500224
1775428991709,500224
1775428991711,500224
1775428991713,500224
1775428991716,500224
1775428991718,500224
1775428991719,500224
1775428991721,500224
1775428991723,500224
1775428991727,500224
1775428991729,500224
1775428991731,500224
1775428991734,500224
1775428991738,500224
1775428991743,500224
1775428991745,500224
1775428991749,500224
1775428991751,500224
1775428991753,500224
1775428991755,500224
1775428991756,500224
1775428991761,500224
1775428991765,500224
1775428991768,500224
1775428991771,500224
1775428991774,500224
1775428991776,500224
1775428991779,500224
1775428991781,500224
1775428991783,500224
1775428991785,500224
1775428991786,500224
1775428991789,500224
1775428991792,500224
1775428991797,500224
1775428991800,500224
1775428991803,500224
1775428991806,500224
1775428991809,500224
1775428991812,500224
1775428991814,500224
1775428991817,500224
1775428991820,500224
1775428991874,500224
1775428991876,500224
1775428991877,500224
1775428991879,500224
1775428991880,500224
1775428991882,500224
1775428991884,500224
1775428991885,500224
1775428991887,500224
1775428991888,500224
1775428991889,500224
1775428991891,500224
1775428991892,500224
1775428991893,500224
1775428991895,500224
1775428991897,500224
1775428991899,500224
1775428991900,500224
1775428991902,500224
1775428991903,500224
1775428991905,500224
1775428991909,500224
1775428991912,500224
1775428991915,500224
1775428991917,500224
1775428991919,500224
1775428991921,500224
1775428991924,500224
1775428991927,500224
1775428991930,500224
1775428991933,500224
1775428991935,500224
1775428991939,500224
1775428991949,500224
1775428991950,500224
1775428991952,500224
1775428991957,500224
1775428991961,500224
1775428991963,500224
1775428991966,500224
1775428991969,500224
1775428991970,500224
1775428991974,500224
1775428991976,500224
1775428991977,500224
1775428991980,500224
1775428991981,500224
1775428991982,500224
1775428991984,500224
1775428991985,500224
1775428991986,500224
1775428991988,500224
1775428991989,500224
1775428991990,500224
1775428991991,500224
1775428991993,500224
1775428991994,500224
1775428992000,500224
1775428992005,500224
1775428992008,500224
1775428992011,500224
1775428992014,500224
1775428992015,500224
1775428992017,500224
1775428992019,500224
1775428992021,500224
1775428992023,500224
1775428992026,500224
1775428992028,500224
1775428992030,500224
1775428992032,500224
1775428992035,500224
1775428992037,500224
1775428992039,500224
1775428992041,500224
1775428992042,500224
1775428992044,500224
1775428992046,500224
1775428992047,500224
1775428992049,500224
1775428992479,500224
1775428992484,500224
1775428992488,500224
1775428992491,500224
1775428992493,500224
1775428992495,500224
1775428992496,500224
1775428992498,500224
1775428992501,500224
1775428992503,500224
1775428992507,500224
1775428992510,500224
1775428992515,500224
1775428992519,500224
1775428992524,500224
1775428992528,500224
1775428992531,500224
1775428992534,500224
1775428992537,500224
1775428992542,500224
1775428992548,500224
1775428992551,500224
1775428992553,500224
1775428992555,500224
1775428992557,500224
1775428992558,500224
1775428992559,500224
1775428992561,500224
1775428992563,500224
1775428992564,500224
1775428992565,500224
1775428992567,500224
1775428992569,500224
1775428992571,500224
1775428992573,500224
1775428992574,500224
1775428992576,500224
1775428992578,500224
1775428992579,500224
1775428992581,500224
1775428992583,500224
1775428992584,500224
1775428992586,500224
1775428992587,500224
1775428992589,500224
1775428992591,500224
1775428992593,500224
1775428992594,500224
1775428992596,500224
1775428992597,500224
1775428992599,500224
1775428992600,500224
1775428992601,500224
1775428992604,500224
1775428992606,500224
1775428992608,500224
1775428992610,500224
1775428992612,500224
1775428992613,500224
1775428992616,500224
1775428992618,500224
1775428992621,500224
1775428992624,500224
1775428992629,500224
1775428992633,500224
1775428992634,500224
1775428992637,500224
1775428992638,500224
1775428992640,500224
1775428992641,500224
1775428992642,500224
1775428993079,500224
1775428993083,500224
1775428993086,500224
1775428993090,500224
1775428993094,500224
1775428993096,500224
1775428993098,500224
1775428993100,500224
1775428993102,500224
1775428993104,500224
1775428993107,500224
1775428993113,500224
1775428993115,500224
1775428993119,500224
1775428993120,500224
1775428993123,500224
1775428993127,500224
1775428993132,500224
1775428993135,500224
1775428993138,500224
1775428993141,500224
1775428993143,500224
1775428993147,500224
1775428993150,500224
1775428993154,500224
1775428993157,500224
1775428993159,500224
1775428993162,500224
1775428993166,500224
1775428993168,500224
1775428993169,500224
1775428993171,500224
1775428993173,500224
1775428993175,500224
1775428993178,500224
1775428993182,500224
1775428993187,500224
1775428993189,500224
1775428993192,500224
1775428993195,500224
1775428993197,500224
1775428993200,500224
1775428993203,500224
1775428993205,500224
1775428993208,500224
1775428993210,500224
1775428993212,500224
1775428993217,500224
1775428993219,500224
1775428993221,500224
1775428993223,500224
1775428993224,500224
1775428993226,500224
1775428993228,500224
1775428993230,500224
1775428993231,500224
1775428993233,500224
1775428993234,500224
1775428993236,500224
1775428993237,500224
1775428993240,500224
1775428993250,500224
1775428993252,500224
1775428993253,500224
1775428993255,500224
1775428993256,500224
1775428993258,500224
1775428993261,500224
1775428993263,500224
1775428993264,500224
1775428993266,500224
1775428993267,500224
1775428993270,500224
1775428993275,500224
1775428993279,500224
1775428993283,500224
1775428993287,500224
1775428993681,500224
1775428993684,500224
1775428993687,500224
1775428993689,500224
1775428993691,500224
1775428993694,500224
1775428993697,500224
1775428993700,500224
1775428993703,500224
1775428993705,500224
1775428993709,500224
1775428993713,500224
1775428993715,500224
1775428993719,500224
1775428993722,500224
1775428993725,500224
1775428993727,500224
1775428993729,500224
1775428993737,500224
1775428993740,500224
1775428993743,500224
1775428993746,500224
1775428993749,500224
1775428993751,500224
1775428993754,500224
1775428993757,500224
1775428993760,500224
1775428993762,500224
1775428993765,500224
1775428993768,500224
1775428993770,500224
1775428993772,500224
1775428993775,500224
1775428993777,500224
1775428993779,500224
1775428993780,500224
1775428993783,500224
1775428993785,500224
1775428993788,500224
1775428993790,500224
1775428993792,500224
1775428993793,500224
1775428993798,500224
1775428993799,500224
1775428993801,500224
1775428993804,500224
1775428993806,500224
1775428993807,500224
1775428993808,500224
1775428993810,500224
1775428993811,500224
1775428993812,500224
1775428993814,500224
1775428993815,500224
1775428993819,500224
1775428993821,500224
1775428993823,500224
1775428993824,500224
1775428993827,500224
1775428993831,500224
1775428993834,500224
1775428993837,500224
1775428993842,500224
1775428993843,500224
1775428994280,500224
1775428994283,500224
1775428994287,500224
1775428994289,500224
1775428994291,500224
1775428994294,500224
1775428994297,500224
1775428994299,500224
1775428994302,500224
1775428994305,500224
1775428994308,500224
1775428994311,500224
1775428994313,500224
1775428994314,500224
1775428994319,500224
1775428994323,500224
1775428994324,500224
1775428994326,500224
1775428994328,500224
1775428994330,500224
1775428994331,500224
1775428994335,500224
1775428994338,500224
1775428994339,500224
1775428994344,500224
1775428994345,500224
1775428994347,500224
1775428994351,500224
1775428994355,500224
1775428994358,500224
1775428994360,500224
1775428994365,500224
1775428994370,500224
1775428994372,500224
1775428994374,500224
1775428994376,500224
1775428994378,500224
1775428994380,500224
1775428994383,500224
1775428994385,500224
1775428994387,500224
1775428994389,500224
1775428994392,500224
1775428994394,500224
1775428994396,500224
1775428994398,500224
1775428994401,500224
1775428994404,500224
1775428994406,500224
1775428994408,500224
1775428994410,500224
1775428994414,500224
1775428994417,500224
1775428994419,500224
1775428994421,500224
1775428994425,500224
1775428994426,500224
1775428994428,500224
1775428994431,500224
1775428994433,500224
1775428994435,500224
1775428994438,500224
1775428994443,500224
1775428994446,500224
1775428994448,500224
1775428994449,500224
1775428994451,500224
1775428994452,500224
1775428994453,500224
1775428994455,500224
1775428994456,500224
1775428994458,500224
1775428994460,500224
1775428994463,500224
1775428994464,500224
1775428994466,500224
1775428994467,500224
1775428994469,500224
1775428994471,500224
1775428994476,500224
1775428994478,500224
1775428994481,500224
1775428994484,500224
1775428994489,500224
1775428994492,500224
1775428994497,500224
1775428994501,500224
1775428994504,500224
1775428994506,500224
1775428994508,500224
1775428994512,500224
1775428994514,500224
1775428994517,500224
1775428994519,500224
1775428994522,500224
1775428994526,500224
1775428994529,500224
1775428994531,500224
1775428994532,500224
1775428994534,500224
1775428994889,500224
1775428994895,500224
1775428994898,500224
1775428994901,500224
1775428994905,500224
1775428994908,500224
1775428994911,500224
1775428994913,500224
1775428994916,500224
1775428994919,500224
1775428994922,500224
1775428994925,500224
1775428994927,500224
1775428994930,500224
1775428994932,500224
1775428994938,500224
1775428994941,500224
1775428994945,500224
1775428994950,500224
1775428994956,500224
1775428994958,500224
1775428994961,500224
1775428994963,500224
1775428994966,500224
1775428994970,500224
1775428994973,500224
1775428994976,500224
1775428994979,500224
1775428994982,500224
1775428994985,500224
1775428994986,500224
1775428994987,500224
1775428994989,500224
1775428994990,500224
1775428994991,500224
1775428994995,500224
1775428994998,500224
1775428995003,500224
1775428995009,500224
1775428995015,500224
1775428995018,500224
1775428995021,500224
1775428995024,500224
1775428995027,500224
1775428995031,500224
1775428995037,500224
1775428995040,500224
1775428995043,500224
1775428995046,500224
1775428995048,500224
1775428995050,500224
1775428995052,500224
1775428995055,500224
1775428995058,500224
1775428995060,500224
1775428995063,500224
1775428995065,500224
1775428995067,500224
1775428995069,500224
1775428995071,500224
1775428995073,500224
1775428995076,500224
1775428995079,500224
1775428995081,500224
1775428995083,500224
1775428995085,500224
1775428995088,500224
1775428995089,500224
1775428995091,500224
1775428995093,500224
1775428995095,500224
1775428995097,500224
1775428995100,500224
1775428995483,500224
1775428995486,500224
1775428995488,500224
1775428995490,500224
1775428995494,500224
1775428995497,500224
1775428995499,500224
1775428995502,500224
1775428995505,500224
1775428995507,500224
1775428995508,500224
1775428995510,500224
1775428995512,500224
1775428995513,500224
1775428995515,500224
1775428995516,500224
1775428995517,500224
1775428995519,500224
1775428995520,500224
1775428995521,500224
1775428995523,500224
1775428995524,500224
1775428995526,500224
1775428995527,500224
1775428995528,500224
1775428995530,500224
1775428995531,500224
1775428995534,500224
1775428995537,500224
1775428995543,500224
1775428995546,500224
1775428995548,500224
1775428995554,500224
1775428995557,500224
1775428995559,500224
1775428995560,500224
1775428995563,500224
1775428995565,500224
1775428995568,500224
1775428995570,500224
1775428995572,500224
1775428995574,500224
1775428995576,500224
1775428995578,500224
1775428995580,500224
1775428995584,500224
1775428995587,500224
1775428995590,500224
1775428995594,500224
1775428995596,500224
1775428995599,500224
1775428995602,500224
1775428995604,500224
1775428995606,500224
1775428995608,500224
1775428995613,500224
1775428995614,500224
1775428995617,500224
1775428995618,500224
1775428995621,500224
1775428995626,500224
1775428995629,500224
1775428995631,500224
1775428995634,500224
1775428995637,500224
1775428995639,500224
1775428995641,500224
1775428995643,500224
1775428995645,500224
1775428995646,500224
1775428995648,500224
1775428995649,500224
1775428995652,500224
1775428995655,500224
1775428995658,500224
1775428995660,500224
1775428995663,500224
1775428995666,500224
1775428995675,500224
1775428995678,500224
1775428995680,500224
1775428995683,500224
1775428995685,500224
1775428995687,500224
1775428995689,500224
1775428995692,500224
1775428995694,500224
1775428995696,500224
1775428995698,500224
1775428996085,500224
1775428996090,500224
1775428996094,500224
1775428996098,500224
1775428996101,500224
1775428996103,500224
1775428996105,500224
1775428996108,500224
1775428996110,500224
1775428996113,500224
1775428996115,500224
1775428996117,500224
1775428996120,500224
1775428996122,500224
1775428996124,500224
1775428996126,500224
1775428996128,500224
1775428996130,500224
1775428996131,500224
1775428996133,500224
1775428996135,500224
1775428996137,500224
1775428996138,500224
1775428996140,500224
1775428996142,500224
1775428996144,500224
1775428996146,500224
1775428996150,500224
1775428996153,500224
1775428996156,500224
1775428996159,500224
1775428996162,500224
1775428996164,500224
1775428996169,500224
1775428996172,500224
1775428996179,500224
1775428996180,500224
1775428996181,500224
1775428996183,500224
1775428996184,500224
1775428996186,500224
1775428996187,500224
1775428996188,500224
1775428996190,500224
1775428996193,500224
1775428996194,500224
1775428996195,500224
1775428996199,500224
1775428996203,500224
1775428996206,500224
1775428996209,500224
1775428996212,500224
1775428996214,500224
1775428996217,500224
1775428996220,500224
1775428996222,500224
1775428996223,500224
1775428996226,500224
1775428996229,500224
1775428996232,500224
1775428996234,500224
1775428996237,500224
1775428996240,500224
1775428996243,500224
1775428996245,500224
1775428996248,500224
1775428996250,500224
1775428996253,500224
1775428996256,500224
1775428996258,500224
1775428996260,500224
1775428996262,500224
1775428996264,500224
1775428996265,500224
1775428996267,500224
1775428996684,500224
1775428996687,500224
1775428996690,500224
1775428996693,500224
1775428996695,500224
1775428996698,500224
1775428996700,500224
1775428996701,500224
1775428996703,500224
1775428996704,500224
1775428996706,500224
1775428996707,500224
1775428996708,500224
1775428996710,500224
1775428996711,500224
1775428996712,500224
1775428996714,500224
1775428996715,500224
1775428996717,500224
1775428996718,500224
1775428996719,500224
1775428996723,500224
1775428996726,500224
1775428996728,500224
1775428996731,500224
1775428996734,500224
1775428996737,500224
1775428996739,500224
1775428996742,500224
1775428996745,500224
1775428996747,500224
1775428996750,500224
1775428996755,500224
1775428996758,500224
1775428996761,500224
1775428996763,500224
1775428996765,500224
1775428996767,500224
1775428996770,500224
1775428996772,500224
1775428996774,500224
1775428996776,500224
1775428996778,500224
1775428996780,500224
1775428996783,500224
1775428996784,500224
1775428996786,500224
1775428996787,500224
1775428996789,500224
1775428996790,500224
1775428996792,500224
1775428996793,500224
1775428996795,500224
1775428996796,500224
1775428996798,500224
1775428996799,500224
1775428996800,500224
1775428996802,500224
1775428996803,500224
1775428996808,500224
1775428996812,500224
1775428996814,500224
1775428996815,500224
1775428996818,500224
1775428996819,500224
1775428996821,500224
1775428996822,500224
1775428996823,500224
1775428996824,500224
1775428996826,500224
1775428996827,500224
1775428996828,500224
1775428996831,500224
1775428996833,500224
1775428996835,500224
1775428996837,500224
1775428996839,500224
1775428996840,500224
1775428996843,500224
1775428996844,500224
1775428996846,500224
1775428996848,500224
1775428996849,500224
1775428996851,500224
1775428996853,500224
1775428996854,500224
1775428996856,500224
1775428996858,500224
1775428996861,500224
1775428996864,500224
1775428997287,500224
1775428997291,500224
1775428997294,500224
1775428997296,500224
1775428997299,500224
1775428997301,500224
1775428997303,500224
1775428997306,500224
1775428997308,500224
1775428997311,500224
1775428997312,500224
1775428997316,500224
1775428997319,500224
1775428997322,500224
1775428997325,500224
1775428997328,500224
1775428997331,500224
1775428997334,500224
1775428997337,500224
1775428997340,500224
1775428997341,500224
1775428997343,500224
1775428997346,500224
1775428997348,500224
1775428997351,500224
1775428997356,500224
1775428997358,500224
1775428997359,500224
1775428997360,500224
1775428997362,500224
1775428997363,500224
1775428997366,500224
1775428997368,500224
1775428997369,500224
1775428997371,500224
1775428997372,500224
1775428997374,500224
1775428997375,500224
1775428997376,500224
1775428997379,500224
1775428997381,500224
1775428997382,500224
1775428997384,500224
1775428997385,500224
1775428997387,500224
1775428997390,500224
1775428997396,500224
1775428997398,500224
1775428997401,500224
1775428997404,500224
1775428997406,500224
1775428997408,500224
1775428997410,500224
1775428997412,500224
1775428997413,500224
1775428997414,500224
1775428997417,500224
1775428997419,500224
1775428997420,500224
1775428997422,500224
1775428997423,500224
1775428997425,500224
1775428997426,500224
1775428997427,500224
1775428997428,500224
1775428997430,500224
1775428997432,500224
1775428997433,500224
1775428997437,500224
1775428997440,500224
1775428997442,500224
1775428997443,500224
1775428997444,500224
1775428997446,500224
1775428997447,500224
1775428997452,500224
1775428997886,500224
1775428997890,500224
1775428997892,500224
1775428997895,500224
1775428997898,500224
1775428997901,500224
1775428997904,500224
1775428997906,500224
1775428997909,500224
1775428997911,500224
1775428997918,500224
1775428997920,500224
1775428997922,500224
1775428997924,500224
1775428997926,500224
1775428997927,500224
1775428997929,500224
1775428997931,500224
1775428997933,500224
1775428997936,500224
1775428997940,500224
1775428997943,500224
1775428997945,500224
1775428997947,500224
1775428997951,500224
1775428997953,500224
1775428997956,500224
1775428997958,500224
1775428997960,500224
1775428997963,500224
1775428997965,500224
1775428997966,500224
1775428997967,500224
1775428997970,500224
1775428997972,500224
1775428997973,500224
1775428997974,500224
1775428997984,500224
1775428997988,500224
1775428997991,500224
1775428997993,500224
1775428997996,500224
1775428997999,500224
1775428998001,500224
1775428998004,500224
1775428998007,500224
1775428998009,500224
1775428998012,500224
1775428998014,500224
1775428998017,500224
1775428998021,500224
1775428998029,500224
1775428998034,500224
1775428998036,500224
1775428998041,500224
1775428998046,500224
1775428998049,500224
1775428998053,500224
1775428998056,500224
1775428998060,500224
1775428998063,500224
1775428998066,500224
1775428998068,500224
1775428998069,500224
1775428998070,500224
1775428998072,500224
1775428998073,500224
1775428998074,500224
1775428998075,500224
1775428998077,500224
1775428998079,500224
1775428998083,500224
1775428998086,500224
1775428998089,500224
1775428998091,500224
1775428998094,500224
1775428998096,500224
1775428998099,500224
1775428998102,500224
1775428998104,500224
1775428998107,500224
1775428998499,500224
1775428998501,500224
1775428998513,500224
1775428998515,500224
1775428998518,500224
1775428998521,500224
1775428998524,500224
1775428998526,500224
1775428998529,500224
1775428998532,500224
1775428998535,500224
1775428998539,500224
1775428998541,500224
1775428998545,500224
1775428998548,500224
1775428998551,500224
1775428998554,500224
1775428998557,500224
1775428998561,500224
1775428998564,500224
1775428998567,500224
1775428998569,500224
1775428998571,500224
1775428998578,500224
1775428998581,500224
1775428998583,500224
1775428998586,500224
1775428998588,500224
1775428998590,500224
1775428998593,500224
1775428998595,500224
1775428998598,500224
1775428998600,500224
1775428998602,500224
1775428998605,500224
1775428998607,500224
1775428998609,500224
1775428998612,500224
1775428998614,500224
1775428998617,500224
1775428998619,500224
1775428998622,500224
1775428998625,500224
1775428998626,500224
1775428998628,500224
1775428998630,500224
1775428998631,500224
1775428998637,500224
1775428998639,500224
1775428998641,500224
1775428998643,500224
1775428998649,500224
1775428998652,500224
1775428998654,500224
1775428998657,500224
1775428998661,500224
1775428998663,500224
1775428998666,500224
1775428998669,500224
1775428998672,500224
1775428998674,500224
1775428998677,500224
1775428998680,500224
1775428998682,500224
1775428998684,500224
1775428998686,500224
1775428998688,500224
1775428998690,500224
1775428998692,500224
1775428998694,500224
1775428998695,500224
1775428998697,500224
1775428998699,500224
1775428998700,500224
1775428998702,500224
1775428998703,500224
1775428998705,500224
1775428999088,500224
1775428999091,500224
1775428999094,500224
1775428999096,500224
1775428999099,500224
1775428999101,500224
1775428999103,500224
1775428999105,500224
1775428999108,500224
1775428999110,500224
1775428999112,500224
1775428999115,500224
1775428999117,500224
1775428999119,500224
1775428999121,500224
1775428999123,500224
1775428999125,500224
1775428999127,500224
1775428999129,500224
1775428999130,500224
1775428999132,500224
1775428999133,500224
1775428999135,500224
1775428999139,500224
1775428999143,500224
1775428999147,500224
1775428999150,500224
1775428999152,500224
1775428999154,500224
1775428999156,500224
1775428999159,500224
1775428999161,500224
1775428999163,500224
1775428999166,500224
1775428999172,500224
1775428999177,500224
1775428999180,500224
1775428999182,500224
1775428999183,500224
1775428999184,500224
1775428999186,500224
1775428999187,500224
1775428999189,500224
1775428999191,500224
1775428999192,500224
1775428999193,500224
1775428999196,500224
1775428999199,500224
1775428999201,500224
1775428999203,500224
1775428999205,500224
1775428999208,500224
1775428999210,500224
1775428999213,500224
1775428999217,500224
1775428999221,500224
1775428999223,500224
1775428999225,500224
1775428999227,500224
1775428999229,500224
1775428999232,500224
1775428999234,500224
1775428999237,500224
1775428999240,500224
1775428999242,500224
1775428999245,500224
1775428999247,500224
1775428999255,500224
1775428999257,500224
1775428999259,500224
1775428999261,500224
1775428999262,500224
1775428999264,500224
1775428999265,500224
1775428999268,500224
1775428999271,500224
1775428999273,500224
1775428999276,500224
1775428999278,500224
1775428999281,500224
1775428999283,500224
1775428999691,500224
1775428999692,500224
1775428999695,500224
1775428999698,500224
1775428999700,500224
1775428999702,500224
1775428999704,500224
1775428999707,500224
1775428999710,500224
1775428999713,500224
1775428999716,500224
1775428999718,500224
1775428999721,500224
1775428999723,500224
1775428999726,500224
1775428999729,500224
1775428999732,500224
1775428999735,500224
1775428999741,500224
1775428999743,500224
1775428999744,500224
1775428999746,500224
1775428999747,500224
1775428999749,500224
1775428999750,500224
1775428999751,500224
1775428999752,500224
1775428999754,500224
1775428999755,500224
1775428999756,500224
1775428999758,500224
1775428999759,500224
1775428999760,500224
1775428999761,500224
1775428999763,500224
1775428999765,500224
1775428999767,500224
1775428999769,500224
1775428999771,500224
1775428999773,500224
1775428999775,500224
1775428999776,500224
1775428999779,500224
1775428999788,500224
1775428999791,500224
1775428999794,500224
1775428999796,500224
1775428999797,500224
1775428999799,500224
1775428999800,500224
1775428999803,500224
1775428999806,500224
1775428999813,500224
1775428999819,500224
1775428999822,500224
1775428999824,500224
1775428999826,500224
1775428999829,500224
1775428999831,500224
1775428999833,500224
1775428999836,500224
1775428999838,500224
1775428999840,500224
1775428999843,500224
1775428999845,500224
1775428999853,500224
1775428999856,500224
1775428999859,500224
1775428999861,500224
1775428999863,500224
1775428999865,500224
1775428999867,500224
1775428999868,500224
1775428999870,500224
1775428999872,500224
1775428999873,500224
1775428999876,500224
1775428999879,500224
1775428999882,500224
1775429000290,500224
1775429000293,500224
1775429000296,500224
1775429000298,500224
1775429000301,500224
1775429000306,500224
1775429000308,500224
1775429000311,500224
1775429000314,500224
1775429000318,500224
1775429000319,500224
1775429000321,500224
1775429000323,500224
1775429000324,500224
1775429000326,500224
1775429000328,500224
1775429000329,500224
1775429000331,500224
1775429000335,500224
1775429000338,500224
1775429000340,500224
1775429000342,500224
1775429000346,500224
1775429000349,500224
1775429000352,500224
1775429000354,500224
1775429000356,500224
1775429000361,500224
1775429000366,500224
1775429000370,500224
1775429000372,500224
1775429000373,500224
1775429000375,500224
1775429000376,500224
1775429000378,500224
1775429000379,500224
1775429000381,500224
1775429000382,500224
1775429000384,500224
1775429000385,500224
1775429000387,500224
1775429000388,500224
1775429000390,500224
1775429000391,500224
1775429000393,500224
1775429000394,500224
1775429000396,500224
1775429000397,500224
1775429000398,500224
1775429000399,500224
1775429000401,500224
1775429000405,500224
1775429000407,500224
1775429000409,500224
1775429000411,500224
1775429000413,500224
1775429000416,500224
1775429000417,500224
1775429000419,500224
1775429000422,500224
1775429000428,500224
1775429000430,500224
1775429000431,500224
1775429000433,500224
1775429000434,500224
1775429000435,500224
1775429000437,500224
1775429000438,500224
1775429000439,500224
1775429000440,500224
1775429000442,500224
1775429000443,500224
1775429000446,500224
1775429000449,500224
1775429000451,500224
1775429000454,500224
1775429000456,500224
1775429000459,500224
1775429000461,500224
1775429000463,500224
1775429000465,500224
1775429000467,500224
1775429000468,500224
1775429000470,500224
1775429000472,500224
1775429000473,500224
1775429000475,500224
1775429000476,500224
1775429000889,500224
1775429000892,500224
1775429000895,500224
1775429000896,500224
1775429000901,500224
1775429000904,500224
1775429000906,500224
1775429000909,500224
1775429000912,500224
1775429000914,500224
1775429000917,500224
1775429000920,500224
1775429000922,500224
1775429000926,500224
1775429000929,500224
1775429000932,500224
1775429000935,500224
1775429000937,500224
1775429000941,500224
1775429000944,500224
1775429000946,500224
1775429000949,500224
1775429000951,500224
1775429000953,500224
1775429000956,500224
1775429000958,500224
1775429000960,500224
1775429000962,500224
1775429000963,500224
1775429000965,500224
1775429000967,500224
1775429000969,500224
1775429000972,500224
1775429000974,500224
1775429000976,500224
1775429000978,500224
1775429000980,500224
1775429000981,500224
1775429000983,500224
1775429000985,500224
1775429000987,500224
1775429000989,500224
1775429000993,500224
1775429000995,500224
1775429000996,500224
1775429000998,500224
1775429000999,500224
1775429001001,500224
1775429001003,500224
1775429001004,500224
1775429001006,500224
1775429001008,500224
1775429001012,500224
1775429001015,500224
1775429001017,500224
1775429001019,500224
1775429001021,500224
1775429001024,500224
1775429001026,500224
1775429001028,500224
1775429001030,500224
1775429001031,500224
1775429001033,500224
1775429001035,500224
1775429001038,500224
1775429001041,500224
1775429001043,500224
1775429001045,500224
1775429001047,500224
1775429001049,500224
1775429001051,500224
1775429001053,500224
1775429001055,500224
1775429001057,500224
1775429001059,500224
1775429001061,500224
1775429001062,500224
1775429001064,500224
1775429001066,500224
1775429001495,500224
1775429001498,500224
1775429001501,500224
1775429001503,500224
1775429001506,500224
1775429001509,500224
1775429001512,500224
1775429001521,500224
1775429001524,500224
1775429001526,500224
1775429001529,500224
1775429001532,500224
1775429001534,500224
1775429001538,500224
1775429001540,500224
1775429001545,500224
1775429001548,500224
1775429001553,500224
1775429001556,500224
1775429001559,500224
1775429001561,500224
1775429001563,500224
1775429001564,500224
1775429001566,500224
1775429001569,500224
1775429001570,500224
1775429001572,500224
1775429001573,500224
1775429001575,500224
1775429001576,500224
1775429001578,500224
1775429001582,500224
1775429001584,500224
1775429001586,500224
1775429001588,500224
1775429001592,500224
1775429001596,500224
1775429001598,500224
1775429001599,500224
1775429001601,500224
1775429001602,500224
1775429001603,500224
1775429001605,500224
1775429001607,500224
1775429001608,500224
1775429001610,500224
1775429001611,500224
1775429001613,500224
1775429001614,500224
1775429001615,500224
1775429001617,500224
1775429001618,500224
1775429001619,500224
1775429001620,500224
1775429001622,500224
1775429001623,500224
1775429001624,500224
1775429001625,500224
1775429001627,500224
1775429001628,500224
1775429001635,500224
1775429001638,500224
1775429001641,500224
1775429001644,500224
1775429001647,500224
1775429001649,500224
1775429001652,500224
1775429001654,500224
1775429001656,500224
1775429001658,500224
1775429001660,500224
1775429001666,500224
1775429001669,500224
1775429001671,500224
1775429001673,500224
1775429001675,500224
1775429001679,500224
1775429001683,500224
1775429001685,500224
1775429001687,500224
1775429001688,500224
1775429001690,500224
1775429001692,500224
1775429001694,500224
1775429001695,500224
1775429001697,500224
1775429001698,500224
1775429001700,500224
1775429001702,500224
1775429001705,500224
1775429001707,500224
1775429001709,500224
1775429001712,500224
1775429001714,500224
1775429001717,500224
1775429001719,500224
1775429001723,500224
1775429001725,500224
1775429002092,500224
1775429002095,500224
1775429002098,500224
1775429002100,500224
1775429002105,500224
1775429002113,500224
1775429002117,500224
1775429002119,500224
1775429002121,500224
1775429002126,500224
1775429002128,500224
1775429002131,500224
1775429002133,500224
1775429002135,500224
1775429002137,500224
1775429002139,500224
1775429002141,500224
1775429002146,500224
1775429002149,500224
1775429002151,500224
1775429002154,500224
1775429002165,500224
1775429002168,500224
1775429002170,500224
1775429002173,500224
1775429002175,500224
1775429002178,500224
1775429002181,500224
1775429002183,500224
1775429002185,500224
1775429002186,500224
1775429002189,500224
1775429002190,500224
1775429002193,500224
1775429002195,500224
1775429002201,500224
1775429002203,500224
1775429002204,500224
1775429002208,500224
1775429002210,500224
1775429002212,500224
1775429002214,500224
1775429002215,500224
1775429002217,500224
1775429002219,500224
1775429002221,500224
1775429002222,500224
1775429002225,500224
1775429002227,500224
1775429002229,500224
1775429002230,500224
1775429002234,500224
1775429002236,500224
1775429002237,500224
1775429002242,500224
1775429002246,500224
1775429002248,500224
1775429002250,500224
1775429002252,500224
1775429002255,500224
1775429002256,500224
1775429002258,500224
1775429002259,500224
1775429002260,500224
1775429002263,500224
1775429002265,500224
1775429002267,500224
1775429002269,500224
1775429002271,500224
1775429002273,500224
1775429002274,500224
1775429002276,500224
1775429002278,500224
1775429002279,500224
1775429002280,500224
1775429002281,500224
1775429002283,500224
1775429002284,500224
1775429002288,500224
1775429002290,500224
1775429002694,500224
1775429002696,500224
1775429002699,500224
1775429002701,500224
1775429002706,500224
1775429002709,500224
1775429002713,500224
1775429002717,500224
1775429002722,500224
1775429002725,500224
1775429002728,500224
1775429002731,500224
1775429002734,500224
1775429002736,500224
1775429002737,500224
1775429002739,500224
1775429002741,500224
1775429002743,500224
1775429002744,500224
1775429002747,500224
1775429002753,500224
1775429002756,500224
1775429002760,500224
1775429002762,500224
1775429002765,500224
1775429002767,500224
1775429002769,500224
1775429002771,500224
1775429002773,500224
1775429002774,500224
1775429002777,500224
1775429002780,500224
1775429002783,500224
1775429002785,500224
1775429002790,500224
1775429002793,500224
1775429002795,500224
1775429002798,500224
1775429002800,500224
1775429002803,500224
1775429002805,500224
1775429002808,500224
1775429002810,500224
1775429002812,500224
1775429002816,500224
1775429002818,500224
1775429002820,500224
1775429002821,500224
1775429002823,500224
1775429002825,500224
1775429002826,500224
1775429002828,500224
1775429002830,500224
1775429002831,500224
1775429002833,500224
1775429002834,500224
1775429002836,500224
1775429002838,500224
1775429002842,500224
1775429002845,500224
1775429002848,500224
1775429002850,500224
1775429002853,500224
1775429002856,500224
1775429002859,500224
1775429002861,500224
1775429002864,500224
1775429002866,500224
1775429002869,500224
1775429002872,500224
1775429002874,500224
1775429002877,500224
1775429002879,500224
1775429002882,500224
1775429002884,500224
1775429002886,500224
1775429002889,500224
1775429002893,500224
1775429002897,500224
1775429002898,500224
1775429002900,500224
1775429002903,500224
1775429002905,500224
1775429002907,500224
1775429002909,500224
1775429002911,500224
1775429002913,500224
1775429002916,500224
1775429002918,500224
1775429002920,500224
1775429003296,500224
1775429003299,500224
1775429003307,500224
1775429003311,500224
1775429003312,500224
1775429003314,500224
1775429003317,500224
1775429003319,500224
1775429003321,500224
1775429003322,500224
1775429003324,500224
1775429003326,500224
1775429003327,500224
1775429003329,500224
1775429003330,500224
1775429003332,500224
1775429003338,500224
1775429003343,500224
1775429003345,500224
1775429003347,500224
1775429003349,500224
1775429003353,500224
1775429003355,500224
1775429003358,500224
1775429003361,500224
1775429003367,500224
1775429003370,500224
1775429003372,500224
1775429003374,500224
1775429003376,500224
1775429003378,500224
1775429003383,500224
1775429003385,500224
1775429003387,500224
1775429003391,500224
1775429003400,500224
1775429003404,500224
1775429003406,500224
1775429003409,500224
1775429003412,500224
1775429003415,500224
1775429003418,500224
1775429003420,500224
1775429003423,500224
1775429003426,500224
1775429003428,500224
1775429003431,500224
1775429003433,500224
1775429003434,500224
1775429003436,500224
1775429003438,500224
1775429003440,500224
1775429003442,500224
1775429003444,500224
1775429003448,500224
1775429003451,500224
1775429003453,500224
1775429003456,500224
1775429003458,500224
1775429003459,500224
1775429003460,500224
1775429003467,500224
1775429003469,500224
1775429003470,500224
1775429003472,500224
1775429003474,500224
1775429003477,500224
1775429003480,500224
1775429003482,500224
1775429003485,500224
1775429003489,500224
1775429003491,500224
1775429003493,500224
1775429003495,500224
1775429003497,500224
1775429003498,500224
1775429003500,500224
1775429003502,500224
1775429003503,500224
1775429003505,500224
1775429003506,500224
1775429003508,500224
1775429003509,500224
1775429003514,500224
1775429003516,500224
1775429003519,500224
1775429003521,500224
1775429003903,500224
1775429003906,500224
1775429003909,500224
1775429003916,500224
1775429003919,500224
1775429003922,500224
1775429003925,500224
1775429003928,500224
1775429003931,500224
1775429003934,500224
1775429003936,500224
1775429003940,500224
1775429003943,500224
1775429003945,500224
1775429003948,500224
1775429003951,500224
1775429003954,500224
1775429003957,500224
1775429003959,500224
1775429003962,500224
1775429003968,500224
1775429003970,500224
1775429003972,500224
1775429003974,500224
1775429003975,500224
1775429003977,500224
1775429003979,500224
1775429003981,500224
1775429003983,500224
1775429003985,500224
1775429003987,500224
1775429003989,500224
1775429003991,500224
1775429003994,500224
1775429003996,500224
1775429003999,500224
1775429004001,500224
1775429004004,500224
1775429004007,500224
1775429004010,500224
1775429004012,500224
1775429004014,500224
1775429004015,500224
1775429004017,500224
1775429004019,500224
1775429004021,500224
1775429004023,500224
1775429004024,500224
1775429004027,500224
1775429004029,500224
1775429004030,500224
1775429004032,500224
1775429004033,500224
1775429004034,500224
1775429004036,500224
1775429004037,500224
1775429004038,500224
1775429004039,500224
1775429004041,500224
1775429004042,500224
1775429004043,500224
1775429004044,500224
1775429004046,500224
1775429004047,500224
1775429004051,500224
1775429004059,500224
1775429004063,500224
1775429004066,500224
1775429004069,500224
1775429004071,500224
1775429004073,500224
1775429004081,500224
1775429004083,500224
1775429004085,500224
1775429004087,500224
1775429004089,500224
1775429004090,500224
1775429004092,500224
1775429004099,500224
1775429004103,500224
1775429004105,500224
1775429004108,500224
1775429004111,500224
1775429004113,500224
1775429004496,500224
1775429004499,500224
1775429004504,500224
1775429004508,500224
1775429004511,500224
1775429004513,500224
1775429004517,500224
1775429004525,500224
1775429004528,500224
1775429004531,500224
1775429004534,500224
1775429004536,500224
1775429004539,500224
1775429004542,500224
1775429004545,500224
1775429004547,500224
1775429004550,500224
1775429004553,500224
1775429004555,500224
1775429004558,500224
1775429004560,500224
1775429004565,500224
1775429004567,500224
1775429004569,500224
1775429004572,500224
1775429004574,500224
1775429004577,500224
1775429004582,500224
1775429004585,500224
1775429004590,500224
1775429004594,500224
1775429004597,500224
1775429004603,500224
1775429004604,500224
1775429004605,500224
1775429004607,500224
1775429004608,500224
1775429004610,500224
1775429004611,500224
1775429004612,500224
1775429004614,500224
1775429004616,500224
1775429004618,500224
1775429004619,500224
1775429004621,500224
1775429004625,500224
1775429004628,500224
1775429004630,500224
1775429004631,500224
1775429004633,500224
1775429004634,500224
1775429004636,500224
1775429004637,500224
1775429004640,500224
1775429004641,500224
1775429004643,500224
1775429004644,500224
1775429004646,500224
1775429004648,500224
1775429004650,500224
1775429004651,500224
1775429004653,500224
1775429004654,500224
1775429004655,500224
1775429004656,500224
1775429004658,500224
1775429004659,500224
1775429004660,500224
1775429004661,500224
1775429004663,500224
1775429004664,500224
1775429004665,500224
1775429004669,500224
1775429004671,500224
1775429004673,500224
1775429004677,500224
1775429004680,500224
1775429004683,500224
1775429004685,500224
1775429004686,500224
1775429004688,500224
1775429004689,500224
1775429004690,500224
1775429004691,500224
1775429004699,500224
1775429004702,500224
1775429004704,500224
1775429004707,500224
1775429004710,500224
1775429004711,500224
1775429004712,500224
1775429004715,500224
1775429004719,500224
1775429004720,500224
1775429005099,500224
1775429005102,500224
1775429005105,500224
1775429005108,500224
1775429005111,500224
1775429005114,500224
1775429005117,500224
1775429005120,500224
1775429005126,500224
1775429005129,500224
1775429005132,500224
1775429005138,500224
1775429005144,500224
1775429005147,500224
1775429005151,500224
1775429005154,500224
1775429005157,500224
1775429005160,500224
1775429005163,500224
1775429005165,500224
1775429005168,500224
1775429005171,500224
1775429005173,500224
1775429005176,500224
1775429005188,500224
1775429005191,500224
1775429005194,500224
1775429005197,500224
1775429005199,500224
1775429005204,500224
1775429005207,500224
1775429005209,500224
1775429005212,500224
1775429005215,500224
1775429005217,500224
1775429005220,500224
1775429005223,500224
1775429005224,500224
1775429005226,500224
1775429005229,500224
1775429005232,500224
1775429005235,500224
1775429005236,500224
1775429005238,500224
1775429005240,500224
1775429005241,500224
1775429005243,500224
1775429005244,500224
1775429005246,500224
1775429005247,500224
1775429005250,500224
1775429005251,500224
1775429005256,500224
1775429005257,500224
1775429005259,500224
1775429005260,500224
1775429005263,500224
1775429005264,500224
1775429005268,500224
1775429005271,500224
1775429005275,500224
1775429005277,500224
1775429005280,500224
1775429005283,500224
1775429005284,500224
1775429005286,500224
1775429005287,500224
1775429005289,500224
1775429005290,500224
1775429005291,500224
1775429005292,500224
1775429005296,500224
1775429005299,500224
1775429005302,500224
1775429005304,500224
1775429005306,500224
1775429005310,500224
1775429005312,500224
1775429005315,500224
1775429005317,500224
1775429005319,500224
1775429005322,500224
1775429005325,500224
1775429005327,500224
1775429005330,500224
1775429005333,500224
1775429005335,500224
1775429005336,500224
1775429005338,500224
1775429005340,500224
1775429005341,500224
1775429005343,500224
1775429005344,500224
1775429005346,500224
1775429005347,500224
1775429005348,500224
1775429005351,500224
1775429005353,500224
1775429005698,500224
1775429005701,500224
1775429005705,500224
1775429005709,500224
1775429005712,500224
1775429005715,500224
1775429005717,500224
1775429005720,500224
1775429005723,500224
1775429005725,500224
1775429005728,500224
1775429005734,500224
1775429005737,500224
1775429005739,500224
1775429005741,500224
1775429005743,500224
1775429005745,500224
1775429005747,500224
1775429005749,500224
1775429005751,500224
1775429005759,500224
1775429005763,500224
1775429005766,500224
1775429005767,500224
1775429005769,500224
1775429005770,500224
1775429005771,500224
1775429005773,500224
1775429005775,500224
1775429005777,500224
1775429005779,500224
1775429005784,500224
1775429005788,500224
1775429005792,500224
1775429005793,500224
1775429005795,500224
1775429005796,500224
1775429005797,500224
1775429005798,500224
1775429005800,500224
1775429005801,500224
1775429005802,500224
1775429005804,500224
1775429005805,500224
1775429005806,500224
1775429005807,500224
1775429005809,500224
1775429005812,500224
1775429005815,500224
1775429005817,500224
1775429005820,500224
1775429005823,500224
1775429005824,500224
1775429005826,500224
1775429005828,500224
1775429005829,500224
1775429005831,500224
1775429005832,500224
1775429005835,500224
1775429005836,500224
1775429005837,500224
1775429005839,500224
1775429005840,500224
1775429005841,500224
1775429005842,500224
1775429005843,500224
1775429005845,500224
1775429005846,500224
1775429005847,500224
1775429005849,500224
1775429005850,500224
1775429005858,500224
1775429005859,500224
1775429005860,500224
1775429005864,500224
1775429005866,500224
1775429005868,500224
1775429005871,500224
1775429005874,500224
1775429005877,500224
1775429005879,500224
1775429005882,500224
1775429005884,500224
1775429005887,500224
1775429005890,500224
1775429005893,500224
1775429005895,500224
1775429005898,500224
1775429005901,500224
1775429005903,500224
1775429005906,500224
1775429005908,500224
1775429005910,500224
1775429005912,500224
1775429005917,500224
1775429005920,500224
1775429005923,500224
1775429005926,500224
1775429005929,500224
1775429005941,500224
1775429005944,500224
1775429005946,500224
1775429005949,500224
1775429005951,500224
1775429006306,500224
1775429006309,500224
1775429006312,500224
1775429006314,500224
1775429006319,500224
1775429006326,500224
1775429006329,500224
1775429006332,500224
1775429006335,500224
1775429006336,500224
1775429006338,500224
1775429006340,500224
1775429006341,500224
1775429006343,500224
1775429006344,500224
1775429006346,500224
1775429006351,500224
1775429006354,500224
1775429006357,500224
1775429006359,500224
1775429006362,500224
1775429006366,500224
1775429006368,500224
1775429006370,500224
1775429006372,500224
1775429006378,500224
1775429006380,500224
1775429006382,500224
1775429006384,500224
1775429006386,500224
1775429006392,500224
1775429006396,500224
1775429006399,500224
1775429006401,500224
1775429006407,500224
1775429006410,500224
1775429006413,500224
1775429006415,500224
1775429006418,500224
1775429006420,500224
1775429006422,500224
1775429006425,500224
1775429006427,500224
1775429006429,500224
1775429006431,500224
1775429006433,500224
1775429006436,500224
1775429006438,500224
1775429006441,500224
1775429006444,500224
1775429006447,500224
1775429006449,500224
1775429006452,500224
1775429006456,500224
1775429006458,500224
1775429006460,500224
1775429006465,500224
1775429006468,500224
1775429006470,500224
1775429006473,500224
1775429006476,500224
1775429006478,500224
1775429006480,500224
1775429006482,500224
1775429006484,500224
1775429006485,500224
1775429006487,500224
1775429006489,500224
1775429006494,500224
1775429006496,500224
1775429006499,500224
1775429006501,500224
1775429006503,500224
1775429006507,500224
1775429006513,500224
1775429006516,500224
1775429006519,500224
1775429006521,500224
1775429006524,500224
1775429006526,500224
1775429006529,500224
1775429006532,500224
1775429006535,500224
1775429006537,500224
1775429006898,500224
1775429006901,500224
1775429006902,500224
1775429006905,500224
1775429006909,500224
1775429006911,500224
1775429006914,500224
1775429006916,500224
1775429006918,500224
1775429006921,500224
1775429006923,500224
1775429006925,500224
1775429006927,500224
1775429006929,500224
1775429006930,500224
1775429006935,500224
1775429006937,500224
1775429006940,500224
1775429006943,500224
1775429006946,500224
1775429006948,500224
1775429006950,500224
1775429006952,500224
1775429006953,500224
1775429006958,500224
1775429006962,500224
1775429006965,500224
1775429006968,500224
1775429006970,500224
1775429006973,500224
1775429006977,500224
1775429006980,500224
1775429006985,500224
1775429006987,500224
1775429006990,500224
1775429006993,500224
1775429006996,500224
1775429006998,500224
1775429007001,500224
1775429007004,500224
1775429007007,500224
1775429007012,500224
1775429007018,500224
1775429007022,500224
1775429007024,500224
1775429007026,500224
1775429007028,500224
1775429007030,500224
1775429007032,500224
1775429007034,500224
1775429007038,500224
1775429007040,500224
1775429007042,500224
1775429007044,500224
1775429007046,500224
1775429007048,500224
1775429007049,500224
1775429007051,500224
1775429007052,500224
1775429007054,500224
1775429007056,500224
1775429007058,500224
1775429007059,500224
1775429007061,500224
1775429007063,500224
1775429007064,500224
1775429007066,500224
1775429007069,500224
1775429007072,500224
1775429007075,500224
1775429007078,500224
1775429007082,500224
1775429007085,500224
1775429007088,500224
1775429007090,500224
1775429007091,500224
1775429007096,500224
1775429007099,500224
1775429007102,500224
1775429007106,500224
1775429007109,500224
1775429007111,500224
1775429007114,500224
1775429007117,500224
1775429007119,500224
1775429007122,500224
1775429007124,500224
1775429007129,500224
1775429007132,500224
1775429007136,500224
1775429007139,500224
1775429007140,500224
1775429007142,500224
1775429007145,500224
1775429007148,500224
1775429007153,500224
1775429007156,500224
1775429007158,500224
1775429007160,500224
1775429007167,500224
1775429007169,500224
1775429007171,500224
1775429007172,500224
1775429007174,500224
1775429007502,500224
1775429007504,500224
1775429007507,500224
1775429007509,500224
1775429007511,500224
1775429007513,500224
1775429007515,500224
1775429007518,500224
1775429007523,500224
1775429007527,500224
1775429007530,500224
1775429007533,500224
1775429007535,500224
1775429007538,500224
1775429007542,500224
1775429007549,500224
1775429007552,500224
1775429007554,500224
1775429007557,500224
1775429007560,500224
1775429007562,500224
1775429007565,500224
1775429007567,500224
1775429007569,500224
1775429007571,500224
1775429007573,500224
1775429007575,500224
1775429007577,500224
1775429007579,500224
1775429007581,500224
1775429007583,500224
1775429007584,500224
1775429007586,500224
1775429007588,500224
1775429007594,500224
1775429007596,500224
1775429007597,500224
1775429007599,500224
1775429007601,500224
1775429007603,500224
1775429007605,500224
1775429007607,500224
1775429007609,500224
1775429007610,500224
1775429007612,500224
1775429007613,500224
1775429007614,500224
1775429007616,500224
1775429007619,500224
1775429007621,500224
1775429007624,500224
1775429007626,500224
1775429007628,500224
1775429007630,500224
1775429007632,500224
1775429007634,500224
1775429007639,500224
1775429007645,500224
1775429007646,500224
1775429007651,500224
1775429007654,500224
1775429007656,500224
1775429007657,500224
1775429007660,500224
1775429007663,500224
1775429007665,500224
1775429007668,500224
1775429007670,500224
1775429007673,500224
1775429007675,500224
1775429007678,500224
1775429007680,500224
1775429007682,500224
1775429007684,500224
1775429007687,500224
1775429007689,500224
1775429007694,500224
1775429007696,500224
1775429007699,500224
1775429007702,500224
1775429007705,500224
1775429007708,500224
1775429007710,500224
1775429008107,500224
1775429008114,500224
1775429008117,500224
1775429008120,500224
1775429008123,500224
1775429008125,500224
1775429008128,500224
1775429008129,500224
1775429008131,500224
1775429008132,500224
1775429008133,500224
1775429008135,500224
1775429008136,500224
1775429008141,500224
1775429008143,500224
1775429008146,500224
1775429008149,500224
1775429008151,500224
1775429008154,500224
1775429008157,500224
1775429008159,500224
1775429008162,500224
1775429008163,500224
1775429008165,500224
1775429008166,500224
1775429008167,500224
1775429008169,500224
1775429008170,500224
1775429008171,500224
1775429008173,500224
1775429008174,500224
1775429008175,500224
1775429008177,500224
1775429008178,500224
1775429008179,500224
1775429008188,500224
1775429008191,500224
1775429008193,500224
1775429008195,500224
1775429008197,500224
1775429008199,500224
1775429008201,500224
1775429008203,500224
1775429008205,500224
1775429008207,500224
1775429008210,500224
1775429008212,500224
1775429008214,500224
1775429008216,500224
1775429008219,500224
1775429008222,500224
1775429008224,500224
1775429008226,500224
1775429008228,500224
1775429008230,500224
1775429008231,500224
1775429008234,500224
1775429008239,500224
1775429008241,500224
1775429008242,500224
1775429008244,500224
1775429008246,500224
1775429008249,500224
1775429008252,500224
1775429008254,500224
1775429008258,500224
1775429008263,500224
1775429008266,500224
1775429008268,500224
1775429008273,500224
1775429008276,500224
1775429008278,500224
1775429008280,500224
1775429008281,500224
1775429008283,500224
1775429008285,500224
1775429008287,500224
1775429008288,500224
1775429008290,500224
1775429008291,500224
1775429008293,500224
1775429008294,500224
1775429008296,500224
1775429008297,500224
1775429008304,500224
1775429008306,500224
1775429008309,500224
1775429008312,500224
1775429008315,500224
1775429008316,500224
1775429008318,500224
1775429008319,500224
1775429008321,500224
1775429008322,500224
1775429008324,500224
1775429008327,500224
1775429008330,500224
1775429008333,500224
1775429008336,500224
1775429008338,500224
1775429008341,500224
1775429008344,500224
1775429008346,500224
1775429008348,500224
1775429008353,500224
1775429008357,500224
1775429008361,500224
1775429008364,500224
1775429008367,500224
1775429008370,500224
1775429008373,500224
1775429008375,500224
1775429008378,500224
1775429008381,500224
1775429008383,500224
1775429008706,500224
1775429008709,500224
1775429008712,500224
1775429008717,500224
1775429008720,500224
1775429008723,500224
1775429008727,500224
1775429008730,500224
1775429008733,500224
1775429008735,500224
1775429008739,500224
1775429008743,500224
1775429008746,500224
1775429008749,500224
1775429008753,500224
1775429008759,500224
1775429008762,500224
1775429008767,500224
1775429008770,500224
1775429008773,500224
1775429008776,500224
1775429008779,500224
1775429008782,500224
1775429008785,500224
1775429008788,500224
1775429008790,500224
1775429008792,500224
1775429008793,500224
1775429008795,500224
1775429008798,500224
1775429008802,500224
1775429008810,500224
1775429008814,500224
1775429008824,500224
1775429008826,500224
1775429008829,500224
1775429008830,500224
1775429008832,500224
1775429008834,500224
1775429008836,500224
1775429008838,500224
1775429008840,500224
1775429008841,500224
1775429008843,500224
1775429008844,500224
1775429008846,500224
1775429008847,500224
1775429008849,500224
1775429008850,500224
1775429008852,500224
1775429008853,500224
1775429008855,500224
1775429008856,500224
1775429008857,500224
1775429008859,500224
1775429008862,500224
1775429008868,500224
1775429008871,500224
1775429008876,500224
1775429008879,500224
1775429008881,500224
1775429008884,500224
1775429008888,500224
1775429008893,500224
1775429008896,500224
1775429008898,500224
1775429008901,500224
1775429008904,500224
1775429008907,500224
1775429008910,500224
1775429008913,500224
1775429008916,500224
1775429008918,500224
1775429008921,500224
1775429008923,500224
1775429008926,500224
1775429008928,500224
1775429008930,500224
1775429008933,500224
1775429009304,500224
1775429009314,500224
1775429009316,500224
1775429009318,500224
1775429009320,500224
1775429009321,500224
1775429009324,500224
1775429009325,500224
1775429009327,500224
1775429009329,500224
1775429009345,500224
1775429009349,500224
1775429009358,500224
1775429009367,500224
1775429009371,500224
1775429009376,500224
1775429009380,500224
1775429009383,500224
1775429009388,500224
1775429009390,500224
1775429009397,500224
1775429009401,500224
1775429009404,500224
1775429009407,500224
1775429009410,500224
1775429009412,500224
1775429009415,500224
1775429009421,500224
1775429009425,500224
1775429009428,500224
1775429009430,500224
1775429009436,500224
1775429009440,500224
1775429009443,500224
1775429009446,500224
1775429009448,500224
1775429009453,500224
1775429009456,500224
1775429009464,500224
1775429009471,500224
1775429009474,500224
1775429009477,500224
1775429009480,500224
1775429009483,500224
1775429009487,500224
1775429009490,500224
1775429009492,500224
1775429009494,500224
1775429009495,500224
1775429009499,500224
1775429009502,500224
1775429009505,500224
1775429009509,500224
1775429009513,500224
1775429009515,500224
1775429009518,500224
1775429009520,500224
1775429009522,500224
1775429009524,500224
1775429009528,500224
1775429009532,500224
1775429009536,500224
1775429009544,500224
1775429009546,500224
1775429009547,500224
1775429009549,500224
1775429009551,500224
1775429009554,500224
1775429009555,500224
1775429009557,500224
1775429009559,500224
1775429009561,500224
1775429009562,500224
1775429009564,500224
1775429009565,500224
1775429009567,500224
1775429009569,500224
1775429009576,500224
1775429009580,500224
1775429009585,500224
1775429009589,500224
1775429009602,500224
1775429009605,500224
1775429009608,500224
1775429009610,500224
1775429009613,500224
1775429009616,500224
1775429009619,500224
1775429009621,500224
1775429009623,500224
1775429009625,500224
1775429009627,500224
1775429009629,500224
1775429009631,500224
1775429009634,500224
1775429009637,500224
1775429009639,500224
1775429009642,500224
1775429009644,500224
1775429009647,500224
1775429009648,500224
1775429009650,500224
1775429009652,500224
1775429009655,500224
1775429009657,500224
1775429009659,500224
1775429009661,500224
1775429009664,500224
1775429009665,500224
1775429009667,500224
1775429009672,500224
1775429009674,500224
1775429009676,500224
1775429009679,500224
1775429009682,500224
1775429009685,500224
1775429009687,500224
1775429009690,500224
1775429009693,500224
1775429009906,500224
1775429009909,500224
1775429009912,500224
1775429009914,500224
1775429009917,500224
1775429009921,500224
1775429009925,500224
1775429009927,500224
1775429009931,500224
1775429009934,500224
1775429009938,500224
1775429009939,500224
1775429009942,500224
1775429009944,500224
1775429009945,500224
1775429009950,500224
1775429009958,500224
1775429009962,500224
1775429009965,500224
1775429009969,500224
1775429009972,500224
1775429009974,500224
1775429009977,500224
1775429009980,500224
1775429009983,500224
1775429009984,500224
1775429009986,500224
1775429009990,500224
1775429009993,500224
1775429009995,500224
1775429009998,500224
1775429010000,500224
1775429010006,500224
1775429010008,500224
1775429010012,500224
1775429010016,500224
1775429010019,500224
1775429010021,500224
1775429010024,500224
1775429010027,500224
1775429010043,500224
1775429010049,500224
1775429010052,500224
1775429010054,500224
1775429010057,500224
1775429010060,500224
1775429010063,500224
1775429010066,500224
1775429010068,500224
1775429010070,500224
1775429010072,500224
1775429010074,500224
1775429010076,500224
1775429010077,500224
1775429010079,500224
1775429010081,500224
1775429010083,500224
1775429010085,500224
1775429010086,500224
1775429010088,500224
1775429010090,500224
1775429010091,500224
1775429010093,500224
1775429010094,500224
1775429010096,500224
1775429010098,500224
1775429010099,500224
1775429010102,500224
1775429010103,500224
1775429010106,500224
1775429010108,500224
1775429010109,500224
1775429010112,500224
1775429010114,500224
1775429010116,500224
1775429010117,500224
1775429010118,500224
1775429010122,500224
1775429010123,500224
1775429010125,500224
1775429010128,500224
1775429010131,500224
1775429010134,500224
1775429010136,500224
1775429010139,500224
1775429010142,500224
1775429010144,500224
1775429010147,500224
1775429010150,500224
1775429010153,500224
1775429010155,500224
1775429010160,500224
1775429010165,500224
1775429010168,500224
1775429010171,500224
1775429010174,500224
1775429010177,500224
1775429010508,500224
1775429010512,500224
1775429010515,500224
1775429010518,500224
1775429010521,500224
1775429010522,500224
1775429010523,500224
1775429010526,500224
1775429010528,500224
1775429010530,500224
1775429010532,500224
1775429010534,500224
1775429010536,500224
1775429010537,500224
1775429010539,500224
1775429010540,500224
1775429010542,500224
1775429010543,500224
1775429010544,500224
1775429010554,500224
1775429010557,500224
1775429010560,500224
1775429010563,500224
1775429010566,500224
1775429010569,500224
1775429010573,500224
1775429010576,500224
1775429010580,500224
1775429010584,500224
1775429010589,500224
1775429010594,500224
1775429010600,500224
1775429010607,500224
1775429010610,500224
1775429010614,500224
1775429010616,500224
1775429010624,500224
1775429010627,500224
1775429010630,500224
1775429010634,500224
1775429010641,500224
1775429010643,500224
1775429010646,500224
1775429010649,500224
1775429010652,500224
1775429010655,500224
1775429010658,500224
1775429010660,500224
1775429010662,500224
1775429010666,500224
1775429010670,500224
1775429010672,500224
1775429010675,500224
1775429010678,500224
1775429010684,500224
1775429010687,500224
1775429010690,500224
1775429010694,500224
1775429010696,500224
1775429010701,500224
1775429010703,500224
1775429010705,500224
1775429010708,500224
1775429010709,500224
1775429010711,500224
1775429010712,500224
1775429010715,500224
1775429010717,500224
1775429010720,500224
1775429010721,500224
1775429010724,500224
1775429010726,500224
1775429010729,500224
1775429010731,500224
1775429010735,500224
1775429010738,500224
1775429010741,500224
1775429010745,500224
1775429010749,500224
1775429010755,500224
1775429010758,500224
1775429010760,500224
1775429010763,500224
1775429010766,500224
1775429010769,500224
1775429010771,500224
1775429010773,500224
1775429010775,500224
1775429010777,500224
1775429010779,500224
1775429010781,500224
1775429010783,500224
1775429010785,500224
1775429010786,500224
1775429010789,500224
1775429010792,500224
1775429010794,500224
1775429010796,500224
1775429010798,500224
1775429010799,500224
1775429010800,500224
1775429011106,500224
1775429011109,500224
1775429011119,500224
1775429011123,500224
1775429011127,500224
1775429011130,500224
1775429011134,500224
1775429011137,500224
1775429011140,500224
1775429011145,500224
1775429011148,500224
1775429011150,500224
1775429011154,500224
1775429011156,500224
1775429011158,500224
1775429011160,500224
1775429011162,500224
1775429011166,500224
1775429011169,500224
1775429011172,500224
1775429011175,500224
1775429011177,500224
1775429011180,500224
1775429011183,500224
1775429011185,500224
1775429011186,500224
1775429011191,500224
1775429011194,500224
1775429011197,500224
1775429011198,500224
1775429011200,500224
1775429011202,500224
1775429011206,500224
1775429011208,500224
1775429011211,500224
1775429011214,500224
1775429011217,500224
1775429011220,500224
1775429011225,500224
1775429011228,500224
1775429011232,500224
1775429011234,500224
1775429011237,500224
1775429011239,500224
1775429011241,500224
1775429011245,500224
1775429011247,500224
1775429011249,500224
1775429011252,500224
1775429011255,500224
1775429011259,500224
1775429011262,500224
1775429011265,500224
1775429011267,500224
1775429011270,500224
1775429011272,500224
1775429011273,500224
1775429011279,500224
1775429011281,500224
1775429011283,500224
1775429011286,500224
1775429011290,500224
1775429011292,500224
1775429011295,500224
1775429011297,500224
1775429011299,500224
1775429011301,500224
1775429011303,500224
1775429011304,500224
1775429011306,500224
1775429011308,500224
1775429011310,500224
1775429011312,500224
1775429011316,500224
1775429011320,500224
1775429011322,500224
1775429011325,500224
1775429011328,500224
1775429011331,500224
1775429011333,500224
1775429011340,500224
1775429011341,500224
1775429011343,500224
1775429011344,500224
1775429011346,500224
1775429011347,500224
1775429011348,500224
1775429011350,500224
1775429011351,500224
1775429011352,500224
1775429011354,500224
1775429011355,500224
1775429011356,500224
1775429011358,500224
1775429011714,500224
1775429011717,500224
1775429011720,500224
1775429011722,500224
1775429011725,500224
1775429011729,500224
1775429011731,500224
1775429011737,500224
1775429011741,500224
1775429011743,500224
1775429011745,500224
1775429011747,500224
1775429011750,500224
1775429011752,500224
1775429011755,500224
1775429011758,500224
1775429011760,500224
1775429011763,500224
1775429011765,500224
1775429011768,500224
1775429011773,500224
1775429011777,500224
1775429011780,500224
1775429011782,500224
1775429011788,500224
1775429011791,500224
1775429011795,500224
1775429011799,500224
1775429011803,500224
1775429011807,500224
1775429011809,500224
1775429011812,500224
1775429011815,500224
1775429011822,500224
1775429011824,500224
1775429011826,500224
1775429011828,500224
1775429011830,500224
1775429011831,500224
1775429011833,500224
1775429011834,500224
1775429011837,500224
1775429011842,500224
1775429011845,500224
1775429011848,500224
1775429011852,500224
1775429011855,500224
1775429011857,500224
1775429011859,500224
1775429011862,500224
1775429011865,500224
1775429011867,500224
1775429011868,500224
1775429011872,500224
1775429011874,500224
1775429011877,500224
1775429011879,500224
1775429011880,500224
1775429011882,500224
1775429011883,500224
1775429011885,500224
1775429011887,500224
1775429011889,500224
1775429011891,500224
1775429011892,500224
1775429011894,500224
1775429011895,500224
1775429011897,500224
1775429011900,500224
1775429011903,500224
1775429011908,500224
1775429011910,500224
1775429011914,500224
1775429011915,500224
1775429011921,500224
1775429011922,500224
1775429011924,500224
1775429011925,500224
1775429011927,500224
1775429011929,500224
1775429011931,500224
1775429011939,500224
1775429011942,500224
1775429011944,500224
1775429011946,500224
1775429011948,500224
1775429011950,500224
1775429011952,500224
1775429012310,500224
1775429012315,500224
1775429012318,500224
1775429012323,500224
1775429012328,500224
1775429012331,500224
1775429012333,500224
1775429012338,500224
1775429012341,500224
1775429012344,500224
1775429012348,500224
1775429012352,500224
1775429012356,500224
1775429012365,500224
1775429012368,500224
1775429012372,500224
1775429012375,500224
1775429012378,500224
1775429012381,500224
1775429012384,500224
1775429012386,500224
1775429012388,500224
1775429012390,500224
1775429012393,500224
1775429012396,500224
1775429012402,500224
1775429012404,500224
1775429012407,500224
1775429012410,500224
1775429012413,500224
1775429012415,500224
1775429012419,500224
1775429012423,500224
1775429012426,500224
1775429012430,500224
1775429012434,500224
1775429012436,500224
1775429012438,500224
1775429012442,500224
1775429012445,500224
1775429012451,500224
1775429012454,500224
1775429012457,500224
1775429012460,500224
1775429012462,500224
1775429012464,500224
1775429012466,500224
1775429012468,500224
1775429012471,500224
1775429012473,500224
1775429012474,500224
1775429012476,500224
1775429012478,500224
1775429012480,500224
1775429012482,500224
1775429012484,500224
1775429012490,500224
1775429012494,500224
1775429012497,500224
1775429012499,500224
1775429012503,500224
1775429012506,500224
1775429012509,500224
1775429012512,500224
1775429012515,500224
1775429012518,500224
1775429012521,500224
1775429012523,500224
1775429012525,500224
1775429012527,500224
1775429012530,500224
1775429012534,500224
1775429012538,500224
1775429012545,500224
1775429012551,500224
1775429012554,500224
1775429012556,500224
1775429012558,500224
1775429012560,500224
1775429012561,500224
1775429012563,500224
1775429012568,500224
1775429012572,500224
1775429012575,500224
1775429012578,500224
1775429012580,500224
1775429012582,500224
1775429012584,500224
1775429012586,500224
1775429012587,500224
1775429012590,500224
1775429012593,500224
1775429012595,500224
1775429012597,500224
1775429012598,500224
1775429012600,500224
1775429012912,500224
1775429012914,500224
1775429012918,500224
1775429012920,500224
1775429012922,500224
1775429012925,500224
1775429012927,500224
1775429012931,500224
1775429012933,500224
1775429012936,500224
1775429012939,500224
1775429012942,500224
1775429012944,500224
1775429012947,500224
1775429012951,500224
1775429012954,500224
1775429012956,500224
1775429012958,500224
1775429012960,500224
1775429012964,500224
1775429012966,500224
1775429012969,500224
1775429012975,500224
1775429012980,500224
1775429012983,500224
1775429012986,500224
1775429012989,500224
1775429012991,500224
1775429012994,500224
1775429012996,500224
1775429013000,500224
1775429013003,500224
1775429013005,500224
1775429013006,500224
1775429013009,500224
1775429013012,500224
1775429013013,500224
1775429013016,500224
1775429013020,500224
1775429013023,500224
1775429013025,500224
1775429013026,500224
1775429013027,500224
1775429013030,500224
1775429013033,500224
1775429013034,500224
1775429013037,500224
1775429013040,500224
1775429013043,500224
1775429013046,500224
1775429013048,500224
1775429013051,500224
1775429013053,500224
1775429013054,500224
1775429013058,500224
1775429013060,500224
1775429013062,500224
1775429013064,500224
1775429013067,500224
1775429013070,500224
1775429013072,500224
1775429013074,500224
1775429013078,500224
1775429013081,500224
1775429013083,500224
1775429013085,500224
1775429013088,500224
1775429013091,500224
1775429013093,500224
1775429013095,500224
1775429013096,500224
1775429013100,500224
1775429013102,500224
1775429013104,500224
1775429013106,500224
1775429013108,500224
1775429013109,500224
1775429013111,500224
1775429013112,500224
1775429013114,500224
1775429013115,500224
1775429013117,500224
1775429013118,500224
1775429013122,500224
1775429013124,500224
1775429013125,500224
1775429013134,500224
1775429013138,500224
1775429013141,500224
1775429013144,500224
1775429013146,500224
1775429013148,500224
1775429013512,500224
1775429013515,500224
1775429013520,500224
1775429013524,500224
1775429013527,500224
1775429013530,500224
1775429013532,500224
1775429013535,500224
1775429013538,500224
1775429013541,500224
1775429013543,500224
1775429013550,500224
1775429013553,500224
1775429013556,500224
1775429013559,500224
1775429013561,500224
1775429013566,500224
1775429013569,500224
1775429013572,500224
1775429013575,500224
1775429013578,500224
1775429013581,500224
1775429013583,500224
1775429013585,500224
1775429013587,500224
1775429013589,500224
1775429013594,500224
1775429013596,500224
1775429013598,500224
1775429013602,500224
1775429013604,500224
1775429013607,500224
1775429013609,500224
1775429013611,500224
1775429013613,500224
1775429013615,500224
1775429013616,500224
1775429013622,500224
1775429013625,500224
1775429013627,500224
1775429013628,500224
1775429013632,500224
1775429013635,500224
1775429013637,500224
1775429013640,500224
1775429013644,500224
1775429013647,500224
1775429013650,500224
1775429013652,500224
1775429013655,500224
1775429013659,500224
1775429013663,500224
1775429013666,500224
1775429013675,500224
1775429013678,500224
1775429013681,500224
1775429013684,500224
1775429013689,500224
1775429013691,500224
1775429013694,500224
1775429013698,500224
1775429013700,500224
1775429013703,500224
1775429013705,500224
1775429013707,500224
1775429013710,500224
1775429013712,500224
1775429013719,500224
1775429013721,500224
1775429013723,500224
1775429013725,500224
1775429013726,500224
1775429013728,500224
1775429013729,500224
1775429013730,500224
1775429013732,500224
1775429013733,500224
1775429013737,500224
1775429013739,500224
1775429013745,500224
1775429013746,500224
1775429014114,500224
1775429014117,500224
1775429014120,500224
1775429014134,500224
1775429014136,500224
1775429014146,500224
1775429014153,500224
1775429014154,500224
1775429014160,500224
1775429014163,500224
1775429014166,500224
1775429014169,500224
1775429014171,500224
1775429014174,500224
1775429014179,500224
1775429014181,500224
1775429014184,500224
1775429014186,500224
1775429014188,500224
1775429014190,500224
1775429014192,500224
1775429014194,500224
1775429014195,500224
1775429014197,500224
1775429014205,500224
1775429014209,500224
1775429014213,500224
1775429014216,500224
1775429014219,500224
1775429014223,500224
1775429014226,500224
1775429014230,500224
1775429014232,500224
1775429014235,500224
1775429014238,500224
1775429014241,500224
1775429014244,500224
1775429014247,500224
1775429014249,500224
1775429014251,500224
1775429014254,500224
1775429014257,500224
1775429014260,500224
1775429014263,500224
1775429014266,500224
1775429014268,500224
1775429014270,500224
1775429014271,500224
1775429014274,500224
1775429014276,500224
1775429014278,500224
1775429014280,500224
1775429014282,500224
1775429014284,500224
1775429014286,500224
1775429014288,500224
1775429014289,500224
1775429014291,500224
1775429014294,500224
1775429014297,500224
1775429014300,500224
1775429014302,500224
1775429014305,500224
1775429014307,500224
1775429014310,500224
1775429014312,500224
1775429014314,500224
1775429014318,500224
1775429014321,500224
1775429014324,500224
1775429014326,500224
1775429014328,500224
1775429014330,500224
1775429014332,500224
1775429014334,500224
1775429014337,500224
1775429014340,500224
1775429014343,500224
1775429014348,500224
1775429014352,500224
1775429014355,500224
1775429014357,500224
1775429014365,500224
1775429014368,500224
1775429014370,500224
1775429014373,500224
1775429014375,500224
1775429014378,500224
1775429014380,500224
1775429014383,500224
1775429014385,500224
1775429014389,500224
1775429014392,500224
1775429014394,500224
1775429014397,500224
1775429014400,500224
1775429014402,500224
1775429014405,500224
1775429014408,500224
1775429014410,500224
1775429014412,500224
1775429014413,500224
1775429014415,500224
1775429014711,500224
1775429014716,500224
1775429014718,500224
1775429014722,500224
1775429014726,500224
1775429014730,500224
1775429014734,500224
1775429014738,500224
1775429014742,500224
1775429014746,500224
1775429014751,500224
1775429014757,500224
1775429014764,500224
1775429014767,500224
1775429014769,500224
1775429014771,500224
1775429014775,500224
1775429014778,500224
1775429014782,500224
1775429014784,500224
1775429014786,500224
1775429014788,500224
1775429014789,500224
1775429014792,500224
1775429014794,500224
1775429014796,500224
1775429014798,500224
1775429014801,500224
1775429014803,500224
1775429014805,500224
1775429014807,500224
1775429014809,500224
1775429014810,500224
1775429014812,500224
1775429014814,500224
1775429014815,500224
1775429014817,500224
1775429014822,500224
1775429014833,500224
1775429014837,500224
1775429014838,500224
1775429014839,500224
1775429014841,500224
1775429014842,500224
1775429014843,500224
1775429014845,500224
1775429014846,500224
1775429014848,500224
1775429014849,500224
1775429014850,500224
1775429014854,500224
1775429014857,500224
1775429014860,500224
1775429014862,500224
1775429014863,500224
1775429014866,500224
1775429014869,500224
1775429014871,500224
1775429014874,500224
1775429014877,500224
1775429014879,500224
1775429014882,500224
1775429014884,500224
1775429014886,500224
1775429014888,500224
1775429014890,500224
1775429014892,500224
1775429014894,500224
1775429014896,500224
1775429014897,500224
1775429014899,500224
1775429014901,500224
1775429014903,500224
1775429014907,500224
1775429014911,500224
1775429014912,500224
1775429014914,500224
1775429014916,500224
1775429014920,500224
1775429014923,500224
1775429014931,500224
1775429014934,500224
1775429014936,500224
1775429014939,500224
1775429014942,500224
1775429014945,500224
1775429015317,500224
1775429015320,500224
1775429015323,500224
1775429015327,500224
1775429015329,500224
1775429015331,500224
1775429015334,500224
1775429015337,500224
1775429015340,500224
1775429015343,500224
1775429015345,500224
1775429015351,500224
1775429015353,500224
1775429015356,500224
1775429015362,500224
1775429015365,500224
1775429015368,500224
1775429015370,500224
1775429015373,500224
1775429015376,500224
1775429015378,500224
1775429015382,500224
1775429015385,500224
1775429015388,500224
1775429015390,500224
1775429015393,500224
1775429015399,500224
1775429015400,500224
1775429015403,500224
1775429015406,500224
1775429015408,500224
1775429015412,500224
1775429015415,500224
1775429015417,500224
1775429015423,500224
1775429015425,500224
1775429015430,500224
1775429015433,500224
1775429015437,500224
1775429015440,500224
1775429015443,500224
1775429015446,500224
1775429015449,500224
1775429015451,500224
1775429015454,500224
1775429015456,500224
1775429015459,500224
1775429015464,500224
1775429015468,500224
1775429015472,500224
1775429015477,500224
1775429015480,500224
1775429015483,500224
1775429015486,500224
1775429015488,500224
1775429015490,500224
1775429015492,500224
1775429015494,500224
1775429015496,500224
1775429015499,500224
1775429015503,500224
1775429015507,500224
1775429015510,500224
1775429015512,500224
1775429015513,500224
1775429015516,500224
1775429015520,500224
1775429015523,500224
1775429015526,500224
1775429015529,500224
1775429015530,500224
1775429015532,500224
1775429015533,500224
1775429015535,500224
1775429015536,500224
1775429015538,500224
1775429015539,500224
1775429015543,500224
1775429015546,500224
1775429015549,500224
1775429015552,500224
1775429015554,500224
1775429015557,500224
1775429015559,500224
1775429015560,500224
1775429015562,500224
1775429015563,500224
1775429015564,500224
1775429015565,500224
1775429015568,500224
1775429015570,500224
1775429015572,500224
1775429015574,500224
1775429015577,500224
1775429015580,500224
1775429015582,500224
1775429015585,500224
1775429015588,500224
1775429015590,500224
1775429015595,500224
1775429015598,500224
1775429015601,500224
1775429015603,500224
1775429015606,500224
1775429015608,500224
1775429015610,500224
1775429015612,500224
1775429015614,500224
1775429015616,500224
1775429015915,500224
1775429015924,500224
1775429015930,500224
1775429015933,500224
1775429015936,500224
1775429015938,500224
1775429015940,500224
1775429015942,500224
1775429015944,500224
1775429015947,500224
1775429015950,500224
1775429015953,500224
1775429015955,500224
1775429015958,500224
1775429015961,500224
1775429015964,500224
1775429015966,500224
1775429015969,500224
1775429015973,500224
1775429015975,500224
1775429015978,500224
1775429015980,500224
1775429015983,500224
1775429015985,500224
1775429015988,500224
1775429015991,500224
1775429015993,500224
1775429015996,500224
1775429015999,500224
1775429016001,500224
1775429016004,500224
1775429016006,500224
1775429016008,500224
1775429016010,500224
1775429016011,500224
1775429016015,500224
1775429016017,500224
1775429016021,500224
1775429016024,500224
1775429016028,500224
1775429016031,500224
1775429016034,500224
1775429016037,500224
1775429016040,500224
1775429016044,500224
1775429016046,500224
1775429016047,500224
1775429016049,500224
1775429016050,500224
1775429016051,500224
1775429016054,500224
1775429016055,500224
1775429016056,500224
1775429016058,500224
1775429016059,500224
1775429016060,500224
1775429016062,500224
1775429016063,500224
1775429016064,500224
1775429016065,500224
1775429016067,500224
1775429016068,500224
1775429016069,500224
1775429016071,500224
1775429016072,500224
1775429016073,500224
1775429016074,500224
1775429016076,500224
1775429016077,500224
1775429016078,500224
1775429016079,500224
1775429016080,500224
1775429016082,500224
1775429016519,500224
1775429016523,500224
1775429016526,500224
1775429016529,500224
1775429016532,500224
1775429016534,500224
1775429016536,500224
1775429016538,500224
1775429016540,500224
1775429016541,500224
1775429016543,500224
1775429016545,500224
1775429016546,500224
1775429016548,500224
1775429016552,500224
1775429016555,500224
1775429016558,500224
1775429016560,500224
1775429016563,500224
1775429016566,500224
1775429016569,500224
1775429016571,500224
1775429016572,500224
1775429016574,500224
1775429016576,500224
1775429016577,500224
1775429016579,500224
1775429016582,500224
1775429016584,500224
1775429016585,500224
1775429016587,500224
1775429016588,500224
1775429016589,500224
1775429016591,500224
1775429016592,500224
1775429016594,500224
1775429016595,500224
1775429016596,500224
1775429016599,500224
1775429016603,500224
1775429016610,500224
1775429016613,500224
1775429016616,500224
1775429016619,500224
1775429016621,500224
1775429016624,500224
1775429016626,500224
1775429016629,500224
1775429016632,500224
1775429016634,500224
1775429016637,500224
1775429016640,500224
1775429016643,500224
1775429016646,500224
1775429016648,500224
1775429016651,500224
1775429016653,500224
1775429016655,500224
1775429016656,500224
1775429016658,500224
1775429016660,500224
1775429016662,500224
1775429016664,500224
1775429016666,500224
1775429016668,500224
1775429016670,500224
1775429016671,500224
1775429016673,500224
1775429016674,500224
1775429016676,500224
1775429016678,500224
1775429016679,500224
1775429016681,500224
1775429016682,500224
1775429016684,500224
1775429016685,500224
1775429016686,500224
1775429016688,500224
1775429016689,500224
1775429016690,500224
1775429016692,500224
1775429016693,500224
1775429016694,500224
1775429016696,500224
1775429016697,500224
1775429016699,500224
1775429016702,500224
1775429016705,500224
1775429016707,500224
1775429016714,500224
1775429016717,500224
1775429016720,500224
1775429016722,500224
1775429016724,500224
1775429016727,500224
1775429016729,500224
1775429016731,500224
1775429016732,500224
1775429016734,500224
1775429016735,500224
1775429016737,500224
1775429016739,500224
1775429016741,500224
1775429016742,500224
1775429016744,500224
1775429016745,500224
1775429016747,500224
1775429016748,500224
1775429016750,500224
1775429016751,500224
1775429017116,500224
1775429017120,500224
1775429017123,500224
1775429017126,500224
1775429017128,500224
1775429017131,500224
1775429017134,500224
1775429017136,500224
1775429017139,500224
1775429017142,500224
1775429017144,500224
1775429017147,500224
1775429017149,500224
1775429017152,500224
1775429017155,500224
1775429017157,500224
1775429017160,500224
1775429017163,500224
1775429017166,500224
1775429017169,500224
1775429017172,500224
1775429017174,500224
1775429017177,500224
1775429017179,500224
1775429017180,500224
1775429017182,500224
1775429017183,500224
1775429017185,500224
1775429017186,500224
1775429017189,500224
1775429017192,500224
1775429017200,500224
1775429017204,500224
1775429017205,500224
1775429017206,500224
1775429017208,500224
1775429017209,500224
1775429017212,500224
1775429017215,500224
1775429017218,500224
1775429017222,500224
1775429017225,500224
1775429017227,500224
1775429017229,500224
1775429017231,500224
1775429017233,500224
1775429017235,500224
1775429017238,500224
1775429017240,500224
1775429017242,500224
1775429017244,500224
1775429017249,500224
1775429017251,500224
1775429017252,500224
1775429017254,500224
1775429017255,500224
1775429017257,500224
1775429017258,500224
1775429017260,500224
1775429017263,500224
1775429017264,500224
1775429017266,500224
1775429017267,500224
1775429017268,500224
1775429017270,500224
1775429017271,500224
1775429017272,500224
1775429017273,500224
1775429017275,500224
1775429017276,500224
1775429017277,500224
1775429017278,500224
1775429017280,500224
1775429017282,500224
1775429017285,500224
1775429017288,500224
1775429017290,500224
1775429017293,500224
1775429017295,500224
1775429017296,500224
1775429017298,500224
1775429017299,500224
1775429017301,500224
1775429017719,500224
1775429017724,500224
1775429017725,500224
1775429017727,500224
1775429017729,500224
1775429017730,500224
1775429017732,500224
1775429017733,500224
1775429017737,500224
1775429017738,500224
1775429017740,500224
1775429017742,500224
1775429017744,500224
1775429017746,500224
1775429017748,500224
1775429017750,500224
1775429017751,500224
1775429017754,500224
1775429017757,500224
1775429017760,500224
1775429017762,500224
1775429017765,500224
1775429017768,500224
1775429017771,500224
1775429017774,500224
1775429017776,500224
1775429017779,500224
1775429017781,500224
1775429017783,500224
1775429017784,500224
1775429017785,500224
1775429017787,500224
1775429017788,500224
1775429017791,500224
1775429017793,500224
1775429017795,500224
1775429017796,500224
1775429017798,500224
1775429017800,500224
1775429017802,500224
1775429017803,500224
1775429017805,500224
1775429017807,500224
1775429017808,500224
1775429017810,500224
1775429017811,500224
1775429017813,500224
1775429017815,500224
1775429017817,500224
1775429017819,500224
1775429017821,500224
1775429017823,500224
1775429017825,500224
1775429017827,500224
1775429017828,500224
1775429017829,500224
1775429017831,500224
1775429017833,500224
1775429017835,500224
1775429017837,500224
1775429017838,500224
1775429017840,500224
1775429017841,500224
1775429017842,500224
1775429017844,500224
1775429017845,500224
1775429017846,500224
1775429017847,500224
1775429017849,500224
1775429017850,500224
1775429017851,500224
1775429017852,500224
1775429017854,500224
1775429017857,500224
1775429017860,500224
1775429017862,500224
1775429017864,500224
1775429017867,500224
1775429017870,500224
1775429017872,500224
1775429017875,500224
1775429017878,500224
1775429017880,500224
1775429017882,500224
1775429017884,500224
1775429017886,500224
1775429017888,500224
1775429017889,500224
1775429017891,500224
1775429017892,500224
1775429017895,500224
1775429017897,500224
1775429017900,500224
1775429017903,500224
1775429017905,500224
1775429017907,500224
1775429017909,500224
1775429017911,500224
1775429017913,500224
1775429017915,500224
1775429017917,500224
1775429017923,500224
1775429017924,500224
1775429017926,500224
1775429017928,500224
1775429017929,500224
1775429017931,500224
1775429017934,500224
1775429018318,500224
1775429018322,500224
1775429018325,500224
1775429018327,500224
1775429018329,500224
1775429018331,500224
1775429018333,500224
1775429018335,500224
1775429018338,500224
1775429018342,500224
1775429018345,500224
1775429018348,500224
1775429018350,500224
1775429018352,500224
1775429018355,500224
1775429018357,500224
1775429018359,500224
1775429018361,500224
1775429018363,500224
1775429018364,500224
1775429018367,500224
1775429018370,500224
1775429018372,500224
1775429018373,500224
1775429018375,500224
1775429018377,500224
1775429018379,500224
1775429018381,500224
1775429018382,500224
1775429018384,500224
1775429018386,500224
1775429018387,500224
1775429018388,500224
1775429018390,500224
1775429018391,500224
1775429018393,500224
1775429018396,500224
1775429018397,500224
1775429018400,500224
1775429018403,500224
1775429018405,500224
1775429018407,500224
1775429018408,500224
1775429018409,500224
1775429018411,500224
1775429018412,500224
1775429018413,500224
1775429018415,500224
1775429018416,500224
1775429018419,500224
1775429018421,500224
1775429018426,500224
1775429018430,500224
1775429018431,500224
1775429018433,500224
1775429018434,500224
1775429018435,500224
1775429018436,500224
1775429018439,500224
1775429018441,500224
1775429018442,500224
1775429018443,500224
1775429018448,500224
1775429018451,500224
1775429018453,500224
1775429018456,500224
1775429018459,500224
1775429018461,500224
1775429018463,500224
1775429018466,500224
1775429018468,500224
1775429018470,500224
1775429018472,500224
1775429018479,500224
1775429018480,500224
1775429018482,500224
1775429018484,500224
1775429018485,500224
1775429018487,500224
1775429018488,500224
1775429018489,500224
1775429018490,500224
1775429018492,500224
1775429018493,500224
1775429018495,500224
1775429018497,500224
1775429018499,500224
1775429018502,500224
1775429018505,500224
1775429018507,500224
1775429018508,500224
1775429018511,500224
1775429018514,500224
1775429018518,500224
1775429018520,500224
1775429018523,500224
1775429018526,500224
1775429018528,500224
1775429018531,500224
1775429018534,500224
1775429018535,500224
1775429018536,500224
1775429018538,500224
1775429018540,500224
1775429018542,500224
1775429018545,500224
1775429018547,500224
1775429018549,500224
1775429018550,500224
1775429018552,500224
1775429018553,500224
1775429018555,500224
1775429018557,500224
1775429018559,500224
1775429018560,500224
1775429018562,500224
1775429018564,500224
1775429018565,500224
1775429018567,500224
1775429018568,500224
1775429018569,500224
1775429018572,500224
1775429018574,500224
1775429018575,500224
1775429018576,500224
1775429018917,500224
1775429018920,500224
1775429018922,500224
1775429018925,500224
1775429018927,500224
1775429018932,500224
1775429018936,500224
1775429018938,500224
1775429018941,500224
1775429018944,500224
1775429018946,500224
1775429018949,500224
1775429018952,500224
1775429018959,500224
1775429018962,500224
1775429018966,500224
1775429018969,500224
1775429018972,500224
1775429018975,500224
1775429018978,500224
1775429018981,500224
1775429018985,500224
1775429018988,500224
1775429018991,500224
1775429018993,500224
1775429018996,500224
1775429018999,500224
1775429019001,500224
1775429019004,500224
1775429019006,500224
1775429019010,500224
1775429019012,500224
1775429019015,500224
1775429019018,500224
1775429019020,500224
1775429019023,500224
1775429019026,500224
1775429019028,500224
1775429019030,500224
1775429019032,500224
1775429019034,500224
1775429019036,500224
1775429019038,500224
1775429019042,500224
1775429019051,500224
1775429019053,500224
1775429019056,500224
1775429019059,500224
1775429019063,500224
1775429019066,500224
1775429019068,500224
1775429019070,500224
1775429019072,500224
1775429019074,500224
1775429019076,500224
1775429019079,500224
1775429019082,500224
1775429019085,500224
1775429019088,500224
1775429019091,500224
1775429019094,500224
1775429019096,500224
1775429019097,500224
1775429019098,500224
1775429019100,500224
1775429019101,500224
1775429019102,500224
1775429019104,500224
1775429019105,500224
1775429019107,500224
1775429019109,500224
1775429019111,500224
1775429019112,500224
1775429019114,500224
1775429019116,500224
1775429019118,500224
1775429019119,500224
1775429019121,500224
1775429019124,500224
1775429019126,500224
1775429019129,500224
1775429019132,500224
1775429019134,500224
1775429019136,500224
1775429019141,500224
1775429019143,500224
1775429019144,500224
1775429019145,500224
1775429019146,500224
1775429019148,500224
1775429019519,500224
1775429019522,500224
1775429019525,500224
1775429019528,500224
1775429019537,500224
1775429019540,500224
1775429019542,500224
1775429019544,500224
1775429019546,500224
1775429019548,500224
1775429019552,500224
1775429019556,500224
1775429019559,500224
1775429019563,500224
1775429019565,500224
1775429019568,500224
1775429019572,500224
1775429019573,500224
1775429019577,500224
1775429019579,500224
1775429019584,500224
1775429019588,500224
1775429019590,500224
1775429019594,500224
1775429019596,500224
1775429019599,500224
1775429019602,500224
1775429019604,500224
1775429019606,500224
1775429019607,500224
1775429019610,500224
1775429019613,500224
1775429019615,500224
1775429019617,500224
1775429019618,500224
1775429019621,500224
1775429019622,500224
1775429019623,500224
1775429019627,500224
1775429019630,500224
1775429019632,500224
1775429019634,500224
1775429019635,500224
1775429019636,500224
1775429019638,500224
1775429019639,500224
1775429019640,500224
1775429019642,500224
1775429019644,500224
1775429019647,500224
1775429019650,500224
1775429019656,500224
1775429019658,500224
1775429019660,500224
1775429019661,500224
1775429019663,500224
1775429019664,500224
1775429019665,500224
1775429019667,500224
1775429019668,500224
1775429019670,500224
1775429019671,500224
1775429019674,500224
1775429019677,500224
1775429019680,500224
1775429019682,500224
1775429019685,500224
1775429019687,500224
1775429019689,500224
1775429019690,500224
1775429019691,500224
1775429019693,500224
1775429019694,500224
1775429019695,500224
1775429019696,500224
1775429019698,500224
1775429019699,500224
1775429019700,500224
1775429019701,500224
1775429019703,500224
1775429019704,500224
1775429019705,500224
1775429019706,500224
1775429020126,500224
1775429020129,500224
1775429020132,500224
1775429020134,500224
1775429020137,500224
1775429020140,500224
1775429020143,500224
1775429020146,500224
1775429020148,500224
1775429020151,500224
1775429020154,500224
1775429020156,500224
1775429020159,500224
1775429020165,500224
1775429020169,500224
1775429020173,500224
1775429020174,500224
1775429020176,500224
1775429020178,500224
1775429020179,500224
1775429020182,500224
1775429020186,500224
1775429020195,500224
1775429020198,500224
1775429020201,500224
1775429020203,500224
1775429020204,500224
1775429020206,500224
1775429020208,500224
1775429020209,500224
1775429020211,500224
1775429020212,500224
1775429020214,500224
1775429020215,500224
1775429020217,500224
1775429020221,500224
1775429020224,500224
1775429020226,500224
1775429020231,500224
1775429020233,500224
1775429020235,500224
1775429020239,500224
1775429020242,500224
1775429020244,500224
1775429020247,500224
1775429020249,500224
1775429020251,500224
1775429020253,500224
1775429020255,500224
1775429020257,500224
1775429020260,500224
1775429020262,500224
1775429020264,500224
1775429020266,500224
1775429020268,500224
1775429020270,500224
1775429020271,500224
1775429020272,500224
1775429020273,500224
1775429020275,500224
1775429020276,500224
1775429020277,500224
1775429020278,500224
1775429020280,500224
1775429020281,500224
1775429020282,500224
1775429020284,500224
1775429020289,500224
1775429020292,500224
1775429020295,500224
1775429020297,500224
1775429020300,500224
1775429020303,500224
1775429020306,500224
1775429020309,500224
1775429020310,500224
1775429020312,500224
1775429020313,500224
1775429020314,500224
1775429020315,500224
1775429020317,500224
1775429020324,500224
1775429020327,500224
1775429020330,500224
1775429020333,500224
1775429020337,500224
1775429020346,500224
1775429020349,500224
1775429020351,500224
1775429020354,500224
1775429020357,500224
1775429020723,500224
1775429020727,500224
1775429020730,500224
1775429020733,500224
1775429020735,500224
1775429020739,500224
1775429020742,500224
1775429020744,500224
1775429020748,500224
1775429020751,500224
1775429020753,500224
1775429020756,500224
1775429020759,500224
1775429020762,500224
1775429020764,500224
1775429020767,500224
1775429020769,500224
1775429020771,500224
1775429020772,500224
1775429020774,500224
1775429020776,500224
1775429020778,500224
1775429020780,500224
1775429020781,500224
1775429020782,500224
1775429020786,500224
1775429020789,500224
1775429020795,500224
1775429020797,500224
1775429020798,500224
1775429020799,500224
1775429020801,500224
1775429020802,500224
1775429020804,500224
1775429020805,500224
1775429020806,500224
1775429020808,500224
1775429020809,500224
1775429020810,500224
1775429020812,500224
1775429020813,500224
1775429020815,500224
1775429020816,500224
1775429020817,500224
1775429020819,500224
1775429020820,500224
1775429020821,500224
1775429020822,500224
1775429020824,500224
1775429020825,500224
1775429020826,500224
1775429020827,500224
1775429020829,500224
1775429020830,500224
1775429020831,500224
1775429020839,500224
1775429020840,500224
1775429020842,500224
1775429020843,500224
1775429020845,500224
1775429020846,500224
1775429020847,500224
1775429020851,500224
1775429020853,500224
1775429020855,500224
1775429020856,500224
1775429020857,500224
1775429020858,500224
1775429020860,500224
1775429020861,500224
1775429020862,500224
1775429020863,500224
1775429020865,500224
1775429020866,500224
1775429020867,500224
1775429020868,500224
1775429020869,500224
1775429020871,500224
1775429020872,500224
1775429020873,500224
1775429020876,500224
1775429020879,500224
1775429020882,500224
1775429020885,500224
1775429021323,500224
1775429021326,500224
1775429021329,500224
1775429021332,500224
1775429021335,500224
1775429021337,500224
1775429021340,500224
1775429021343,500224
1775429021345,500224
1775429021347,500224
1775429021350,500224
1775429021352,500224
1775429021354,500224
1775429021356,500224
1775429021358,500224
1775429021360,500224
1775429021362,500224
1775429021365,500224
1775429021369,500224
1775429021371,500224
1775429021374,500224
1775429021378,500224
1775429021381,500224
1775429021383,500224
1775429021385,500224
1775429021387,500224
1775429021389,500224
1775429021391,500224
1775429021393,500224
1775429021397,500224
1775429021399,500224
1775429021401,500224
1775429021404,500224
1775429021406,500224
1775429021409,500224
1775429021414,500224
1775429021417,500224
1775429021420,500224
1775429021422,500224
1775429021430,500224
1775429021433,500224
1775429021436,500224
1775429021438,500224
1775429021441,500224
1775429021444,500224
1775429021446,500224
1775429021449,500224
1775429021452,500224
1775429021454,500224
1775429021457,500224
1775429021459,500224
1775429021462,500224
1775429021464,500224
1775429021467,500224
1775429021469,500224
1775429021471,500224
1775429021473,500224
1775429021475,500224
1775429021478,500224
1775429021479,500224
1775429021484,500224
1775429021488,500224
1775429021491,500224
1775429021494,500224
1775429021498,500224
1775429021500,500224
1775429021502,500224
1775429021505,500224
1775429021508,500224
1775429021510,500224
1775429021512,500224
1775429021513,500224
1775429021517,500224
1775429021520,500224
1775429021522,500224
1775429021525,500224
1775429021530,500224
1775429021533,500224
1775429021535,500224
1775429021537,500224
1775429021540,500224
1775429021542,500224
1775429021544,500224
1775429021546,500224
1775429021548,500224
1775429021550,500224
1775429021552,500224
1775429021555,500224
1775429021557,500224
1775429021559,500224
1775429021561,500224
1775429021928,500224
1775429021932,500224
1775429021935,500224
1775429021939,500224
1775429021942,500224
1775429021945,500224
1775429021948,500224
1775429021951,500224
1775429021953,500224
1775429021957,500224
1775429021960,500224
1775429021962,500224
1775429021964,500224
1775429021967,500224
1775429021969,500224
1775429021973,500224
1775429021976,500224
1775429021980,500224
1775429021983,500224
1775429021986,500224
1775429021988,500224
1775429021991,500224
1775429021994,500224
1775429021996,500224
1775429021999,500224
1775429022002,500224
1775429022006,500224
1775429022009,500224
1775429022011,500224
1775429022014,500224
1775429022017,500224
1775429022020,500224
1775429022023,500224
1775429022025,500224
1775429022029,500224
1775429022032,500224
1775429022034,500224
1775429022037,500224
1775429022039,500224
1775429022041,500224
1775429022043,500224
1775429022045,500224
1775429022048,500224
1775429022050,500224
1775429022053,500224
1775429022056,500224
1775429022059,500224
1775429022062,500224
1775429022065,500224
1775429022068,500224
1775429022071,500224
1775429022074,500224
1775429022078,500224
1775429022081,500224
1775429022084,500224
1775429022087,500224
1775429022089,500224
1775429022091,500224
1775429022094,500224
1775429022096,500224
1775429022098,500224
1775429022099,500224
1775429022101,500224
1775429022102,500224
1775429022104,500224
1775429022105,500224
1775429022107,500224
1775429022108,500224
1775429022109,500224
1775429022111,500224
1775429022112,500224
1775429022114,500224
1775429022117,500224
1775429022119,500224
1775429022120,500224
1775429022122,500224
1775429022123,500224
1775429022125,500224
1775429022126,500224
1775429022127,500224
1775429022129,500224
1775429022131,500224
1775429022134,500224
1775429022138,500224
1775429022140,500224
1775429022143,500224
1775429022146,500224
1775429022149,500224
1775429022151,500224
1775429022154,500224
1775429022157,500224
1775429022159,500224
1775429022526,500224
1775429022535,500224
1775429022538,500224
1775429022546,500224
1775429022549,500224
1775429022552,500224
1775429022555,500224
1775429022558,500224
1775429022561,500224
1775429022564,500224
1775429022566,500224
1775429022568,500224
1775429022573,500224
1775429022577,500224
1775429022579,500224
1775429022583,500224
1775429022585,500224
1775429022587,500224
1775429022589,500224
1775429022591,500224
1775429022593,500224
1775429022595,500224
1775429022597,500224
1775429022599,500224
1775429022601,500224
1775429022603,500224
1775429022605,500224
1775429022606,500224
1775429022608,500224
1775429022610,500224
1775429022611,500224
1775429022613,500224
1775429022614,500224
1775429022615,500224
1775429022617,500224
1775429022618,500224
1775429022619,500224
1775429022621,500224
1775429022622,500224
1775429022623,500224
1775429022625,500224
1775429022626,500224
1775429022627,500224
1775429022630,500224
1775429022632,500224
1775429022633,500224
1775429022635,500224
1775429022637,500224
1775429022639,500224
1775429022640,500224
1775429022642,500224
1775429022644,500224
1775429022645,500224
1775429022647,500224
1775429022649,500224
1775429022650,500224
1775429022652,500224
1775429022655,500224
1775429022661,500224
1775429022664,500224
1775429022668,500224
1775429022670,500224
1775429022676,500224
1775429022679,500224
1775429022682,500224
1775429022684,500224
1775429022687,500224
1775429023131,500224
1775429023136,500224
1775429023139,500224
1775429023143,500224
1775429023145,500224
1775429023148,500224
1775429023150,500224
1775429023152,500224
1775429023158,500224
1775429023160,500224
1775429023162,500224
1775429023165,500224
1775429023168,500224
1775429023170,500224
1775429023176,500224
1775429023180,500224
1775429023183,500224
1775429023185,500224
1775429023188,500224
1775429023191,500224
1775429023193,500224
1775429023196,500224
1775429023198,500224
1775429023200,500224
1775429023202,500224
1775429023204,500224
1775429023206,500224
1775429023210,500224
1775429023211,500224
1775429023213,500224
1775429023217,500224
1775429023219,500224
1775429023221,500224
1775429023224,500224
1775429023228,500224
1775429023231,500224
1775429023233,500224
1775429023236,500224
1775429023240,500224
1775429023243,500224
1775429023245,500224
1775429023248,500224
1775429023251,500224
1775429023254,500224
1775429023256,500224
1775429023259,500224
1775429023261,500224
1775429023269,500224
1775429023272,500224
1775429023274,500224
1775429023276,500224
1775429023278,500224
1775429023281,500224
1775429023284,500224
1775429023287,500224
1775429023289,500224
1775429023292,500224
1775429023297,500224
1775429023300,500224
1775429023303,500224
1775429023306,500224
1775429023309,500224
1775429023312,500224
1775429023315,500224
1775429023318,500224
1775429023320,500224
1775429023326,500224
1775429023328,500224
1775429023330,500224
1775429023333,500224
1775429023335,500224
1775429023338,500224
1775429023340,500224
1775429023342,500224
1775429023345,500224
1775429023347,500224
1775429023349,500224
1775429023351,500224
1775429023352,500224
1775429023354,500224
1775429023355,500224
1775429023357,500224
1775429023358,500224
1775429023359,500224
1775429023361,500224
1775429023727,500224
1775429023729,500224
1775429023731,500224
1775429023734,500224
1775429023738,500224
1775429023740,500224
1775429023751,500224
1775429023760,500224
1775429023763,500224
1775429023766,500224
1775429023768,500224
1775429023772,500224
1775429023774,500224
1775429023776,500224
1775429023781,500224
1775429023784,500224
1775429023786,500224
1775429023788,500224
1775429023789,500224
1775429023791,500224
1775429023793,500224
1775429023796,500224
1775429023799,500224
1775429023800,500224
1775429023802,500224
1775429023803,500224
1775429023805,500224
1775429023806,500224
1775429023808,500224
1775429023811,500224
1775429023812,500224
1775429023814,500224
1775429023818,500224
1775429023822,500224
1775429023826,500224
1775429023828,500224
1775429023829,500224
1775429023830,500224
1775429023832,500224
1775429023833,500224
1775429023837,500224
1775429023841,500224
1775429023844,500224
1775429023846,500224
1775429023848,500224
1775429023851,500224
1775429023855,500224
1775429023858,500224
1775429023860,500224
1775429023861,500224
1775429023864,500224
1775429023865,500224
1775429023866,500224
1775429023867,500224
1775429023869,500224
1775429023870,500224
1775429023871,500224
1775429023874,500224
1775429023877,500224
1775429023880,500224
1775429023886,500224
1775429023888,500224
1775429023890,500224
1775429023891,500224
1775429023894,500224
1775429023897,500224
1775429023899,500224
1775429023901,500224
1775429023902,500224
1775429023905,500224
1775429023908,500224
1775429023911,500224
1775429023914,500224
1775429023917,500224
1775429023920,500224
1775429023922,500224
1775429023925,500224
1775429023930,500224
1775429023933,500224
1775429023936,500224
1775429023939,500224
1775429023942,500224
1775429023944,500224
1775429023947,500224
1775429023950,500224
1775429023953,500224
1775429023955,500224
1775429023958,500224
1775429023961,500224
1775429024328,500224
1775429024331,500224
1775429024334,500224
1775429024337,500224
1775429024339,500224
1775429024342,500224
1775429024345,500224
1775429024347,500224
1775429024349,500224
1775429024352,500224
1775429024354,500224
1775429024356,500224
1775429024358,500224
1775429024360,500224
1775429024361,500224
1775429024363,500224
1775429024364,500224
1775429024365,500224
1775429024367,500224
1775429024368,500224
1775429024371,500224
1775429024374,500224
1775429024377,500224
1775429024379,500224
1775429024382,500224
1775429024386,500224
1775429024394,500224
1775429024402,500224
1775429024404,500224
1775429024408,500224
1775429024411,500224
1775429024414,500224
1775429024417,500224
1775429024419,500224
1775429024422,500224
1775429024425,500224
1775429024427,500224
1775429024429,500224
1775429024431,500224
1775429024432,500224
1775429024435,500224
1775429024438,500224
1775429024441,500224
1775429024449,500224
1775429024452,500224
1775429024454,500224
1775429024457,500224
1775429024460,500224
1775429024462,500224
1775429024465,500224
1775429024468,500224
1775429024470,500224
1775429024472,500224
1775429024474,500224
1775429024476,500224
1775429024478,500224
1775429024480,500224
1775429024481,500224
1775429024483,500224
1775429024485,500224
1775429024487,500224
1775429024488,500224
1775429024490,500224
1775429024493,500224
1775429024495,500224
1775429024499,500224
1775429024502,500224
1775429024504,500224
1775429024507,500224
1775429024510,500224
1775429024512,500224
1775429024515,500224
1775429024517,500224
1775429024519,500224
1775429024521,500224
1775429024523,500224
1775429024527,500224
1775429024531,500224
1775429024534,500224
1775429024536,500224
1775429024538,500224
1775429024541,500224
1775429024543,500224
1775429024545,500224
1775429024547,500224
1775429024549,500224
1775429024551,500224
1775429024553,500224
1775429024555,500224
1775429024557,500224
1775429024558,500224
1775429024560,500224
1775429024562,500224
1775429024936,500224
1775429024939,500224
1775429024941,500224
1775429024944,500224
1775429024947,500224
1775429024950,500224
1775429024953,500224
1775429024957,500224
1775429024960,500224
1775429024964,500224
1775429024967,500224
1775429024970,500224
1775429024972,500224
1775429024975,500224
1775429024978,500224
1775429024984,500224
1775429024987,500224
1775429024991,500224
1775429024993,500224
1775429024994,500224
1775429024996,500224
1775429024998,500224
1775429025000,500224
1775429025002,500224
1775429025004,500224
1775429025005,500224
1775429025007,500224
1775429025008,500224
1775429025009,500224
1775429025011,500224
1775429025012,500224
1775429025013,500224
1775429025015,500224
1775429025017,500224
1775429025019,500224
1775429025021,500224
1775429025023,500224
1775429025025,500224
1775429025027,500224
1775429025030,500224
1775429025033,500224
1775429025036,500224
1775429025039,500224
1775429025041,500224
1775429025043,500224
1775429025044,500224
1775429025045,500224
1775429025047,500224
1775429025048,500224
1775429025049,500224
1775429025051,500224
1775429025053,500224
1775429025056,500224
1775429025058,500224
1775429025060,500224
1775429025063,500224
1775429025064,500224
1775429025069,500224
1775429025072,500224
1775429025074,500224
1775429025077,500224
1775429025078,500224
1775429025079,500224
1775429025081,500224
1775429025082,500224
1775429025083,500224
1775429025086,500224
1775429025088,500224
1775429025090,500224
1775429025095,500224
1775429025097,500224
1775429025100,500224
1775429025103,500224
1775429025106,500224
1775429025109,500224
1775429025112,500224
1775429025115,500224
1775429025117,500224
1775429025119,500224
1775429025121,500224
1775429025122,500224
1775429025124,500224
1775429025528,500224
1775429025531,500224
1775429025534,500224
1775429025537,500224
1775429025539,500224
1775429025542,500224
1775429025545,500224
1775429025547,500224
1775429025550,500224
1775429025553,500224
1775429025555,500224
1775429025559,500224
1775429025562,500224
1775429025564,500224
1775429025565,500224
1775429025566,500224
1775429025568,500224
1775429025569,500224
1775429025571,500224
1775429025572,500224
1775429025573,500224
1775429025575,500224
1775429025576,500224
1775429025577,500224
1775429025578,500224
1775429025580,500224
1775429025581,500224
1775429025582,500224
1775429025584,500224
1775429025589,500224
1775429025591,500224
1775429025593,500224
1775429025595,500224
1775429025597,500224
1775429025600,500224
1775429025602,500224
1775429025604,500224
1775429025606,500224
1775429025608,500224
1775429025609,500224
1775429025611,500224
1775429025614,500224
1775429025616,500224
1775429025618,500224
1775429025620,500224
1775429025622,500224
1775429025624,500224
1775429025626,500224
1775429025627,500224
1775429025629,500224
1775429025630,500224
1775429025632,500224
1775429025633,500224
1775429025640,500224
1775429025643,500224
1775429025648,500224
1775429025651,500224
1775429025655,500224
1775429025662,500224
1775429025664,500224
1775429025668,500224
1775429025670,500224
1775429025672,500224
1775429025675,500224
1775429025678,500224
1775429025680,500224
1775429025683,500224
1775429025686,500224
1775429025688,500224
1775429025690,500224
1775429025692,500224
1775429025693,500224
1775429025695,500224
1775429025697,500224
1775429025699,500224
1775429025700,500224
1775429025702,500224
1775429025703,500224
1775429025705,500224
1775429025706,500224
1775429025708,500224
1775429025709,500224
1775429025710,500224
1775429025712,500224
1775429025713,500224
1775429025714,500224
1775429025716,500224
1775429025717,500224
1775429025718,500224
1775429025719,500224
1775429025721,500224
1775429026129,500224
1775429026132,500224
1775429026135,500224
1775429026137,500224
1775429026138,500224
1775429026140,500224
1775429026141,500224
1775429026143,500224
1775429026145,500224
1775429026150,500224
1775429026152,500224
1775429026153,500224
1775429026155,500224
1775429026156,500224
1775429026158,500224
1775429026159,500224
1775429026161,500224
1775429026162,500224
1775429026164,500224
1775429026166,500224
1775429026167,500224
1775429026169,500224
1775429026171,500224
1775429026173,500224
1775429026175,500224
1775429026176,500224
1775429026178,500224
1775429026179,500224
1775429026181,500224
1775429026182,500224
1775429026185,500224
1775429026187,500224
1775429026188,500224
1775429026190,500224
1775429026191,500224
1775429026193,500224
1775429026194,500224
1775429026195,500224
1775429026196,500224
1775429026198,500224
1775429026199,500224
1775429026201,500224
1775429026202,500224
1775429026206,500224
1775429026211,500224
1775429026213,500224
1775429026216,500224
1775429026218,500224
1775429026219,500224
1775429026227,500224
1775429026230,500224
1775429026232,500224
1775429026235,500224
1775429026239,500224
1775429026240,500224
1775429026241,500224
1775429026242,500224
1775429026244,500224
1775429026245,500224
1775429026248,500224
1775429026251,500224
1775429026254,500224
1775429026257,500224
1775429026260,500224
1775429026262,500224
1775429026265,500224
1775429026268,500224
1775429026270,500224
1775429026275,500224
1775429026278,500224
1775429026280,500224
1775429026283,500224
1775429026285,500224
1775429026287,500224
1775429026289,500224
1775429026291,500224
1775429026293,500224
1775429026295,500224
1775429026297,500224
1775429026300,500224
1775429026302,500224
1775429026303,500224
1775429026304,500224
1775429026307,500224
1775429026309,500224
1775429026312,500224
1775429026315,500224
1775429026317,500224
1775429026730,500224
1775429026734,500224
1775429026737,500224
1775429026740,500224
1775429026742,500224
1775429026745,500224
1775429026748,500224
1775429026750,500224
1775429026753,500224
1775429026755,500224
1775429026758,500224
1775429026760,500224
1775429026763,500224
1775429026765,500224
1775429026767,500224
1775429026769,500224
1775429026771,500224
1775429026773,500224
1775429026775,500224
1775429026777,500224
1775429026778,500224
1775429026780,500224
1775429026782,500224
1775429026784,500224
1775429026789,500224
1775429026792,500224
1775429026795,500224
1775429026797,500224
1775429026800,500224
1775429026802,500224
1775429026804,500224
1775429026806,500224
1775429026810,500224
1775429026816,500224
1775429026819,500224
1775429026822,500224
1775429026825,500224
1775429026828,500224
1775429026832,500224
1775429026839,500224
1775429026843,500224
1775429026847,500224
1775429026849,500224
1775429026851,500224
1775429026853,500224
1775429026854,500224
1775429026856,500224
1775429026859,500224
1775429026861,500224
1775429026862,500224
1775429026864,500224
1775429026865,500224
1775429026867,500224
1775429026868,500224
1775429026871,500224
1775429026874,500224
1775429026877,500224
1775429026880,500224
1775429026882,500224
1775429026885,500224
1775429026886,500224
1775429026888,500224
1775429026890,500224
1775429026892,500224
1775429026893,500224
1775429026895,500224
1775429026897,500224
1775429026898,500224
1775429026907,500224
1775429026909,500224
1775429026912,500224
1775429026915,500224
1775429026917,500224
1775429026924,500224
1775429026926,500224
1775429026929,500224
1775429026932,500224
1775429026935,500224
1775429026937,500224
1775429026940,500224
1775429026942,500224
1775429026944,500224
1775429026946,500224
1775429026948,500224
1775429026950,500224
1775429026952,500224
1775429027331,500224
1775429027336,500224
1775429027338,500224
1775429027341,500224
1775429027344,500224
1775429027347,500224
1775429027349,500224
1775429027351,500224
1775429027353,500224
1775429027355,500224
1775429027357,500224
1775429027360,500224
1775429027363,500224
1775429027366,500224
1775429027368,500224
1775429027372,500224
1775429027374,500224
1775429027380,500224
1775429027383,500224
1775429027384,500224
1775429027386,500224
1775429027389,500224
1775429027392,500224
1775429027395,500224
1775429027397,500224
1775429027400,500224
1775429027402,500224
1775429027405,500224
1775429027407,500224
1775429027409,500224
1775429027412,500224
1775429027413,500224
1775429027416,500224
1775429027419,500224
1775429027421,500224
1775429027423,500224
1775429027426,500224
1775429027428,500224
1775429027430,500224
1775429027432,500224
1775429027435,500224
1775429027442,500224
1775429027444,500224
1775429027447,500224
1775429027450,500224
1775429027452,500224
1775429027455,500224
1775429027457,500224
1775429027461,500224
1775429027467,500224
1775429027470,500224
1775429027473,500224
1775429027475,500224
1775429027477,500224
1775429027483,500224
1775429027485,500224
1775429027487,500224
1775429027490,500224
1775429027492,500224
1775429027494,500224
1775429027499,500224
1775429027501,500224
1775429027503,500224
1775429027505,500224
1775429027506,500224
1775429027508,500224
1775429027510,500224
1775429027511,500224
1775429027513,500224
1775429027514,500224
1775429027516,500224
1775429027517,500224
1775429027519,500224
1775429027522,500224
1775429027525,500224
1775429027528,500224
1775429027531,500224
1775429027534,500224
1775429027536,500224
1775429027538,500224
1775429027539,500224
1775429027540,500224
1775429027542,500224
1775429027543,500224
1775429027544,500224
1775429027545,500224
1775429027547,500224
1775429027548,500224
1775429027549,500224
1775429027551,500224
1775429027552,500224
1775429027933,500224
1775429027936,500224
1775429027939,500224
1775429027941,500224
1775429027944,500224
1775429027946,500224
1775429027949,500224
1775429027951,500224
1775429027953,500224
1775429027955,500224
1775429027957,500224
1775429027959,500224
1775429027960,500224
1775429027962,500224
1775429027964,500224
1775429027966,500224
1775429027968,500224
1775429027969,500224
1775429027971,500224
1775429027973,500224
1775429027975,500224
1775429027976,500224
1775429027978,500224
1775429027981,500224
1775429027985,500224
1775429027988,500224
1775429027990,500224
1775429027992,500224
1775429027995,500224
1775429027998,500224
1775429028000,500224
1775429028007,500224
1775429028010,500224
1775429028012,500224
1775429028016,500224
1775429028019,500224
1775429028020,500224
1775429028022,500224
1775429028024,500224
1775429028031,500224
1775429028034,500224
1775429028037,500224
1775429028040,500224
1775429028044,500224
1775429028047,500224
1775429028050,500224
1775429028052,500224
1775429028054,500224
1775429028057,500224
1775429028059,500224
1775429028061,500224
1775429028064,500224
1775429028068,500224
1775429028071,500224
1775429028074,500224
1775429028076,500224
1775429028078,500224
1775429028080,500224
1775429028082,500224
1775429028083,500224
1775429028085,500224
1775429028086,500224
1775429028087,500224
1775429028089,500224
1775429028090,500224
1775429028091,500224
1775429028093,500224
1775429028095,500224
1775429028096,500224
1775429028098,500224
1775429028099,500224
1775429028101,500224
1775429028102,500224
1775429028103,500224
1775429028105,500224
1775429028108,500224
1775429028111,500224
1775429028114,500224
1775429028116,500224
1775429028119,500224
1775429028122,500224
1775429028125,500224
1775429028128,500224
1775429028130,500224
1775429028133,500224
1775429028136,500224
1775429028138,500224
1775429028141,500224
1775429028143,500224
1775429028144,500224
1775429028146,500224
1775429028147,500224
1775429028149,500224
1775429028150,500224
1775429028152,500224
1775429028153,500224
1775429028534,500224
1775429028537,500224
1775429028540,500224
1775429028548,500224
1775429028551,500224
1775429028554,500224
1775429028556,500224
1775429028559,500224
1775429028562,500224
1775429028565,500224
1775429028568,500224
1775429028570,500224
1775429028572,500224
1775429028574,500224
1775429028576,500224
1775429028579,500224
1775429028581,500224
1775429028584,500224
1775429028586,500224
1775429028588,500224
1775429028591,500224
1775429028594,500224
1775429028596,500224
1775429028598,500224
1775429028599,500224
1775429028604,500224
1775429028605,500224
1775429028607,500224
1775429028608,500224
1775429028609,500224
1775429028611,500224
1775429028613,500224
1775429028615,500224
1775429028618,500224
1775429028621,500224
1775429028623,500224
1775429028626,500224
1775429028629,500224
1775429028631,500224
1775429028634,500224
1775429028637,500224
1775429028639,500224
1775429028642,500224
1775429028645,500224
1775429028649,500224
1775429028653,500224
1775429028655,500224
1775429028656,500224
1775429028658,500224
1775429028659,500224
1775429028661,500224
1775429028662,500224
1775429028664,500224
1775429028665,500224
1775429028667,500224
1775429028668,500224
1775429028669,500224
1775429028670,500224
1775429028672,500224
1775429028673,500224
1775429028677,500224
1775429028685,500224
1775429028688,500224
1775429028690,500224
1775429028691,500224
1775429028693,500224
1775429028697,500224
1775429028698,500224
1775429028700,500224
1775429028701,500224
1775429028703,500224
1775429028704,500224
1775429028705,500224
1775429028707,500224
1775429028708,500224
1775429028710,500224
1775429028711,500224
1775429028713,500224
1775429028716,500224
1775429028718,500224
1775429028720,500224
1775429028722,500224
1775429029133,500224
1775429029136,500224
1775429029139,500224
1775429029141,500224
1775429029144,500224
1775429029149,500224
1775429029152,500224
1775429029155,500224
1775429029157,500224
1775429029160,500224
1775429029165,500224
1775429029167,500224
1775429029169,500224
1775429029170,500224
1775429029172,500224
1775429029173,500224
1775429029174,500224
1775429029176,500224
1775429029177,500224
1775429029178,500224
1775429029180,500224
1775429029181,500224
1775429029182,500224
1775429029183,500224
1775429029185,500224
1775429029186,500224
1775429029188,500224
1775429029190,500224
1775429029192,500224
1775429029195,500224
1775429029197,500224
1775429029199,500224
1775429029201,500224
1775429029203,500224
1775429029204,500224
1775429029206,500224
1775429029207,500224
1775429029213,500224
1775429029216,500224
1775429029218,500224
1775429029222,500224
1775429029225,500224
1775429029227,500224
1775429029229,500224
1775429029230,500224
1775429029232,500224
1775429029236,500224
1775429029238,500224
1775429029239,500224
1775429029246,500224
1775429029250,500224
1775429029252,500224
1775429029253,500224
1775429029255,500224
1775429029256,500224
1775429029258,500224
1775429029259,500224
1775429029261,500224
1775429029262,500224
1775429029273,500224
1775429029274,500224
1775429029276,500224
1775429029277,500224
1775429029278,500224
1775429029280,500224
1775429029281,500224
1775429029282,500224
1775429029285,500224
1775429029287,500224
1775429029289,500224
1775429029291,500224
1775429029293,500224
1775429029295,500224
1775429029296,500224
1775429029297,500224
1775429029298,500224
1775429029301,500224
1775429029304,500224
1775429029306,500224
1775429029309,500224
1775429029311,500224
1775429029314,500224
1775429029316,500224
1775429029320,500224
1775429029323,500224
1775429029326,500224
1775429029330,500224
1775429029333,500224
1775429029336,500224
1775429029338,500224
1775429029341,500224
1775429029733,500224
1775429029736,500224
1775429029738,500224
1775429029739,500224
1775429029742,500224
1775429029744,500224
1775429029747,500224
1775429029750,500224
1775429029753,500224
1775429029758,500224
1775429029759,500224
1775429029761,500224
1775429029763,500224
1775429029764,500224
1775429029765,500224
1775429029766,500224
1775429029771,500224
1775429029774,500224
1775429029777,500224
1775429029780,500224
1775429029787,500224
1775429029791,500224
1775429029794,500224
1775429029795,500224
1775429029797,500224
1775429029799,500224
1775429029801,500224
1775429029803,500224
1775429029805,500224
1775429029806,500224
1775429029810,500224
1775429029811,500224
1775429029813,500224
1775429029814,500224
1775429029816,500224
1775429029819,500224
1775429029820,500224
1775429029822,500224
1775429029824,500224
1775429029826,500224
1775429029827,500224
1775429029829,500224
1775429029831,500224
1775429029832,500224
1775429029833,500224
1775429029835,500224
1775429029836,500224
1775429029838,500224
1775429029839,500224
1775429029841,500224
1775429029842,500224
1775429029844,500224
1775429029845,500224
1775429029846,500224
1775429029848,500224
1775429029849,500224
1775429029850,500224
1775429029851,500224
1775429029854,500224
1775429029856,500224
1775429029857,500224
1775429029859,500224
1775429029861,500224
1775429029863,500224
1775429029866,500224
1775429029870,500224
1775429029872,500224
1775429029874,500224
1775429029875,500224
1775429029877,500224
1775429029878,500224
1775429029880,500224
1775429029881,500224
1775429029882,500224
1775429029884,500224
1775429029885,500224
1775429029887,500224
1775429029888,500224
1775429029890,500224
1775429029891,500224
1775429029892,500224
1775429029894,500224
1775429029895,500224
1775429029896,500224
1775429029897,500224
1775429029900,500224
1775429029903,500224
1775429029904,500224
1775429029905,500224
1775429029911,500224
1775429029913,500224
1775429029917,500224
1775429029922,500224
1775429029927,500224
1775429029929,500224
1775429029930,500224
1775429029931,500224
1775429029932,500224
1775429029934,500224
1775429029935,500224
1775429029936,500224
1775429029937,500224
1775429030336,500224
1775429030339,500224
1775429030342,500224
1775429030344,500224
1775429030347,500224
1775429030351,500224
1775429030360,500224
1775429030363,500224
1775429030365,500224
1775429030367,500224
1775429030369,500224
1775429030370,500224
1775429030372,500224
1775429030374,500224
1775429030376,500224
1775429030379,500224
1775429030381,500224
1775429030383,500224
1775429030385,500224
1775429030387,500224
1775429030389,500224
1775429030390,500224
1775429030392,500224
1775429030394,500224
1775429030395,500224
1775429030397,500224
1775429030398,500224
1775429030400,500224
1775429030402,500224
1775429030403,500224
1775429030405,500224
1775429030406,500224
1775429030408,500224
1775429030409,500224
1775429030410,500224
1775429030412,500224
1775429030413,500224
1775429030416,500224
1775429030419,500224
1775429030421,500224
1775429030424,500224
1775429030427,500224
1775429030429,500224
1775429030430,500224
1775429030431,500224
1775429030432,500224
1775429030434,500224
1775429030435,500224
1775429030436,500224
1775429030437,500224
1775429030439,500224
1775429030440,500224
1775429030441,500224
1775429030442,500224
1775429030447,500224
1775429030452,500224
1775429030460,500224
1775429030463,500224
1775429030466,500224
1775429030468,500224
1775429030472,500224
1775429030474,500224
1775429030477,500224
1775429030480,500224
1775429030482,500224
1775429030485,500224
1775429030488,500224
1775429030490,500224
1775429030493,500224
1775429030497,500224
1775429030499,500224
1775429030501,500224
1775429030503,500224
1775429030507,500224
1775429030510,500224
1775429030513,500224
1775429030515,500224
1775429030518,500224
1775429030521,500224
1775429030523,500224
1775429030525,500224
1775429030527,500224
1775429030529,500224
1775429030531,500224
1775429030533,500224
1775429030535,500224
1775429030537,500224
1775429030545,500224
1775429030547,500224
1775429030550,500224
1775429030554,500224
1775429030557,500224
1775429030936,500224
1775429030939,500224
1775429030942,500224
1775429030945,500224
1775429030947,500224
1775429030954,500224
1775429030957,500224
1775429030960,500224
1775429030963,500224
1775429030966,500224
1775429030970,500224
1775429030973,500224
1775429030975,500224
1775429030978,500224
1775429030981,500224
1775429030985,500224
1775429030988,500224
1775429030991,500224
1775429030993,500224
1775429030995,500224
1775429030997,500224
1775429030999,500224
1775429031001,500224
1775429031002,500224
1775429031007,500224
1775429031008,500224
1775429031012,500224
1775429031014,500224
1775429031020,500224
1775429031025,500224
1775429031028,500224
1775429031031,500224
1775429031033,500224
1775429031035,500224
1775429031037,500224
1775429031038,500224
1775429031040,500224
1775429031042,500224
1775429031044,500224
1775429031045,500224
1775429031048,500224
1775429031051,500224
1775429031054,500224
1775429031057,500224
1775429031059,500224
1775429031061,500224
1775429031064,500224
1775429031067,500224
1775429031074,500224
1775429031078,500224
1775429031080,500224
1775429031083,500224
1775429031086,500224
1775429031089,500224
1775429031092,500224
1775429031096,500224
1775429031099,500224
1775429031102,500224
1775429031104,500224
1775429031107,500224
1775429031109,500224
1775429031112,500224
1775429031114,500224
1775429031116,500224
1775429031117,500224
1775429031118,500224
1775429031121,500224
1775429031123,500224
1775429031125,500224
1775429031129,500224
1775429031131,500224
1775429031138,500224
1775429031145,500224
1775429031147,500224
1775429031149,500224
1775429031152,500224
1775429031154,500224
1775429031160,500224
1775429031163,500224
1775429031165,500224
1775429031169,500224
1775429031171,500224
1775429031174,500224
1775429031177,500224
1775429031180,500224
1775429031182,500224
1775429031184,500224
1775429031186,500224
1775429031188,500224
1775429031191,500224
1775429031195,500224
1775429031199,500224
1775429031202,500224
1775429031204,500224
1775429031208,500224
1775429031211,500224
1775429031542,500224
1775429031545,500224
1775429031547,500224
1775429031548,500224
1775429031550,500224
1775429031552,500224
1775429031553,500224
1775429031555,500224
1775429031557,500224
1775429031558,500224
1775429031560,500224
1775429031562,500224
1775429031567,500224
1775429031568,500224
1775429031577,500224
1775429031580,500224
1775429031583,500224
1775429031586,500224
1775429031590,500224
1775429031592,500224
1775429031596,500224
1775429031599,500224
1775429031602,500224
1775429031604,500224
1775429031605,500224
1775429031607,500224
1775429031609,500224
1775429031615,500224
1775429031618,500224
1775429031621,500224
1775429031623,500224
1775429031626,500224
1775429031629,500224
1775429031631,500224
1775429031634,500224
1775429031636,500224
1775429031638,500224
1775429031639,500224
1775429031641,500224
1775429031644,500224
1775429031646,500224
1775429031648,500224
1775429031649,500224
1775429031652,500224
1775429031663,500224
1775429031665,500224
1775429031667,500224
1775429031668,500224
1775429031670,500224
1775429031672,500224
1775429031673,500224
1775429031675,500224
1775429031676,500224
1775429031677,500224
1775429031679,500224
1775429031680,500224
1775429031682,500224
1775429031683,500224
1775429031684,500224
1775429031686,500224
1775429031688,500224
1775429031689,500224
1775429031690,500224
1775429031692,500224
1775429031693,500224
1775429031694,500224
1775429031696,500224
1775429031697,500224
1775429031699,500224
1775429031701,500224
1775429031703,500224
1775429031705,500224
1775429031707,500224
1775429031708,500224
1775429031710,500224
1775429031713,500224
1775429031716,500224
1775429031719,500224
1775429031722,500224
1775429031724,500224
1775429031726,500224
1775429031728,500224
1775429031734,500224
1775429031738,500224
1775429031741,500224
1775429031744,500224
1775429031752,500224
1775429031758,500224
1775429031761,500224
1775429032140,500224
1775429032144,500224
1775429032149,500224
1775429032152,500224
1775429032156,500224
1775429032160,500224
1775429032162,500224
1775429032168,500224
1775429032171,500224
1775429032174,500224
1775429032176,500224
1775429032179,500224
1775429032182,500224
1775429032184,500224
1775429032186,500224
1775429032191,500224
1775429032194,500224
1775429032197,500224
1775429032199,500224
1775429032204,500224
1775429032206,500224
1775429032210,500224
1775429032213,500224
1775429032216,500224
1775429032218,500224
1775429032221,500224
1775429032224,500224
1775429032226,500224
1775429032229,500224
1775429032231,500224
1775429032234,500224
1775429032236,500224
1775429032237,500224
1775429032239,500224
1775429032240,500224
1775429032242,500224
1775429032243,500224
1775429032244,500224
1775429032246,500224
1775429032247,500224
1775429032249,500224
1775429032251,500224
1775429032253,500224
1775429032259,500224
1775429032262,500224
1775429032264,500224
1775429032267,500224
1775429032268,500224
1775429032270,500224
1775429032273,500224
1775429032275,500224
1775429032278,500224
1775429032279,500224
1775429032281,500224
1775429032284,500224
1775429032286,500224
1775429032288,500224
1775429032290,500224
1775429032292,500224
1775429032297,500224
1775429032300,500224
1775429032302,500224
1775429032307,500224
1775429032310,500224
1775429032313,500224
1775429032316,500224
1775429032318,500224
1775429032321,500224
1775429032323,500224
1775429032326,500224
1775429032328,500224
1775429032331,500224
1775429032343,500224
1775429032345,500224
1775429032347,500224
1775429032348,500224
1775429032350,500224
1775429032352,500224
1775429032354,500224
1775429032356,500224
1775429032357,500224
1775429032359,500224
1775429032361,500224
1775429032740,500224
1775429032742,500224
1775429032745,500224
1775429032749,500224
1775429032751,500224
1775429032753,500224
1775429032760,500224
1775429032763,500224
1775429032766,500224
1775429032768,500224
1775429032769,500224
1775429032773,500224
1775429032776,500224
1775429032778,500224
1775429032783,500224
1775429032790,500224
1775429032792,500224
1775429032796,500224
1775429032800,500224
1775429032804,500224
1775429032807,500224
1775429032809,500224
1775429032811,500224
1775429032813,500224
1775429032814,500224
1775429032816,500224
1775429032818,500224
1775429032820,500224
1775429032821,500224
1775429032823,500224
1775429032824,500224
1775429032826,500224
1775429032827,500224
1775429032829,500224
1775429032831,500224
1775429032834,500224
1775429032836,500224
1775429032838,500224
1775429032840,500224
1775429032842,500224
1775429032843,500224
1775429032845,500224
1775429032847,500224
1775429032849,500224
1775429032851,500224
1775429032852,500224
1775429032855,500224
1775429032857,500224
1775429032861,500224
1775429032863,500224
1775429032865,500224
1775429032867,500224
1775429032869,500224
1775429032871,500224
1775429032872,500224
1775429032874,500224
1775429032876,500224
1775429032878,500224
1775429032880,500224
1775429032881,500224
1775429032883,500224
1775429032885,500224
1775429032886,500224
1775429032888,500224
1775429032891,500224
1775429032894,500224
1775429032896,500224
1775429032899,500224
1775429032901,500224
1775429032903,500224
1775429032905,500224
1775429032907,500224
1775429032909,500224
1775429032911,500224
1775429032913,500224
1775429032917,500224
1775429032920,500224
1775429032922,500224
1775429032924,500224
1775429032925,500224
1775429032928,500224
1775429032934,500224
1775429032937,500224
1775429032939,500224
1775429032940,500224
1775429032942,500224
1775429032945,500224
1775429032947,500224
1775429032949,500224
1775429032950,500224
1775429032953,500224
1775429032956,500224
1775429032959,500224
1775429032962,500224
1775429032964,500224
1775429032967,500224
1775429032970,500224
1775429032972,500224
1775429032975,500224
1775429032978,500224
1775429033340,500224
1775429033344,500224
1775429033347,500224
1775429033349,500224
1775429033352,500224
1775429033355,500224
1775429033357,500224
1775429033361,500224
1775429033363,500224
1775429033365,500224
1775429033367,500224
1775429033369,500224
1775429033371,500224
1775429033373,500224
1775429033375,500224
1775429033377,500224
1775429033379,500224
1775429033380,500224
1775429033382,500224
1775429033384,500224
1775429033385,500224
1775429033387,500224
1775429033388,500224
1775429033391,500224
1775429033393,500224
1775429033394,500224
1775429033395,500224
1775429033397,500224
1775429033398,500224
1775429033400,500224
1775429033401,500224
1775429033405,500224
1775429033407,500224
1775429033411,500224
1775429033414,500224
1775429033416,500224
1775429033419,500224
1775429033421,500224
1775429033423,500224
1775429033425,500224
1775429033428,500224
1775429033430,500224
1775429033432,500224
1775429033434,500224
1775429033437,500224
1775429033439,500224
1775429033441,500224
1775429033445,500224
1775429033449,500224
1775429033452,500224
1775429033454,500224
1775429033459,500224
1775429033462,500224
1775429033465,500224
1775429033468,500224
1775429033471,500224
1775429033474,500224
1775429033478,500224
1775429033485,500224
1775429033487,500224
1775429033489,500224
1775429033490,500224
1775429033495,500224
1775429033498,500224
1775429033500,500224
1775429033502,500224
1775429033503,500224
1775429033507,500224
1775429033510,500224
1775429033512,500224
1775429033515,500224
1775429033517,500224
1775429033520,500224
1775429033522,500224
1775429033524,500224
1775429033525,500224
1775429033526,500224
1775429033528,500224
1775429033529,500224
1775429033534,500224
1775429033536,500224
1775429033539,500224
1775429033541,500224
1775429033543,500224
1775429033545,500224
1775429033548,500224
1775429033550,500224
1775429033552,500224
1775429033554,500224
1775429033556,500224
1775429033557,500224
1775429033559,500224
1775429033560,500224
1775429033563,500224
1775429033565,500224
1775429033567,500224
1775429033569,500224
1775429033572,500224
1775429033574,500224
1775429033576,500224
1775429033577,500224
1775429033578,500224
1775429033580,500224
1775429033583,500224
1775429033940,500224
1775429033943,500224
1775429033945,500224
1775429033949,500224
1775429033950,500224
1775429033952,500224
1775429033955,500224
1775429033956,500224
1775429033958,500224
1775429033960,500224
1775429033962,500224
1775429033963,500224
1775429033966,500224
1775429033967,500224
1775429033969,500224
1775429033970,500224
1775429033971,500224
1775429033973,500224
1775429033978,500224
1775429033979,500224
1775429033981,500224
1775429033982,500224
1775429033983,500224
1775429033984,500224
1775429033988,500224
1775429033990,500224
1775429033991,500224
1775429033996,500224
1775429033998,500224
1775429034001,500224
1775429034003,500224
1775429034005,500224
1775429034006,500224
1775429034008,500224
1775429034011,500224
1775429034014,500224
1775429034016,500224
1775429034017,500224
1775429034018,500224
1775429034020,500224
1775429034022,500224
1775429034023,500224
1775429034031,500224
1775429034033,500224
1775429034036,500224
1775429034039,500224
1775429034040,500224
1775429034042,500224
1775429034043,500224
1775429034045,500224
1775429034046,500224
1775429034047,500224
1775429034049,500224
1775429034050,500224
1775429034051,500224
1775429034052,500224
1775429034054,500224
1775429034055,500224
1775429034056,500224
1775429034057,500224
1775429034058,500224
1775429034060,500224
1775429034061,500224
1775429034062,500224
1775429034064,500224
1775429034065,500224
1775429034066,500224
1775429034067,500224
1775429034071,500224
1775429034085,500224
1775429034087,500224
1775429034090,500224
1775429034093,500224
1775429034095,500224
1775429034099,500224
1775429034100,500224
1775429034102,500224
1775429034104,500224
1775429034105,500224
1775429034108,500224
1775429034111,500224
1775429034112,500224
1775429034114,500224
1775429034116,500224
1775429034117,500224
1775429034119,500224
1775429034120,500224
1775429034122,500224
1775429034124,500224
1775429034125,500224
1775429034127,500224
1775429034129,500224
1775429034130,500224
1775429034132,500224
1775429034134,500224
1775429034541,500224
1775429034543,500224
1775429034546,500224
1775429034549,500224
1775429034551,500224
1775429034553,500224
1775429034555,500224
1775429034557,500224
1775429034559,500224
1775429034561,500224
1775429034563,500224
1775429034564,500224
1775429034566,500224
1775429034568,500224
1775429034573,500224
1775429034575,500224
1775429034578,500224
1775429034583,500224
1775429034585,500224
1775429034587,500224
1775429034588,500224
1775429034591,500224
1775429034594,500224
1775429034596,500224
1775429034599,500224
1775429034601,500224
1775429034603,500224
1775429034605,500224
1775429034607,500224
1775429034610,500224
1775429034612,500224
1775429034615,500224
1775429034618,500224
1775429034620,500224
1775429034623,500224
1775429034628,500224
1775429034631,500224
1775429034633,500224
1775429034637,500224
1775429034640,500224
1775429034643,500224
1775429034646,500224
1775429034649,500224
1775429034652,500224
1775429034654,500224
1775429034657,500224
1775429034661,500224
1775429034663,500224
1775429034666,500224
1775429034668,500224
1775429034671,500224
1775429034673,500224
1775429034676,500224
1775429034678,500224
1775429034681,500224
1775429034686,500224
1775429034688,500224
1775429034690,500224
1775429034697,500224
1775429034701,500224
1775429034703,500224
1775429034706,500224
1775429034709,500224
1775429034711,500224
1775429034714,500224
1775429034717,500224
1775429034719,500224
1775429034722,500224
1775429034725,500224
1775429034727,500224
1775429034729,500224
1775429034731,500224
1775429034742,500224
1775429034748,500224
1775429034750,500224
1775429034751,500224
1775429034753,500224
1775429034754,500224
1775429034755,500224
1775429034757,500224
1775429034758,500224
1775429034759,500224
1775429034761,500224
1775429034762,500224
1775429034763,500224
1775429034764,500224
1775429035141,500224
1775429035145,500224
1775429035148,500224
1775429035151,500224
1775429035154,500224
1775429035156,500224
1775429035159,500224
1775429035162,500224
1775429035164,500224
1775429035167,500224
1775429035169,500224
1775429035173,500224
1775429035176,500224
1775429035179,500224
1775429035181,500224
1775429035187,500224
1775429035191,500224
1775429035194,500224
1775429035196,500224
1775429035198,500224
1775429035204,500224
1775429035207,500224
1775429035209,500224
1775429035211,500224
1775429035212,500224
1775429035214,500224
1775429035216,500224
1775429035218,500224
1775429035220,500224
1775429035222,500224
1775429035224,500224
1775429035227,500224
1775429035229,500224
1775429035233,500224
1775429035234,500224
1775429035236,500224
1775429035238,500224
1775429035239,500224
1775429035241,500224
1775429035243,500224
1775429035244,500224
1775429035246,500224
1775429035248,500224
1775429035250,500224
1775429035252,500224
1775429035253,500224
1775429035255,500224
1775429035257,500224
1775429035258,500224
1775429035261,500224
1775429035264,500224
1775429035266,500224
1775429035269,500224
1775429035271,500224
1775429035272,500224
1775429035278,500224
1775429035283,500224
1775429035286,500224
1775429035287,500224
1775429035290,500224
1775429035294,500224
1775429035295,500224
1775429035296,500224
1775429035298,500224
1775429035300,500224
1775429035302,500224
1775429035303,500224
1775429035312,500224
1775429035316,500224
1775429035320,500224
1775429035325,500224
1775429035331,500224
1775429035334,500224
1775429035336,500224
1775429035337,500224
1775429035339,500224
1775429035749,500224
1775429035752,500224
1775429035758,500224
1775429035765,500224
1775429035768,500224
1775429035773,500224
1775429035776,500224
1775429035779,500224
1775429035782,500224
1775429035784,500224
1775429035787,500224
1775429035790,500224
1775429035792,500224
1775429035794,500224
1775429035797,500224
1775429035799,500224
1775429035801,500224
1775429035803,500224
1775429035804,500224
1775429035805,500224
1775429035807,500224
1775429035808,500224
1775429035811,500224
1775429035814,500224
1775429035816,500224
1775429035817,500224
1775429035819,500224
1775429035820,500224
1775429035822,500224
1775429035823,500224
1775429035825,500224
1775429035826,500224
1775429035828,500224
1775429035829,500224
1775429035831,500224
1775429035832,500224
1775429035834,500224
1775429035836,500224
1775429035839,500224
1775429035843,500224
1775429035845,500224
1775429035846,500224
1775429035849,500224
1775429035854,500224
1775429035856,500224
1775429035859,500224
1775429035862,500224
1775429035865,500224
1775429035868,500224
1775429035870,500224
1775429035872,500224
1775429035873,500224
1775429035875,500224
1775429035877,500224
1775429035880,500224
1775429035882,500224
1775429035883,500224
1775429035885,500224
1775429035887,500224
1775429035889,500224
1775429035891,500224
1775429035892,500224
1775429035896,500224
1775429035899,500224
1775429035902,500224
1775429035905,500224
1775429035907,500224
1775429035914,500224
1775429035917,500224
1775429035920,500224
1775429035923,500224
1775429035925,500224
1775429035928,500224
1775429035930,500224
1775429035933,500224
1775429035936,500224
1775429035938,500224
1775429035940,500224
1775429035942,500224
1775429035944,500224
1775429035945,500224
1775429035946,500224
1775429035948,500224
1775429035949,500224
1775429035950,500224
1775429035951,500224
1775429035954,500224
1775429035956,500224
1775429035958,500224
1775429035960,500224
1775429035962,500224
1775429035964,500224
1775429035966,500224
1775429035968,500224
1775429035969,500224
1775429035971,500224
1775429035973,500224
1775429035974,500224
1775429035976,500224
1775429035978,500224
1775429035979,500224
1775429035981,500224
1775429035982,500224
1775429035983,500224
1775429035985,500224
1775429036347,500224
1775429036350,500224
1775429036353,500224
1775429036356,500224
1775429036359,500224
1775429036362,500224
1775429036364,500224
1775429036366,500224
1775429036367,500224
1775429036369,500224
1775429036372,500224
1775429036375,500224
1775429036377,500224
1775429036379,500224
1775429036380,500224
1775429036382,500224
1775429036383,500224
1775429036385,500224
1775429036386,500224
1775429036389,500224
1775429036392,500224
1775429036399,500224
1775429036402,500224
1775429036404,500224
1775429036407,500224
1775429036410,500224
1775429036412,500224
1775429036414,500224
1775429036416,500224
1775429036419,500224
1775429036421,500224
1775429036423,500224
1775429036429,500224
1775429036433,500224
1775429036435,500224
1775429036440,500224
1775429036448,500224
1775429036451,500224
1775429036455,500224
1775429036460,500224
1775429036465,500224
1775429036468,500224
1775429036469,500224
1775429036471,500224
1775429036473,500224
1775429036476,500224
1775429036479,500224
1775429036481,500224
1775429036484,500224
1775429036487,500224
1775429036488,500224
1775429036490,500224
1775429036491,500224
1775429036493,500224
1775429036494,500224
1775429036496,500224
1775429036497,500224
1775429036499,500224
1775429036500,500224
1775429036501,500224
1775429036503,500224
1775429036504,500224
1775429036505,500224
1775429036507,500224
1775429036508,500224
1775429036509,500224
1775429036511,500224
1775429036513,500224
1775429036516,500224
1775429036519,500224
1775429036521,500224
1775429036524,500224
1775429036526,500224
1775429036527,500224
1775429036529,500224
1775429036531,500224
1775429036533,500224
1775429036534,500224
1775429036536,500224
1775429036538,500224
1775429036539,500224
1775429036541,500224
1775429036542,500224
1775429036543,500224
1775429036545,500224
1775429036549,500224
1775429036551,500224
1775429036553,500224
1775429036556,500224
1775429036559,500224
1775429036561,500224
1775429036563,500224
1775429036564,500224
1775429036566,500224
1775429036567,500224
1775429036568,500224
1775429036569,500224
1775429036571,500224
1775429036572,500224
1775429036574,500224
1775429036575,500224
1775429036576,500224
1775429036577,500224
1775429036579,500224
1775429036946,500224
1775429036949,500224
1775429036952,500224
1775429036954,500224
1775429036957,500224
1775429036964,500224
1775429036971,500224
1775429036974,500224
1775429036977,500224
1775429036979,500224
1775429036980,500224
1775429036984,500224
1775429036987,500224
1775429036989,500224
1775429036992,500224
1775429036994,500224
1775429036996,500224
1775429036999,500224
1775429037004,500224
1775429037006,500224
1775429037009,500224
1775429037012,500224
1775429037015,500224
1775429037017,500224
1775429037020,500224
1775429037022,500224
1775429037023,500224
1775429037025,500224
1775429037027,500224
1775429037029,500224
1775429037030,500224
1775429037032,500224
1775429037034,500224
1775429037035,500224
1775429037037,500224
1775429037039,500224
1775429037044,500224
1775429037046,500224
1775429037048,500224
1775429037053,500224
1775429037059,500224
1775429037062,500224
1775429037065,500224
1775429037067,500224
1775429037071,500224
1775429037074,500224
1775429037076,500224
1775429037080,500224
1775429037081,500224
1775429037083,500224
1775429037086,500224
1775429037088,500224
1775429037090,500224
1775429037091,500224
1775429037093,500224
1775429037094,500224
1775429037096,500224
1775429037097,500224
1775429037098,500224
1775429037100,500224
1775429037101,500224
1775429037102,500224
1775429037103,500224
1775429037105,500224
1775429037106,500224
1775429037107,500224
1775429037109,500224
1775429037110,500224
1775429037111,500224
1775429037113,500224
1775429037115,500224
1775429037117,500224
1775429037119,500224
1775429037121,500224
1775429037123,500224
1775429037124,500224
1775429037125,500224
1775429037126,500224
1775429037128,500224
1775429037130,500224
1775429037131,500224
1775429037551,500224
1775429037554,500224
1775429037557,500224
1775429037560,500224
1775429037563,500224
1775429037566,500224
1775429037569,500224
1775429037571,500224
1775429037573,500224
1775429037576,500224
1775429037578,500224
1775429037585,500224
1775429037588,500224
1775429037591,500224
1775429037594,500224
1775429037596,500224
1775429037598,500224
1775429037599,500224
1775429037601,500224
1775429037603,500224
1775429037604,500224
1775429037606,500224
1775429037607,500224
1775429037611,500224
1775429037614,500224
1775429037617,500224
1775429037619,500224
1775429037622,500224
1775429037625,500224
1775429037627,500224
1775429037630,500224
1775429037633,500224
1775429037635,500224
1775429037638,500224
1775429037640,500224
1775429037643,500224
1775429037645,500224
1775429037648,500224
1775429037652,500224
1775429037654,500224
1775429037657,500224
1775429037660,500224
1775429037663,500224
1775429037664,500224
1775429037665,500224
1775429037669,500224
1775429037672,500224
1775429037674,500224
1775429037676,500224
1775429037678,500224
1775429037681,500224
1775429037683,500224
1775429037685,500224
1775429037686,500224
1775429037688,500224
1775429037689,500224
1775429037692,500224
1775429037696,500224
1775429037699,500224
1775429037705,500224
1775429037708,500224
1775429037710,500224
1775429037711,500224
1775429037713,500224
1775429037715,500224
1775429037716,500224
1775429037718,500224
1775429037723,500224
1775429037730,500224
1775429037737,500224
1775429037739,500224
1775429037741,500224
1775429037743,500224
1775429037745,500224
1775429037746,500224
1775429037748,500224
1775429037749,500224
1775429037751,500224
1775429037753,500224
1775429037756,500224
1775429037763,500224
1775429037765,500224
1775429037768,500224
1775429037770,500224
1775429037772,500224
1775429037773,500224
1775429037775,500224
1775429037776,500224
1775429037777,500224
1775429037779,500224
1775429037780,500224
1775429037781,500224
1775429037782,500224
1775429037784,500224
1775429037785,500224
1775429037786,500224
1775429037788,500224
1775429037789,500224
1775429037791,500224
1775429037792,500224
1775429037794,500224
1775429037795,500224
1775429037797,500224
1775429037798,500224
1775429037799,500224
1775429037801,500224
1775429037802,500224
1775429037803,500224
1775429037804,500224
1775429037806,500224
1775429037807,500224
1775429037808,500224
1775429037810,500224
1775429037811,500224
1775429037812,500224
1775429037813,500224
1775429037815,500224
1775429037816,500224
1775429037817,500224
1775429037819,500224
1775429037820,500224
1775429037821,500224
1775429037822,500224
1775429037824,500224
1775429037825,500224
1775429037826,500224
1775429037828,500224
1775429037829,500224
1775429037830,500224
1775429037832,500224
1775429037833,500224
1775429037834,500224
1775429037836,500224
1775429038149,500224
1775429038152,500224
1775429038155,500224
1775429038158,500224
1775429038165,500224
1775429038167,500224
1775429038177,500224
1775429038181,500224
1775429038184,500224
1775429038188,500224
1775429038190,500224
1775429038196,500224
1775429038199,500224
1775429038202,500224
1775429038205,500224
1775429038208,500224
1775429038210,500224
1775429038213,500224
1775429038216,500224
1775429038223,500224
1775429038227,500224
1775429038229,500224
1775429038232,500224
1775429038234,500224
1775429038238,500224
1775429038242,500224
1775429038244,500224
1775429038246,500224
1775429038248,500224
1775429038249,500224
1775429038252,500224
1775429038255,500224
1775429038258,500224
1775429038260,500224
1775429038263,500224
1775429038265,500224
1775429038267,500224
1775429038269,500224
1775429038271,500224
1775429038273,500224
1775429038275,500224
1775429038279,500224
1775429038283,500224
1775429038291,500224
1775429038294,500224
1775429038296,500224
1775429038298,500224
1775429038301,500224
1775429038303,500224
1775429038305,500224
1775429038307,500224
1775429038309,500224
1775429038312,500224
1775429038315,500224
1775429038320,500224
1775429038323,500224
1775429038326,500224
1775429038328,500224
1775429038330,500224
1775429038334,500224
1775429038336,500224
1775429038339,500224
1775429038342,500224
1775429038345,500224
1775429038349,500224
1775429038351,500224
1775429038358,500224
1775429038361,500224
1775429038364,500224
1775429038367,500224
1775429038369,500224
1775429038372,500224
1775429038374,500224
1775429038376,500224
1775429038378,500224
1775429038380,500224
1775429038384,500224
1775429038386,500224
1775429038390,500224
1775429038393,500224
1775429038395,500224
1775429038397,500224
1775429038400,500224
1775429038403,500224
1775429038405,500224
1775429038407,500224
1775429038409,500224
1775429038412,500224
1775429038415,500224
1775429038424,500224
1775429038426,500224
1775429038428,500224
1775429038430,500224
1775429038433,500224
1775429038436,500224
1775429038438,500224
1775429038441,500224
1775429038444,500224
1775429038445,500224
1775429038448,500224
1775429038449,500224
1775429038451,500224
1775429038454,500224
1775429038455,500224
1775429038457,500224
1775429038458,500224
1775429038460,500224
1775429038462,500224
1775429038463,500224
1775429038465,500224
1775429038467,500224
1775429038469,500224
1775429038470,500224
1775429038472,500224
1775429038474,500224
1775429038475,500224
1775429038477,500224
1775429038750,500224
1775429038755,500224
1775429038758,500224
1775429038761,500224
1775429038764,500224
1775429038768,500224
1775429038772,500224
1775429038778,500224
1775429038779,500224
1775429038780,500224
1775429038782,500224
1775429038784,500224
1775429038788,500224
1775429038790,500224
1775429038791,500224
1775429038792,500224
1775429038796,500224
1775429038797,500224
1775429038799,500224
1775429038805,500224
1775429038809,500224
1775429038812,500224
1775429038815,500224
1775429038818,500224
1775429038821,500224
1775429038824,500224
1775429038826,500224
1775429038829,500224
1775429038831,500224
1775429038833,500224
1775429038835,500224
1775429038837,500224
1775429038839,500224
1775429038841,500224
1775429038843,500224
1775429038844,500224
1775429038848,500224
1775429038851,500224
1775429038858,500224
1775429038863,500224
1775429038866,500224
1775429038869,500224
1775429038871,500224
1775429038874,500224
1775429038877,500224
1775429038879,500224
1775429038882,500224
1775429038884,500224
1775429038889,500224
1775429038892,500224
1775429038895,500224
1775429038898,500224
1775429038901,500224
1775429038903,500224
1775429038910,500224
1775429038912,500224
1775429038914,500224
1775429038917,500224
1775429038919,500224
1775429038922,500224
1775429038925,500224
1775429038927,500224
1775429038930,500224
1775429038933,500224
1775429038935,500224
1775429038937,500224
1775429038939,500224
1775429038942,500224
1775429038944,500224
1775429038945,500224
1775429038947,500224
1775429038948,500224
1775429038950,500224
1775429038952,500224
1775429038954,500224
1775429038955,500224
1775429038959,500224
1775429038961,500224
1775429038963,500224
1775429038964,500224
1775429038967,500224
1775429038970,500224
1775429038973,500224
1775429038975,500224
1775429038979,500224
1775429038982,500224
1775429038984,500224
1775429038987,500224
1775429038990,500224
1775429038993,500224
1775429038999,500224
1775429039002,500224
1775429039005,500224
1775429039007,500224
1775429039010,500224
1775429039014,500224
1775429039017,500224
1775429039019,500224
1775429039022,500224
1775429039024,500224
1775429039026,500224
1775429039028,500224
1775429039031,500224
1775429039033,500224
1775429039035,500224
1775429039037,500224
1775429039039,500224
1775429039041,500224
1775429039043,500224
1775429039045,500224
1775429039047,500224
1775429039049,500224
1775429039051,500224
1775429039352,500224
1775429039360,500224
1775429039364,500224
1775429039366,500224
1775429039368,500224
1775429039371,500224
1775429039374,500224
1775429039377,500224
1775429039379,500224
1775429039382,500224
1775429039384,500224
1775429039386,500224
1775429039388,500224
1775429039390,500224
1775429039391,500224
1775429039395,500224
1775429039399,500224
1775429039401,500224
1775429039404,500224
1775429039406,500224
1775429039407,500224
1775429039410,500224
1775429039411,500224
1775429039413,500224
1775429039414,500224
1775429039415,500224
1775429039417,500224
1775429039418,500224
1775429039420,500224
1775429039421,500224
1775429039422,500224
1775429039424,500224
1775429039425,500224
1775429039426,500224
1775429039430,500224
1775429039432,500224
1775429039433,500224
1775429039436,500224
1775429039439,500224
1775429039441,500224
1775429039444,500224
1775429039447,500224
1775429039449,500224
1775429039452,500224
1775429039455,500224
1775429039459,500224
1775429039462,500224
1775429039464,500224
1775429039467,500224
1775429039470,500224
1775429039473,500224
1775429039479,500224
1775429039485,500224
1775429039486,500224
1775429039488,500224
1775429039490,500224
1775429039492,500224
1775429039493,500224
1775429039494,500224
1775429039496,500224
1775429039497,500224
1775429039498,500224
1775429039499,500224
1775429039501,500224
1775429039502,500224
1775429039504,500224
1775429039506,500224
1775429039508,500224
1775429039509,500224
1775429039510,500224
1775429039512,500224
1775429039513,500224
1775429039514,500224
1775429039516,500224
1775429039517,500224
1775429039518,500224
1775429039519,500224
1775429039523,500224
1775429039525,500224
1775429039528,500224
1775429039531,500224
1775429039533,500224
1775429039536,500224
1775429039538,500224
1775429039541,500224
1775429039544,500224
1775429039546,500224
1775429039549,500224
1775429039551,500224
1775429039552,500224
1775429039554,500224
1775429039558,500224
1775429039560,500224
1775429039561,500224
1775429039562,500224
1775429039564,500224
1775429039565,500224
1775429039949,500224
1775429039952,500224
1775429039957,500224
1775429039961,500224
1775429039963,500224
1775429039965,500224
1775429039967,500224
1775429039971,500224
1775429039977,500224
1775429039980,500224
1775429039982,500224
1775429039985,500224
1775429039987,500224
1775429039991,500224
1775429039993,500224
1775429039995,500224
1775429039997,500224
1775429039999,500224
1775429040001,500224
1775429040008,500224
1775429040010,500224
1775429040011,500224
1775429040014,500224
1775429040018,500224
1775429040020,500224
1775429040023,500224
1775429040026,500224
1775429040030,500224
1775429040032,500224
1775429040035,500224
1775429040038,500224
1775429040040,500224
1775429040042,500224
1775429040045,500224
1775429040048,500224
1775429040050,500224
1775429040052,500224
1775429040054,500224
1775429040056,500224
1775429040058,500224
1775429040060,500224
1775429040062,500224
1775429040064,500224
1775429040065,500224
1775429040067,500224
1775429040068,500224
1775429040070,500224
1775429040071,500224
1775429040073,500224
1775429040075,500224
1775429040076,500224
1775429040078,500224
1775429040079,500224
1775429040081,500224
1775429040083,500224
1775429040085,500224
1775429040086,500224
1775429040087,500224
1775429040089,500224
1775429040090,500224
1775429040092,500224
1775429040093,500224
1775429040094,500224
1775429040096,500224
1775429040097,500224
1775429040098,500224
1775429040102,500224
1775429040104,500224
1775429040105,500224
1775429040108,500224
1775429040110,500224
1775429040112,500224
1775429040113,500224
1775429040115,500224
1775429040116,500224
1775429040118,500224
1775429040121,500224
1775429040123,500224
1775429040125,500224
1775429040127,500224
1775429040128,500224
1775429040130,500224
1775429040132,500224
1775429040134,500224
1775429040135,500224
1775429040137,500224
1775429040139,500224
1775429040140,500224
1775429040142,500224
1775429040143,500224
1775429040145,500224
1775429040146,500224
1775429040150,500224
1775429040151,500224
1775429040153,500224
1775429040154,500224
1775429040155,500224
1775429040157,500224
1775429040158,500224
1775429040160,500224
1775429040162,500224
1775429040550,500224
1775429040553,500224
1775429040558,500224
1775429040561,500224
1775429040565,500224
1775429040569,500224
1775429040573,500224
1775429040576,500224
1775429040579,500224
1775429040582,500224
1775429040584,500224
1775429040588,500224
1775429040591,500224
1775429040593,500224
1775429040595,500224
1775429040598,500224
1775429040600,500224
1775429040602,500224
1775429040605,500224
1775429040607,500224
1775429040612,500224
1775429040614,500224
1775429040616,500224
1775429040620,500224
1775429040624,500224
1775429040626,500224
1775429040628,500224
1775429040630,500224
1775429040631,500224
1775429040633,500224
1775429040635,500224
1775429040637,500224
1775429040641,500224
1775429040644,500224
1775429040646,500224
1775429040647,500224
1775429040651,500224
1775429040653,500224
1775429040655,500224
1775429040657,500224
1775429040661,500224
1775429040664,500224
1775429040666,500224
1775429040668,500224
1775429040669,500224
1775429040673,500224
1775429040675,500224
1775429040677,500224
1775429040680,500224
1775429040683,500224
1775429040685,500224
1775429040688,500224
1775429040690,500224
1775429040691,500224
1775429040692,500224
1775429040694,500224
1775429040697,500224
1775429040700,500224
1775429040702,500224
1775429040704,500224
1775429040708,500224
1775429040709,500224
1775429040711,500224
1775429040712,500224
1775429040713,500224
1775429040714,500224
1775429040716,500224
1775429040717,500224
1775429040720,500224
1775429040723,500224
1775429040726,500224
1775429040728,500224
1775429040731,500224
1775429040732,500224
1775429040735,500224
1775429040737,500224
1775429040739,500224
1775429040741,500224
1775429040742,500224
1775429040744,500224
1775429040745,500224
1775429040747,500224
1775429040750,500224
1775429040751,500224
1775429040753,500224
1775429040755,500224
1775429040756,500224
1775429040758,500224
1775429040759,500224
1775429040761,500224
1775429040763,500224
1775429040765,500224
1775429040766,500224
1775429041150,500224
1775429041153,500224
1775429041156,500224
1775429041159,500224
1775429041162,500224
1775429041165,500224
1775429041172,500224
1775429041176,500224
1775429041179,500224
1775429041182,500224
1775429041185,500224
1775429041190,500224
1775429041193,500224
1775429041195,500224
1775429041198,500224
1775429041201,500224
1775429041203,500224
1775429041205,500224
1775429041207,500224
1775429041210,500224
1775429041213,500224
1775429041215,500224
1775429041218,500224
1775429041219,500224
1775429041223,500224
1775429041226,500224
1775429041228,500224
1775429041231,500224
1775429041234,500224
1775429041236,500224
1775429041238,500224
1775429041239,500224
1775429041241,500224
1775429041242,500224
1775429041247,500224
1775429041250,500224
1775429041257,500224
1775429041262,500224
1775429041265,500224
1775429041267,500224
1775429041269,500224
1775429041273,500224
1775429041278,500224
1775429041281,500224
1775429041283,500224
1775429041285,500224
1775429041290,500224
1775429041292,500224
1775429041294,500224
1775429041297,500224
1775429041300,500224
1775429041303,500224
1775429041305,500224
1775429041308,500224
1775429041310,500224
1775429041311,500224
1775429041312,500224
1775429041313,500224
1775429041315,500224
1775429041316,500224
1775429041317,500224
1775429041319,500224
1775429041320,500224
1775429041322,500224
1775429041324,500224
1775429041325,500224
1775429041330,500224
1775429041333,500224
1775429041336,500224
1775429041338,500224
1775429041341,500224
1775429041344,500224
1775429041346,500224
1775429041349,500224
1775429041351,500224
1775429041352,500224
1775429041355,500224
1775429041357,500224
1775429041359,500224
1775429041362,500224
1775429041365,500224
1775429041367,500224
1775429041368,500224
1775429041370,500224
1775429041371,500224
1775429041755,500224
1775429041759,500224
1775429041764,500224
1775429041766,500224
1775429041768,500224
1775429041770,500224
1775429041773,500224
1775429041774,500224
1775429041776,500224
1775429041778,500224
1775429041780,500224
1775429041783,500224
1775429041786,500224
1775429041788,500224
1775429041789,500224
1775429041792,500224
1775429041796,500224
1775429041799,500224
1775429041802,500224
1775429041805,500224
1775429041807,500224
1775429041810,500224
1775429041813,500224
1775429041815,500224
1775429041818,500224
1775429041820,500224
1775429041821,500224
1775429041826,500224
1775429041829,500224
1775429041832,500224
1775429041834,500224
1775429041837,500224
1775429041839,500224
1775429041842,500224
1775429041845,500224
1775429041847,500224
1775429041851,500224
1775429041855,500224
1775429041860,500224
1775429041862,500224
1775429041865,500224
1775429041868,500224
1775429041871,500224
1775429041874,500224
1775429041877,500224
1775429041879,500224
1775429041882,500224
1775429041885,500224
1775429041887,500224
1775429041890,500224
1775429041892,500224
1775429041893,500224
1775429041895,500224
1775429041899,500224
1775429041906,500224
1775429041913,500224
1775429041919,500224
1775429041922,500224
1775429041924,500224
1775429041926,500224
1775429041928,500224
1775429041930,500224
1775429041932,500224
1775429041934,500224
1775429041935,500224
1775429041937,500224
1775429041938,500224
1775429041940,500224
1775429041942,500224
1775429041945,500224
1775429041947,500224
1775429041949,500224
1775429041952,500224
1775429041954,500224
1775429041956,500224
1775429041958,500224
1775429041959,500224
1775429041961,500224
1775429041962,500224
1775429041963,500224
1775429041965,500224
1775429041966,500224
1775429041967,500224
1775429041969,500224
1775429041970,500224
1775429041971,500224
1775429041972,500224
1775429041974,500224
1775429041975,500224
1775429041976,500224
1775429041977,500224
1775429041979,500224
1775429041980,500224
1775429041983,500224
1775429041985,500224
1775429041988,500224
1775429041991,500224
1775429041994,500224
1775429041997,500224
1775429041999,500224
1775429042351,500224
1775429042356,500224
1775429042364,500224
1775429042367,500224
1775429042369,500224
1775429042371,500224
1775429042374,500224
1775429042376,500224
1775429042378,500224
1775429042380,500224
1775429042381,500224
1775429042385,500224
1775429042388,500224
1775429042390,500224
1775429042392,500224
1775429042394,500224
1775429042395,500224
1775429042397,500224
1775429042399,500224
1775429042403,500224
1775429042405,500224
1775429042407,500224
1775429042408,500224
1775429042410,500224
1775429042412,500224
1775429042415,500224
1775429042418,500224
1775429042420,500224
1775429042423,500224
1775429042425,500224
1775429042429,500224
1775429042431,500224
1775429042437,500224
1775429042446,500224
1775429042452,500224
1775429042457,500224
1775429042459,500224
1775429042461,500224
1775429042463,500224
1775429042472,500224
1775429042475,500224
1775429042477,500224
1775429042480,500224
1775429042482,500224
1775429042485,500224
1775429042487,500224
1775429042490,500224
1775429042492,500224
1775429042493,500224
1775429042495,500224
1775429042496,500224
1775429042498,500224
1775429042500,500224
1775429042502,500224
1775429042504,500224
1775429042505,500224
1775429042507,500224
1775429042508,500224
1775429042510,500224
1775429042511,500224
1775429042513,500224
1775429042514,500224
1775429042516,500224
1775429042517,500224
1775429042519,500224
1775429042523,500224
1775429042526,500224
1775429042528,500224
1775429042530,500224
1775429042532,500224
1775429042534,500224
1775429042535,500224
1775429042537,500224
1775429042538,500224
1775429042540,500224
1775429042543,500224
1775429042548,500224
1775429042550,500224
1775429042551,500224
1775429042552,500224
1775429042556,500224
1775429042558,500224
1775429042560,500224
1775429042563,500224
1775429042566,500224
1775429042568,500224
1775429042570,500224
1775429042573,500224
1775429042579,500224
1775429042582,500224
1775429042585,500224
1775429042588,500224
1775429042590,500224
1775429042593,500224
1775429042596,500224
1775429042598,500224
1775429042960,500224
1775429042963,500224
1775429042966,500224
1775429042969,500224
1775429042971,500224
1775429042973,500224
1775429042975,500224
1775429042976,500224
1775429042978,500224
1775429042979,500224
1775429042981,500224
1775429042982,500224
1775429042984,500224
1775429042987,500224
1775429042990,500224
1775429042992,500224
1775429042995,500224
1775429042998,500224
1775429043000,500224
1775429043003,500224
1775429043006,500224
1775429043008,500224
1775429043018,500224
1775429043020,500224
1775429043025,500224
1775429043028,500224
1775429043031,500224
1775429043033,500224
1775429043036,500224
1775429043037,500224
1775429043039,500224
1775429043040,500224
1775429043042,500224
1775429043044,500224
1775429043045,500224
1775429043047,500224
1775429043048,500224
1775429043050,500224
1775429043052,500224
1775429043053,500224
1775429043055,500224
1775429043056,500224
1775429043059,500224
1775429043062,500224
1775429043064,500224
1775429043067,500224
1775429043070,500224
1775429043072,500224
1775429043075,500224
1775429043078,500224
1775429043081,500224
1775429043084,500224
1775429043087,500224
1775429043089,500224
1775429043092,500224
1775429043094,500224
1775429043097,500224
1775429043100,500224
1775429043102,500224
1775429043106,500224
1775429043108,500224
1775429043111,500224
1775429043113,500224
1775429043116,500224
1775429043118,500224
1775429043120,500224
1775429043129,500224
1775429043132,500224
1775429043135,500224
1775429043137,500224
1775429043140,500224
1775429043143,500224
1775429043145,500224
1775429043147,500224
1775429043150,500224
1775429043153,500224
1775429043156,500224
1775429043159,500224
1775429043161,500224
1775429043164,500224
1775429043167,500224
1775429043169,500224
1775429043172,500224
1775429043174,500224
1775429043554,500224
1775429043557,500224
1775429043560,500224
1775429043563,500224
1775429043566,500224
1775429043569,500224
1775429043571,500224
1775429043573,500224
1775429043577,500224
1775429043580,500224
1775429043582,500224
1775429043585,500224
1775429043587,500224
1775429043590,500224
1775429043592,500224
1775429043594,500224
1775429043597,500224
1775429043599,500224
1775429043601,500224
1775429043603,500224
1775429043604,500224
1775429043607,500224
1775429043610,500224
1775429043613,500224
1775429043615,500224
1775429043617,500224
1775429043619,500224
1775429043621,500224
1775429043624,500224
1775429043627,500224
1775429043630,500224
1775429043633,500224
1775429043635,500224
1775429043637,500224
1775429043639,500224
1775429043641,500224
1775429043643,500224
1775429043646,500224
1775429043653,500224
1775429043656,500224
1775429043659,500224
1775429043661,500224
1775429043663,500224
1775429043664,500224
1775429043672,500224
1775429043675,500224
1775429043677,500224
1775429043680,500224
1775429043682,500224
1775429043686,500224
1775429043691,500224
1775429043699,500224
1775429043701,500224
1775429043703,500224
1775429043706,500224
1775429043709,500224
1775429043710,500224
1775429043713,500224
1775429043715,500224
1775429043717,500224
1775429043718,500224
1775429043720,500224
1775429043722,500224
1775429043723,500224
1775429043725,500224
1775429043726,500224
1775429043728,500224
1775429043730,500224
1775429043731,500224
1775429043732,500224
1775429043734,500224
1775429043737,500224
1775429043739,500224
1775429043740,500224
1775429043741,500224
1775429043744,500224
1775429043747,500224
1775429043749,500224
1775429043751,500224
1775429043752,500224
1775429043754,500224
1775429043756,500224
1775429043758,500224
1775429043766,500224
1775429043769,500224
1775429043771,500224
1775429043772,500224
1775429043774,500224
1775429043776,500224
1775429043778,500224
1775429043779,500224
1775429043781,500224
1775429043782,500224
1775429043784,500224
1775429043786,500224
1775429043788,500224
1775429043789,500224
1775429043794,500224
1775429043797,500224
1775429044157,500224
1775429044161,500224
1775429044168,500224
1775429044171,500224
1775429044178,500224
1775429044181,500224
1775429044184,500224
1775429044187,500224
1775429044190,500224
1775429044193,500224
1775429044196,500224
1775429044199,500224
1775429044202,500224
1775429044206,500224
1775429044209,500224
1775429044211,500224
1775429044214,500224
1775429044216,500224
1775429044220,500224
1775429044223,500224
1775429044225,500224
1775429044228,500224
1775429044231,500224
1775429044234,500224
1775429044237,500224
1775429044240,500224
1775429044242,500224
1775429044245,500224
1775429044248,500224
1775429044251,500224
1775429044253,500224
1775429044256,500224
1775429044259,500224
1775429044262,500224
1775429044264,500224
1775429044267,500224
1775429044270,500224
1775429044272,500224
1775429044275,500224
1775429044278,500224
1775429044286,500224
1775429044289,500224
1775429044291,500224
1775429044295,500224
1775429044297,500224
1775429044300,500224
1775429044302,500224
1775429044305,500224
1775429044307,500224
1775429044309,500224
1775429044311,500224
1775429044313,500224
1775429044314,500224
1775429044316,500224
1775429044317,500224
1775429044319,500224
1775429044320,500224
1775429044322,500224
1775429044323,500224
1775429044324,500224
1775429044326,500224
1775429044327,500224
1775429044329,500224
1775429044336,500224
1775429044338,500224
1775429044340,500224
1775429044343,500224
1775429044345,500224
1775429044346,500224
1775429044349,500224
1775429044352,500224
1775429044354,500224
1775429044356,500224
1775429044358,500224
1775429044360,500224
1775429044363,500224
1775429044366,500224
1775429044368,500224
1775429044370,500224
1775429044371,500224
1775429044373,500224
1775429044375,500224
1775429044377,500224
1775429044379,500224
1775429044380,500224
1775429044382,500224
1775429044383,500224
1775429044385,500224
1775429044387,500224
1775429044388,500224
1775429044390,500224
1775429044392,500224
1775429044395,500224
1775429044398,500224
1775429044400,500224
1775429044402,500224
1775429044404,500224
1775429044405,500224
1775429044406,500224
1775429044756,500224
1775429044759,500224
1775429044761,500224
1775429044763,500224
1775429044766,500224
1775429044769,500224
1775429044772,500224
1775429044774,500224
1775429044776,500224
1775429044778,500224
1775429044784,500224
1775429044787,500224
1775429044790,500224
1775429044793,500224
1775429044795,500224
1775429044798,500224
1775429044801,500224
1775429044803,500224
1775429044805,500224
1775429044807,500224
1775429044810,500224
1775429044812,500224
1775429044814,500224
1775429044826,500224
1775429044829,500224
1775429044831,500224
1775429044832,500224
1775429044834,500224
1775429044836,500224
1775429044838,500224
1775429044840,500224
1775429044842,500224
1775429044852,500224
1775429044857,500224
1775429044859,500224
1775429044862,500224
1775429044864,500224
1775429044868,500224
1775429044873,500224
1775429044876,500224
1775429044880,500224
1775429044883,500224
1775429044887,500224
1775429044889,500224
1775429044892,500224
1775429044895,500224
1775429044898,500224
1775429044900,500224
1775429044903,500224
1775429044905,500224
1775429044907,500224
1775429044909,500224
1775429044911,500224
1775429044915,500224
1775429044918,500224
1775429044921,500224
1775429044922,500224
1775429044924,500224
1775429044927,500224
1775429044934,500224
1775429044936,500224
1775429044937,500224
1775429044940,500224
1775429044943,500224
1775429044945,500224
1775429044948,500224
1775429044951,500224
1775429044953,500224
1775429044956,500224
1775429044959,500224
1775429044961,500224
1775429044966,500224
1775429044968,500224
1775429044969,500224
1775429044970,500224
1775429044972,500224
1775429044974,500224
1775429044975,500224
1775429044977,500224
1775429044978,500224
1775429044981,500224
1775429044984,500224
1775429044985,500224
1775429044991,500224
1775429044995,500224
1775429044997,500224
1775429044999,500224
1775429045001,500224
1775429045003,500224
1775429045005,500224
1775429045007,500224
1775429045009,500224
1775429045011,500224
1775429045013,500224
1775429045014,500224
1775429045015,500224
1775429045017,500224
1775429045018,500224
1775429045020,500224
1775429045021,500224
1775429045023,500224
1775429045025,500224
1775429045026,500224
1775429045027,500224
1775429045029,500224
1775429045030,500224
1775429045355,500224
1775429045357,500224
1775429045358,500224
1775429045360,500224
1775429045361,500224
1775429045363,500224
1775429045364,500224
1775429045365,500224
1775429045366,500224
1775429045368,500224
1775429045372,500224
1775429045375,500224
1775429045380,500224
1775429045382,500224
1775429045385,500224
1775429045388,500224
1775429045391,500224
1775429045393,500224
1775429045396,500224
1775429045398,500224
1775429045400,500224
1775429045403,500224
1775429045405,500224
1775429045407,500224
1775429045409,500224
1775429045411,500224
1775429045414,500224
1775429045416,500224
1775429045418,500224
1775429045420,500224
1775429045422,500224
1775429045424,500224
1775429045427,500224
1775429045429,500224
1775429045431,500224
1775429045433,500224
1775429045435,500224
1775429045437,500224
1775429045438,500224
1775429045440,500224
1775429045441,500224
1775429045444,500224
1775429045448,500224
1775429045450,500224
1775429045452,500224
1775429045453,500224
1775429045454,500224
1775429045456,500224
1775429045457,500224
1775429045461,500224
1775429045463,500224
1775429045466,500224
1775429045471,500224
1775429045474,500224
1775429045476,500224
1775429045477,500224
1775429045480,500224
1775429045483,500224
1775429045485,500224
1775429045488,500224
1775429045489,500224
1775429045492,500224
1775429045495,500224
1775429045498,500224
1775429045501,500224
1775429045503,500224
1775429045505,500224
1775429045507,500224
1775429045510,500224
1775429045513,500224
1775429045516,500224
1775429045518,500224
1775429045523,500224
1775429045526,500224
1775429045528,500224
1775429045531,500224
1775429045534,500224
1775429045537,500224
1775429045540,500224
1775429045541,500224
1775429045543,500224
1775429045545,500224
1775429045547,500224
1775429045549,500224
1775429045958,500224
1775429045960,500224
1775429045964,500224
1775429045965,500224
1775429045968,500224
1775429045971,500224
1775429045974,500224
1775429045976,500224
1775429045979,500224
1775429045982,500224
1775429045984,500224
1775429045987,500224
1775429045989,500224
1775429045993,500224
1775429045995,500224
1775429045997,500224
1775429045999,500224
1775429046001,500224
1775429046002,500224
1775429046004,500224
1775429046005,500224
1775429046007,500224
1775429046008,500224
1775429046010,500224
1775429046011,500224
1775429046015,500224
1775429046018,500224
1775429046021,500224
1775429046024,500224
1775429046038,500224
1775429046040,500224
1775429046042,500224
1775429046043,500224
1775429046045,500224
1775429046046,500224
1775429046048,500224
1775429046049,500224
1775429046051,500224
1775429046053,500224
1775429046054,500224
1775429046056,500224
1775429046057,500224
1775429046059,500224
1775429046060,500224
1775429046061,500224
1775429046063,500224
1775429046064,500224
1775429046065,500224
1775429046066,500224
1775429046068,500224
1775429046069,500224
1775429046070,500224
1775429046071,500224
1775429046073,500224
1775429046074,500224
1775429046075,500224
1775429046077,500224
1775429046078,500224
1775429046079,500224
1775429046080,500224
1775429046082,500224
1775429046083,500224
1775429046084,500224
1775429046086,500224
1775429046088,500224
1775429046089,500224
1775429046090,500224
1775429046091,500224
1775429046093,500224
1775429046094,500224
1775429046096,500224
1775429046097,500224
1775429046099,500224
1775429046100,500224
1775429046102,500224
1775429046105,500224
1775429046107,500224
1775429046108,500224
1775429046110,500224
1775429046111,500224
1775429046114,500224
1775429046117,500224
1775429046120,500224
1775429046123,500224
1775429046124,500224
1775429046126,500224
1775429046127,500224
1775429046129,500224
1775429046130,500224
1775429046134,500224
1775429046137,500224
1775429046142,500224
1775429046144,500224
1775429046146,500224
1775429046147,500224
1775429046149,500224
1775429046151,500224
1775429046154,500224
1775429046161,500224
1775429046164,500224
1775429046166,500224
1775429046167,500224
1775429046169,500224
1775429046172,500224
1775429046174,500224
1775429046176,500224
1775429046179,500224
1775429046181,500224
1775429046184,500224
1775429046187,500224
1775429046190,500224
1775429046192,500224
1775429046195,500224
1775429046558,500224
1775429046563,500224
1775429046568,500224
1775429046572,500224
1775429046576,500224
1775429046579,500224
1775429046583,500224
1775429046586,500224
1775429046588,500224
1775429046591,500224
1775429046596,500224
1775429046600,500224
1775429046603,500224
1775429046607,500224
1775429046610,500224
1775429046613,500224
1775429046615,500224
1775429046622,500224
1775429046625,500224
1775429046628,500224
1775429046631,500224
1775429046634,500224
1775429046637,500224
1775429046639,500224
1775429046642,500224
1775429046645,500224
1775429046648,500224
1775429046651,500224
1775429046653,500224
1775429046656,500224
1775429046658,500224
1775429046660,500224
1775429046663,500224
1775429046667,500224
1775429046670,500224
1775429046675,500224
1775429046682,500224
1775429046686,500224
1775429046690,500224
1775429046694,500224
1775429046697,500224
1775429046700,500224
1775429046703,500224
1775429046705,500224
1775429046708,500224
1775429046710,500224
1775429046712,500224
1775429046713,500224
1775429046715,500224
1775429046717,500224
1775429046719,500224
1775429046720,500224
1775429046722,500224
1775429046724,500224
1775429046726,500224
1775429046727,500224
1775429046731,500224
1775429046733,500224
1775429046734,500224
1775429046736,500224
1775429046737,500224
1775429046739,500224
1775429046740,500224
1775429046742,500224
1775429046743,500224
1775429046745,500224
1775429046747,500224
1775429046748,500224
1775429046750,500224
1775429046751,500224
1775429046753,500224
1775429046754,500224
1775429046756,500224
1775429046757,500224
1775429046758,500224
1775429046760,500224
1775429046761,500224
1775429046764,500224
1775429046766,500224
1775429046768,500224
1775429046771,500224
1775429046773,500224
1775429046775,500224
1775429047158,500224
1775429047161,500224
1775429047163,500224
1775429047166,500224
1775429047169,500224
1775429047171,500224
1775429047174,500224
1775429047177,500224
1775429047179,500224
1775429047187,500224
1775429047190,500224
1775429047193,500224
1775429047196,500224
1775429047200,500224
1775429047203,500224
1775429047206,500224
1775429047208,500224
1775429047211,500224
1775429047214,500224
1775429047216,500224
1775429047220,500224
1775429047223,500224
1775429047226,500224
1775429047229,500224
1775429047232,500224
1775429047234,500224
1775429047235,500224
1775429047236,500224
1775429047239,500224
1775429047241,500224
1775429047242,500224
1775429047244,500224
1775429047246,500224
1775429047248,500224
1775429047249,500224
1775429047251,500224
1775429047253,500224
1775429047255,500224
1775429047258,500224
1775429047260,500224
1775429047262,500224
1775429047263,500224
1775429047265,500224
1775429047267,500224
1775429047268,500224
1775429047271,500224
1775429047274,500224
1775429047277,500224
1775429047279,500224
1775429047282,500224
1775429047284,500224
1775429047287,500224
1775429047289,500224
1775429047291,500224
1775429047292,500224
1775429047294,500224
1775429047295,500224
1775429047297,500224
1775429047300,500224
1775429047302,500224
1775429047304,500224
1775429047306,500224
1775429047310,500224
1775429047312,500224
1775429047314,500224
1775429047315,500224
1775429047317,500224
1775429047319,500224
1775429047320,500224
1775429047322,500224
1775429047323,500224
1775429047330,500224
1775429047333,500224
1775429047336,500224
1775429047338,500224
1775429047341,500224
1775429047344,500224
1775429047758,500224
1775429047762,500224
1775429047765,500224
1775429047772,500224
1775429047775,500224
1775429047778,500224
1775429047781,500224
1775429047784,500224
1775429047787,500224
1775429047790,500224
1775429047794,500224
1775429047797,500224
1775429047799,500224
1775429047803,500224
1775429047807,500224
1775429047808,500224
1775429047811,500224
1775429047814,500224
1775429047817,500224
1775429047818,500224
1775429047823,500224
1775429047824,500224
1775429047827,500224
1775429047829,500224
1775429047832,500224
1775429047835,500224
1775429047837,500224
1775429047839,500224
1775429047842,500224
1775429047843,500224
1775429047845,500224
1775429047847,500224
1775429047849,500224
1775429047850,500224
1775429047854,500224
1775429047857,500224
1775429047860,500224
1775429047862,500224
1775429047865,500224
1775429047867,500224
1775429047869,500224
1775429047871,500224
1775429047872,500224
1775429047874,500224
1775429047875,500224
1775429047877,500224
1775429047878,500224
1775429047881,500224
1775429047885,500224
1775429047888,500224
1775429047891,500224
1775429047894,500224
1775429047896,500224
1775429047899,500224
1775429047901,500224
1775429047903,500224
1775429047906,500224
1775429047908,500224
1775429047909,500224
1775429047911,500224
1775429047913,500224
1775429047915,500224
1775429047917,500224
1775429047918,500224
1775429047920,500224
1775429047922,500224
1775429047923,500224
1775429047925,500224
1775429047926,500224
1775429047927,500224
1775429047929,500224
1775429047931,500224
1775429047932,500224
1775429047933,500224
1775429047935,500224
1775429048371,500224
1775429048374,500224
1775429048376,500224
1775429048378,500224
1775429048380,500224
1775429048383,500224
1775429048385,500224
1775429048387,500224
1775429048389,500224
1775429048393,500224
1775429048396,500224
1775429048399,500224
1775429048401,500224
1775429048403,500224
1775429048405,500224
1775429048408,500224
1775429048410,500224
1775429048413,500224
1775429048415,500224
1775429048422,500224
1775429048423,500224
1775429048426,500224
1775429048429,500224
1775429048432,500224
1775429048434,500224
1775429048437,500224
1775429048439,500224
1775429048442,500224
1775429048445,500224
1775429048449,500224
1775429048451,500224
1775429048454,500224
1775429048457,500224
1775429048459,500224
1775429048461,500224
1775429048463,500224
1775429048466,500224
1775429048468,500224
1775429048470,500224
1775429048472,500224
1775429048474,500224
1775429048477,500224
1775429048479,500224
1775429048482,500224
1775429048485,500224
1775429048488,500224
1775429048490,500224
1775429048492,500224
1775429048494,500224
1775429048495,500224
1775429048497,500224
1775429048499,500224
1775429048501,500224
1775429048502,500224
1775429048506,500224
1775429048508,500224
1775429048511,500224
1775429048513,500224
1775429048515,500224
1775429048516,500224
1775429048518,500224
1775429048519,500224
1775429048521,500224
1775429048523,500224
1775429048525,500224
1775429048527,500224
1775429048528,500224
1775429048530,500224
1775429048533,500224
1775429048536,500224
1775429048537,500224
1775429048539,500224
1775429048540,500224
1775429048541,500224
1775429048542,500224
1775429048544,500224
1775429048545,500224
1775429048546,500224
1775429048547,500224
1775429048551,500224
1775429048554,500224
1775429048555,500224
1775429048557,500224
1775429048559,500224
1775429048562,500224
1775429048564,500224
1775429048566,500224
1775429048567,500224
1775429048569,500224
1775429048570,500224
1775429048573,500224
1775429048576,500224
1775429048579,500224
1775429048581,500224
1775429048583,500224
1775429048585,500224
1775429048586,500224
1775429048587,500224
1775429048591,500224
1775429048594,500224
1775429048595,500224
1775429048596,500224
1775429048602,500224
1775429048605,500224
1775429048607,500224
1775429048609,500224
1775429048610,500224
1775429048612,500224
1775429048613,500224
1775429048614,500224
1775429048616,500224
1775429048617,500224
1775429048618,500224
1775429048623,500224
1775429048625,500224
1775429048628,500224
1775429048630,500224
1775429048632,500224
1775429048634,500224
1775429048641,500224
1775429048644,500224
1775429048647,500224
1775429048650,500224
1775429048653,500224
1775429048655,500224
1775429048657,500224
1775429048659,500224
1775429048660,500224
1775429048661,500224
1775429048663,500224
1775429048664,500224
1775429048666,500224
1775429048668,500224
1775429048671,500224
1775429048673,500224
1775429048675,500224
1775429048677,500224
1775429048680,500224
1775429048683,500224
1775429048685,500224
1775429048687,500224
1775429048688,500224
1775429048690,500224
1775429048691,500224
1775429048692,500224
1775429048694,500224
1775429048695,500224
1775429048696,500224
1775429048697,500224
1775429048960,500224
1775429048964,500224
1775429048971,500224
1775429048977,500224
1775429048979,500224
1775429048982,500224
1775429048984,500224
1775429048986,500224
1775429048987,500224
1775429048989,500224
1775429048991,500224
1775429048993,500224
1775429048994,500224
1775429048996,500224
1775429048999,500224
1775429049001,500224
1775429049004,500224
1775429049007,500224
1775429049009,500224
1775429049012,500224
1775429049016,500224
1775429049019,500224
1775429049020,500224
1775429049026,500224
1775429049029,500224
1775429049032,500224
1775429049034,500224
1775429049037,500224
1775429049040,500224
1775429049042,500224
1775429049047,500224
1775429049050,500224
1775429049053,500224
1775429049055,500224
1775429049058,500224
1775429049060,500224
1775429049062,500224
1775429049065,500224
1775429049067,500224
1775429049069,500224
1775429049071,500224
1775429049074,500224
1775429049078,500224
1775429049080,500224
1775429049083,500224
1775429049086,500224
1775429049088,500224
1775429049091,500224
1775429049095,500224
1775429049097,500224
1775429049099,500224
1775429049101,500224
1775429049104,500224
1775429049106,500224
1775429049107,500224
1775429049113,500224
1775429049114,500224
1775429049115,500224
1775429049117,500224
1775429049118,500224
1775429049120,500224
1775429049123,500224
1775429049126,500224
1775429049128,500224
1775429049131,500224
1775429049134,500224
1775429049136,500224
1775429049139,500224
1775429049141,500224
1775429049144,500224
1775429049147,500224
1775429049149,500224
1775429049561,500224
1775429049564,500224
1775429049567,500224
1775429049570,500224
1775429049573,500224
1775429049575,500224
1775429049578,500224
1775429049580,500224
1775429049583,500224
1775429049588,500224
1775429049590,500224
1775429049594,500224
1775429049596,500224
1775429049599,500224
1775429049601,500224
1775429049604,500224
1775429049606,500224
1775429049609,500224
1775429049611,500224
1775429049618,500224
1775429049621,500224
1775429049624,500224
1775429049626,500224
1775429049628,500224
1775429049630,500224
1775429049632,500224
1775429049633,500224
1775429049635,500224
1775429049636,500224
1775429049638,500224
1775429049639,500224
1775429049642,500224
1775429049644,500224
1775429049647,500224
1775429049649,500224
1775429049651,500224
1775429049654,500224
1775429049656,500224
1775429049658,500224
1775429049661,500224
1775429049663,500224
1775429049665,500224
1775429049668,500224
1775429049675,500224
1775429049678,500224
1775429049681,500224
1775429049683,500224
1775429049686,500224
1775429049688,500224
1775429049691,500224
1775429049693,500224
1775429049695,500224
1775429049697,500224
1775429049699,500224
1775429049701,500224
1775429049703,500224
1775429049705,500224
1775429049707,500224
1775429049708,500224
1775429049712,500224
1775429049714,500224
1775429049716,500224
1775429049717,500224
1775429049719,500224
1775429049721,500224
1775429049723,500224
1775429049724,500224
1775429049726,500224
1775429049728,500224
1775429049729,500224
1775429049731,500224
1775429049732,500224
1775429050163,500224
1775429050167,500224
1775429050171,500224
1775429050173,500224
1775429050176,500224
1775429050178,500224
1775429050181,500224
1775429050183,500224
1775429050185,500224
1775429050188,500224
1775429050190,500224
1775429050192,500224
1775429050194,500224
1775429050196,500224
1775429050197,500224
1775429050199,500224
1775429050202,500224
1775429050203,500224
1775429050205,500224
1775429050207,500224
1775429050210,500224
1775429050213,500224
1775429050216,500224
1775429050222,500224
1775429050231,500224
1775429050236,500224
1775429050240,500224
1775429050242,500224
1775429050246,500224
1775429050249,500224
1775429050251,500224
1775429050253,500224
1775429050255,500224
1775429050257,500224
1775429050259,500224
1775429050260,500224
1775429050262,500224
1775429050264,500224
1775429050265,500224
1775429050268,500224
1775429050271,500224
1775429050273,500224
1775429050276,500224
1775429050279,500224
1775429050282,500224
1775429050285,500224
1775429050287,500224
1775429050290,500224
1775429050293,500224
1775429050295,500224
1775429050298,500224
1775429050301,500224
1775429050307,500224
1775429050318,500224
1775429050321,500224
1775429050323,500224
1775429050326,500224
1775429050328,500224
1775429050330,500224
1775429050333,500224
1775429050335,500224
1775429050337,500224
1775429050338,500224
1775429050342,500224
1775429050344,500224
1775429050347,500224
1775429050349,500224
1775429050352,500224
1775429050355,500224
1775429050356,500224
1775429050357,500224
1775429050359,500224
1775429050360,500224
1775429050361,500224
1775429050362,500224
1775429050364,500224
1775429050365,500224
1775429050366,500224
1775429050367,500224
1775429050369,500224
1775429050370,500224
1775429050371,500224
1775429050372,500224
1775429050764,500224
1775429050767,500224
1775429050769,500224
1775429050771,500224
1775429050773,500224
1775429050775,500224
1775429050777,500224
1775429050779,500224
1775429050782,500224
1775429050785,500224
1775429050787,500224
1775429050790,500224
1775429050792,500224
1775429050795,500224
1775429050799,500224
1775429050802,500224
1775429050806,500224
1775429050808,500224
1775429050810,500224
1775429050812,500224
1775429050814,500224
1775429050816,500224
1775429050818,500224
1775429050820,500224
1775429050822,500224
1775429050824,500224
1775429050827,500224
1775429050830,500224
1775429050831,500224
1775429050833,500224
1775429050835,500224
1775429050836,500224
1775429050838,500224
1775429050839,500224
1775429050842,500224
1775429050845,500224
1775429050853,500224
1775429050856,500224
1775429050858,500224
1775429050859,500224
1775429050860,500224
1775429050862,500224
1775429050863,500224
1775429050864,500224
1775429050867,500224
1775429050870,500224
1775429050874,500224
1775429050879,500224
1775429050882,500224
1775429050884,500224
1775429050887,500224
1775429050894,500224
1775429050896,500224
1775429050899,500224
1775429050901,500224
1775429050904,500224
1775429050906,500224
1775429050908,500224
1775429050910,500224
1775429050912,500224
1775429050914,500224
1775429050916,500224
1775429050919,500224
1775429050921,500224
1775429051374,500224
1775429051378,500224
1775429051381,500224
1775429051384,500224
1775429051387,500224
1775429051389,500224
1775429051391,500224
1775429051393,500224
1775429051396,500224
1775429051398,500224
1775429051400,500224
1775429051402,500224
1775429051404,500224
1775429051406,500224
1775429051408,500224
1775429051410,500224
1775429051412,500224
1775429051414,500224
1775429051415,500224
1775429051417,500224
1775429051419,500224
1775429051420,500224
1775429051423,500224
1775429051425,500224
1775429051427,500224
1775429051428,500224
1775429051430,500224
1775429051431,500224
1775429051433,500224
1775429051434,500224
1775429051436,500224
1775429051437,500224
1775429051438,500224
1775429051440,500224
1775429051442,500224
1775429051445,500224
1775429051448,500224
1775429051451,500224
1775429051453,500224
1775429051455,500224
1775429051456,500224
1775429051458,500224
1775429051459,500224
1775429051462,500224
1775429051465,500224
1775429051468,500224
1775429051471,500224
1775429051473,500224
1775429051476,500224
1775429051478,500224
1775429051481,500224
1775429051484,500224
1775429051486,500224
1775429051489,500224
1775429051496,500224
1775429051499,500224
1775429051502,500224
1775429051507,500224
1775429051513,500224
1775429051515,500224
1775429051518,500224
1775429051520,500224
1775429051523,500224
1775429051525,500224
1775429051527,500224
1775429051530,500224
1775429051532,500224
1775429051534,500224
1775429051535,500224
1775429051537,500224
1775429051539,500224
1775429051540,500224
1775429051542,500224
1775429051544,500224
1775429051547,500224
1775429051550,500224
1775429051552,500224
1775429051554,500224
1775429051557,500224
1775429051560,500224
1775429051562,500224
1775429051564,500224
1775429051566,500224
1775429051568,500224
1775429051570,500224
1775429051573,500224
1775429051576,500224
1775429051580,500224
1775429051582,500224
1775429051584,500224
1775429051587,500224
1775429051589,500224
1775429051592,500224
1775429051595,500224
1775429051598,500224
1775429051600,500224
1775429051603,500224
1775429051605,500224
1775429051608,500224
1775429051610,500224
1775429051612,500224
1775429051615,500224
1775429051617,500224
1775429051618,500224
1775429051620,500224
1775429051622,500224
1775429051623,500224
1775429051630,500224
1775429051633,500224
1775429051634,500224
1775429051635,500224
1775429051637,500224
1775429051638,500224
1775429051639,500224
1775429051641,500224
1775429051642,500224
1775429051643,500224
1775429051645,500224
1775429051646,500224
1775429051649,500224
1775429051653,500224
1775429051654,500224
1775429051656,500224
1775429051657,500224
1775429051658,500224
1775429051660,500224
1775429051661,500224
1775429051663,500224
1775429051664,500224
1775429051665,500224
1775429051666,500224
1775429051668,500224
1775429051669,500224
1775429051670,500224
1775429051672,500224
1775429051673,500224
1775429051676,500224
1775429051678,500224
1775429051679,500224
1775429051681,500224
1775429051683,500224
1775429051685,500224
1775429051686,500224
1775429051688,500224
1775429051689,500224
1775429051691,500224
1775429051692,500224
1775429051694,500224
1775429051695,500224
1775429051698,500224
1775429051700,500224
1775429051702,500224
1775429051704,500224
1775429051706,500224
1775429051707,500224
1775429051709,500224
1775429051710,500224
1775429051711,500224
1775429051712,500224
1775429051714,500224
1775429051715,500224
1775429051716,500224
1775429051718,500224
1775429051719,500224
1775429051720,500224
1775429051721,500224
1775429051723,500224
1775429051724,500224
1775429051725,500224
1775429051726,500224
1775429051728,500224
1775429051729,500224
1775429051730,500224
1775429051968,500224
1775429051970,500224
1775429051972,500224
1775429051975,500224
1775429051977,500224
1775429051979,500224
1775429051981,500224
1775429051984,500224
1775429051986,500224
1775429051990,500224
1775429051998,500224
1775429052003,500224
1775429052005,500224
1775429052008,500224
1775429052011,500224
1775429052014,500224
1775429052016,500224
1775429052019,500224
1775429052021,500224
1775429052024,500224
1775429052027,500224
1775429052029,500224
1775429052032,500224
1775429052035,500224
1775429052037,500224
1775429052039,500224
1775429052041,500224
1775429052043,500224
1775429052045,500224
1775429052047,500224
1775429052049,500224
1775429052050,500224
1775429052053,500224
1775429052056,500224
1775429052059,500224
1775429052062,500224
1775429052065,500224
1775429052068,500224
1775429052069,500224
1775429052072,500224
1775429052075,500224
1775429052078,500224
1775429052080,500224
1775429052083,500224
1775429052085,500224
1775429052087,500224
1775429052089,500224
1775429052091,500224
1775429052093,500224
1775429052094,500224
1775429052096,500224
1775429052098,500224
1775429052099,500224
1775429052101,500224
1775429052102,500224
1775429052104,500224
1775429052105,500224
1775429052107,500224
1775429052108,500224
1775429052110,500224
1775429052111,500224
1775429052113,500224
1775429052114,500224
1775429052116,500224
1775429052117,500224
1775429052118,500224
1775429052122,500224
1775429052125,500224
1775429052128,500224
1775429052131,500224
1775429052134,500224
1775429052136,500224
1775429052139,500224
1775429052142,500224
1775429052148,500224
1775429052151,500224
1775429052153,500224
1775429052155,500224
1775429052565,500224
1775429052567,500224
1775429052569,500224
1775429052570,500224
1775429052572,500224
1775429052574,500224
1775429052576,500224
1775429052580,500224
1775429052582,500224
1775429052591,500224
1775429052594,500224
1775429052597,500224
1775429052600,500224
1775429052606,500224
1775429052609,500224
1775429052616,500224
1775429052618,500224
1775429052620,500224
1775429052622,500224
1775429052623,500224
1775429052625,500224
1775429052626,500224
1775429052628,500224
1775429052630,500224
1775429052631,500224
1775429052632,500224
1775429052634,500224
1775429052635,500224
1775429052637,500224
1775429052639,500224
1775429052640,500224
1775429052642,500224
1775429052643,500224
1775429052645,500224
1775429052647,500224
1775429052649,500224
1775429052654,500224
1775429052655,500224
1775429052657,500224
1775429052659,500224
1775429052660,500224
1775429052662,500224
1775429052666,500224
1775429052669,500224
1775429052672,500224
1775429052674,500224
1775429052676,500224
1775429052677,500224
1775429052680,500224
1775429052683,500224
1775429052686,500224
1775429052688,500224
1775429052690,500224
1775429052691,500224
1775429052694,500224
1775429052696,500224
1775429052698,500224
1775429052703,500224
1775429052705,500224
1775429052706,500224
1775429052708,500224
1775429052710,500224
1775429052711,500224
1775429052714,500224
1775429052717,500224
1775429052719,500224
1775429052722,500224
1775429052724,500224
1775429052727,500224
1775429052731,500224
1775429052733,500224
1775429052736,500224
1775429052739,500224
1775429052741,500224
1775429052744,500224
1775429052746,500224
1775429052749,500224
1775429052751,500224
1775429052753,500224
1775429052758,500224
1775429052761,500224
1775429052768,500224
1775429052771,500224
1775429052774,500224
1775429052777,500224
1775429052780,500224
1775429052787,500224
1775429052790,500224
1775429052792,500224
1775429052795,500224
1775429052798,500224
1775429052801,500224
1775429052803,500224
1775429052804,500224
1775429052805,500224
1775429052807,500224
1775429052808,500224
1775429052810,500224
1775429052812,500224
1775429052814,500224
1775429052816,500224
1775429052819,500224
1775429052822,500224
1775429052824,500224
1775429052827,500224
1775429052830,500224
1775429052832,500224
1775429052835,500224
1775429052838,500224
1775429052840,500224
1775429052842,500224
1775429052843,500224
1775429052846,500224
1775429052849,500224
1775429052851,500224
1775429052854,500224
1775429052857,500224
1775429052859,500224
1775429052862,500224
1775429052864,500224
1775429052866,500224
1775429052867,500224
1775429052869,500224
1775429052871,500224
1775429052872,500224
1775429052874,500224
1775429052876,500224
1775429052878,500224
1775429052879,500224
1775429052881,500224
1775429052882,500224
1775429052883,500224
1775429052886,500224
1775429052889,500224
1775429052891,500224
1775429052893,500224
1775429052895,500224
1775429053167,500224
1775429053171,500224
1775429053173,500224
1775429053175,500224
1775429053178,500224
1775429053179,500224
1775429053180,500224
1775429053182,500224
1775429053183,500224
1775429053184,500224
1775429053185,500224
1775429053187,500224
1775429053188,500224
1775429053189,500224
1775429053190,500224
1775429053192,500224
1775429053193,500224
1775429053194,500224
1775429053195,500224
1775429053197,500224
1775429053198,500224
1775429053199,500224
1775429053201,500224
1775429053202,500224
1775429053203,500224
1775429053205,500224
1775429053206,500224
1775429053207,500224
1775429053208,500224
1775429053210,500224
1775429053211,500224
1775429053212,500224
1775429053213,500224
1775429053214,500224
1775429053217,500224
1775429053220,500224
1775429053223,500224
1775429053225,500224
1775429053228,500224
1775429053231,500224
1775429053234,500224
1775429053236,500224
1775429053242,500224
1775429053245,500224
1775429053247,500224
1775429053251,500224
1775429053255,500224
1775429053257,500224
1775429053260,500224
1775429053266,500224
1775429053268,500224
1775429053271,500224
1775429053273,500224
1775429053275,500224
1775429053277,500224
1775429053279,500224
1775429053280,500224
1775429053282,500224
1775429053284,500224
1775429053286,500224
1775429053287,500224
1775429053289,500224
1775429053290,500224
1775429053292,500224
1775429053293,500224
1775429053295,500224
1775429053296,500224
1775429053298,500224
1775429053299,500224
1775429053300,500224
1775429053302,500224
1775429053303,500224
1775429053304,500224
1775429053306,500224
1775429053307,500224
1775429053310,500224
1775429053311,500224
1775429053314,500224
1775429053317,500224
1775429053320,500224
1775429053324,500224
1775429053326,500224
1775429053329,500224
1775429053332,500224
1775429053334,500224
1775429053337,500224
1775429053339,500224
1775429053340,500224
1775429053341,500224
1775429053342,500224
1775429053344,500224
1775429053345,500224
1775429053346,500224
1775429053767,500224
1775429053768,500224
1775429053771,500224
1775429053774,500224
1775429053777,500224
1775429053780,500224
1775429053782,500224
1775429053785,500224
1775429053787,500224
1775429053790,500224
1775429053792,500224
1775429053794,500224
1775429053797,500224
1775429053799,500224
1775429053801,500224
1775429053804,500224
1775429053806,500224
1775429053808,500224
1775429053811,500224
1775429053814,500224
1775429053816,500224
1775429053818,500224
1775429053820,500224
1775429053821,500224
1775429053823,500224
1775429053825,500224
1775429053826,500224
1775429053828,500224
1775429053829,500224
1775429053830,500224
1775429053834,500224
1775429053838,500224
1775429053844,500224
1775429053846,500224
1775429053849,500224
1775429053852,500224
1775429053854,500224
1775429053856,500224
1775429053858,500224
1775429053861,500224
1775429053863,500224
1775429053865,500224
1775429053867,500224
1775429053869,500224
1775429053870,500224
1775429053872,500224
1775429053874,500224
1775429053877,500224
1775429053880,500224
1775429053882,500224
1775429053884,500224
1775429053886,500224
1775429053888,500224
1775429053889,500224
1775429053890,500224
1775429053892,500224
1775429053893,500224
1775429053894,500224
1775429053896,500224
1775429053897,500224
1775429053900,500224
1775429053901,500224
1775429053903,500224
1775429053904,500224
1775429053907,500224
1775429053910,500224
1775429053918,500224
1775429053921,500224
1775429053923,500224
1775429053926,500224
1775429053929,500224
1775429053932,500224
1775429053935,500224
1775429053938,500224
1775429053951,500224
1775429053954,500224
1775429053956,500224
1775429053959,500224
1775429053962,500224
1775429053964,500224
1775429053967,500224
1775429053969,500224
1775429053973,500224
1775429053976,500224
1775429053979,500224
1775429053982,500224
1775429053984,500224
1775429054369,500224
1775429054372,500224
1775429054374,500224
1775429054376,500224
1775429054378,500224
1775429054380,500224
1775429054382,500224
1775429054386,500224
1775429054388,500224
1775429054391,500224
1775429054396,500224
1775429054399,500224
1775429054401,500224
1775429054403,500224
1775429054404,500224
1775429054405,500224
1775429054407,500224
1775429054408,500224
1775429054410,500224
1775429054411,500224
1775429054413,500224
1775429054414,500224
1775429054419,500224
1775429054421,500224
1775429054422,500224
1775429054424,500224
1775429054425,500224
1775429054429,500224
1775429054431,500224
1775429054432,500224
1775429054434,500224
1775429054436,500224
1775429054437,500224
1775429054439,500224
1775429054440,500224
1775429054441,500224
1775429054443,500224
1775429054444,500224
1775429054446,500224
1775429054449,500224
1775429054451,500224
1775429054454,500224
1775429054456,500224
1775429054457,500224
1775429054459,500224
1775429054460,500224
1775429054465,500224
1775429054470,500224
1775429054473,500224
1775429054476,500224
1775429054478,500224
1775429054480,500224
1775429054483,500224
1775429054485,500224
1775429054486,500224
1775429054488,500224
1775429054490,500224
1775429054492,500224
1775429054494,500224
1775429054495,500224
1775429054497,500224
1775429054498,500224
1775429054500,500224
1775429054502,500224
1775429054503,500224
1775429054505,500224
1775429054506,500224
1775429054508,500224
1775429054509,500224
1775429054510,500224
1775429054512,500224
1775429054513,500224
1775429054514,500224
1775429054516,500224
1775429054517,500224
1775429054519,500224
1775429054521,500224
1775429054522,500224
1775429054523,500224
1775429054526,500224
1775429054527,500224
1775429054529,500224
1775429054531,500224
1775429054532,500224
1775429054533,500224
1775429054534,500224
1775429054536,500224
1775429054537,500224
1775429054540,500224
1775429054543,500224
1775429054547,500224
1775429054548,500224
1775429054549,500224
1775429054550,500224
1775429054552,500224
1775429054553,500224
1775429054554,500224
1775429054555,500224
1775429054556,500224
1775429054558,500224
1775429054559,500224
1775429054560,500224
1775429054561,500224
1775429054971,500224
1775429054974,500224
1775429054976,500224
1775429054978,500224
1775429054980,500224
1775429054982,500224
1775429054984,500224
1775429054986,500224
1775429054990,500224
1775429054991,500224
1775429054993,500224
1775429054996,500224
1775429054997,500224
1775429054999,500224
1775429055001,500224
1775429055002,500224
1775429055004,500224
1775429055006,500224
1775429055008,500224
1775429055009,500224
1775429055010,500224
1775429055012,500224
1775429055013,500224
1775429055014,500224
1775429055016,500224
1775429055017,500224
1775429055018,500224
1775429055021,500224
1775429055023,500224
1775429055025,500224
1775429055026,500224
1775429055028,500224
1775429055029,500224
1775429055031,500224
1775429055032,500224
1775429055034,500224
1775429055036,500224
1775429055038,500224
1775429055041,500224
1775429055044,500224
1775429055046,500224
1775429055049,500224
1775429055052,500224
1775429055054,500224
1775429055061,500224
1775429055064,500224
1775429055066,500224
1775429055069,500224
1775429055073,500224
1775429055074,500224
1775429055079,500224
1775429055081,500224
1775429055082,500224
1775429055084,500224
1775429055085,500224
1775429055087,500224
1775429055088,500224
1775429055090,500224
1775429055091,500224
1775429055092,500224
1775429055093,500224
1775429055095,500224
1775429055096,500224
1775429055097,500224
1775429055098,500224
1775429055100,500224
1775429055101,500224
1775429055102,500224
1775429055103,500224
1775429055105,500224
1775429055106,500224
1775429055107,500224
1775429055109,500224
1775429055111,500224
1775429055113,500224
1775429055114,500224
1775429055116,500224
1775429055118,500224
1775429055119,500224
1775429055122,500224
1775429055125,500224
1775429055127,500224
1775429055130,500224
1775429055132,500224
1775429055134,500224
1775429055135,500224
1775429055137,500224
1775429055138,500224
1775429055139,500224
1775429055140,500224
1775429055142,500224
1775429055143,500224
1775429055144,500224
1775429055145,500224
1775429055147,500224
1775429055571,500224
1775429055573,500224
1775429055575,500224
1775429055577,500224
1775429055579,500224
1775429055580,500224
1775429055582,500224
1775429055583,500224
1775429055586,500224
1775429055590,500224
1775429055592,500224
1775429055595,500224
1775429055598,500224
1775429055602,500224
1775429055605,500224
1775429055608,500224
1775429055610,500224
1775429055613,500224
1775429055618,500224
1775429055621,500224
1775429055624,500224
1775429055626,500224
1775429055629,500224
1775429055631,500224
1775429055633,500224
1775429055637,500224
1775429055640,500224
1775429055642,500224
1775429055644,500224
1775429055646,500224
1775429055648,500224
1775429055650,500224
1775429055652,500224
1775429055654,500224
1775429055656,500224
1775429055658,500224
1775429055660,500224
1775429055661,500224
1775429055663,500224
1775429055664,500224
1775429055666,500224
1775429055667,500224
1775429055669,500224
1775429055670,500224
1775429055672,500224
1775429055673,500224
1775429055674,500224
1775429055676,500224
1775429055678,500224
1775429055679,500224
1775429055680,500224
1775429055682,500224
1775429055683,500224
1775429055685,500224
1775429055686,500224
1775429055687,500224
1775429055688,500224
1775429055690,500224
1775429055691,500224
1775429056172,500224
1775429056176,500224
1775429056179,500224
1775429056181,500224
1775429056184,500224
1775429056186,500224
1775429056188,500224
1775429056191,500224
1775429056193,500224
1775429056195,500224
1775429056197,500224
1775429056199,500224
1775429056201,500224
1775429056203,500224
1775429056204,500224
1775429056206,500224
1775429056208,500224
1775429056209,500224
1775429056211,500224
1775429056212,500224
1775429056214,500224
1775429056215,500224
1775429056217,500224
1775429056218,500224
1775429056220,500224
1775429056221,500224
1775429056222,500224
1775429056224,500224
1775429056226,500224
1775429056228,500224
1775429056229,500224
1775429056231,500224
1775429056233,500224
1775429056235,500224
1775429056237,500224
1775429056240,500224
1775429056243,500224
1775429056246,500224
1775429056248,500224
1775429056251,500224
1775429056253,500224
1775429056255,500224
1775429056258,500224
1775429056260,500224
1775429056262,500224
1775429056263,500224
1775429056264,500224
1775429056266,500224
1775429056267,500224
1775429056269,500224
1775429056270,500224
1775429056272,500224
1775429056273,500224
1775429056274,500224
1775429056276,500224
1775429056277,500224
1775429056278,500224
1775429056279,500224
1775429056281,500224
1775429056282,500224
1775429056287,500224
1775429056289,500224
1775429056290,500224
1775429056292,500224
1775429056293,500224
1775429056295,500224
1775429056296,500224
1775429056298,500224
1775429056299,500224
1775429056302,500224
1775429056303,500224
1775429056305,500224
1775429056306,500224
1775429056307,500224
1775429056309,500224
1775429056310,500224
1775429056311,500224
1775429056313,500224
1775429056314,500224
1775429056315,500224
1775429056316,500224
1775429056318,500224
1775429056319,500224
1775429056322,500224
1775429056324,500224
1775429056326,500224
1775429056328,500224
1775429056329,500224
1775429056331,500224
1775429056333,500224
1775429056334,500224
1775429056336,500224
1775429056337,500224
1775429056340,500224
1775429056341,500224
1775429056345,500224
1775429056349,500224
1775429056363,500224
1775429056365,500224
1775429056368,500224
1775429056371,500224
1775429056373,500224
1775429056376,500224
1775429056378,500224
1775429056381,500224
1775429056384,500224
1775429056386,500224
1775429056389,500224
1775429056390,500224
1775429056391,500224
1775429056393,500224
1775429056395,500224
1775429056396,500224
1775429056397,500224
1775429056399,500224
1775429056400,500224
1775429056401,500224
1775429056402,500224
1775429056406,500224
1775429056408,500224
1775429056411,500224
1775429056414,500224
1775429056416,500224
1775429056419,500224
1775429056422,500224
1775429056427,500224
1775429056429,500224
1775429056432,500224
1775429056435,500224
1775429056438,500224
1775429056441,500224
1775429056444,500224
1775429056450,500224
1775429056452,500224
1775429056455,500224
1775429056458,500224
1775429056460,500224
1775429056463,500224
1775429056466,500224
1775429056468,500224
1775429056471,500224
1775429056474,500224
1775429056476,500224
1775429056478,500224
1775429056480,500224
1775429056482,500224
1775429056484,500224
1775429056486,500224
1775429056488,500224
1775429056490,500224
1775429056771,500224
1775429056773,500224
1775429056774,500224
1775429056775,500224
1775429056777,500224
1775429056780,500224
1775429056783,500224
1775429056785,500224
1775429056788,500224
1775429056791,500224
1775429056794,500224
1775429056797,500224
1775429056799,500224
1775429056802,500224
1775429056805,500224
1775429056807,500224
1775429056810,500224
1775429056813,500224
1775429056815,500224
1775429056818,500224
1775429056820,500224
1775429056824,500224
1775429056830,500224
1775429056835,500224
1775429056840,500224
1775429056842,500224
1775429056845,500224
1775429056847,500224
1775429056849,500224
1775429056854,500224
1775429056857,500224
1775429056859,500224
1775429056860,500224
1775429056861,500224
1775429056863,500224
1775429056864,500224
1775429056865,500224
1775429056866,500224
1775429056868,500224
1775429056869,500224
1775429056870,500224
1775429056872,500224
1775429056873,500224
1775429056874,500224
1775429056875,500224
1775429056876,500224
1775429056878,500224
1775429056880,500224
1775429056882,500224
1775429056884,500224
1775429056888,500224
1775429056890,500224
1775429056892,500224
1775429056894,500224
1775429056895,500224
1775429056897,500224
1775429056898,500224
1775429056900,500224
1775429056901,500224
1775429056903,500224
1775429056904,500224
1775429056907,500224
1775429056909,500224
1775429056911,500224
1775429056914,500224
1775429056916,500224
1775429056918,500224
1775429056920,500224
1775429056922,500224
1775429056924,500224
1775429056926,500224
1775429056928,500224
1775429056929,500224
1775429056931,500224
1775429056932,500224
1775429056934,500224
1775429056935,500224
1775429056937,500224
1775429056939,500224
1775429056941,500224
1775429056943,500224
1775429056945,500224
1775429056947,500224
1775429056949,500224
1775429056950,500224
1775429056952,500224
1775429056954,500224
1775429057373,500224
1775429057376,500224
1775429057379,500224
1775429057381,500224
1775429057382,500224
1775429057385,500224
1775429057386,500224
1775429057388,500224
1775429057389,500224
1775429057390,500224
1775429057391,500224
1775429057393,500224
1775429057394,500224
1775429057396,500224
1775429057398,500224
1775429057401,500224
1775429057405,500224
1775429057407,500224
1775429057410,500224
1775429057414,500224
1775429057417,500224
1775429057419,500224
1775429057421,500224
1775429057426,500224
1775429057428,500224
1775429057431,500224
1775429057434,500224
1775429057436,500224
1775429057439,500224
1775429057442,500224
1775429057444,500224
1775429057447,500224
1775429057449,500224
1775429057451,500224
1775429057453,500224
1775429057455,500224
1775429057457,500224
1775429057459,500224
1775429057461,500224
1775429057462,500224
1775429057464,500224
1775429057466,500224
1775429057469,500224
1775429057471,500224
1775429057473,500224
1775429057476,500224
1775429057479,500224
1775429057482,500224
1775429057485,500224
1775429057486,500224
1775429057488,500224
1775429057489,500224
1775429057490,500224
1775429057491,500224
1775429057493,500224
1775429057494,500224
1775429057495,500224
1775429057499,500224
1775429057504,500224
1775429057505,500224
1775429057510,500224
1775429057512,500224
1775429057514,500224
1775429057517,500224
1775429057519,500224
1775429057521,500224
1775429057523,500224
1775429057524,500224
1775429057974,500224
1775429057977,500224
1775429057980,500224
1775429057983,500224
1775429057985,500224
1775429057988,500224
1775429057991,500224
1775429057994,500224
1775429057996,500224
1775429057999,500224
1775429058000,500224
1775429058002,500224
1775429058003,500224
1775429058007,500224
1775429058010,500224
1775429058018,500224
1775429058021,500224
1775429058023,500224
1775429058024,500224
1775429058026,500224
1775429058027,500224
1775429058029,500224
1775429058030,500224
1775429058033,500224
1775429058036,500224
1775429058038,500224
1775429058041,500224
1775429058044,500224
1775429058047,500224
1775429058049,500224
1775429058052,500224
1775429058054,500224
1775429058057,500224
1775429058059,500224
1775429058061,500224
1775429058063,500224
1775429058065,500224
1775429058067,500224
1775429058069,500224
1775429058071,500224
1775429058072,500224
1775429058074,500224
1775429058076,500224
1775429058078,500224
1775429058080,500224
1775429058082,500224
1775429058084,500224
1775429058086,500224
1775429058087,500224
1775429058090,500224
1775429058091,500224
1775429058093,500224
1775429058094,500224
1775429058096,500224
1775429058098,500224
1775429058099,500224
1775429058101,500224
1775429058103,500224
1775429058104,500224
1775429058574,500224
1775429058577,500224
1775429058579,500224
1775429058581,500224
1775429058584,500224
1775429058587,500224
1775429058589,500224
1775429058592,500224
1775429058595,500224
1775429058597,500224
1775429058600,500224
1775429058602,500224
1775429058604,500224
1775429058606,500224
1775429058607,500224
1775429058609,500224
1775429058611,500224
1775429058612,500224
1775429058614,500224
1775429058616,500224
1775429058617,500224
1775429058618,500224
1775429058620,500224
1775429058621,500224
1775429058623,500224
1775429058628,500224
1775429058631,500224
1775429058633,500224
1775429058634,500224
1775429058638,500224
1775429058640,500224
1775429058642,500224
1775429058644,500224
1775429058646,500224
1775429058648,500224
1775429058650,500224
1775429058652,500224
1775429058656,500224
1775429058659,500224
1775429058663,500224
1775429058665,500224
1775429058667,500224
1775429058668,500224
1775429058669,500224
1775429058671,500224
1775429058672,500224
1775429058673,500224
1775429058674,500224
1775429058676,500224
1775429058677,500224
1775429058678,500224
1775429058680,500224
1775429058681,500224
1775429058682,500224
1775429058683,500224
1775429058685,500224
1775429058686,500224
1775429058687,500224
1775429058688,500224
1775429058690,500224
1775429058691,500224
1775429058692,500224
1775429058696,500224
1775429058698,500224
1775429058701,500224
1775429058703,500224
1775429058705,500224
1775429058707,500224
1775429058709,500224
1775429058710,500224
1775429058712,500224
1775429058714,500224
1775429058715,500224
1775429058716,500224
1775429058718,500224
1775429058719,500224
1775429058720,500224
1775429058722,500224
1775429058723,500224
1775429058724,500224
1775429058726,500224
1775429058727,500224
1775429058729,500224
1775429058731,500224
1775429058733,500224
1775429058735,500224
1775429058737,500224
1775429058738,500224
1775429058740,500224
1775429058741,500224
1775429058743,500224
1775429058745,500224
1775429058746,500224
1775429058748,500224
1775429058750,500224
1775429058751,500224
1775429058752,500224
1775429058753,500224
1775429058755,500224
1775429058756,500224
1775429058757,500224
1775429058759,500224
1775429058760,500224
1775429058761,500224
1775429058763,500224
1775429058765,500224
1775429058767,500224
1775429058771,500224
1775429058774,500224
1775429058777,500224
1775429058779,500224
1775429058782,500224
1775429058785,500224
1775429058788,500224
1775429058792,500224
1775429058796,500224
1775429058799,500224
1775429058803,500224
1775429058805,500224
1775429058806,500224
1775429058813,500224
1775429058817,500224
1775429058821,500224
1775429058823,500224
1775429058824,500224
1775429058826,500224
1775429058827,500224
1775429058828,500224
1775429058830,500224
1775429058831,500224
1775429058833,500224
1775429058834,500224
1775429058836,500224
1775429058838,500224
1775429058840,500224
1775429058842,500224
1775429058844,500224
1775429058846,500224
1775429058848,500224
1775429058850,500224
1775429058852,500224
1775429058853,500224
1775429058854,500224
1775429058856,500224
1775429058858,500224
1775429058859,500224
1775429058861,500224
1775429058862,500224
1775429058864,500224
1775429058866,500224
1775429058867,500224
1775429058869,500224
1775429058870,500224
1775429058872,500224
1775429058873,500224
1775429058874,500224
1775429058875,500224
1775429058877,500224
1775429058878,500224
1775429058879,500224
1775429058880,500224
1775429058882,500224
1775429058883,500224
1775429058884,500224
1775429058885,500224
1775429058887,500224
1775429058888,500224
1775429058889,500224
1775429058891,500224
1775429058892,500224
1775429058893,500224
1775429058894,500224
1775429058896,500224
1775429058897,500224
1775429058898,500224
1775429059178,500224
1775429059181,500224
1775429059183,500224
1775429059184,500224
1775429059186,500224
1775429059188,500224
1775429059190,500224
1775429059193,500224
1775429059194,500224
1775429059196,500224
1775429059198,500224
1775429059201,500224
1775429059203,500224
1775429059206,500224
1775429059208,500224
1775429059210,500224
1775429059213,500224
1775429059215,500224
1775429059217,500224
1775429059219,500224
1775429059220,500224
1775429059222,500224
1775429059225,500224
1775429059227,500224
1775429059229,500224
1775429059230,500224
1775429059233,500224
1775429059236,500224
1775429059238,500224
1775429059241,500224
1775429059243,500224
1775429059248,500224
1775429059251,500224
1775429059254,500224
1775429059257,500224
1775429059260,500224
1775429059262,500224
1775429059264,500224
1775429059267,500224
1775429059270,500224
1775429059273,500224
1775429059278,500224
1775429059283,500224
1775429059285,500224
1775429059287,500224
1775429059289,500224
1775429059292,500224
1775429059294,500224
1775429059296,500224
1775429059299,500224
1775429059300,500224
1775429059302,500224
1775429059303,500224
1775429059304,500224
1775429059307,500224
1775429059310,500224
1775429059313,500224
1775429059314,500224
1775429059316,500224
1775429059317,500224
1775429059318,500224
1775429059319,500224
1775429059321,500224
1775429059322,500224
1775429059323,500224
1775429059324,500224
1775429059326,500224
1775429059327,500224
1775429059328,500224
1775429059329,500224
1775429059331,500224
1775429059332,500224
1775429059334,500224
1775429059336,500224
1775429059337,500224
1775429059339,500224
1775429059340,500224
1775429059341,500224
1775429059342,500224
1775429059344,500224
1775429059345,500224
1775429059348,500224
1775429059351,500224
1775429059353,500224
1775429059355,500224
1775429059358,500224
1775429059360,500224
1775429059362,500224
1775429059364,500224
1775429059367,500224
1775429059370,500224
1775429059373,500224
1775429059376,500224
1775429059378,500224
1775429059380,500224
1775429059382,500224
1775429059385,500224
1775429059388,500224
1775429059391,500224
1775429059394,500224
1775429059400,500224
1775429059403,500224
1775429059777,500224
1775429059779,500224
1775429059782,500224
1775429059785,500224
1775429059788,500224
1775429059791,500224
1775429059793,500224
1775429059796,500224
1775429059799,500224
1775429059801,500224
1775429059810,500224
1775429059816,500224
1775429059819,500224
1775429059822,500224
1775429059826,500224
1775429059829,500224
1775429059831,500224
1775429059834,500224
1775429059837,500224
1775429059841,500224
1775429059843,500224
1775429059845,500224
1775429059847,500224
1775429059849,500224
1775429059851,500224
1775429059853,500224
1775429059855,500224
1775429059858,500224
1775429059860,500224
1775429059861,500224
1775429059864,500224
1775429059866,500224
1775429059868,500224
1775429059870,500224
1775429059871,500224
1775429059873,500224
1775429059875,500224
1775429059877,500224
1775429059879,500224
1775429059883,500224
1775429059885,500224
1775429059886,500224
1775429059888,500224
1775429059890,500224
1775429059891,500224
1775429059893,500224
1775429059894,500224
1775429059896,500224
1775429059897,500224
1775429059899,500224
1775429059901,500224
1775429059902,500224
1775429059904,500224
1775429060376,500224
1775429060379,500224
1775429060383,500224
1775429060386,500224
1775429060389,500224
1775429060391,500224
1775429060394,500224
1775429060397,500224
1775429060399,500224
1775429060405,500224
1775429060407,500224
1775429060410,500224
1775429060412,500224
1775429060421,500224
1775429060424,500224
1775429060427,500224
1775429060429,500224
1775429060430,500224
1775429060432,500224
1775429060433,500224
1775429060434,500224
1775429060436,500224
1775429060437,500224
1775429060439,500224
1775429060440,500224
1775429060441,500224
1775429060443,500224
1775429060444,500224
1775429060445,500224
1775429060447,500224
1775429060448,500224
1775429060449,500224
1775429060451,500224
1775429060452,500224
1775429060454,500224
1775429060455,500224
1775429060456,500224
1775429060458,500224
1775429060459,500224
1775429060460,500224
1775429060461,500224
1775429060463,500224
1775429060464,500224
1775429060465,500224
1775429060468,500224
1775429060471,500224
1775429060473,500224
1775429060476,500224
1775429060479,500224
1775429060482,500224
1775429060484,500224
1775429060487,500224
1775429060490,500224
1775429060492,500224
1775429060495,500224
1775429060497,500224
1775429060978,500224
1775429060982,500224
1775429060984,500224
1775429060986,500224
1775429060987,500224
1775429060989,500224
1775429060991,500224
1775429060995,500224
1775429060997,500224
1775429060998,500224
1775429061000,500224
1775429061001,500224
1775429061003,500224
1775429061005,500224
1775429061007,500224
1775429061009,500224
1775429061010,500224
1775429061011,500224
1775429061012,500224
1775429061014,500224
1775429061015,500224
1775429061018,500224
1775429061020,500224
1775429061023,500224
1775429061026,500224
1775429061027,500224
1775429061028,500224
1775429061030,500224
1775429061031,500224
1775429061032,500224
1775429061033,500224
1775429061035,500224
1775429061037,500224
1775429061038,500224
1775429061039,500224
1775429061042,500224
1775429061044,500224
1775429061045,500224
1775429061046,500224
1775429061048,500224
1775429061050,500224
1775429061053,500224
1775429061056,500224
1775429061058,500224
1775429061061,500224
1775429061064,500224
1775429061069,500224
1775429061071,500224
1775429061074,500224
1775429061075,500224
1775429061076,500224
1775429061079,500224
1775429061080,500224
1775429061083,500224
1775429061086,500224
1775429061089,500224
1775429061578,500224
1775429061580,500224
1775429061582,500224
1775429061584,500224
1775429061586,500224
1775429061589,500224
1775429061592,500224
1775429061597,500224
1775429061599,500224
1775429061604,500224
1775429061606,500224
1775429061608,500224
1775429061609,500224
1775429061613,500224
1775429061615,500224
1775429061620,500224
1775429061623,500224
1775429061627,500224
1775429061632,500224
1775429061637,500224
1775429061645,500224
1775429061658,500224
1775429061668,500224
1775429061672,500224
1775429061686,500224
1775429061690,500224
1775429061693,500224
1775429061695,500224
1775429061698,500224
1775429061700,500224
1775429061701,500224
1775429061703,500224
1775429061704,500224
1775429061706,500224
1775429061707,500224
1775429061708,500224
1775429061710,500224
1775429061711,500224
1775429061713,500224
1775429061714,500224
1775429061719,500224
1775429061721,500224
1775429061723,500224
1775429061725,500224
1775429061727,500224
1775429061729,500224
1775429061730,500224
1775429061732,500224
1775429061734,500224
1775429061735,500224
1775429061737,500224
1775429061738,500224
1775429061740,500224
1775429061741,500224
1775429061743,500224
1775429061745,500224
1775429061747,500224
1775429061750,500224
1775429062180,500224
1775429062182,500224
1775429062184,500224
1775429062185,500224
1775429062187,500224
1775429062189,500224
1775429062190,500224
1775429062192,500224
1775429062193,500224
1775429062195,500224
1775429062196,500224
1775429062198,500224
1775429062199,500224
1775429062201,500224
1775429062204,500224
1775429062213,500224
1775429062217,500224
1775429062219,500224
1775429062220,500224
1775429062222,500224
1775429062224,500224
1775429062232,500224
1775429062235,500224
1775429062238,500224
1775429062242,500224
1775429062248,500224
1775429062255,500224
1775429062260,500224
1775429062262,500224
1775429062267,500224
1775429062270,500224
1775429062273,500224
1775429062275,500224
1775429062278,500224
1775429062281,500224
1775429062283,500224
1775429062285,500224
1775429062287,500224
1775429062288,500224
1775429062290,500224
1775429062291,500224
1775429062293,500224
1775429062294,500224
1775429062296,500224
1775429062297,500224
1775429062298,500224
1775429062300,500224
1775429062301,500224
1775429062302,500224
1775429062304,500224
1775429062305,500224
1775429062306,500224
1775429062307,500224
1775429062309,500224
1775429062311,500224
1775429062312,500224
1775429062314,500224
1775429062316,500224
1775429062320,500224
1775429062780,500224
1775429062782,500224
1775429062784,500224
1775429062786,500224
1775429062788,500224
1775429062792,500224
1775429062795,500224
1775429062797,500224
1775429062800,500224
1775429062802,500224
1775429062805,500224
1775429062807,500224
1775429062811,500224
1775429062815,500224
1775429062818,500224
1775429062826,500224
1775429062828,500224
1775429062830,500224
1775429062832,500224
1775429062835,500224
1775429062837,500224
1775429062840,500224
1775429062842,500224
1775429062845,500224
1775429062848,500224
1775429062851,500224
1775429062853,500224
1775429062855,500224
1775429062856,500224
1775429062860,500224
1775429062864,500224
1775429062867,500224
1775429062870,500224
1775429062873,500224
1775429062876,500224
1775429062878,500224
1775429062881,500224
1775429062883,500224
1775429062885,500224
1775429062887,500224
1775429062889,500224
1775429062891,500224
1775429062893,500224
1775429062894,500224
1775429062895,500224
1775429062897,500224
1775429062898,500224
1775429062899,500224
1775429062901,500224
1775429062903,500224
1775429062904,500224
1775429062905,500224
1775429062906,500224
1775429062908,500224
1775429062909,500224
1775429062910,500224
1775429062912,500224
1775429062913,500224
1775429062914,500224
1775429063382,500224
1775429063386,500224
1775429063389,500224
1775429063391,500224
1775429063396,500224
1775429063399,500224
1775429063401,500224
1775429063404,500224
1775429063407,500224
1775429063409,500224
1775429063411,500224
1775429063419,500224
1775429063422,500224
1775429063423,500224
1775429063424,500224
1775429063426,500224
1775429063427,500224
1775429063428,500224
1775429063429,500224
1775429063431,500224
1775429063432,500224
1775429063433,500224
1775429063435,500224
1775429063437,500224
1775429063438,500224
1775429063440,500224
1775429063441,500224
1775429063442,500224
1775429063443,500224
1775429063446,500224
1775429063447,500224
1775429063449,500224
1775429063450,500224
1775429063451,500224
1775429063453,500224
1775429063454,500224
1775429063455,500224
1775429063457,500224
1775429063458,500224
1775429063459,500224
1775429063460,500224
1775429063462,500224
1775429063463,500224
1775429063466,500224
1775429063469,500224
1775429063471,500224
1775429063473,500224
1775429063475,500224
1775429063476,500224
1775429063478,500224
1775429063483,500224
1775429063485,500224
1775429063486,500224
1775429063488,500224
1775429063489,500224
1775429063490,500224
1775429063492,500224
1775429063493,500224
1775429063496,500224
1775429063498,500224
1775429063501,500224
1775429063503,500224
1775429063506,500224
1775429063508,500224
1775429063510,500224
1775429063511,500224
1775429063513,500224
1775429063514,500224
1775429063515,500224
1775429063517,500224
1775429063518,500224
1775429063519,500224
1775429063521,500224
1775429063522,500224
1775429063523,500224
1775429063526,500224
1775429063528,500224
1775429063529,500224
1775429063531,500224
1775429063533,500224
1775429063534,500224
1775429063537,500224
1775429063539,500224
1775429063540,500224
1775429063542,500224
1775429063543,500224
1775429063544,500224
1775429063545,500224
1775429063547,500224
1775429063548,500224
1775429063549,500224
1775429063550,500224
1775429063552,500224
1775429063553,500224
1775429063554,500224
1775429063555,500224
1775429063557,500224
1775429063558,500224
1775429063561,500224
1775429063562,500224
1775429063564,500224
1775429063565,500224
1775429063567,500224
1775429063569,500224
1775429063571,500224
1775429063572,500224
1775429063573,500224
1775429063575,500224
1775429063576,500224
1775429063578,500224
1775429063581,500224
1775429063584,500224
1775429063586,500224
1775429063588,500224
1775429063590,500224
1775429063592,500224
1775429063594,500224
1775429063596,500224
1775429063598,500224
1775429063600,500224
1775429063601,500224
1775429063603,500224
1775429063605,500224
1775429063606,500224
1775429063607,500224
1775429063609,500224
1775429063613,500224
1775429063615,500224
1775429063623,500224
1775429063625,500224
1775429063627,500224
1775429063631,500224
1775429063633,500224
1775429063636,500224
1775429063639,500224
1775429063641,500224
1775429063643,500224
1775429063644,500224
1775429063646,500224
1775429063647,500224
1775429063649,500224
1775429063650,500224
1775429063651,500224
1775429063653,500224
1775429063654,500224
1775429063655,500224
1775429063657,500224
1775429063658,500224
1775429063659,500224
1775429063660,500224
1775429063662,500224
1775429063663,500224
1775429063664,500224
1775429063665,500224
1775429063667,500224
1775429063668,500224
1775429063669,500224
1775429063670,500224
1775429063672,500224
1775429063673,500224
1775429063674,500224
1775429063678,500224
1775429063680,500224
1775429063682,500224
1775429063684,500224
1775429063686,500224
1775429063687,500224
1775429063689,500224
1775429063691,500224
1775429063692,500224
1775429063694,500224
1775429063695,500224
1775429063697,500224
1775429063698,500224
1775429063700,500224
1775429063701,500224
1775429063703,500224
1775429063704,500224
1775429063706,500224
1775429063707,500224
1775429063708,500224
1775429063710,500224
1775429063711,500224
1775429063712,500224
1775429063714,500224
1775429063715,500224
1775429063717,500224
1775429063722,500224
1775429063726,500224
1775429063728,500224
1775429063729,500224
1775429063731,500224
1775429063732,500224
1775429063734,500224
1775429063735,500224
1775429063736,500224
1775429063739,500224
1775429063741,500224
1775429063742,500224
1775429063744,500224
1775429063745,500224
1775429063746,500224
1775429063748,500224
1775429063750,500224
1775429063752,500224
1775429063753,500224
1775429063755,500224
1775429063758,500224
1775429063759,500224
1775429063763,500224
1775429063766,500224
1775429063768,500224
1775429063771,500224
1775429063773,500224
1775429063775,500224
1775429063777,500224
1775429063779,500224
1775429063780,500224
1775429063781,500224
1775429063784,500224
1775429063786,500224
1775429063787,500224
1775429063789,500224
1775429063790,500224
1775429063791,500224
1775429063792,500224
1775429063795,500224
1775429063812,500224
1775429063815,500224
1775429063817,500224
1775429063820,500224
1775429063822,500224
1775429063823,500224
1775429063828,500224
1775429063830,500224
1775429063832,500224
1775429063833,500224
1775429063835,500224
1775429063837,500224
1775429063841,500224
1775429063843,500224
1775429063844,500224
1775429063845,500224
1775429063847,500224
1775429063849,500224
1775429063850,500224
1775429063852,500224
1775429063853,500224
1775429063855,500224
1775429063856,500224
1775429063858,500224
1775429063859,500224
1775429063862,500224
1775429063865,500224
1775429063866,500224
1775429063868,500224
1775429063869,500224
1775429063871,500224
1775429063872,500224
1775429063874,500224
1775429063875,500224
1775429063877,500224
1775429063880,500224
1775429063883,500224
1775429063886,500224
1775429063889,500224
1775429063890,500224
1775429063892,500224
1775429063893,500224
1775429063985,500224
1775429063987,500224
1775429063989,500224
1775429063991,500224
1775429063993,500224
1775429063995,500224
1775429063997,500224
1775429063999,500224
1775429064000,500224
1775429064003,500224
1775429064005,500224
1775429064007,500224
1775429064009,500224
1775429064010,500224
1775429064012,500224
1775429064014,500224
1775429064015,500224
1775429064017,500224
1775429064018,500224
1775429064021,500224
1775429064022,500224
1775429064024,500224
1775429064025,500224
1775429064026,500224
1775429064028,500224
1775429064030,500224
1775429064031,500224
1775429064032,500224
1775429064034,500224
1775429064036,500224
1775429064037,500224
1775429064039,500224
1775429064040,500224
1775429064042,500224
1775429064043,500224
1775429064044,500224
1775429064046,500224
1775429064047,500224
1775429064049,500224
1775429064050,500224
1775429064052,500224
1775429064053,500224
1775429064055,500224
1775429064057,500224
1775429064058,500224
1775429064060,500224
1775429064061,500224
1775429064063,500224
1775429064064,500224
1775429064066,500224
1775429064069,500224
1775429064591,500224
1775429064594,500224
1775429064597,500224
1775429064600,500224
1775429064603,500224
1775429064606,500224
1775429064609,500224
1775429064612,500224
1775429064614,500224
1775429064615,500224
1775429064617,500224
1775429064619,500224
1775429064621,500224
1775429064622,500224
1775429064624,500224
1775429064625,500224
1775429064627,500224
1775429064628,500224
1775429064630,500224
1775429064631,500224
1775429064633,500224
1775429064634,500224
1775429064636,500224
1775429064640,500224
1775429064649,500224
1775429064651,500224
1775429064653,500224
1775429064655,500224
1775429064657,500224
1775429064659,500224
1775429064660,500224
1775429064662,500224
1775429064666,500224
1775429064673,500224
1775429064675,500224
1775429064678,500224
1775429064681,500224
1775429064682,500224
1775429064684,500224
1775429064686,500224
1775429064690,500224
1775429064692,500224
1775429064695,500224
1775429064697,500224
1775429064700,500224
1775429064702,500224
1775429064704,500224
1775429064707,500224
1775429064709,500224
1775429064711,500224
1775429064713,500224
1775429064715,500224
1775429064716,500224
1775429064719,500224
1775429064721,500224
1775429064724,500224
1775429064727,500224
1775429064730,500224
1775429064734,500224
1775429064739,500224
1775429064743,500224
1775429064748,500224
1775429064752,500224
1775429064754,500224
1775429064757,500224
1775429064759,500224
1775429064761,500224
1775429064762,500224
1775429064763,500224
1775429064764,500224
1775429064765,500224
1775429064769,500224
1775429064771,500224
1775429064773,500224
1775429064775,500224
1775429064778,500224
1775429064781,500224
1775429064783,500224
1775429064786,500224
1775429064789,500224
1775429064791,500224
1775429064793,500224
1775429064794,500224
1775429064797,500224
1775429064798,500224
1775429064800,500224
1775429064803,500224
1775429064805,500224
1775429064808,500224
1775429064810,500224
1775429064811,500224
1775429064813,500224
1775429064814,500224
1775429064817,500224
1775429064820,500224
1775429064823,500224
1775429064825,500224
1775429064827,500224
1775429064829,500224
1775429064831,500224
1775429064833,500224
1775429064835,500224
1775429064838,500224
1775429064841,500224
1775429064845,500224
1775429064846,500224
1775429064848,500224
1775429064849,500224
1775429064850,500224
1775429064852,500224
1775429064853,500224
1775429064854,500224
1775429064855,500224
1775429064857,500224
1775429064858,500224
1775429064859,500224
1775429064860,500224
1775429064862,500224
1775429064863,500224
1775429064864,500224
1775429064865,500224
1775429064867,500224
1775429064868,500224
1775429064869,500224
1775429064871,500224
1775429064872,500224
1775429064873,500224
1775429064875,500224
1775429064877,500224
1775429064880,500224
1775429064882,500224
1775429064883,500224
1775429064885,500224
1775429064888,500224
1775429064895,500224
1775429064898,500224
1775429064901,500224
1775429065184,500224
1775429065186,500224
1775429065189,500224
1775429065191,500224
1775429065193,500224
1775429065195,500224
1775429065196,500224
1775429065198,500224
1775429065200,500224
1775429065201,500224
1775429065203,500224
1775429065204,500224
1775429065206,500224
1775429065207,500224
1775429065209,500224
1775429065210,500224
1775429065211,500224
1775429065213,500224
1775429065214,500224
1775429065216,500224
1775429065217,500224
1775429065219,500224
1775429065224,500224
1775429065227,500224
1775429065228,500224
1775429065231,500224
1775429065233,500224
1775429065236,500224
1775429065239,500224
1775429065240,500224
1775429065243,500224
1775429065244,500224
1775429065246,500224
1775429065247,500224
1775429065248,500224
1775429065250,500224
1775429065251,500224
1775429065252,500224
1775429065254,500224
1775429065256,500224
1775429065257,500224
1775429065258,500224
1775429065260,500224
1775429065261,500224
1775429065263,500224
1775429065264,500224
1775429065265,500224
1775429065267,500224
1775429065268,500224
1775429065269,500224
1775429065271,500224
1775429065273,500224
1775429065275,500224
1775429065277,500224
1775429065279,500224
1775429065280,500224
1775429065282,500224
1775429065285,500224
1775429065286,500224
1775429065288,500224
1775429065289,500224
1775429065290,500224
1775429065291,500224
1775429065293,500224
1775429065296,500224
1775429065300,500224
1775429065304,500224
1775429065306,500224
1775429065308,500224
1775429065313,500224
1775429065316,500224
1775429065320,500224
1775429065322,500224
1775429065323,500224
1775429065326,500224
1775429065329,500224
1775429065331,500224
1775429065333,500224
1775429065335,500224
1775429065337,500224
1775429065339,500224
1775429065341,500224
1775429065343,500224
1775429065345,500224
1775429065347,500224
1775429065349,500224
1775429065351,500224
1775429065352,500224
1775429065354,500224
1775429065355,500224
1775429065357,500224
1775429065359,500224
1775429065785,500224
1775429065787,500224
1775429065789,500224
1775429065792,500224
1775429065794,500224
1775429065802,500224
1775429065804,500224
1775429065807,500224
1775429065810,500224
1775429065812,500224
1775429065813,500224
1775429065815,500224
1775429065816,500224
1775429065819,500224
1775429065822,500224
1775429065825,500224
1775429065828,500224
1775429065830,500224
1775429065832,500224
1775429065834,500224
1775429065837,500224
1775429065838,500224
1775429065840,500224
1775429065841,500224
1775429065842,500224
1775429065843,500224
1775429065845,500224
1775429065846,500224
1775429065847,500224
1775429065849,500224
1775429065850,500224
1775429065854,500224
1775429065860,500224
1775429065862,500224
1775429065863,500224
1775429065867,500224
1775429065869,500224
1775429065871,500224
1775429065872,500224
1775429065873,500224
1775429065876,500224
1775429065879,500224
1775429065882,500224
1775429065884,500224
1775429065887,500224
1775429065890,500224
1775429065891,500224
1775429065892,500224
1775429065893,500224
1775429065895,500224
1775429065896,500224
1775429065897,500224
1775429065898,500224
1775429065900,500224
1775429065901,500224
1775429065902,500224
1775429065903,500224
1775429065905,500224
1775429065906,500224
1775429065907,500224
1775429065908,500224
1775429065910,500224
1775429065911,500224
1775429065912,500224
1775429065914,500224
1775429065915,500224
1775429065916,500224
1775429065917,500224
1775429065923,500224
1775429065928,500224
1775429065929,500224
1775429065931,500224
1775429065932,500224
1775429065936,500224
1775429065939,500224
1775429065941,500224
