timestamp,size
1775422965056,512
1775422965660,4608
1775422965661,38400
1775422965661,18944
1775422965661,57856
1775422965662,95744
1775422965663,134656
1775422965663,28160
1775422965663,10240
1775422965664,221184
1775422965666,221184
1775422966259,115200
1775422966260,76800
1775422966260,105984
1775422966261,68096
1775422966262,153600
1775422966262,48128
1775422966263,232448
1775422966264,143872
1775422966266,259584
1775422966267,230400
1775422966268,192000
1775422966269,231936
1775422966861,114176
1775422966862,134656
1775422966864,297472
1775422966866,172544
1775422966868,268800
1775422966870,374272
1775422966873,335872
1775422966874,211456
1775422966876,249344
1775422966877,307200
1775422966879,268800
1775422966881,413184
1775422967463,307200
1775422967465,345600
1775422967467,345600
1775422967469,288256
1775422967471,384000
1775422967474,451072
1775422967477,489472
1775422967479,384000
1775422967481,422400
1775422967484,422400
1775422967486,460800
1775422968072,326144
1775422968075,365056
1775422968078,500224
1775422968081,500224
1775422968083,460800
1775422968085,402944
1775422968088,500224
1775422968091,499200
1775422968094,441856
1775422968097,479744
1775422968100,500224
1775422968102,500224
1775422968105,500224
1775422968108,500224
1775422968667,500224
1775422968670,500224
1775422968672,500224
1775422968675,500224
1775422968678,500224
1775422968681,500224
1775422968684,500224
1775422968687,500224
1775422968689,500224
1775422968692,500224
1775422968694,500224
1775422968697,500224
1775422968700,500224
1775422968702,500224
1775422969218,500224
1775422969221,500224
1775422969224,500224
1775422969227,500224
1775422969231,500224
1775422969234,500224
1775422969237,500224
1775422969240,500224
1775422969243,500224
1775422969245,500224
1775422969248,500224
1775422969250,500224
1775422969253,500224
1775422969256,500224
1775422969258,500224
1775422969260,500224
1775422969262,500224
1775422969265,500224
1775422969820,500224
1775422969823,500224
1775422969826,500224
1775422969828,500224
1775422969831,500224
1775422969834,500224
1775422969837,500224
1775422969840,500224
1775422969843,500224
1775422969846,500224
1775422969849,500224
1775422969852,500224
1775422969855,500224
1775422969857,500224
1775422969860,500224
1775422969862,500224
1775422969865,500224
1775422969868,500224
1775422969870,500224
1775422970421,500224
1775422970424,500224
1775422970427,500224
1775422970430,500224
1775422970432,500224
1775422970435,500224
1775422970438,500224
1775422970441,500224
1775422970443,500224
1775422970446,500224
1775422970448,500224
1775422970451,500224
1775422970453,500224
1775422970456,500224
1775422970459,500224
1775422970462,500224
1775422970464,500224
1775422970468,500224
1775422970471,500224
1775422970474,500224
1775422970477,500224
1775422970480,500224
1775422971022,500224
1775422971025,500224
1775422971030,500224
1775422971034,500224
1775422971039,500224
1775422971042,500224
1775422971044,500224
1775422971047,500224
1775422971050,500224
1775422971053,500224
1775422971055,500224
1775422971058,500224
1775422971061,500224
1775422971064,500224
1775422971076,500224
1775422971079,500224
1775422971085,500224
1775422971088,500224
1775422971091,500224
1775422971094,500224
1775422971096,500224
1775422971099,500224
1775422971101,500224
1775422971105,500224
1775422971108,500224
1775422971624,500224
1775422971629,500224
1775422971634,500224
1775422971638,500224
1775422971642,500224
1775422971645,500224
1775422971649,500224
1775422971652,500224
1775422971656,500224
1775422971659,500224
1775422971664,500224
1775422971667,500224
1775422971671,500224
1775422971675,500224
1775422971678,500224
1775422971681,500224
1775422971685,500224
1775422971688,500224
1775422971692,500224
1775422971695,500224
1775422971697,500224
1775422971700,500224
1775422971703,500224
1775422971705,500224
1775422971707,500224
1775422971709,500224
1775422971713,500224
1775422971717,500224
1775422972223,500224
1775422972228,500224
1775422972232,500224
1775422972235,500224
1775422972240,500224
1775422972244,500224
1775422972247,500224
1775422972250,500224
1775422972253,500224
1775422972257,500224
1775422972260,500224
1775422972263,500224
1775422972267,500224
1775422972270,500224
1775422972273,500224
1775422972276,500224
1775422972279,500224
1775422972283,500224
1775422972287,500224
1775422972292,500224
1775422972294,500224
1775422972298,500224
1775422972302,500224
1775422972306,500224
1775422972310,500224
1775422972314,500224
1775422972318,500224
1775422972321,500224
1775422972324,500224
1775422972327,500224
1775422972330,500224
1775422972826,500224
1775422972829,500224
1775422972834,500224
1775422972837,500224
1775422972841,500224
1775422972848,500224
1775422972852,500224
1775422972856,500224
1775422972860,500224
1775422972864,500224
1775422972867,500224
1775422972870,500224
1775422972873,500224
1775422972877,500224
1775422972881,500224
1775422972884,500224
1775422972888,500224
1775422972890,500224
1775422972892,500224
1775422972894,500224
1775422972896,500224
1775422972898,500224
1775422972901,500224
1775422972904,500224
1775422972906,500224
1775422972907,500224
1775422972909,500224
1775422972911,500224
1775422972912,500224
1775422972914,500224
1775422972915,500224
1775422972918,500224
1775422973424,500224
1775422973427,500224
1775422973430,500224
1775422973433,500224
1775422973435,500224
1775422973439,500224
1775422973442,500224
1775422973444,500224
1775422973447,500224
1775422973450,500224
1775422973452,500224
1775422973455,500224
1775422973458,500224
1775422973460,500224
1775422973463,500224
1775422973465,500224
1775422973467,500224
1775422973469,500224
1775422973471,500224
1775422973473,500224
1775422973475,500224
1775422973477,500224
1775422973480,500224
1775422973482,500224
1775422973484,500224
1775422973486,500224
1775422973488,500224
1775422973490,500224
1775422973492,500224
1775422973494,500224
1775422973498,500224
1775422973501,500224
1775422973503,500224
1775422973504,500224
1775422974026,500224
1775422974029,500224
1775422974032,500224
1775422974035,500224
1775422974037,500224
1775422974041,500224
1775422974043,500224
1775422974046,500224
1775422974049,500224
1775422974052,500224
1775422974054,500224
1775422974057,500224
1775422974060,500224
1775422974063,500224
1775422974066,500224
1775422974069,500224
1775422974071,500224
1775422974074,500224
1775422974077,500224
1775422974079,500224
1775422974081,500224
1775422974083,500224
1775422974085,500224
1775422974087,500224
1775422974089,500224
1775422974090,500224
1775422974092,500224
1775422974094,500224
1775422974095,500224
1775422974097,500224
1775422974100,500224
1775422974105,500224
1775422974108,500224
1775422974111,500224
1775422974113,500224
1775422974116,500224
1775422974626,500224
1775422974629,500224
1775422974632,500224
1775422974635,500224
1775422974637,500224
1775422974640,500224
1775422974643,500224
1775422974645,500224
1775422974648,500224
1775422974651,500224
1775422974653,500224
1775422974656,500224
1775422974659,500224
1775422974661,500224
1775422974664,500224
1775422974666,500224
1775422974669,500224
1775422974672,500224
1775422974674,500224
1775422974677,500224
1775422974678,500224
1775422974680,500224
1775422974682,500224
1775422974684,500224
1775422974686,500224
1775422974687,500224
1775422974689,500224
1775422974691,500224
1775422974694,500224
1775422974697,500224
1775422974700,500224
1775422974702,500224
1775422974705,500224
1775422974708,500224
1775422974710,500224
1775422975227,500224
1775422975229,500224
1775422975231,500224
1775422975233,500224
1775422975237,500224
1775422975239,500224
1775422975242,500224
1775422975245,500224
1775422975247,500224
1775422975253,500224
1775422975261,500224
1775422975263,500224
1775422975266,500224
1775422975269,500224
1775422975271,500224
1775422975274,500224
1775422975277,500224
1775422975279,500224
1775422975281,500224
1775422975284,500224
1775422975286,500224
1775422975288,500224
1775422975290,500224
1775422975292,500224
1775422975293,500224
1775422975295,500224
1775422975297,500224
1775422975299,500224
1775422975300,500224
1775422975302,500224
1775422975304,500224
1775422975306,500224
1775422975308,500224
1775422975310,500224
1775422975312,500224
1775422975315,500224
1775422975317,500224
1775422975320,500224
1775422975323,500224
1775422975326,500224
1775422975328,500224
1775422975330,500224
1775422975332,500224
1775422975832,500224
1775422975835,500224
1775422975839,500224
1775422975842,500224
1775422975845,500224
1775422975847,500224
1775422975850,500224
1775422975853,500224
1775422975855,500224
1775422975858,500224
1775422975860,500224
1775422975863,500224
1775422975868,500224
1775422975870,500224
1775422975873,500224
1775422975876,500224
1775422975877,500224
1775422975880,500224
1775422975883,500224
1775422975885,500224
1775422975887,500224
1775422975891,500224
1775422975894,500224
1775422975897,500224
1775422975901,500224
1775422975905,500224
1775422975910,500224
1775422975913,500224
1775422975917,500224
1775422975920,500224
1775422975922,500224
1775422975925,500224
1775422975927,500224
1775422975929,500224
1775422975931,500224
1775422975933,500224
1775422975935,500224
1775422975941,500224
1775422975944,500224
1775422975947,500224
1775422975950,500224
1775422975953,500224
1775422976431,500224
1775422976434,500224
1775422976437,500224
1775422976439,500224
1775422976443,500224
1775422976446,500224
1775422976449,500224
1775422976451,500224
1775422976454,500224
1775422976457,500224
1775422976459,500224
1775422976461,500224
1775422976464,500224
1775422976466,500224
1775422976468,500224
1775422976471,500224
1775422976473,500224
1775422976475,500224
1775422976478,500224
1775422976480,500224
1775422976483,500224
1775422976487,500224
1775422976490,500224
1775422976492,500224
1775422976496,500224
1775422976499,500224
1775422976501,500224
1775422976505,500224
1775422976509,500224
1775422976512,500224
1775422976514,500224
1775422976517,500224
1775422976520,500224
1775422976522,500224
1775422976526,500224
1775422976529,500224
1775422977032,500224
1775422977035,500224
1775422977038,500224
1775422977041,500224
1775422977043,500224
1775422977048,500224
1775422977052,500224
1775422977057,500224
1775422977060,500224
1775422977063,500224
1775422977065,500224
1775422977068,500224
1775422977070,500224
1775422977072,500224
1775422977076,500224
1775422977079,500224
1775422977082,500224
1775422977086,500224
1775422977091,500224
1775422977093,500224
1775422977096,500224
1775422977099,500224
1775422977104,500224
1775422977108,500224
1775422977111,500224
1775422977115,500224
1775422977117,500224
1775422977120,500224
1775422977122,500224
1775422977125,500224
1775422977128,500224
1775422977131,500224
1775422977134,500224
1775422977136,500224
1775422977139,500224
1775422977142,500224
1775422977143,500224
1775422977145,500224
1775422977146,500224
1775422977148,500224
1775422977149,500224
1775422977151,500224
1775422977153,500224
1775422977156,500224
1775422977158,500224
1775422977160,500224
1775422977637,500224
1775422977642,500224
1775422977645,500224
1775422977647,500224
1775422977650,500224
1775422977653,500224
1775422977655,500224
1775422977658,500224
1775422977660,500224
1775422977663,500224
1775422977665,500224
1775422977667,500224
1775422977669,500224
1775422977673,500224
1775422977676,500224
1775422977678,500224
1775422977681,500224
1775422977683,500224
1775422977686,500224
1775422977689,500224
1775422977691,500224
1775422977694,500224
1775422977698,500224
1775422977701,500224
1775422977703,500224
1775422977706,500224
1775422977708,500224
1775422977710,500224
1775422977714,500224
1775422977717,500224
1775422977720,500224
1775422977723,500224
1775422977726,500224
1775422977728,500224
1775422977730,500224
1775422977732,500224
1775422977733,500224
1775422977734,500224
1775422977735,500224
1775422978235,500224
1775422978238,500224
1775422978242,500224
1775422978245,500224
1775422978248,500224
1775422978250,500224
1775422978253,500224
1775422978256,500224
1775422978258,500224
1775422978261,500224
1775422978263,500224
1775422978266,500224
1775422978269,500224
1775422978272,500224
1775422978275,500224
1775422978277,500224
1775422978280,500224
1775422978283,500224
1775422978285,500224
1775422978288,500224
1775422978291,500224
1775422978293,500224
1775422978296,500224
1775422978298,500224
1775422978300,500224
1775422978303,500224
1775422978305,500224
1775422978307,500224
1775422978309,500224
1775422978311,500224
1775422978313,500224
1775422978316,500224
1775422978318,500224
1775422978320,500224
1775422978323,500224
1775422978326,500224
1775422978329,500224
1775422978331,500224
1775422978334,500224
1775422978337,500224
1775422978339,500224
1775422978342,500224
1775422978345,500224
1775422978348,500224
1775422978350,500224
1775422978352,500224
1775422978355,500224
1775422978835,500224
1775422978838,500224
1775422978841,500224
1775422978863,500224
1775422978869,500224
1775422978874,500224
1775422978879,500224
1775422978883,500224
1775422978887,500224
1775422978890,500224
1775422978893,500224
1775422978895,500224
1775422978900,500224
1775422978905,500224
1775422978913,500224
1775422978917,500224
1775422978919,500224
1775422978921,500224
1775422978923,500224
1775422978925,500224
1775422978928,500224
1775422978931,500224
1775422978935,500224
1775422978937,500224
1775422978941,500224
1775422978943,500224
1775422978946,500224
1775422978948,500224
1775422978949,500224
1775422978953,500224
1775422978956,500224
1775422978959,500224
1775422978962,500224
1775422978965,500224
1775422978967,500224
1775422978971,500224
1775422978974,500224
1775422979438,500224
1775422979444,500224
1775422979450,500224
1775422979454,500224
1775422979458,500224
1775422979461,500224
1775422979468,500224
1775422979472,500224
1775422979474,500224
1775422979477,500224
1775422979480,500224
1775422979488,500224
1775422979491,500224
1775422979495,500224
1775422979498,500224
1775422979500,500224
1775422979502,500224
1775422979504,500224
1775422979506,500224
1775422979508,500224
1775422979510,500224
1775422979512,500224
1775422979515,500224
1775422979517,500224
1775422979519,500224
1775422979521,500224
1775422979523,500224
1775422979526,500224
1775422979529,500224
1775422979533,500224
1775422979536,500224
1775422979538,500224
1775422979540,500224
1775422979543,500224
1775422979547,500224
1775422979548,500224
1775422979550,500224
1775422979554,500224
1775422979557,500224
1775422979560,500224
1775422979564,500224
1775422979568,500224
1775422979582,500224
1775422979586,500224
1775422980037,500224
1775422980038,500224
1775422980040,500224
1775422980042,500224
1775422980044,500224
1775422980048,500224
1775422980052,500224
1775422980056,500224
1775422980063,500224
1775422980066,500224
1775422980070,500224
1775422980074,500224
1775422980077,500224
1775422980079,500224
1775422980084,500224
1775422980086,500224
1775422980091,500224
1775422980094,500224
1775422980098,500224
1775422980102,500224
1775422980107,500224
1775422980111,500224
1775422980114,500224
1775422980117,500224
1775422980120,500224
1775422980122,500224
1775422980124,500224
1775422980128,500224
1775422980132,500224
1775422980138,500224
1775422980144,500224
1775422980149,500224
1775422980153,500224
1775422980156,500224
1775422980159,500224
1775422980162,500224
1775422980164,500224
1775422980167,500224
1775422980170,500224
1775422980172,500224
1775422980174,500224
1775422980177,500224
1775422980179,500224
1775422980181,500224
1775422980640,500224
1775422980645,500224
1775422980651,500224
1775422980656,500224
1775422980660,500224
1775422980663,500224
1775422980668,500224
1775422980672,500224
1775422980676,500224
1775422980680,500224
1775422980682,500224
1775422980686,500224
1775422980690,500224
1775422980693,500224
1775422980696,500224
1775422980699,500224
1775422980703,500224
1775422980705,500224
1775422980709,500224
1775422980712,500224
1775422980714,500224
1775422980718,500224
1775422980721,500224
1775422980728,500224
1775422980730,500224
1775422980732,500224
1775422980735,500224
1775422980738,500224
1775422980740,500224
1775422980741,500224
1775422980744,500224
1775422980745,500224
1775422980747,500224
1775422980748,500224
1775422980749,500224
1775422980751,500224
1775422980752,500224
1775422980753,500224
1775422980756,500224
1775422980758,500224
1775422981241,500224
1775422981246,500224
1775422981249,500224
1775422981252,500224
1775422981254,500224
1775422981257,500224
1775422981261,500224
1775422981264,500224
1775422981267,500224
1775422981270,500224
1775422981272,500224
1775422981275,500224
1775422981278,500224
1775422981281,500224
1775422981283,500224
1775422981286,500224
1775422981288,500224
1775422981290,500224
1775422981292,500224
1775422981295,500224
1775422981297,500224
1775422981300,500224
1775422981303,500224
1775422981306,500224
1775422981308,500224
1775422981312,500224
1775422981314,500224
1775422981317,500224
1775422981320,500224
1775422981322,500224
1775422981325,500224
1775422981328,500224
1775422981330,500224
1775422981333,500224
1775422981335,500224
1775422981337,500224
1775422981340,500224
1775422981342,500224
1775422981344,500224
1775422981346,500224
1775422981348,500224
1775422981350,500224
1775422981843,500224
1775422981846,500224
1775422981848,500224
1775422981851,500224
1775422981854,500224
1775422981856,500224
1775422981861,500224
1775422981864,500224
1775422981868,500224
1775422981872,500224
1775422981876,500224
1775422981879,500224
1775422981883,500224
1775422981886,500224
1775422981889,500224
1775422981892,500224
1775422981895,500224
1775422981898,500224
1775422981901,500224
1775422981904,500224
1775422981907,500224
1775422981909,500224
1775422981912,500224
1775422981914,500224
1775422981918,500224
1775422981921,500224
1775422981924,500224
1775422981927,500224
1775422981930,500224
1775422981934,500224
1775422981937,500224
1775422981940,500224
1775422981943,500224
1775422981945,500224
1775422981947,500224
1775422981949,500224
1775422981950,500224
1775422981952,500224
1775422981954,500224
1775422981955,500224
1775422981956,500224
1775422981958,500224
1775422981959,500224
1775422981960,500224
1775422981962,500224
1775422982445,500224
1775422982450,500224
1775422982453,500224
1775422982457,500224
1775422982460,500224
1775422982463,500224
1775422982467,500224
1775422982470,500224
1775422982472,500224
1775422982474,500224
1775422982476,500224
1775422982479,500224
1775422982483,500224
1775422982486,500224
1775422982488,500224
1775422982491,500224
1775422982494,500224
1775422982496,500224
1775422982500,500224
1775422982505,500224
1775422982509,500224
1775422982512,500224
1775422982516,500224
1775422982519,500224
1775422982522,500224
1775422982526,500224
1775422982529,500224
1775422982532,500224
1775422982535,500224
1775422982539,500224
1775422982542,500224
1775422982545,500224
1775422982548,500224
1775422982550,500224
1775422982551,500224
1775422982556,500224
1775422982560,500224
1775422982563,500224
1775422982567,500224
1775422982571,500224
1775422982573,500224
1775422983046,500224
1775422983049,500224
1775422983052,500224
1775422983058,500224
1775422983061,500224
1775422983065,500224
1775422983068,500224
1775422983070,500224
1775422983073,500224
1775422983075,500224
1775422983079,500224
1775422983084,500224
1775422983087,500224
1775422983090,500224
1775422983094,500224
1775422983098,500224
1775422983100,500224
1775422983105,500224
1775422983109,500224
1775422983112,500224
1775422983115,500224
1775422983120,500224
1775422983123,500224
1775422983126,500224
1775422983129,500224
1775422983131,500224
1775422983134,500224
1775422983137,500224
1775422983139,500224
1775422983141,500224
1775422983144,500224
1775422983146,500224
1775422983148,500224
1775422983150,500224
1775422983153,500224
1775422983155,500224
1775422983156,500224
1775422983158,500224
1775422983160,500224
1775422983162,500224
1775422983163,500224
1775422983165,500224
1775422983166,500224
1775422983168,500224
1775422983170,500224
1775422983649,500224
1775422983654,500224
1775422983659,500224
1775422983663,500224
1775422983667,500224
1775422983672,500224
1775422983674,500224
1775422983677,500224
1775422983680,500224
1775422983684,500224
1775422983687,500224
1775422983691,500224
1775422983695,500224
1775422983698,500224
1775422983702,500224
1775422983708,500224
1775422983712,500224
1775422983714,500224
1775422983718,500224
1775422983721,500224
1775422983724,500224
1775422983726,500224
1775422983729,500224
1775422983732,500224
1775422983736,500224
1775422983738,500224
1775422983741,500224
1775422983743,500224
1775422983745,500224
1775422983748,500224
1775422983751,500224
1775422983754,500224
1775422983757,500224
1775422983761,500224
1775422983765,500224
1775422983768,500224
1775422983770,500224
1775422983772,500224
1775422983775,500224
1775422984251,500224
1775422984254,500224
1775422984258,500224
1775422984262,500224
1775422984265,500224
1775422984268,500224
1775422984271,500224
1775422984273,500224
1775422984278,500224
1775422984285,500224
1775422984291,500224
1775422984296,500224
1775422984300,500224
1775422984304,500224
1775422984306,500224
1775422984308,500224
1775422984311,500224
1775422984313,500224
1775422984316,500224
1775422984319,500224
1775422984321,500224
1775422984326,500224
1775422984330,500224
1775422984334,500224
1775422984337,500224
1775422984340,500224
1775422984342,500224
1775422984345,500224
1775422984348,500224
1775422984350,500224
1775422984354,500224
1775422984359,500224
1775422984362,500224
1775422984367,500224
1775422984369,500224
1775422984373,500224
1775422984376,500224
1775422984378,500224
1775422984381,500224
1775422984383,500224
1775422984385,500224
1775422984389,500224
1775422984393,500224
1775422984398,500224
1775422984400,500224
1775422984402,500224
1775422984854,500224
1775422984860,500224
1775422984864,500224
1775422984867,500224
1775422984870,500224
1775422984874,500224
1775422984877,500224
1775422984880,500224
1775422984882,500224
1775422984885,500224
1775422984887,500224
1775422984889,500224
1775422984891,500224
1775422984893,500224
1775422984894,500224
1775422984897,500224
1775422984898,500224
1775422984899,500224
1775422984902,500224
1775422984904,500224
1775422984906,500224
1775422984908,500224
1775422984910,500224
1775422984911,500224
1775422984912,500224
1775422984914,500224
1775422984915,500224
1775422984919,500224
1775422984922,500224
1775422984924,500224
1775422984926,500224
1775422984929,500224
1775422984931,500224
1775422984933,500224
1775422984935,500224
1775422984938,500224
1775422984940,500224
1775422984942,500224
1775422984943,500224
1775422984945,500224
1775422984949,500224
1775422985453,500224
1775422985460,500224
1775422985466,500224
1775422985468,500224
1775422985472,500224
1775422985475,500224
1775422985477,500224
1775422985480,500224
1775422985483,500224
1775422985485,500224
1775422985488,500224
1775422985490,500224
1775422985493,500224
1775422985497,500224
1775422985500,500224
1775422985502,500224
1775422985505,500224
1775422985508,500224
1775422985510,500224
1775422985513,500224
1775422985516,500224
1775422985518,500224
1775422985521,500224
1775422985525,500224
1775422985528,500224
1775422985536,500224
1775422985539,500224
1775422985542,500224
1775422985545,500224
1775422985547,500224
1775422985550,500224
1775422985553,500224
1775422985555,500224
1775422985558,500224
1775422985560,500224
1775422985562,500224
1775422985564,500224
1775422985567,500224
1775422985569,500224
1775422985571,500224
1775422985572,500224
1775422985574,500224
1775422985576,500224
1775422985578,500224
1775422985580,500224
1775422985582,500224
1775422985584,500224
1775422985585,500224
1775422985587,500224
1775422985589,500224
1775422986053,500224
1775422986055,500224
1775422986058,500224
1775422986066,500224
1775422986069,500224
1775422986072,500224
1775422986074,500224
1775422986076,500224
1775422986079,500224
1775422986082,500224
1775422986085,500224
1775422986087,500224
1775422986090,500224
1775422986093,500224
1775422986096,500224
1775422986098,500224
1775422986101,500224
1775422986104,500224
1775422986106,500224
1775422986109,500224
1775422986111,500224
1775422986113,500224
1775422986116,500224
1775422986118,500224
1775422986121,500224
1775422986124,500224
1775422986126,500224
1775422986128,500224
1775422986129,500224
1775422986131,500224
1775422986133,500224
1775422986134,500224
1775422986136,500224
1775422986137,500224
1775422986139,500224
1775422986141,500224
1775422986143,500224
1775422986146,500224
1775422986147,500224
1775422986149,500224
1775422986150,500224
1775422986153,500224
1775422986155,500224
1775422986156,500224
1775422986158,500224
1775422986160,500224
1775422986161,500224
1775422986162,500224
1775422986163,500224
1775422986165,500224
1775422986166,500224
1775422986167,500224
1775422986169,500224
1775422986655,500224
1775422986657,500224
1775422986660,500224
1775422986663,500224
1775422986665,500224
1775422986668,500224
1775422986670,500224
1775422986672,500224
1775422986674,500224
1775422986676,500224
1775422986678,500224
1775422986680,500224
1775422986683,500224
1775422986687,500224
1775422986692,500224
1775422986698,500224
1775422986704,500224
1775422986707,500224
1775422986709,500224
1775422986712,500224
1775422986714,500224
1775422986716,500224
1775422986718,500224
1775422986720,500224
1775422986722,500224
1775422986724,500224
1775422986726,500224
1775422986728,500224
1775422986730,500224
1775422986731,500224
1775422986733,500224
1775422986734,500224
1775422986736,500224
1775422986738,500224
1775422986739,500224
1775422986741,500224
1775422986742,500224
1775422986744,500224
1775422986745,500224
1775422986746,500224
1775422986748,500224
1775422987303,500224
1775422987305,500224
1775422987308,500224
1775422987310,500224
1775422987312,500224
1775422987315,500224
1775422987318,500224
1775422987321,500224
1775422987325,500224
1775422987328,500224
1775422987330,500224
1775422987333,500224
1775422987336,500224
1775422987338,500224
1775422987341,500224
1775422987343,500224
1775422987346,500224
1775422987348,500224
1775422987350,500224
1775422987354,500224
1775422987356,500224
1775422987359,500224
1775422987360,500224
1775422987362,500224
1775422987363,500224
1775422987364,500224
1775422987366,500224
1775422987367,500224
1775422987368,500224
1775422987372,500224
1775422987374,500224
1775422987376,500224
1775422987379,500224
1775422987381,500224
1775422987384,500224
1775422987388,500224
1775422987395,500224
1775422987399,500224
1775422987401,500224
1775422987402,500224
1775422987405,500224
1775422987407,500224
1775422987408,500224
1775422987411,500224
1775422987413,500224
1775422987414,500224
1775422987417,500224
1775422987419,500224
1775422987422,500224
1775422987424,500224
1775422987427,500224
1775422987429,500224
1775422987853,500224
1775422987857,500224
1775422987859,500224
1775422987862,500224
1775422987864,500224
1775422987866,500224
1775422987868,500224
1775422987872,500224
1775422987874,500224
1775422987876,500224
1775422987878,500224
1775422987879,500224
1775422987881,500224
1775422987883,500224
1775422987885,500224
1775422987888,500224
1775422987892,500224
1775422987894,500224
1775422987897,500224
1775422987899,500224
1775422987900,500224
1775422987902,500224
1775422987903,500224
1775422987904,500224
1775422987906,500224
1775422987907,500224
1775422987908,500224
1775422987909,500224
1775422987911,500224
1775422987912,500224
1775422987913,500224
1775422987919,500224
1775422987921,500224
1775422987924,500224
1775422987925,500224
1775422987927,500224
1775422987929,500224
1775422987930,500224
1775422987932,500224
1775422987933,500224
1775422987934,500224
1775422987936,500224
1775422987937,500224
1775422987939,500224
1775422987940,500224
1775422987942,500224
1775422988465,500224
1775422988468,500224
1775422988471,500224
1775422988473,500224
1775422988476,500224
1775422988478,500224
1775422988481,500224
1775422988484,500224
1775422988486,500224
1775422988489,500224
1775422988492,500224
1775422988494,500224
1775422988497,500224
1775422988500,500224
1775422988502,500224
1775422988505,500224
1775422988507,500224
1775422988510,500224
1775422988513,500224
1775422988515,500224
1775422988517,500224
1775422988519,500224
1775422988521,500224
1775422988524,500224
1775422988526,500224
1775422988529,500224
1775422988532,500224
1775422988534,500224
1775422988535,500224
1775422988537,500224
1775422988541,500224
1775422988544,500224
1775422988546,500224
1775422988548,500224
1775422988550,500224
1775422988551,500224
1775422988553,500224
1775422988555,500224
1775422988557,500224
1775422988559,500224
1775422988560,500224
1775422988562,500224
1775422988564,500224
1775422988566,500224
1775422988568,500224
1775422988569,500224
1775422988571,500224
1775422988573,500224
1775422988574,500224
1775422988577,500224
1775422988580,500224
1775422988583,500224
1775422988585,500224
1775422988588,500224
1775422988590,500224
1775422988593,500224
1775422988596,500224
1775422989005,500224
1775422989008,500224
1775422989011,500224
1775422989016,500224
1775422989020,500224
1775422989024,500224
1775422989028,500224
1775422989030,500224
1775422989033,500224
1775422989036,500224
1775422989038,500224
1775422989040,500224
1775422989043,500224
1775422989045,500224
1775422989047,500224
1775422989049,500224
1775422989052,500224
1775422989055,500224
1775422989057,500224
1775422989060,500224
1775422989062,500224
1775422989064,500224
1775422989066,500224
1775422989068,500224
1775422989070,500224
1775422989072,500224
1775422989074,500224
1775422989076,500224
1775422989078,500224
1775422989080,500224
1775422989082,500224
1775422989083,500224
1775422989085,500224
1775422989087,500224
1775422989557,500224
1775422989561,500224
1775422989564,500224
1775422989568,500224
1775422989571,500224
1775422989575,500224
1775422989578,500224
1775422989581,500224
1775422989584,500224
1775422989586,500224
1775422989589,500224
1775422989592,500224
1775422989594,500224
1775422989597,500224
1775422989599,500224
1775422989602,500224
1775422989604,500224
1775422989606,500224
1775422989608,500224
1775422989611,500224
1775422989614,500224
1775422989616,500224
1775422989618,500224
1775422989621,500224
1775422989623,500224
1775422989625,500224
1775422989627,500224
1775422989629,500224
1775422989630,500224
1775422989637,500224
1775422989639,500224
1775422989642,500224
1775422989645,500224
1775422989648,500224
1775422989650,500224
1775422989653,500224
1775422989656,500224
1775422989658,500224
1775422989661,500224
1775422989663,500224
1775422989664,500224
1775422989666,500224
1775422989667,500224
1775422989668,500224
1775422989670,500224
1775422989671,500224
1775422989672,500224
1775422989674,500224
1775422989675,500224
1775422989676,500224
1775422989677,500224
1775422989679,500224
1775422989680,500224
1775422989681,500224
1775422990158,500224
1775422990161,500224
1775422990166,500224
1775422990168,500224
1775422990171,500224
1775422990174,500224
1775422990176,500224
1775422990179,500224
1775422990182,500224
1775422990184,500224
1775422990189,500224
1775422990192,500224
1775422990196,500224
1775422990201,500224
1775422990204,500224
1775422990206,500224
1775422990209,500224
1775422990212,500224
1775422990215,500224
1775422990217,500224
1775422990220,500224
1775422990222,500224
1775422990224,500224
1775422990226,500224
1775422990229,500224
1775422990233,500224
1775422990242,500224
1775422990245,500224
1775422990247,500224
1775422990250,500224
1775422990252,500224
1775422990254,500224
1775422990256,500224
1775422990258,500224
1775422990260,500224
1775422990261,500224
1775422990266,500224
1775422990269,500224
1775422990273,500224
1775422990275,500224
1775422990277,500224
1775422990279,500224
1775422990281,500224
1775422990766,500224
1775422990769,500224
1775422990772,500224
1775422990775,500224
1775422990779,500224
1775422990781,500224
1775422990784,500224
1775422990787,500224
1775422990790,500224
1775422990792,500224
1775422990795,500224
1775422990797,500224
1775422990799,500224
1775422990802,500224
1775422990804,500224
1775422990806,500224
1775422990808,500224
1775422990812,500224
1775422990813,500224
1775422990815,500224
1775422990816,500224
1775422990819,500224
1775422990827,500224
1775422990831,500224
1775422990834,500224
1775422990836,500224
1775422990839,500224
1775422990843,500224
1775422990846,500224
1775422990849,500224
1775422990852,500224
1775422990855,500224
1775422990858,500224
1775422990860,500224
1775422990862,500224
1775422990864,500224
1775422990866,500224
1775422990868,500224
1775422990870,500224
1775422990872,500224
1775422990874,500224
1775422990875,500224
1775422990878,500224
1775422990881,500224
1775422990884,500224
1775422990886,500224
1775422990890,500224
1775422990893,500224
1775422990895,500224
1775422990897,500224
1775422990898,500224
1775422990900,500224
1775422990903,500224
1775422990906,500224
1775422990907,500224
1775422991366,500224
1775422991369,500224
1775422991371,500224
1775422991374,500224
1775422991377,500224
1775422991381,500224
1775422991384,500224
1775422991387,500224
1775422991389,500224
1775422991392,500224
1775422991394,500224
1775422991397,500224
1775422991399,500224
1775422991401,500224
1775422991403,500224
1775422991405,500224
1775422991408,500224
1775422991411,500224
1775422991420,500224
1775422991423,500224
1775422991427,500224
1775422991429,500224
1775422991431,500224
1775422991434,500224
1775422991436,500224
1775422991438,500224
1775422991440,500224
1775422991442,500224
1775422991444,500224
1775422991446,500224
1775422991447,500224
1775422991450,500224
1775422991453,500224
1775422991455,500224
1775422991457,500224
1775422991458,500224
1775422991961,500224
1775422991964,500224
1775422991967,500224
1775422991969,500224
1775422991972,500224
1775422991975,500224
1775422991977,500224
1775422991980,500224
1775422991982,500224
1775422991985,500224
1775422991987,500224
1775422991989,500224
1775422991991,500224
1775422991993,500224
1775422991995,500224
1775422991997,500224
1775422991999,500224
1775422992001,500224
1775422992003,500224
1775422992004,500224
1775422992006,500224
1775422992008,500224
1775422992010,500224
1775422992013,500224
1775422992016,500224
1775422992018,500224
1775422992021,500224
1775422992024,500224
1775422992026,500224
1775422992029,500224
1775422992031,500224
1775422992033,500224
1775422992035,500224
1775422992562,500224
1775422992565,500224
1775422992568,500224
1775422992570,500224
1775422992573,500224
1775422992576,500224
1775422992578,500224
1775422992581,500224
1775422992584,500224
1775422992586,500224
1775422992589,500224
1775422992592,500224
1775422992594,500224
1775422992597,500224
1775422992599,500224
1775422992602,500224
1775422992606,500224
1775422992608,500224
1775422992611,500224
1775422992614,500224
1775422992616,500224
1775422992619,500224
1775422992622,500224
1775422992624,500224
1775422992627,500224
1775422992630,500224
1775422992632,500224
1775422993162,500224
1775422993165,500224
1775422993168,500224
1775422993171,500224
1775422993173,500224
1775422993176,500224
1775422993179,500224
1775422993181,500224
1775422993184,500224
1775422993187,500224
1775422993189,500224
1775422993192,500224
1775422993195,500224
1775422993197,500224
1775422993200,500224
1775422993202,500224
1775422993204,500224
1775422993206,500224
1775422993208,500224
1775422993210,500224
1775422993212,500224
1775422993214,500224
1775422993215,500224
1775422993217,500224
1775422993219,500224
1775422993220,500224
1775422993222,500224
1775422993224,500224
1775422993225,500224
1775422993227,500224
1775422993228,500224
1775422993229,500224
1775422993231,500224
1775422993232,500224
1775422993234,500224
1775422993764,500224
1775422993768,500224
1775422993771,500224
1775422993774,500224
1775422993778,500224
1775422993781,500224
1775422993783,500224
1775422993786,500224
1775422993789,500224
1775422993792,500224
1775422993795,500224
1775422993797,500224
1775422993800,500224
1775422993803,500224
1775422993806,500224
1775422993808,500224
1775422993811,500224
1775422993813,500224
1775422993815,500224
1775422993817,500224
1775422993819,500224
1775422993821,500224
1775422993823,500224
1775422993825,500224
1775422993827,500224
1775422993828,500224
1775422993830,500224
1775422993831,500224
1775422993833,500224
1775422994369,500224
1775422994372,500224
1775422994374,500224
1775422994377,500224
1775422994380,500224
1775422994383,500224
1775422994385,500224
1775422994388,500224
1775422994392,500224
1775422994400,500224
1775422994403,500224
1775422994406,500224
1775422994409,500224
1775422994413,500224
1775422994416,500224
1775422994419,500224
1775422994421,500224
1775422994424,500224
1775422994427,500224
1775422994429,500224
1775422994431,500224
1775422994434,500224
1775422994436,500224
1775422994438,500224
1775422994440,500224
1775422994443,500224
1775422994446,500224
1775422994448,500224
1775422994451,500224
1775422994967,500224
1775422994972,500224
1775422994974,500224
1775422994977,500224
1775422994980,500224
1775422994983,500224
1775422994985,500224
1775422994988,500224
1775422994991,500224
1775422994995,500224
1775422994999,500224
1775422995002,500224
1775422995006,500224
1775422995009,500224
1775422995012,500224
1775422995015,500224
1775422995018,500224
1775422995020,500224
1775422995023,500224
1775422995026,500224
1775422995028,500224
1775422995029,500224
1775422995031,500224
1775422995034,500224
1775422995037,500224
1775422995039,500224
1775422995042,500224
1775422995045,500224
1775422995047,500224
1775422995050,500224
1775422995053,500224
1775422995055,500224
1775422995058,500224
1775422995570,500224
1775422995573,500224
1775422995576,500224
1775422995579,500224
1775422995582,500224
1775422995585,500224
1775422995588,500224
1775422995590,500224
1775422995593,500224
1775422995596,500224
1775422995600,500224
1775422995603,500224
1775422995605,500224
1775422995608,500224
1775422995611,500224
1775422995614,500224
1775422995616,500224
1775422995621,500224
1775422995628,500224
1775422995631,500224
1775422995634,500224
1775422995637,500224
1775422995642,500224
1775422995644,500224
1775422995647,500224
1775422995650,500224
1775422995653,500224
1775422995655,500224
1775422996173,500224
1775422996176,500224
1775422996179,500224
1775422996182,500224
1775422996184,500224
1775422996187,500224
1775422996189,500224
1775422996192,500224
1775422996196,500224
1775422996199,500224
1775422996201,500224
1775422996204,500224
1775422996207,500224
1775422996209,500224
1775422996212,500224
1775422996216,500224
1775422996218,500224
1775422996221,500224
1775422996223,500224
1775422996225,500224
1775422996229,500224
1775422996232,500224
1775422996236,500224
1775422996239,500224
1775422996242,500224
1775422996244,500224
1775422996247,500224
1775422996250,500224
1775422996253,500224
1775422996255,500224
1775422996258,500224
1775422996260,500224
1775422996769,500224
1775422996772,500224
1775422996775,500224
1775422996777,500224
1775422996780,500224
1775422996783,500224
1775422996787,500224
1775422996790,500224
1775422996792,500224
1775422996795,500224
1775422996798,500224
1775422996800,500224
1775422996803,500224
1775422996805,500224
1775422996807,500224
1775422996810,500224
1775422996812,500224
1775422996814,500224
1775422996816,500224
1775422996818,500224
1775422996820,500224
1775422996822,500224
1775422996824,500224
1775422996825,500224
1775422996828,500224
1775422996831,500224
1775422996834,500224
1775422996837,500224
1775422996840,500224
1775422996843,500224
1775422997372,500224
1775422997377,500224
1775422997379,500224
1775422997383,500224
1775422997386,500224
1775422997392,500224
1775422997396,500224
1775422997399,500224
1775422997402,500224
1775422997405,500224
1775422997408,500224
1775422997411,500224
1775422997415,500224
1775422997417,500224
1775422997420,500224
1775422997422,500224
1775422997425,500224
1775422997427,500224
1775422997429,500224
1775422997432,500224
1775422997436,500224
1775422997439,500224
1775422997441,500224
1775422997443,500224
1775422997445,500224
1775422997448,500224
1775422997451,500224
1775422997453,500224
1775422997454,500224
1775422997456,500224
1775422997457,500224
1775422997459,500224
1775422997972,500224
1775422997976,500224
1775422997979,500224
1775422997982,500224
1775422997988,500224
1775422997991,500224
1775422997994,500224
1775422997997,500224
1775422998000,500224
1775422998002,500224
1775422998005,500224
1775422998008,500224
1775422998010,500224
1775422998013,500224
1775422998016,500224
1775422998018,500224
1775422998021,500224
1775422998024,500224
1775422998026,500224
1775422998030,500224
1775422998032,500224
1775422998035,500224
1775422998037,500224
1775422998039,500224
1775422998042,500224
1775422998045,500224
1775422998048,500224
1775422998051,500224
1775422998054,500224
1775422998573,500224
1775422998575,500224
1775422998578,500224
1775422998581,500224
1775422998584,500224
1775422998587,500224
1775422998591,500224
1775422998593,500224
1775422998595,500224
1775422998597,500224
1775422998599,500224
1775422998601,500224
1775422998603,500224
1775422998604,500224
1775422998606,500224
1775422998607,500224
1775422998609,500224
1775422998611,500224
1775422998612,500224
1775422998614,500224
1775422998615,500224
1775422998616,500224
1775422998618,500224
1775422998619,500224
1775422998621,500224
1775422998622,500224
1775422998623,500224
1775422998624,500224
1775422998626,500224
1775422998627,500224
1775422998628,500224
1775422999173,500224
1775422999177,500224
1775422999179,500224
1775422999184,500224
1775422999187,500224
1775422999190,500224
1775422999193,500224
1775422999196,500224
1775422999199,500224
1775422999202,500224
1775422999205,500224
1775422999207,500224
1775422999210,500224
1775422999213,500224
1775422999215,500224
1775422999217,500224
1775422999222,500224
1775422999227,500224
1775422999230,500224
1775422999232,500224
1775422999235,500224
1775422999237,500224
1775422999240,500224
1775422999242,500224
1775422999245,500224
1775422999248,500224
1775422999250,500224
1775422999253,500224
1775422999256,500224
1775422999259,500224
1775422999261,500224
1775422999264,500224
1775422999266,500224
1775422999775,500224
1775422999778,500224
1775422999784,500224
1775422999787,500224
1775422999789,500224
1775422999793,500224
1775422999796,500224
1775422999799,500224
1775422999802,500224
1775422999805,500224
1775422999808,500224
1775422999810,500224
1775422999813,500224
1775422999816,500224
1775422999819,500224
1775422999821,500224
1775422999824,500224
1775422999827,500224
1775422999829,500224
1775422999833,500224
1775422999835,500224
1775422999840,500224
1775422999844,500224
1775422999847,500224
1775422999850,500224
1775422999852,500224
1775422999855,500224
1775422999857,500224
1775422999860,500224
1775422999862,500224
1775422999864,500224
1775423000374,500224
1775423000376,500224
1775423000380,500224
1775423000383,500224
1775423000387,500224
1775423000389,500224
1775423000391,500224
1775423000393,500224
1775423000398,500224
1775423000401,500224
1775423000403,500224
1775423000405,500224
1775423000408,500224
1775423000411,500224
1775423000414,500224
1775423000417,500224
1775423000419,500224
1775423000422,500224
1775423000425,500224
1775423000428,500224
1775423000430,500224
1775423000433,500224
1775423000436,500224
1775423000439,500224
1775423000442,500224
1775423000445,500224
1775423000447,500224
1775423000449,500224
1775423000451,500224
1775423000454,500224
1775423000456,500224
1775423000458,500224
1775423000460,500224
1775423000977,500224
1775423000980,500224
1775423000983,500224
1775423000985,500224
1775423000990,500224
1775423000993,500224
1775423000995,500224
1775423000998,500224
1775423001001,500224
1775423001003,500224
1775423001006,500224
1775423001010,500224
1775423001013,500224
1775423001016,500224
1775423001019,500224
1775423001022,500224
1775423001025,500224
1775423001028,500224
1775423001030,500224
1775423001033,500224
1775423001036,500224
1775423001039,500224
1775423001041,500224
1775423001045,500224
1775423001048,500224
1775423001053,500224
1775423001055,500224
1775423001058,500224
1775423001061,500224
1775423001064,500224
1775423001066,500224
1775423001069,500224
1775423001071,500224
1775423001073,500224
1775423001578,500224
1775423001580,500224
1775423001583,500224
1775423001586,500224
1775423001589,500224
1775423001591,500224
1775423001596,500224
1775423001599,500224
1775423001602,500224
1775423001605,500224
1775423001608,500224
1775423001610,500224
1775423001613,500224
1775423001616,500224
1775423001618,500224
1775423001620,500224
1775423001622,500224
1775423001624,500224
1775423001626,500224
1775423001628,500224
1775423001630,500224
1775423001632,500224
1775423001633,500224
1775423001635,500224
1775423001637,500224
1775423001638,500224
1775423001640,500224
1775423001641,500224
1775423002178,500224
1775423002181,500224
1775423002184,500224
1775423002188,500224
1775423002190,500224
1775423002193,500224
1775423002196,500224
1775423002199,500224
1775423002201,500224
1775423002202,500224
1775423002204,500224
1775423002206,500224
1775423002208,500224
1775423002209,500224
1775423002211,500224
1775423002212,500224
1775423002214,500224
1775423002215,500224
1775423002218,500224
1775423002221,500224
1775423002224,500224
1775423002226,500224
1775423002229,500224
1775423002232,500224
1775423002234,500224
1775423002237,500224
1775423002239,500224
1775423002241,500224
1775423002243,500224
1775423002246,500224
1775423002248,500224
1775423002250,500224
1775423002251,500224
1775423002253,500224
1775423002255,500224
1775423002257,500224
1775423002259,500224
1775423002780,500224
1775423002785,500224
1775423002787,500224
1775423002791,500224
1775423002794,500224
1775423002796,500224
1775423002800,500224
1775423002804,500224
1775423002808,500224
1775423002812,500224
1775423002816,500224
1775423002819,500224
1775423002826,500224
1775423002830,500224
1775423002833,500224
1775423002836,500224
1775423002838,500224
1775423002841,500224
1775423002843,500224
1775423002845,500224
1775423002847,500224
1775423002849,500224
1775423002852,500224
1775423002854,500224
1775423002857,500224
1775423002860,500224
1775423002862,500224
1775423002863,500224
1775423002865,500224
1775423002866,500224
1775423002868,500224
1775423002869,500224
1775423002871,500224
1775423002872,500224
1775423003378,500224
1775423003381,500224
1775423003384,500224
1775423003387,500224
1775423003389,500224
1775423003392,500224
1775423003395,500224
1775423003397,500224
1775423003400,500224
1775423003403,500224
1775423003405,500224
1775423003410,500224
1775423003413,500224
1775423003415,500224
1775423003418,500224
1775423003421,500224
1775423003423,500224
1775423003426,500224
1775423003429,500224
1775423003436,500224
1775423003441,500224
1775423003444,500224
1775423003450,500224
1775423003453,500224
1775423003455,500224
1775423003458,500224
1775423003461,500224
1775423003464,500224
1775423003466,500224
1775423003470,500224
1775423003474,500224
1775423003476,500224
1775423003478,500224
1775423003480,500224
1775423003482,500224
1775423003981,500224
1775423003984,500224
1775423003986,500224
1775423003989,500224
1775423003992,500224
1775423003995,500224
1775423003999,500224
1775423004003,500224
1775423004005,500224
1775423004009,500224
1775423004012,500224
1775423004015,500224
1775423004017,500224
1775423004020,500224
1775423004023,500224
1775423004026,500224
1775423004035,500224
1775423004040,500224
1775423004045,500224
1775423004048,500224
1775423004050,500224
1775423004052,500224
1775423004055,500224
1775423004057,500224
1775423004059,500224
1775423004062,500224
1775423004064,500224
1775423004066,500224
1775423004068,500224
1775423004070,500224
1775423004071,500224
1775423004073,500224
1775423004078,500224
1775423004080,500224
1775423004082,500224
1775423004084,500224
1775423004085,500224
1775423004584,500224
1775423004588,500224
1775423004591,500224
1775423004594,500224
1775423004597,500224
1775423004600,500224
1775423004602,500224
1775423004605,500224
1775423004608,500224
1775423004611,500224
1775423004613,500224
1775423004616,500224
1775423004618,500224
1775423004620,500224
1775423004623,500224
1775423004625,500224
1775423004628,500224
1775423004631,500224
1775423004633,500224
1775423004636,500224
1775423004639,500224
1775423004642,500224
1775423004645,500224
1775423004648,500224
1775423004650,500224
1775423004652,500224
1775423004653,500224
1775423004655,500224
1775423004656,500224
1775423004658,500224
1775423004659,500224
1775423004660,500224
1775423004663,500224
1775423004667,500224
1775423004671,500224
1775423004673,500224
1775423005184,500224
1775423005187,500224
1775423005189,500224
1775423005191,500224
1775423005193,500224
1775423005194,500224
1775423005197,500224
1775423005200,500224
1775423005202,500224
1775423005205,500224
1775423005208,500224
1775423005215,500224
1775423005224,500224
1775423005227,500224
1775423005231,500224
1775423005235,500224
1775423005239,500224
1775423005243,500224
1775423005248,500224
1775423005253,500224
1775423005258,500224
1775423005262,500224
1775423005266,500224
1775423005269,500224
1775423005273,500224
1775423005276,500224
1775423005279,500224
1775423005282,500224
1775423005287,500224
1775423005290,500224
1775423005294,500224
1775423005297,500224
1775423005299,500224
1775423005302,500224
1775423005306,500224
1775423005308,500224
1775423005311,500224
1775423005313,500224
1775423005315,500224
1775423005783,500224
1775423005787,500224
1775423005790,500224
1775423005794,500224
1775423005797,500224
1775423005799,500224
1775423005802,500224
1775423005805,500224
1775423005807,500224
1775423005810,500224
1775423005813,500224
1775423005816,500224
1775423005818,500224
1775423005821,500224
1775423005824,500224
1775423005827,500224
1775423005830,500224
1775423005832,500224
1775423005837,500224
1775423005839,500224
1775423005842,500224
1775423005845,500224
1775423005848,500224
1775423005851,500224
1775423005854,500224
1775423005857,500224
1775423005860,500224
1775423005864,500224
1775423005867,500224
1775423005870,500224
1775423005873,500224
1775423005875,500224
1775423005877,500224
1775423005880,500224
1775423005883,500224
1775423005886,500224
1775423005889,500224
1775423005893,500224
1775423005895,500224
1775423005897,500224
1775423005899,500224
1775423006390,500224
1775423006392,500224
1775423006397,500224
1775423006400,500224
1775423006404,500224
1775423006407,500224
1775423006412,500224
1775423006415,500224
1775423006418,500224
1775423006420,500224
1775423006423,500224
1775423006427,500224
1775423006430,500224
1775423006432,500224
1775423006435,500224
1775423006438,500224
1775423006440,500224
1775423006443,500224
1775423006448,500224
1775423006453,500224
1775423006456,500224
1775423006458,500224
1775423006461,500224
1775423006463,500224
1775423006466,500224
1775423006468,500224
1775423006470,500224
1775423006472,500224
1775423006474,500224
1775423006476,500224
1775423006479,500224
1775423006481,500224
1775423006483,500224
1775423006485,500224
1775423006490,500224
1775423006494,500224
1775423006497,500224
1775423006500,500224
1775423006503,500224
1775423006506,500224
1775423006509,500224
1775423006511,500224
1775423006514,500224
1775423006516,500224
1775423006519,500224
1775423006522,500224
1775423006525,500224
1775423006527,500224
1775423006530,500224
1775423006532,500224
1775423006534,500224
1775423006537,500224
1775423006539,500224
1775423006541,500224
1775423006543,500224
1775423006545,500224
1775423006547,500224
1775423006548,500224
1775423006550,500224
1775423006552,500224
1775423006556,500224
1775423006559,500224
1775423006563,500224
1775423006565,500224
1775423006568,500224
1775423006571,500224
1775423006574,500224
1775423006576,500224
1775423006579,500224
1775423006582,500224
1775423006585,500224
1775423006587,500224
1775423006589,500224
1775423006593,500224
1775423006594,500224
1775423006596,500224
1775423006599,500224
1775423006601,500224
1775423006602,500224
1775423006605,500224
1775423006608,500224
1775423006611,500224
1775423006613,500224
1775423006615,500224
1775423006617,500224
1775423006618,500224
1775423006619,500224
1775423006621,500224
1775423006622,500224
1775423006623,500224
1775423006625,500224
1775423006626,500224
1775423006629,500224
1775423006632,500224
1775423006636,500224
1775423006638,500224
1775423006641,500224
1775423006644,500224
1775423006646,500224
1775423006648,500224
1775423006650,500224
1775423006651,500224
1775423006653,500224
1775423006654,500224
1775423006655,500224
1775423006657,500224
1775423006658,500224
1775423006659,500224
1775423006661,500224
1775423006662,500224
1775423006663,500224
1775423006665,500224
1775423006666,500224
1775423006667,500224
1775423006669,500224
1775423006670,500224
1775423006671,500224
1775423006675,500224
1775423006678,500224
1775423006680,500224
1775423006683,500224
1775423006684,500224
1775423006688,500224
1775423006692,500224
1775423006695,500224
1775423006696,500224
1775423006698,500224
1775423006699,500224
1775423006701,500224
1775423006703,500224
1775423006704,500224
1775423006706,500224
1775423006707,500224
1775423006709,500224
1775423006710,500224
1775423006712,500224
1775423006713,500224
1775423006715,500224
1775423006716,500224
1775423006718,500224
1775423006720,500224
1775423006722,500224
1775423006723,500224
1775423006727,500224
1775423006729,500224
1775423006731,500224
1775423006733,500224
1775423006734,500224
1775423006737,500224
1775423006739,500224
1775423006740,500224
1775423006742,500224
1775423006743,500224
1775423006745,500224
1775423006746,500224
1775423006749,500224
1775423006752,500224
1775423006755,500224
1775423006757,500224
1775423006758,500224
1775423006761,500224
1775423006763,500224
1775423006766,500224
1775423006768,500224
1775423006771,500224
1775423006773,500224
1775423006774,500224
1775423006776,500224
1775423006777,500224
1775423006780,500224
1775423006782,500224
1775423006784,500224
1775423006786,500224
1775423006788,500224
1775423006790,500224
1775423006794,500224
1775423006796,500224
1775423006799,500224
1775423006802,500224
1775423006805,500224
1775423006807,500224
1775423006810,500224
1775423006813,500224
1775423006816,500224
1775423006819,500224
1775423006821,500224
1775423006824,500224
1775423006827,500224
1775423006830,500224
1775423006832,500224
1775423006835,500224
1775423006840,500224
1775423006844,500224
1775423006847,500224
1775423006849,500224
1775423006852,500224
1775423006854,500224
1775423006856,500224
1775423006858,500224
1775423006861,500224
1775423006863,500224
1775423006865,500224
1775423006867,500224
1775423006869,500224
1775423006871,500224
1775423006873,500224
1775423006875,500224
1775423006877,500224
1775423006878,500224
1775423006880,500224
1775423006881,500224
1775423006883,500224
1775423006884,500224
1775423006886,500224
1775423006887,500224
1775423006888,500224
1775423006890,500224
1775423006892,500224
1775423006893,500224
1775423006895,500224
1775423006899,500224
1775423006901,500224
1775423006902,500224
1775423006905,500224
1775423006907,500224
1775423006908,500224
1775423006910,500224
1775423006911,500224
1775423006913,500224
1775423006917,500224
1775423006920,500224
1775423006921,500224
1775423006923,500224
1775423006924,500224
1775423006926,500224
1775423006929,500224
1775423006932,500224
1775423006935,500224
1775423006938,500224
1775423006940,500224
1775423006943,500224
1775423006945,500224
1775423006946,500224
1775423006948,500224
1775423006949,500224
1775423006951,500224
1775423006952,500224
1775423006955,500224
1775423006959,500224
1775423006962,500224
1775423006964,500224
1775423006969,500224
1775423006973,500224
1775423006976,500224
1775423006979,500224
1775423006983,500224
1775423006988,500224
1775423006991,500224
1775423006994,500224
1775423006997,500224
1775423007000,500224
1775423007002,500224
1775423007005,500224
1775423007008,500224
1775423007011,500224
1775423007013,500224
1775423007015,500224
1775423007018,500224
1775423007020,500224
1775423007022,500224
1775423007024,500224
1775423007026,500224
1775423007030,500224
1775423007033,500224
1775423007035,500224
1775423007038,500224
1775423007040,500224
1775423007043,500224
1775423007045,500224
1775423007047,500224
1775423007049,500224
1775423007051,500224
1775423007053,500224
1775423007056,500224
1775423007059,500224
1775423007065,500224
1775423007068,500224
1775423007071,500224
1775423007074,500224
1775423007076,500224
1775423007078,500224
1775423007081,500224
1775423007083,500224
1775423007085,500224
1775423007087,500224
1775423007089,500224
1775423007091,500224
1775423007093,500224
1775423007095,500224
1775423007097,500224
1775423007100,500224
1775423007103,500224
1775423007106,500224
1775423007108,500224
1775423007109,500224
1775423007111,500224
1775423007114,500224
1775423007119,500224
1775423007122,500224
1775423007126,500224
1775423007128,500224
1775423007131,500224
1775423007134,500224
1775423007137,500224
1775423007139,500224
1775423007142,500224
1775423007145,500224
1775423007147,500224
1775423007150,500224
1775423007153,500224
1775423007155,500224
1775423007158,500224
1775423007161,500224
1775423007165,500224
1775423007167,500224
1775423007169,500224
1775423007172,500224
1775423007174,500224
1775423007175,500224
1775423007177,500224
1775423007179,500224
1775423007181,500224
1775423007183,500224
1775423007184,500224
1775423007186,500224
1775423007188,500224
1775423007189,500224
1775423007191,500224
1775423007192,500224
1775423007194,500224
1775423007196,500224
1775423007198,500224
1775423007199,500224
1775423007201,500224
1775423007202,500224
1775423007204,500224
1775423007205,500224
1775423007206,500224
1775423007208,500224
1775423007210,500224
1775423007213,500224
1775423007216,500224
1775423007591,500224
1775423007598,500224
1775423007601,500224
1775423007605,500224
1775423007608,500224
1775423007611,500224
1775423007616,500224
1775423007620,500224
1775423007623,500224
1775423007626,500224
1775423007629,500224
1775423007632,500224
1775423007635,500224
1775423007638,500224
1775423007640,500224
1775423007643,500224
1775423007646,500224
1775423007649,500224
1775423007651,500224
1775423007654,500224
1775423007656,500224
1775423007658,500224
1775423007663,500224
1775423007666,500224
1775423007669,500224
1775423007673,500224
1775423007677,500224
1775423007679,500224
1775423007682,500224
1775423007685,500224
1775423007688,500224
1775423007691,500224
1775423007692,500224
1775423007694,500224
1775423007695,500224
1775423007696,500224
1775423007698,500224
1775423007701,500224
1775423007703,500224
1775423007705,500224
1775423007707,500224
1775423007709,500224
1775423007712,500224
1775423007714,500224
1775423007716,500224
1775423008193,500224
1775423008198,500224
1775423008200,500224
1775423008205,500224
1775423008208,500224
1775423008210,500224
1775423008213,500224
1775423008216,500224
1775423008219,500224
1775423008221,500224
1775423008224,500224
1775423008227,500224
1775423008230,500224
1775423008232,500224
1775423008235,500224
1775423008238,500224
1775423008240,500224
1775423008243,500224
1775423008246,500224
1775423008248,500224
1775423008251,500224
1775423008254,500224
1775423008256,500224
1775423008261,500224
1775423008264,500224
1775423008266,500224
1775423008268,500224
1775423008270,500224
1775423008272,500224
1775423008274,500224
1775423008277,500224
1775423008280,500224
1775423008283,500224
1775423008285,500224
1775423008288,500224
1775423008291,500224
1775423008294,500224
1775423008299,500224
1775423008302,500224
1775423008305,500224
1775423008307,500224
1775423008309,500224
1775423008312,500224
1775423008314,500224
1775423008317,500224
1775423008320,500224
1775423008790,500224
1775423008793,500224
1775423008796,500224
1775423008800,500224
1775423008803,500224
1775423008806,500224
1775423008810,500224
1775423008812,500224
1775423008815,500224
1775423008820,500224
1775423008833,500224
1775423008837,500224
1775423008841,500224
1775423008844,500224
1775423008846,500224
1775423008849,500224
1775423008852,500224
1775423008855,500224
1775423008860,500224
1775423008863,500224
1775423008866,500224
1775423008869,500224
1775423008871,500224
1775423008874,500224
1775423008877,500224
1775423008879,500224
1775423008881,500224
1775423008883,500224
1775423008885,500224
1775423008887,500224
1775423008889,500224
1775423008891,500224
1775423008893,500224
1775423008895,500224
1775423008897,500224
1775423008900,500224
1775423008902,500224
1775423008904,500224
1775423008906,500224
1775423008907,500224
1775423008909,500224
1775423008911,500224
1775423008914,500224
1775423009389,500224
1775423009392,500224
1775423009396,500224
1775423009399,500224
1775423009402,500224
1775423009408,500224
1775423009411,500224
1775423009414,500224
1775423009417,500224
1775423009420,500224
1775423009422,500224
1775423009425,500224
1775423009428,500224
1775423009431,500224
1775423009433,500224
1775423009436,500224
1775423009439,500224
1775423009441,500224
1775423009444,500224
1775423009447,500224
1775423009449,500224
1775423009452,500224
1775423009456,500224
1775423009459,500224
1775423009462,500224
1775423009465,500224
1775423009468,500224
1775423009471,500224
1775423009474,500224
1775423009477,500224
1775423009480,500224
1775423009484,500224
1775423009487,500224
1775423009490,500224
1775423009494,500224
1775423009497,500224
1775423009499,500224
1775423009502,500224
1775423009505,500224
1775423009508,500224
1775423009510,500224
1775423009513,500224
1775423009515,500224
1775423009518,500224
1775423009990,500224
1775423009994,500224
1775423009997,500224
1775423009999,500224
1775423010003,500224
1775423010006,500224
1775423010009,500224
1775423010012,500224
1775423010015,500224
1775423010018,500224
1775423010021,500224
1775423010024,500224
1775423010026,500224
1775423010028,500224
1775423010030,500224
1775423010032,500224
1775423010036,500224
1775423010038,500224
1775423010039,500224
1775423010040,500224
1775423010042,500224
1775423010043,500224
1775423010044,500224
1775423010046,500224
1775423010048,500224
1775423010050,500224
1775423010052,500224
1775423010054,500224
1775423010058,500224
1775423010062,500224
1775423010067,500224
1775423010073,500224
1775423010077,500224
1775423010081,500224
1775423010083,500224
1775423010086,500224
1775423010090,500224
1775423010093,500224
1775423010096,500224
1775423010099,500224
1775423010102,500224
1775423010105,500224
1775423010107,500224
1775423010110,500224
1775423010113,500224
1775423010116,500224
1775423010119,500224
1775423010121,500224
1775423010124,500224
1775423010127,500224
1775423010130,500224
1775423010133,500224
1775423010136,500224
1775423010138,500224
1775423010141,500224
1775423010143,500224
1775423010145,500224
1775423010592,500224
1775423010596,500224
1775423010599,500224
1775423010602,500224
1775423010606,500224
1775423010610,500224
1775423010613,500224
1775423010616,500224
1775423010620,500224
1775423010624,500224
1775423010627,500224
1775423010630,500224
1775423010635,500224
1775423010638,500224
1775423010641,500224
1775423010644,500224
1775423010646,500224
1775423010649,500224
1775423010652,500224
1775423010655,500224
1775423010657,500224
1775423010660,500224
1775423010663,500224
1775423010665,500224
1775423010668,500224
1775423010670,500224
1775423010672,500224
1775423010674,500224
1775423010676,500224
1775423010679,500224
1775423010681,500224
1775423010683,500224
1775423010684,500224
1775423010686,500224
1775423010688,500224
1775423010690,500224
1775423010692,500224
1775423010696,500224
1775423010698,500224
1775423010701,500224
1775423010704,500224
1775423010707,500224
1775423010709,500224
1775423010716,500224
1775423010723,500224
1775423010726,500224
1775423010728,500224
1775423010731,500224
1775423010734,500224
1775423010736,500224
1775423010739,500224
1775423010742,500224
1775423011201,500224
1775423011205,500224
1775423011207,500224
1775423011210,500224
1775423011213,500224
1775423011216,500224
1775423011219,500224
1775423011221,500224
1775423011224,500224
1775423011227,500224
1775423011230,500224
1775423011232,500224
1775423011235,500224
1775423011237,500224
1775423011240,500224
1775423011242,500224
1775423011244,500224
1775423011246,500224
1775423011248,500224
1775423011253,500224
1775423011255,500224
1775423011256,500224
1775423011259,500224
1775423011262,500224
1775423011268,500224
1775423011269,500224
1775423011271,500224
1775423011272,500224
1775423011275,500224
1775423011284,500224
1775423011288,500224
1775423011292,500224
1775423011295,500224
1775423011298,500224
1775423011303,500224
1775423011306,500224
1775423011309,500224
1775423011312,500224
1775423011314,500224
1775423011317,500224
1775423011320,500224
1775423011322,500224
1775423011325,500224
1775423011328,500224
1775423011330,500224
1775423011333,500224
1775423011336,500224
1775423011338,500224
1775423011340,500224
1775423011342,500224
1775423011344,500224
1775423011345,500224
1775423011347,500224
1775423011794,500224
1775423011798,500224
1775423011801,500224
1775423011803,500224
1775423011806,500224
1775423011815,500224
1775423011818,500224
1775423011821,500224
1775423011824,500224
1775423011827,500224
1775423011831,500224
1775423011835,500224
1775423011838,500224
1775423011841,500224
1775423011843,500224
1775423011846,500224
1775423011849,500224
1775423011852,500224
1775423011854,500224
1775423011857,500224
1775423011860,500224
1775423011862,500224
1775423011864,500224
1775423011867,500224
1775423011869,500224
1775423011871,500224
1775423011878,500224
1775423011881,500224
1775423011884,500224
1775423011886,500224
1775423011889,500224
1775423011892,500224
1775423011895,500224
1775423011897,500224
1775423011900,500224
1775423011903,500224
1775423011905,500224
1775423011908,500224
1775423011911,500224
1775423011915,500224
1775423011917,500224
1775423011920,500224
1775423011923,500224
1775423011926,500224
1775423011928,500224
1775423011931,500224
1775423012397,500224
1775423012399,500224
1775423012402,500224
1775423012405,500224
1775423012408,500224
1775423012412,500224
1775423012415,500224
1775423012427,500224
1775423012431,500224
1775423012436,500224
1775423012442,500224
1775423012445,500224
1775423012448,500224
1775423012451,500224
1775423012453,500224
1775423012457,500224
1775423012460,500224
1775423012462,500224
1775423012465,500224
1775423012467,500224
1775423012470,500224
1775423012474,500224
1775423012477,500224
1775423012478,500224
1775423012480,500224
1775423012482,500224
1775423012483,500224
1775423012485,500224
1775423012489,500224
1775423012492,500224
1775423012494,500224
1775423012498,500224
1775423012501,500224
1775423012504,500224
1775423012507,500224
1775423012509,500224
1775423012512,500224
1775423012514,500224
1775423012516,500224
1775423012519,500224
1775423012521,500224
1775423012523,500224
1775423012525,500224
1775423012528,500224
1775423012531,500224
1775423013004,500224
1775423013007,500224
1775423013009,500224
1775423013012,500224
1775423013016,500224
1775423013018,500224
1775423013021,500224
1775423013023,500224
1775423013026,500224
1775423013029,500224
1775423013032,500224
1775423013034,500224
1775423013039,500224
1775423013041,500224
1775423013044,500224
1775423013047,500224
1775423013050,500224
1775423013052,500224
1775423013055,500224
1775423013058,500224
1775423013061,500224
1775423013064,500224
1775423013066,500224
1775423013069,500224
1775423013072,500224
1775423013074,500224
1775423013077,500224
1775423013079,500224
1775423013081,500224
1775423013084,500224
1775423013086,500224
1775423013088,500224
1775423013091,500224
1775423013093,500224
1775423013095,500224
1775423013099,500224
1775423013102,500224
1775423013105,500224
1775423013109,500224
1775423013111,500224
1775423013599,500224
1775423013602,500224
1775423013605,500224
1775423013608,500224
1775423013611,500224
1775423013615,500224
1775423013618,500224
1775423013621,500224
1775423013623,500224
1775423013626,500224
1775423013631,500224
1775423013634,500224
1775423013638,500224
1775423013642,500224
1775423013645,500224
1775423013648,500224
1775423013651,500224
1775423013653,500224
1775423013656,500224
1775423013658,500224
1775423013661,500224
1775423013664,500224
1775423013666,500224
1775423013669,500224
1775423013671,500224
1775423013673,500224
1775423013676,500224
1775423013678,500224
1775423013682,500224
1775423013685,500224
1775423013688,500224
1775423013690,500224
1775423013693,500224
1775423013696,500224
1775423013698,500224
1775423013701,500224
1775423013703,500224
1775423013706,500224
1775423013708,500224
1775423013710,500224
1775423013713,500224
1775423013716,500224
1775423013719,500224
1775423013722,500224
1775423013724,500224
1775423013725,500224
1775423013727,500224
1775423013729,500224
1775423013731,500224
1775423013733,500224
1775423013736,500224
1775423013739,500224
1775423013743,500224
1775423014198,500224
1775423014203,500224
1775423014206,500224
1775423014209,500224
1775423014212,500224
1775423014215,500224
1775423014218,500224
1775423014220,500224
1775423014223,500224
1775423014226,500224
1775423014228,500224
1775423014229,500224
1775423014232,500224
1775423014237,500224
1775423014239,500224
1775423014241,500224
1775423014244,500224
1775423014246,500224
1775423014249,500224
1775423014251,500224
1775423014256,500224
1775423014259,500224
1775423014261,500224
1775423014264,500224
1775423014267,500224
1775423014270,500224
1775423014273,500224
1775423014277,500224
1775423014282,500224
1775423014285,500224
1775423014287,500224
1775423014289,500224
1775423014298,500224
1775423014301,500224
1775423014304,500224
1775423014307,500224
1775423014310,500224
1775423014314,500224
1775423014317,500224
1775423014320,500224
1775423014323,500224
1775423014326,500224
1775423014328,500224
1775423014330,500224
1775423014331,500224
1775423014333,500224
1775423014334,500224
1775423014336,500224
1775423014337,500224
1775423014339,500224
1775423014340,500224
1775423014342,500224
1775423014343,500224
1775423014800,500224
1775423014804,500224
1775423014807,500224
1775423014810,500224
1775423014813,500224
1775423014815,500224
1775423014818,500224
1775423014821,500224
1775423014824,500224
1775423014827,500224
1775423014829,500224
1775423014832,500224
1775423014834,500224
1775423014837,500224
1775423014839,500224
1775423014843,500224
1775423014846,500224
1775423014849,500224
1775423014851,500224
1775423014853,500224
1775423014855,500224
1775423014857,500224
1775423014859,500224
1775423014861,500224
1775423014863,500224
1775423014864,500224
1775423014868,500224
1775423014871,500224
1775423014874,500224
1775423014877,500224
1775423014879,500224
1775423014882,500224
1775423014884,500224
1775423014887,500224
1775423014890,500224
1775423014893,500224
1775423014895,500224
1775423014898,500224
1775423014901,500224
1775423014903,500224
1775423014906,500224
1775423014910,500224
1775423014912,500224
1775423014915,500224
1775423014918,500224
1775423014920,500224
1775423014923,500224
1775423014925,500224
1775423014927,500224
1775423014929,500224
1775423014932,500224
1775423014934,500224
1775423014935,500224
1775423014937,500224
1775423014939,500224
1775423014941,500224
1775423014942,500224
1775423014944,500224
1775423014946,500224
1775423014947,500224
1775423014949,500224
1775423014950,500224
1775423014952,500224
1775423014953,500224
1775423014955,500224
1775423014958,500224
1775423014960,500224
1775423014963,500224
1775423014964,500224
1775423014966,500224
1775423015400,500224
1775423015404,500224
1775423015407,500224
1775423015411,500224
1775423015414,500224
1775423015417,500224
1775423015420,500224
1775423015423,500224
1775423015426,500224
1775423015429,500224
1775423015431,500224
1775423015434,500224
1775423015436,500224
1775423015439,500224
1775423015441,500224
1775423015443,500224
1775423015445,500224
1775423015447,500224
1775423015449,500224
1775423015451,500224
1775423015453,500224
1775423015455,500224
1775423015456,500224
1775423015458,500224
1775423015459,500224
1775423015461,500224
1775423015462,500224
1775423015464,500224
1775423015465,500224
1775423015467,500224
1775423015468,500224
1775423015470,500224
1775423015471,500224
1775423015472,500224
1775423015474,500224
1775423015475,500224
1775423015476,500224
1775423015477,500224
1775423015479,500224
1775423015481,500224
1775423015482,500224
1775423015484,500224
1775423015487,500224
1775423015489,500224
1775423015491,500224
1775423015492,500224
1775423015493,500224
1775423015494,500224
1775423015496,500224
1775423015497,500224
1775423015498,500224
1775423015499,500224
1775423016001,500224
1775423016005,500224
1775423016008,500224
1775423016011,500224
1775423016013,500224
1775423016016,500224
1775423016019,500224
1775423016022,500224
1775423016024,500224
1775423016027,500224
1775423016030,500224
1775423016032,500224
1775423016034,500224
1775423016036,500224
1775423016038,500224
1775423016039,500224
1775423016042,500224
1775423016044,500224
1775423016047,500224
1775423016049,500224
1775423016051,500224
1775423016055,500224
1775423016058,500224
1775423016061,500224
1775423016064,500224
1775423016066,500224
1775423016069,500224
1775423016070,500224
1775423016074,500224
1775423016075,500224
1775423016077,500224
1775423016078,500224
1775423016079,500224
1775423016081,500224
1775423016082,500224
1775423016083,500224
1775423016084,500224
1775423016086,500224
1775423016087,500224
1775423016088,500224
1775423016090,500224
1775423016091,500224
1775423016092,500224
1775423016094,500224
1775423016095,500224
1775423016097,500224
1775423016100,500224
1775423016102,500224
1775423016104,500224
1775423016604,500224
1775423016607,500224
1775423016610,500224
1775423016619,500224
1775423016622,500224
1775423016625,500224
1775423016628,500224
1775423016630,500224
1775423016633,500224
1775423016636,500224
1775423016638,500224
1775423016641,500224
1775423016645,500224
1775423016647,500224
1775423016651,500224
1775423016654,500224
1775423016657,500224
1775423016659,500224
1775423016662,500224
1775423016665,500224
1775423016668,500224
1775423016671,500224
1775423016673,500224
1775423016676,500224
1775423016678,500224
1775423016680,500224
1775423016682,500224
1775423016684,500224
1775423016686,500224
1775423016688,500224
1775423016690,500224
1775423016692,500224
1775423016693,500224
1775423016695,500224
1775423016698,500224
1775423016700,500224
1775423016702,500224
1775423016704,500224
1775423016706,500224
1775423016708,500224
1775423016710,500224
1775423016712,500224
1775423016714,500224
1775423016715,500224
1775423016717,500224
1775423016718,500224
1775423016720,500224
1775423016721,500224
1775423016723,500224
1775423016724,500224
1775423017204,500224
1775423017207,500224
1775423017210,500224
1775423017212,500224
1775423017215,500224
1775423017218,500224
1775423017224,500224
1775423017230,500224
1775423017234,500224
1775423017237,500224
1775423017240,500224
1775423017242,500224
1775423017245,500224
1775423017248,500224
1775423017250,500224
1775423017253,500224
1775423017256,500224
1775423017259,500224
1775423017261,500224
1775423017263,500224
1775423017265,500224
1775423017268,500224
1775423017270,500224
1775423017272,500224
1775423017275,500224
1775423017277,500224
1775423017280,500224
1775423017283,500224
1775423017286,500224
1775423017288,500224
1775423017290,500224
1775423017292,500224
1775423017294,500224
1775423017295,500224
1775423017297,500224
1775423017300,500224
1775423017302,500224
1775423017306,500224
1775423017308,500224
1775423017311,500224
1775423017314,500224
1775423017316,500224
1775423017318,500224
1775423017319,500224
1775423017323,500224
1775423017328,500224
1775423017331,500224
1775423017333,500224
1775423017336,500224
1775423017804,500224
1775423017807,500224
1775423017810,500224
1775423017812,500224
1775423017815,500224
1775423017820,500224
1775423017823,500224
1775423017826,500224
1775423017829,500224
1775423017832,500224
1775423017835,500224
1775423017838,500224
1775423017841,500224
1775423017843,500224
1775423017847,500224
1775423017849,500224
1775423017850,500224
1775423017854,500224
1775423017856,500224
1775423017857,500224
1775423017859,500224
1775423017861,500224
1775423017862,500224
1775423017864,500224
1775423017866,500224
1775423017867,500224
1775423017869,500224
1775423017871,500224
1775423017872,500224
1775423017874,500224
1775423017875,500224
1775423017877,500224
1775423017878,500224
1775423017881,500224
1775423017884,500224
1775423017886,500224
1775423017889,500224
1775423017897,500224
1775423017900,500224
1775423017903,500224
1775423017905,500224
1775423017907,500224
1775423017910,500224
1775423017913,500224
1775423017916,500224
1775423017918,500224
1775423018407,500224
1775423018410,500224
1775423018413,500224
1775423018415,500224
1775423018418,500224
1775423018423,500224
1775423018426,500224
1775423018429,500224
1775423018432,500224
1775423018436,500224
1775423018442,500224
1775423018444,500224
1775423018447,500224
1775423018450,500224
1775423018452,500224
1775423018455,500224
1775423018458,500224
1775423018461,500224
1775423018463,500224
1775423018465,500224
1775423018468,500224
1775423018470,500224
1775423018472,500224
1775423018474,500224
1775423018476,500224
1775423018478,500224
1775423018480,500224
1775423018482,500224
1775423018485,500224
1775423018488,500224
1775423018490,500224
1775423018492,500224
1775423018493,500224
1775423018495,500224
1775423018496,500224
1775423018498,500224
1775423018499,500224
1775423018501,500224
1775423018502,500224
1775423018503,500224
1775423018505,500224
1775423018506,500224
1775423018507,500224
1775423018508,500224
1775423018510,500224
1775423018511,500224
1775423018512,500224
1775423018513,500224
1775423018516,500224
1775423019014,500224
1775423019021,500224
1775423019026,500224
1775423019030,500224
1775423019033,500224
1775423019037,500224
1775423019041,500224
1775423019044,500224
1775423019047,500224
1775423019050,500224
1775423019053,500224
1775423019056,500224
1775423019058,500224
1775423019061,500224
1775423019064,500224
1775423019066,500224
1775423019069,500224
1775423019071,500224
1775423019074,500224
1775423019077,500224
1775423019079,500224
1775423019082,500224
1775423019084,500224
1775423019086,500224
1775423019088,500224
1775423019090,500224
1775423019093,500224
1775423019095,500224
1775423019097,500224
1775423019100,500224
1775423019102,500224
1775423019104,500224
1775423019106,500224
1775423019109,500224
1775423019111,500224
1775423019113,500224
1775423019115,500224
1775423019117,500224
1775423019119,500224
1775423019121,500224
1775423019122,500224
1775423019124,500224
1775423019126,500224
1775423019128,500224
1775423019129,500224
1775423019131,500224
1775423019133,500224
1775423019134,500224
1775423019136,500224
1775423019608,500224
1775423019610,500224
1775423019613,500224
1775423019616,500224
1775423019619,500224
1775423019621,500224
1775423019624,500224
1775423019626,500224
1775423019629,500224
1775423019632,500224
1775423019634,500224
1775423019638,500224
1775423019641,500224
1775423019643,500224
1775423019646,500224
1775423019648,500224
1775423019650,500224
1775423019652,500224
1775423019654,500224
1775423019656,500224
1775423019657,500224
1775423019659,500224
1775423019661,500224
1775423019663,500224
1775423019666,500224
1775423019670,500224
1775423019673,500224
1775423019675,500224
1775423019678,500224
1775423019681,500224
1775423019683,500224
1775423019686,500224
1775423019689,500224
1775423019691,500224
1775423019694,500224
1775423019696,500224
1775423019699,500224
1775423019701,500224
1775423019704,500224
1775423019706,500224
1775423019708,500224
1775423019711,500224
1775423019712,500224
1775423019713,500224
1775423019715,500224
1775423019716,500224
1775423019717,500224
1775423019719,500224
1775423020212,500224
1775423020217,500224
1775423020222,500224
1775423020224,500224
1775423020227,500224
1775423020230,500224
1775423020232,500224
1775423020235,500224
1775423020238,500224
1775423020240,500224
1775423020242,500224
1775423020245,500224
1775423020247,500224
1775423020249,500224
1775423020251,500224
1775423020253,500224
1775423020255,500224
1775423020257,500224
1775423020258,500224
1775423020261,500224
1775423020264,500224
1775423020267,500224
1775423020268,500224
1775423020276,500224
1775423020279,500224
1775423020282,500224
1775423020285,500224
1775423020288,500224
1775423020290,500224
1775423020293,500224
1775423020295,500224
1775423020297,500224
1775423020299,500224
1775423020301,500224
1775423020303,500224
1775423020305,500224
1775423020307,500224
1775423020308,500224
1775423020309,500224
1775423020311,500224
1775423020312,500224
1775423020313,500224
1775423020314,500224
1775423020316,500224
1775423020317,500224
1775423020318,500224
1775423020320,500224
1775423020321,500224
1775423020322,500224
1775423020324,500224
1775423020325,500224
1775423020326,500224
1775423020328,500224
1775423020811,500224
1775423020814,500224
1775423020817,500224
1775423020820,500224
1775423020822,500224
1775423020827,500224
1775423020830,500224
1775423020833,500224
1775423020835,500224
1775423020838,500224
1775423020841,500224
1775423020844,500224
1775423020847,500224
1775423020852,500224
1775423020858,500224
1775423020863,500224
1775423020866,500224
1775423020869,500224
1775423020872,500224
1775423020878,500224
1775423020883,500224
1775423020885,500224
1775423020889,500224
1775423020892,500224
1775423020895,500224
1775423020899,500224
1775423020907,500224
1775423020909,500224
1775423020912,500224
1775423020915,500224
1775423020918,500224
1775423020921,500224
1775423020924,500224
1775423020927,500224
1775423020929,500224
1775423020931,500224
1775423020933,500224
1775423020935,500224
1775423020936,500224
1775423020939,500224
1775423020941,500224
1775423020944,500224
1775423020945,500224
1775423020949,500224
1775423020951,500224
1775423020954,500224
1775423020957,500224
1775423020959,500224
1775423020962,500224
1775423020966,500224
1775423021410,500224
1775423021414,500224
1775423021417,500224
1775423021420,500224
1775423021424,500224
1775423021428,500224
1775423021432,500224
1775423021435,500224
1775423021438,500224
1775423021440,500224
1775423021443,500224
1775423021447,500224
1775423021450,500224
1775423021452,500224
1775423021456,500224
1775423021459,500224
1775423021461,500224
1775423021464,500224
1775423021466,500224
1775423021469,500224
1775423021472,500224
1775423021475,500224
1775423021478,500224
1775423021484,500224
1775423021492,500224
1775423021495,500224
1775423021500,500224
1775423021503,500224
1775423021507,500224
1775423021512,500224
1775423021518,500224
1775423021522,500224
1775423021525,500224
1775423021528,500224
1775423021531,500224
1775423021534,500224
1775423021537,500224
1775423021539,500224
1775423021542,500224
1775423021545,500224
1775423021548,500224
1775423021551,500224
1775423021553,500224
1775423021556,500224
1775423021559,500224
1775423021563,500224
1775423021566,500224
1775423021568,500224
1775423022013,500224
1775423022021,500224
1775423022024,500224
1775423022027,500224
1775423022034,500224
1775423022037,500224
1775423022040,500224
1775423022043,500224
1775423022046,500224
1775423022051,500224
1775423022054,500224
1775423022057,500224
1775423022067,500224
1775423022070,500224
1775423022074,500224
1775423022078,500224
1775423022082,500224
1775423022087,500224
1775423022090,500224
1775423022093,500224
1775423022095,500224
1775423022101,500224
1775423022103,500224
1775423022106,500224
1775423022108,500224
1775423022111,500224
1775423022113,500224
1775423022115,500224
1775423022117,500224
1775423022119,500224
1775423022121,500224
1775423022123,500224
1775423022125,500224
1775423022128,500224
1775423022130,500224
1775423022131,500224
1775423022134,500224
1775423022135,500224
1775423022137,500224
1775423022138,500224
1775423022140,500224
1775423022141,500224
1775423022144,500224
1775423022148,500224
1775423022150,500224
1775423022625,500224
1775423022630,500224
1775423022633,500224
1775423022636,500224
1775423022640,500224
1775423022643,500224
1775423022646,500224
1775423022650,500224
1775423022654,500224
1775423022657,500224
1775423022660,500224
1775423022666,500224
1775423022669,500224
1775423022672,500224
1775423022675,500224
1775423022678,500224
1775423022681,500224
1775423022683,500224
1775423022685,500224
1775423022687,500224
1775423022692,500224
1775423022695,500224
1775423022698,500224
1775423022705,500224
1775423022709,500224
1775423022715,500224
1775423022719,500224
1775423022723,500224
1775423022726,500224
1775423022729,500224
1775423022731,500224
1775423022733,500224
1775423022737,500224
1775423022741,500224
1775423022744,500224
1775423022746,500224
1775423022749,500224
1775423022751,500224
1775423022752,500224
1775423022754,500224
1775423022756,500224
1775423022758,500224
1775423022762,500224
1775423022765,500224
1775423022768,500224
1775423022771,500224
1775423022778,500224
1775423022781,500224
1775423022784,500224
1775423022787,500224
1775423022789,500224
1775423022790,500224
1775423022793,500224
1775423022797,500224
1775423022800,500224
1775423023216,500224
1775423023220,500224
1775423023223,500224
1775423023229,500224
1775423023231,500224
1775423023234,500224
1775423023236,500224
1775423023238,500224
1775423023241,500224
1775423023243,500224
1775423023245,500224
1775423023247,500224
1775423023250,500224
1775423023251,500224
1775423023254,500224
1775423023256,500224
1775423023258,500224
1775423023260,500224
1775423023262,500224
1775423023266,500224
1775423023268,500224
1775423023273,500224
1775423023279,500224
1775423023282,500224
1775423023291,500224
1775423023293,500224
1775423023295,500224
1775423023297,500224
1775423023299,500224
1775423023301,500224
1775423023306,500224
1775423023308,500224
1775423023311,500224
1775423023314,500224
1775423023319,500224
1775423023322,500224
1775423023324,500224
1775423023327,500224
1775423023330,500224
1775423023335,500224
1775423023342,500224
1775423023345,500224
1775423023349,500224
1775423023352,500224
1775423023355,500224
1775423023357,500224
1775423023360,500224
1775423023815,500224
1775423023820,500224
1775423023822,500224
1775423023825,500224
1775423023828,500224
1775423023831,500224
1775423023834,500224
1775423023837,500224
1775423023841,500224
1775423023846,500224
1775423023850,500224
1775423023853,500224
1775423023856,500224
1775423023858,500224
1775423023861,500224
1775423023864,500224
1775423023867,500224
1775423023869,500224
1775423023872,500224
1775423023874,500224
1775423023877,500224
1775423023879,500224
1775423023882,500224
1775423023884,500224
1775423023886,500224
1775423023888,500224
1775423023892,500224
1775423023895,500224
1775423023898,500224
1775423023900,500224
1775423023903,500224
1775423023905,500224
1775423023910,500224
1775423023912,500224
1775423023915,500224
1775423023918,500224
1775423023920,500224
1775423023923,500224
1775423023926,500224
1775423023929,500224
1775423023931,500224
1775423023933,500224
1775423023935,500224
1775423023937,500224
1775423023941,500224
1775423023943,500224
1775423023944,500224
1775423023946,500224
1775423023948,500224
1775423023950,500224
1775423023951,500224
1775423023953,500224
1775423023955,500224
1775423024416,500224
1775423024418,500224
1775423024420,500224
1775423024422,500224
1775423024426,500224
1775423024429,500224
1775423024435,500224
1775423024438,500224
1775423024441,500224
1775423024444,500224
1775423024446,500224
1775423024457,500224
1775423024467,500224
1775423024469,500224
1775423024471,500224
1775423024473,500224
1775423024474,500224
1775423024477,500224
1775423024479,500224
1775423024480,500224
1775423024482,500224
1775423024483,500224
1775423024485,500224
1775423024488,500224
1775423024495,500224
1775423024501,500224
1775423024503,500224
1775423024506,500224
1775423024510,500224
1775423024513,500224
1775423024516,500224
1775423024518,500224
1775423024520,500224
1775423024522,500224
1775423024524,500224
1775423024526,500224
1775423024528,500224
1775423024531,500224
1775423024533,500224
1775423024535,500224
1775423024537,500224
1775423024539,500224
1775423024540,500224
1775423024542,500224
1775423024543,500224
1775423024545,500224
1775423025018,500224
1775423025023,500224
1775423025026,500224
1775423025028,500224
1775423025031,500224
1775423025034,500224
1775423025036,500224
1775423025039,500224
1775423025042,500224
1775423025046,500224
1775423025048,500224
1775423025053,500224
1775423025054,500224
1775423025057,500224
1775423025060,500224
1775423025063,500224
1775423025066,500224
1775423025068,500224
1775423025071,500224
1775423025074,500224
1775423025076,500224
1775423025079,500224
1775423025083,500224
1775423025086,500224
1775423025091,500224
1775423025095,500224
1775423025097,500224
1775423025100,500224
1775423025103,500224
1775423025105,500224
1775423025108,500224
1775423025111,500224
1775423025114,500224
1775423025117,500224
1775423025120,500224
1775423025123,500224
1775423025126,500224
1775423025128,500224
1775423025131,500224
1775423025134,500224
1775423025137,500224
1775423025139,500224
1775423025142,500224
1775423025144,500224
1775423025146,500224
1775423025148,500224
1775423025151,500224
1775423025154,500224
1775423025156,500224
1775423025159,500224
1775423025162,500224
1775423025164,500224
1775423025167,500224
1775423025170,500224
1775423025618,500224
1775423025621,500224
1775423025624,500224
1775423025626,500224
1775423025629,500224
1775423025634,500224
1775423025637,500224
1775423025640,500224
1775423025642,500224
1775423025645,500224
1775423025648,500224
1775423025653,500224
1775423025656,500224
1775423025659,500224
1775423025661,500224
1775423025664,500224
1775423025666,500224
1775423025669,500224
1775423025674,500224
1775423025677,500224
1775423025680,500224
1775423025683,500224
1775423025685,500224
1775423025688,500224
1775423025692,500224
1775423025695,500224
1775423025698,500224
1775423025701,500224
1775423025704,500224
1775423025707,500224
1775423025711,500224
1775423025715,500224
1775423025726,500224
1775423025729,500224
1775423025735,500224
1775423025738,500224
1775423025741,500224
1775423025743,500224
1775423025746,500224
1775423025749,500224
1775423025751,500224
1775423025754,500224
1775423025757,500224
1775423025759,500224
1775423025762,500224
1775423026223,500224
1775423026229,500224
1775423026234,500224
1775423026237,500224
1775423026239,500224
1775423026242,500224
1775423026245,500224
1775423026248,500224
1775423026250,500224
1775423026253,500224
1775423026256,500224
1775423026258,500224
1775423026261,500224
1775423026264,500224
1775423026266,500224
1775423026269,500224
1775423026272,500224
1775423026275,500224
1775423026277,500224
1775423026280,500224
1775423026283,500224
1775423026285,500224
1775423026287,500224
1775423026291,500224
1775423026296,500224
1775423026298,500224
1775423026300,500224
1775423026302,500224
1775423026304,500224
1775423026307,500224
1775423026308,500224
1775423026310,500224
1775423026312,500224
1775423026314,500224
1775423026315,500224
1775423026317,500224
1775423026319,500224
1775423026320,500224
1775423026322,500224
1775423026323,500224
1775423026325,500224
1775423026326,500224
1775423026328,500224
1775423026329,500224
1775423026331,500224
1775423026332,500224
1775423026333,500224
1775423026335,500224
1775423026336,500224
1775423026337,500224
1775423026338,500224
1775423026340,500224
1775423026342,500224
1775423026344,500224
1775423026824,500224
1775423026826,500224
1775423026829,500224
1775423026832,500224
1775423026834,500224
1775423026837,500224
1775423026840,500224
1775423026842,500224
1775423026845,500224
1775423026848,500224
1775423026850,500224
1775423026853,500224
1775423026858,500224
1775423026861,500224
1775423026864,500224
1775423026867,500224
1775423026869,500224
1775423026871,500224
1775423026873,500224
1775423026876,500224
1775423026879,500224
1775423026881,500224
1775423026882,500224
1775423026884,500224
1775423026885,500224
1775423026886,500224
1775423026888,500224
1775423026889,500224
1775423026891,500224
1775423026892,500224
1775423026893,500224
1775423026894,500224
1775423026896,500224
1775423026897,500224
1775423026899,500224
1775423026904,500224
1775423026906,500224
1775423026909,500224
1775423026912,500224
1775423026914,500224
1775423026917,500224
1775423027422,500224
1775423027424,500224
1775423027427,500224
1775423027430,500224
1775423027433,500224
1775423027436,500224
1775423027439,500224
1775423027443,500224
1775423027445,500224
1775423027448,500224
1775423027451,500224
1775423027454,500224
1775423027456,500224
1775423027459,500224
1775423027462,500224
1775423027464,500224
1775423027466,500224
1775423027468,500224
1775423027470,500224
1775423027472,500224
1775423027475,500224
1775423027477,500224
1775423027479,500224
1775423027481,500224
1775423027483,500224
1775423027485,500224
1775423027487,500224
1775423027489,500224
1775423027490,500224
1775423027492,500224
1775423027494,500224
1775423027496,500224
1775423027497,500224
1775423027499,500224
1775423027500,500224
1775423027502,500224
1775423027503,500224
1775423027505,500224
1775423027506,500224
1775423027507,500224
1775423027509,500224
1775423027510,500224
1775423027511,500224
1775423027513,500224
1775423027514,500224
1775423027515,500224
1775423027518,500224
1775423027520,500224
1775423028024,500224
1775423028028,500224
1775423028031,500224
1775423028033,500224
1775423028036,500224
1775423028039,500224
1775423028042,500224
1775423028045,500224
1775423028048,500224
1775423028051,500224
1775423028054,500224
1775423028056,500224
1775423028059,500224
1775423028062,500224
1775423028064,500224
1775423028066,500224
1775423028069,500224
1775423028071,500224
1775423028073,500224
1775423028075,500224
1775423028077,500224
1775423028079,500224
1775423028081,500224
1775423028082,500224
1775423028084,500224
1775423028087,500224
1775423028090,500224
1775423028092,500224
1775423028095,500224
1775423028098,500224
1775423028101,500224
1775423028103,500224
1775423028106,500224
1775423028109,500224
1775423028112,500224
1775423028115,500224
1775423028118,500224
1775423028120,500224
1775423028123,500224
1775423028125,500224
1775423028128,500224
1775423028625,500224
1775423028628,500224
1775423028631,500224
1775423028633,500224
1775423028637,500224
1775423028640,500224
1775423028642,500224
1775423028645,500224
1775423028648,500224
1775423028650,500224
1775423028653,500224
1775423028656,500224
1775423028659,500224
1775423028662,500224
1775423028664,500224
1775423028667,500224
1775423028670,500224
1775423028672,500224
1775423028675,500224
1775423028677,500224
1775423028680,500224
1775423028682,500224
1775423028684,500224
1775423028687,500224
1775423028690,500224
1775423028693,500224
1775423028698,500224
1775423028700,500224
1775423028702,500224
1775423028704,500224
1775423028706,500224
1775423028709,500224
1775423028712,500224
1775423028714,500224
1775423028717,500224
1775423028722,500224
1775423028725,500224
1775423028728,500224
1775423028731,500224
1775423028733,500224
1775423028736,500224
1775423028738,500224
1775423028741,500224
1775423028743,500224
1775423028745,500224
1775423028747,500224
1775423029229,500224
1775423029233,500224
1775423029236,500224
1775423029239,500224
1775423029243,500224
1775423029246,500224
1775423029249,500224
1775423029251,500224
1775423029254,500224
1775423029257,500224
1775423029260,500224
1775423029262,500224
1775423029265,500224
1775423029267,500224
1775423029270,500224
1775423029273,500224
1775423029279,500224
1775423029281,500224
1775423029284,500224
1775423029286,500224
1775423029289,500224
1775423029293,500224
1775423029295,500224
1775423029298,500224
1775423029301,500224
1775423029304,500224
1775423029307,500224
1775423029310,500224
1775423029313,500224
1775423029316,500224
1775423029319,500224
1775423029322,500224
1775423029326,500224
1775423029328,500224
1775423029331,500224
1775423029334,500224
1775423029336,500224
1775423029339,500224
1775423029342,500224
1775423029344,500224
1775423029347,500224
1775423029349,500224
1775423029351,500224
1775423029354,500224
1775423029357,500224
1775423029360,500224
1775423029363,500224
1775423029365,500224
1775423029368,500224
1775423029827,500224
1775423029830,500224
1775423029833,500224
1775423029836,500224
1775423029839,500224
1775423029842,500224
1775423029845,500224
1775423029848,500224
1775423029852,500224
1775423029855,500224
1775423029859,500224
1775423029862,500224
1775423029864,500224
1775423029867,500224
1775423029869,500224
1775423029871,500224
1775423029873,500224
1775423029875,500224
1775423029877,500224
1775423029879,500224
1775423029881,500224
1775423029883,500224
1775423029884,500224
1775423029886,500224
1775423029888,500224
1775423029889,500224
1775423029891,500224
1775423029893,500224
1775423029896,500224
1775423029898,500224
1775423029900,500224
1775423029901,500224
1775423029904,500224
1775423029905,500224
1775423029907,500224
1775423029908,500224
1775423029909,500224
1775423029910,500224
1775423029912,500224
1775423029913,500224
1775423029914,500224
1775423029915,500224
1775423029917,500224
1775423029918,500224
1775423029921,500224
1775423030428,500224
1775423030432,500224
1775423030435,500224
1775423030438,500224
1775423030440,500224
1775423030445,500224
1775423030448,500224
1775423030451,500224
1775423030454,500224
1775423030456,500224
1775423030459,500224
1775423030462,500224
1775423030465,500224
1775423030469,500224
1775423030472,500224
1775423030475,500224
1775423030478,500224
1775423030481,500224
1775423030485,500224
1775423030488,500224
1775423030490,500224
1775423030492,500224
1775423030494,500224
1775423030495,500224
1775423030502,500224
1775423030505,500224
1775423030508,500224
1775423030512,500224
1775423030515,500224
1775423030518,500224
1775423030520,500224
1775423030522,500224
1775423030524,500224
1775423030526,500224
1775423030529,500224
1775423030531,500224
1775423030534,500224
1775423030537,500224
1775423030540,500224
1775423030542,500224
1775423030545,500224
1775423030548,500224
1775423030549,500224
1775423031030,500224
1775423031032,500224
1775423031036,500224
1775423031038,500224
1775423031042,500224
1775423031045,500224
1775423031048,500224
1775423031051,500224
1775423031054,500224
1775423031058,500224
1775423031063,500224
1775423031068,500224
1775423031072,500224
1775423031076,500224
1775423031080,500224
1775423031084,500224
1775423031088,500224
1775423031091,500224
1775423031094,500224
1775423031097,500224
1775423031101,500224
1775423031104,500224
1775423031109,500224
1775423031112,500224
1775423031114,500224
1775423031117,500224
1775423031121,500224
1775423031124,500224
1775423031127,500224
1775423031129,500224
1775423031131,500224
1775423031138,500224
1775423031140,500224
1775423031142,500224
1775423031145,500224
1775423031147,500224
1775423031149,500224
1775423031151,500224
1775423031157,500224
1775423031159,500224
1775423031162,500224
1775423031164,500224
1775423031167,500224
1775423031169,500224
1775423031172,500224
1775423031174,500224
1775423031176,500224
1775423031180,500224
1775423031185,500224
1775423031188,500224
1775423031191,500224
1775423031632,500224
1775423031635,500224
1775423031637,500224
1775423031641,500224
1775423031643,500224
1775423031650,500224
1775423031653,500224
1775423031656,500224
1775423031659,500224
1775423031662,500224
1775423031665,500224
1775423031667,500224
1775423031670,500224
1775423031673,500224
1775423031676,500224
1775423031678,500224
1775423031681,500224
1775423031683,500224
1775423031686,500224
1775423031688,500224
1775423031690,500224
1775423031692,500224
1775423031694,500224
1775423031696,500224
1775423031698,500224
1775423031700,500224
1775423031702,500224
1775423031703,500224
1775423031705,500224
1775423031707,500224
1775423031708,500224
1775423031710,500224
1775423031712,500224
1775423031713,500224
1775423031715,500224
1775423031716,500224
1775423031717,500224
1775423031719,500224
1775423031720,500224
1775423031724,500224
1775423031730,500224
1775423031733,500224
1775423031736,500224
1775423031739,500224
1775423031741,500224
1775423031744,500224
1775423031747,500224
1775423032232,500224
1775423032235,500224
1775423032238,500224
1775423032241,500224
1775423032244,500224
1775423032247,500224
1775423032250,500224
1775423032253,500224
1775423032256,500224
1775423032258,500224
1775423032261,500224
1775423032263,500224
1775423032266,500224
1775423032274,500224
1775423032278,500224
1775423032281,500224
1775423032284,500224
1775423032288,500224
1775423032291,500224
1775423032294,500224
1775423032297,500224
1775423032300,500224
1775423032303,500224
1775423032305,500224
1775423032308,500224
1775423032311,500224
1775423032313,500224
1775423032316,500224
1775423032319,500224
1775423032321,500224
1775423032324,500224
1775423032327,500224
1775423032329,500224
1775423032332,500224
1775423032335,500224
1775423032338,500224
1775423032340,500224
1775423032343,500224
1775423032345,500224
1775423032347,500224
1775423032350,500224
1775423032352,500224
1775423032356,500224
1775423032358,500224
1775423032360,500224
1775423032837,500224
1775423032840,500224
1775423032843,500224
1775423032846,500224
1775423032848,500224
1775423032851,500224
1775423032854,500224
1775423032856,500224
1775423032858,500224
1775423032861,500224
1775423032863,500224
1775423032866,500224
1775423032868,500224
1775423032870,500224
1775423032872,500224
1775423032874,500224
1775423032876,500224
1775423032878,500224
1775423032880,500224
1775423032883,500224
1775423032886,500224
1775423032889,500224
1775423032893,500224
1775423032897,500224
1775423032900,500224
1775423032905,500224
1775423032910,500224
1775423032913,500224
1775423032916,500224
1775423032919,500224
1775423032921,500224
1775423032924,500224
1775423032927,500224
1775423032930,500224
1775423032932,500224
1775423032934,500224
1775423032936,500224
1775423032938,500224
1775423032939,500224
1775423032942,500224
1775423032944,500224
1775423032946,500224
1775423032948,500224
1775423032950,500224
1775423032952,500224
1775423032954,500224
1775423033434,500224
1775423033437,500224
1775423033440,500224
1775423033443,500224
1775423033446,500224
1775423033450,500224
1775423033453,500224
1775423033456,500224
1775423033458,500224
1775423033461,500224
1775423033464,500224
1775423033467,500224
1775423033471,500224
1775423033474,500224
1775423033477,500224
1775423033480,500224
1775423033482,500224
1775423033485,500224
1775423033487,500224
1775423033489,500224
1775423033493,500224
1775423033496,500224
1775423033500,500224
1775423033507,500224
1775423033511,500224
1775423033514,500224
1775423033517,500224
1775423033520,500224
1775423033523,500224
1775423033526,500224
1775423033529,500224
1775423033532,500224
1775423033535,500224
1775423033538,500224
1775423033540,500224
1775423033543,500224
1775423033546,500224
1775423033548,500224
1775423033550,500224
1775423033552,500224
1775423033554,500224
1775423033556,500224
1775423033558,500224
1775423033560,500224
1775423033561,500224
1775423033563,500224
1775423034036,500224
1775423034039,500224
1775423034042,500224
1775423034046,500224
1775423034049,500224
1775423034052,500224
1775423034055,500224
1775423034058,500224
1775423034061,500224
1775423034064,500224
1775423034069,500224
1775423034071,500224
1775423034074,500224
1775423034076,500224
1775423034079,500224
1775423034081,500224
1775423034083,500224
1775423034085,500224
1775423034088,500224
1775423034090,500224
1775423034092,500224
1775423034095,500224
1775423034097,500224
1775423034099,500224
1775423034101,500224
1775423034103,500224
1775423034105,500224
1775423034106,500224
1775423034108,500224
1775423034110,500224
1775423034112,500224
1775423034113,500224
1775423034115,500224
1775423034117,500224
1775423034118,500224
1775423034120,500224
1775423034121,500224
1775423034122,500224
1775423034124,500224
1775423034125,500224
1775423034127,500224
1775423034128,500224
1775423034129,500224
1775423034130,500224
1775423034132,500224
1775423034636,500224
1775423034639,500224
1775423034641,500224
1775423034644,500224
1775423034647,500224
1775423034649,500224
1775423034652,500224
1775423034655,500224
1775423034660,500224
1775423034663,500224
1775423034666,500224
1775423034673,500224
1775423034676,500224
1775423034678,500224
1775423034681,500224
1775423034684,500224
1775423034686,500224
1775423034689,500224
1775423034692,500224
1775423034697,500224
1775423034700,500224
1775423034704,500224
1775423034707,500224
1775423034710,500224
1775423034716,500224
1775423034718,500224
1775423034721,500224
1775423034723,500224
1775423034726,500224
1775423034728,500224
1775423034730,500224
1775423034732,500224
1775423034734,500224
1775423034736,500224
1775423034738,500224
1775423034740,500224
1775423034742,500224
1775423034744,500224
1775423034746,500224
1775423034747,500224
1775423034749,500224
1775423034750,500224
1775423034753,500224
1775423034756,500224
1775423034759,500224
1775423034762,500224
1775423034763,500224
1775423034765,500224
1775423034767,500224
1775423034769,500224
1775423034771,500224
1775423035239,500224
1775423035244,500224
1775423035247,500224
1775423035249,500224
1775423035252,500224
1775423035256,500224
1775423035260,500224
1775423035263,500224
1775423035266,500224
1775423035271,500224
1775423035274,500224
1775423035280,500224
1775423035287,500224
1775423035289,500224
1775423035292,500224
1775423035294,500224
1775423035296,500224
1775423035298,500224
1775423035300,500224
1775423035302,500224
1775423035304,500224
1775423035306,500224
1775423035308,500224
1775423035310,500224
1775423035311,500224
1775423035313,500224
1775423035314,500224
1775423035316,500224
1775423035318,500224
1775423035319,500224
1775423035321,500224
1775423035323,500224
1775423035324,500224
1775423035326,500224
1775423035328,500224
1775423035329,500224
1775423035332,500224
1775423035333,500224
1775423035336,500224
1775423035338,500224
1775423035339,500224
1775423035342,500224
1775423035344,500224
1775423035345,500224
1775423035348,500224
1775423035351,500224
1775423035353,500224
1775423035838,500224
1775423035841,500224
1775423035844,500224
1775423035846,500224
1775423035849,500224
1775423035852,500224
1775423035855,500224
1775423035858,500224
1775423035860,500224
1775423035863,500224
1775423035865,500224
1775423035867,500224
1775423035869,500224
1775423035871,500224
1775423035873,500224
1775423035874,500224
1775423035876,500224
1775423035879,500224
1775423035882,500224
1775423035883,500224
1775423035887,500224
1775423035888,500224
1775423035895,500224
1775423035896,500224
1775423035898,500224
1775423035899,500224
1775423035902,500224
1775423035904,500224
1775423035905,500224
1775423035907,500224
1775423035910,500224
1775423035913,500224
1775423035916,500224
1775423035918,500224
1775423035921,500224
1775423035925,500224
1775423035928,500224
1775423035934,500224
1775423035937,500224
1775423035940,500224
1775423035943,500224
1775423035945,500224
1775423035948,500224
1775423035951,500224
1775423035953,500224
1775423035956,500224
1775423035959,500224
1775423035961,500224
1775423036440,500224
1775423036442,500224
1775423036445,500224
1775423036448,500224
1775423036450,500224
1775423036453,500224
1775423036459,500224
1775423036462,500224
1775423036465,500224
1775423036468,500224
1775423036470,500224
1775423036476,500224
1775423036479,500224
1775423036482,500224
1775423036487,500224
1775423036491,500224
1775423036494,500224
1775423036497,500224
1775423036500,500224
1775423036502,500224
1775423036505,500224
1775423036508,500224
1775423036510,500224
1775423036513,500224
1775423036516,500224
1775423036518,500224
1775423036521,500224
1775423036524,500224
1775423036526,500224
1775423036528,500224
1775423036529,500224
1775423036531,500224
1775423036533,500224
1775423036535,500224
1775423036537,500224
1775423036538,500224
1775423036540,500224
1775423036541,500224
1775423036543,500224
1775423036544,500224
1775423036545,500224
1775423036547,500224
1775423036548,500224
1775423036549,500224
1775423036552,500224
1775423036554,500224
1775423036557,500224
1775423037039,500224
1775423037042,500224
1775423037045,500224
1775423037048,500224
1775423037050,500224
1775423037056,500224
1775423037059,500224
1775423037061,500224
1775423037064,500224
1775423037067,500224
1775423037069,500224
1775423037072,500224
1775423037075,500224
1775423037078,500224
1775423037081,500224
1775423037084,500224
1775423037087,500224
1775423037089,500224
1775423037093,500224
1775423037095,500224
1775423037099,500224
1775423037101,500224
1775423037102,500224
1775423037105,500224
1775423037111,500224
1775423037114,500224
1775423037117,500224
1775423037118,500224
1775423037120,500224
1775423037121,500224
1775423037123,500224
1775423037124,500224
1775423037126,500224
1775423037127,500224
1775423037128,500224
1775423037130,500224
1775423037131,500224
1775423037132,500224
1775423037134,500224
1775423037135,500224
1775423037137,500224
1775423037139,500224
1775423037140,500224
1775423037142,500224
1775423037143,500224
1775423037641,500224
1775423037644,500224
1775423037647,500224
1775423037649,500224
1775423037652,500224
1775423037655,500224
1775423037660,500224
1775423037666,500224
1775423037669,500224
1775423037672,500224
1775423037675,500224
1775423037678,500224
1775423037681,500224
1775423037683,500224
1775423037686,500224
1775423037688,500224
1775423037690,500224
1775423037692,500224
1775423037694,500224
1775423037699,500224
1775423037701,500224
1775423037703,500224
1775423037705,500224
1775423037710,500224
1775423037713,500224
1775423037715,500224
1775423037718,500224
1775423037721,500224
1775423037724,500224
1775423037728,500224
1775423037732,500224
1775423037735,500224
1775423037737,500224
1775423037739,500224
1775423037741,500224
1775423037743,500224
1775423037745,500224
1775423037746,500224
1775423037748,500224
1775423037750,500224
1775423037752,500224
1775423037753,500224
1775423037755,500224
1775423037757,500224
1775423038244,500224
1775423038250,500224
1775423038253,500224
1775423038255,500224
1775423038261,500224
1775423038265,500224
1775423038270,500224
1775423038273,500224
1775423038277,500224
1775423038280,500224
1775423038282,500224
1775423038285,500224
1775423038288,500224
1775423038291,500224
1775423038294,500224
1775423038296,500224
1775423038299,500224
1775423038302,500224
1775423038304,500224
1775423038307,500224
1775423038310,500224
1775423038313,500224
1775423038315,500224
1775423038322,500224
1775423038325,500224
1775423038327,500224
1775423038330,500224
1775423038332,500224
1775423038334,500224
1775423038338,500224
1775423038341,500224
1775423038343,500224
1775423038345,500224
1775423038347,500224
1775423038349,500224
1775423038350,500224
1775423038355,500224
1775423038359,500224
1775423038363,500224
1775423038366,500224
1775423038368,500224
1775423038371,500224
1775423038374,500224
1775423038376,500224
1775423038379,500224
1775423038382,500224
1775423038384,500224
1775423038387,500224
1775423038390,500224
1775423038845,500224
1775423038848,500224
1775423038852,500224
1775423038855,500224
1775423038858,500224
1775423038860,500224
1775423038865,500224
1775423038868,500224
1775423038871,500224
1775423038874,500224
1775423038876,500224
1775423038880,500224
1775423038884,500224
1775423038887,500224
1775423038890,500224
1775423038892,500224
1775423038895,500224
1775423038898,500224
1775423038901,500224
1775423038904,500224
1775423038907,500224
1775423038909,500224
1775423038911,500224
1775423038913,500224
1775423038917,500224
1775423038920,500224
1775423038922,500224
1775423038926,500224
1775423038929,500224
1775423038935,500224
1775423038938,500224
1775423038940,500224
1775423038943,500224
1775423038946,500224
1775423038949,500224
1775423038951,500224
1775423038954,500224
1775423038957,500224
1775423038959,500224
1775423038962,500224
1775423038966,500224
1775423038969,500224
1775423038972,500224
1775423038974,500224
1775423038977,500224
1775423038979,500224
1775423038981,500224
1775423038983,500224
1775423039446,500224
1775423039448,500224
1775423039450,500224
1775423039453,500224
1775423039458,500224
1775423039464,500224
1775423039468,500224
1775423039471,500224
1775423039474,500224
1775423039477,500224
1775423039479,500224
1775423039482,500224
1775423039487,500224
1775423039493,500224
1775423039495,500224
1775423039499,500224
1775423039502,500224
1775423039505,500224
1775423039508,500224
1775423039512,500224
1775423039514,500224
1775423039517,500224
1775423039520,500224
1775423039522,500224
1775423039524,500224
1775423039526,500224
1775423039529,500224
1775423039532,500224
1775423039534,500224
1775423039537,500224
1775423039539,500224
1775423039541,500224
1775423039543,500224
1775423039546,500224
1775423039549,500224
1775423039551,500224
1775423039553,500224
1775423039557,500224
1775423039560,500224
1775423039563,500224
1775423039567,500224
1775423039570,500224
1775423039572,500224
1775423039575,500224
1775423039577,500224
1775423040049,500224
1775423040053,500224
1775423040056,500224
1775423040058,500224
1775423040061,500224
1775423040064,500224
1775423040066,500224
1775423040069,500224
1775423040072,500224
1775423040075,500224
1775423040077,500224
1775423040080,500224
1775423040083,500224
1775423040085,500224
1775423040088,500224
1775423040093,500224
1775423040096,500224
1775423040099,500224
1775423040102,500224
1775423040106,500224
1775423040108,500224
1775423040111,500224
1775423040114,500224
1775423040117,500224
1775423040119,500224
1775423040123,500224
1775423040127,500224
1775423040130,500224
1775423040133,500224
1775423040136,500224
1775423040145,500224
1775423040150,500224
1775423040152,500224
1775423040156,500224
1775423040159,500224
1775423040161,500224
1775423040164,500224
1775423040166,500224
1775423040169,500224
1775423040172,500224
1775423040174,500224
1775423040176,500224
1775423040184,500224
1775423040188,500224
1775423040191,500224
1775423040194,500224
1775423040196,500224
1775423040648,500224
1775423040659,500224
1775423040662,500224
1775423040669,500224
1775423040672,500224
1775423040676,500224
1775423040683,500224
1775423040687,500224
1775423040690,500224
1775423040694,500224
1775423040697,500224
1775423040699,500224
1775423040701,500224
1775423040704,500224
1775423040706,500224
1775423040708,500224
1775423040710,500224
1775423040713,500224
1775423040716,500224
1775423040718,500224
1775423040722,500224
1775423040725,500224
1775423040728,500224
1775423040732,500224
1775423040736,500224
1775423040739,500224
1775423040742,500224
1775423040744,500224
1775423040747,500224
1775423040750,500224
1775423040752,500224
1775423040757,500224
1775423040758,500224
1775423040760,500224
1775423040762,500224
1775423040765,500224
1775423040768,500224
1775423040769,500224
1775423040772,500224
1775423040775,500224
1775423040778,500224
1775423040781,500224
1775423040783,500224
1775423040784,500224
1775423040788,500224
1775423041251,500224
1775423041264,500224
1775423041267,500224
1775423041269,500224
1775423041273,500224
1775423041276,500224
1775423041279,500224
1775423041283,500224
1775423041286,500224
1775423041287,500224
1775423041289,500224
1775423041292,500224
1775423041294,500224
1775423041297,500224
1775423041300,500224
1775423041303,500224
1775423041306,500224
1775423041308,500224
1775423041309,500224
1775423041313,500224
1775423041316,500224
1775423041318,500224
1775423041321,500224
1775423041324,500224
1775423041327,500224
1775423041329,500224
1775423041332,500224
1775423041335,500224
1775423041338,500224
1775423041340,500224
1775423041345,500224
1775423041348,500224
1775423041351,500224
1775423041354,500224
1775423041356,500224
1775423041359,500224
1775423041361,500224
1775423041363,500224
1775423041366,500224
1775423041369,500224
1775423041372,500224
1775423041374,500224
1775423041376,500224
1775423041378,500224
1775423041380,500224
1775423041385,500224
1775423041388,500224
1775423041391,500224
1775423041394,500224
1775423041396,500224
1775423041399,500224
1775423041849,500224
1775423041852,500224
1775423041856,500224
1775423041863,500224
1775423041867,500224
1775423041871,500224
1775423041874,500224
1775423041878,500224
1775423041881,500224
1775423041885,500224
1775423041889,500224
1775423041893,500224
1775423041895,500224
1775423041899,500224
1775423041902,500224
1775423041906,500224
1775423041909,500224
1775423041912,500224
1775423041915,500224
1775423041918,500224
1775423041923,500224
1775423041926,500224
1775423041929,500224
1775423041932,500224
1775423041935,500224
1775423041938,500224
1775423041941,500224
1775423041943,500224
1775423041946,500224
1775423041949,500224
1775423041951,500224
1775423041954,500224
1775423041956,500224
1775423041959,500224
1775423041961,500224
1775423041964,500224
1775423041967,500224
1775423041970,500224
1775423041973,500224
1775423041975,500224
1775423041978,500224
1775423041981,500224
1775423041983,500224
1775423041986,500224
1775423041989,500224
1775423042450,500224
1775423042453,500224
1775423042456,500224
1775423042458,500224
1775423042461,500224
1775423042464,500224
1775423042468,500224
1775423042471,500224
1775423042474,500224
1775423042478,500224
1775423042480,500224
1775423042483,500224
1775423042486,500224
1775423042488,500224
1775423042490,500224
1775423042492,500224
1775423042494,500224
1775423042496,500224
1775423042498,500224
1775423042500,500224
1775423042502,500224
1775423042504,500224
1775423042506,500224
1775423042508,500224
1775423042510,500224
1775423042512,500224
1775423042514,500224
1775423042516,500224
1775423042518,500224
1775423042524,500224
1775423042526,500224
1775423042530,500224
1775423042532,500224
1775423042533,500224
1775423042537,500224
1775423042541,500224
1775423042543,500224
1775423042546,500224
1775423042548,500224
1775423042550,500224
1775423042553,500224
1775423043051,500224
1775423043056,500224
1775423043059,500224
1775423043063,500224
1775423043066,500224
1775423043069,500224
1775423043072,500224
1775423043075,500224
1775423043078,500224
1775423043081,500224
1775423043084,500224
1775423043086,500224
1775423043089,500224
1775423043092,500224
1775423043095,500224
1775423043097,500224
1775423043100,500224
1775423043103,500224
1775423043106,500224
1775423043108,500224
1775423043110,500224
1775423043113,500224
1775423043119,500224
1775423043121,500224
1775423043122,500224
1775423043124,500224
1775423043125,500224
1775423043126,500224
1775423043128,500224
1775423043129,500224
1775423043130,500224
1775423043134,500224
1775423043137,500224
1775423043139,500224
1775423043143,500224
1775423043146,500224
1775423043148,500224
1775423043150,500224
1775423043152,500224
1775423043154,500224
1775423043156,500224
1775423043157,500224
1775423043160,500224
1775423043161,500224
1775423043653,500224
1775423043655,500224
1775423043658,500224
1775423043661,500224
1775423043664,500224
1775423043666,500224
1775423043670,500224
1775423043672,500224
1775423043675,500224
1775423043678,500224
1775423043681,500224
1775423043685,500224
1775423043688,500224
1775423043691,500224
1775423043695,500224
1775423043698,500224
1775423043701,500224
1775423043704,500224
1775423043707,500224
1775423043709,500224
1775423043712,500224
1775423043715,500224
1775423043721,500224
1775423043724,500224
1775423043726,500224
1775423043732,500224
1775423043734,500224
1775423043735,500224
1775423043737,500224
1775423043738,500224
1775423043739,500224
1775423043741,500224
1775423043742,500224
1775423043743,500224
1775423043745,500224
1775423043746,500224
1775423043747,500224
1775423043749,500224
1775423043750,500224
1775423043751,500224
1775423043752,500224
1775423043754,500224
1775423043756,500224
1775423043758,500224
1775423043761,500224
1775423043764,500224
1775423043766,500224
1775423043769,500224
1775423043772,500224
1775423044253,500224
1775423044255,500224
1775423044258,500224
1775423044261,500224
1775423044264,500224
1775423044267,500224
1775423044270,500224
1775423044272,500224
1775423044276,500224
1775423044278,500224
1775423044281,500224
1775423044284,500224
1775423044287,500224
1775423044291,500224
1775423044295,500224
1775423044298,500224
1775423044301,500224
1775423044304,500224
1775423044306,500224
1775423044309,500224
1775423044311,500224
1775423044315,500224
1775423044317,500224
1775423044319,500224
1775423044321,500224
1775423044323,500224
1775423044333,500224
1775423044334,500224
1775423044336,500224
1775423044340,500224
1775423044342,500224
1775423044345,500224
1775423044346,500224
1775423044348,500224
1775423044350,500224
1775423044352,500224
1775423044353,500224
1775423044355,500224
1775423044357,500224
1775423044360,500224
1775423044362,500224
1775423044364,500224
1775423044367,500224
1775423044368,500224
1775423044857,500224
1775423044860,500224
1775423044862,500224
1775423044866,500224
1775423044874,500224
1775423044879,500224
1775423044881,500224
1775423044884,500224
1775423044885,500224
1775423044888,500224
1775423044889,500224
1775423044891,500224
1775423044893,500224
1775423044894,500224
1775423044896,500224
1775423044898,500224
1775423044899,500224
1775423044901,500224
1775423044902,500224
1775423044904,500224
1775423044905,500224
1775423044906,500224
1775423044908,500224
1775423044910,500224
1775423044911,500224
1775423044915,500224
1775423044917,500224
1775423044921,500224
1775423044923,500224
1775423044925,500224
1775423044927,500224
1775423044929,500224
1775423044930,500224
1775423044932,500224
1775423044933,500224
1775423044936,500224
1775423044939,500224
1775423044941,500224
1775423044942,500224
1775423044945,500224
1775423044947,500224
1775423044949,500224
1775423044951,500224
1775423044954,500224
1775423044956,500224
1775423045458,500224
1775423045469,500224
1775423045472,500224
1775423045476,500224
1775423045479,500224
1775423045484,500224
1775423045486,500224
1775423045489,500224
1775423045492,500224
1775423045496,500224
1775423045499,500224
1775423045502,500224
1775423045504,500224
1775423045507,500224
1775423045509,500224
1775423045513,500224
1775423045517,500224
1775423045519,500224
1775423045521,500224
1775423045523,500224
1775423045526,500224
1775423045528,500224
1775423045532,500224
1775423045535,500224
1775423045538,500224
1775423045541,500224
1775423045543,500224
1775423045546,500224
1775423045547,500224
1775423045548,500224
1775423045550,500224
1775423045551,500224
1775423045554,500224
1775423045557,500224
1775423045560,500224
1775423045563,500224
1775423045566,500224
1775423045569,500224
1775423045571,500224
1775423045575,500224
1775423045577,500224
1775423045580,500224
1775423045582,500224
1775423045585,500224
1775423046059,500224
1775423046062,500224
1775423046065,500224
1775423046071,500224
1775423046074,500224
1775423046078,500224
1775423046081,500224
1775423046083,500224
1775423046086,500224
1775423046088,500224
1775423046092,500224
1775423046096,500224
1775423046101,500224
1775423046104,500224
1775423046107,500224
1775423046110,500224
1775423046113,500224
1775423046116,500224
1775423046119,500224
1775423046122,500224
1775423046126,500224
1775423046129,500224
1775423046132,500224
1775423046135,500224
1775423046137,500224
1775423046140,500224
1775423046142,500224
1775423046144,500224
1775423046146,500224
1775423046149,500224
1775423046151,500224
1775423046154,500224
1775423046157,500224
1775423046159,500224
1775423046161,500224
1775423046163,500224
1775423046166,500224
1775423046167,500224
1775423046168,500224
1775423046170,500224
1775423046172,500224
1775423046175,500224
1775423046179,500224
1775423046661,500224
1775423046664,500224
1775423046667,500224
1775423046670,500224
1775423046672,500224
1775423046676,500224
1775423046679,500224
1775423046682,500224
1775423046685,500224
1775423046688,500224
1775423046690,500224
1775423046696,500224
1775423046699,500224
1775423046701,500224
1775423046705,500224
1775423046708,500224
1775423046710,500224
1775423046714,500224
1775423046717,500224
1775423046719,500224
1775423046722,500224
1775423046724,500224
1775423046726,500224
1775423046728,500224
1775423046730,500224
1775423046732,500224
1775423046734,500224
1775423046736,500224
1775423046737,500224
1775423046739,500224
1775423046740,500224
1775423046742,500224
1775423046744,500224
1775423046747,500224
1775423046749,500224
1775423046751,500224
1775423046752,500224
1775423046754,500224
1775423046755,500224
1775423046758,500224
1775423046761,500224
1775423046763,500224
1775423046764,500224
1775423046766,500224
1775423046769,500224
1775423046772,500224
1775423046775,500224
1775423046777,500224
1775423047260,500224
1775423047264,500224
1775423047267,500224
1775423047270,500224
1775423047273,500224
1775423047278,500224
1775423047281,500224
1775423047284,500224
1775423047286,500224
1775423047289,500224
1775423047292,500224
1775423047295,500224
1775423047297,500224
1775423047299,500224
1775423047302,500224
1775423047304,500224
1775423047306,500224
1775423047309,500224
1775423047310,500224
1775423047313,500224
1775423047316,500224
1775423047319,500224
1775423047322,500224
1775423047324,500224
1775423047325,500224
1775423047327,500224
1775423047328,500224
1775423047330,500224
1775423047333,500224
1775423047336,500224
1775423047338,500224
1775423047340,500224
1775423047343,500224
1775423047346,500224
1775423047349,500224
1775423047352,500224
1775423047354,500224
1775423047357,500224
1775423047360,500224
1775423047363,500224
1775423047366,500224
1775423047368,500224
1775423047371,500224
1775423047373,500224
1775423047376,500224
1775423047871,500224
1775423047875,500224
1775423047878,500224
1775423047881,500224
1775423047883,500224
1775423047887,500224
1775423047890,500224
1775423047893,500224
1775423047896,500224
1775423047899,500224
1775423047907,500224
1775423047910,500224
1775423047913,500224
1775423047915,500224
1775423047918,500224
1775423047921,500224
1775423047923,500224
1775423047926,500224
1775423047929,500224
1775423047932,500224
1775423047934,500224
1775423047937,500224
1775423047939,500224
1775423047942,500224
1775423047944,500224
1775423047946,500224
1775423047948,500224
1775423047950,500224
1775423047952,500224
1775423047954,500224
1775423047956,500224
1775423047958,500224
1775423047959,500224
1775423047961,500224
1775423047965,500224
1775423047968,500224
1775423047970,500224
1775423047973,500224
1775423047975,500224
1775423047976,500224
1775423047978,500224
1775423047979,500224
1775423047981,500224
1775423047983,500224
1775423047985,500224
1775423047988,500224
1775423048461,500224
1775423048464,500224
1775423048467,500224
1775423048470,500224
1775423048473,500224
1775423048476,500224
1775423048480,500224
1775423048484,500224
1775423048487,500224
1775423048490,500224
1775423048492,500224
1775423048495,500224
1775423048498,500224
1775423048500,500224
1775423048503,500224
1775423048506,500224
1775423048509,500224
1775423048512,500224
1775423048514,500224
1775423048516,500224
1775423048519,500224
1775423048521,500224
1775423048523,500224
1775423048525,500224
1775423048528,500224
1775423048530,500224
1775423048535,500224
1775423048537,500224
1775423048540,500224
1775423048543,500224
1775423048548,500224
1775423048551,500224
1775423048554,500224
1775423048557,500224
1775423048560,500224
1775423048563,500224
1775423048565,500224
1775423048568,500224
1775423048574,500224
1775423048577,500224
1775423048579,500224
1775423049061,500224
1775423049064,500224
1775423049066,500224
1775423049069,500224
1775423049075,500224
1775423049078,500224
1775423049082,500224
1775423049084,500224
1775423049087,500224
1775423049090,500224
1775423049092,500224
1775423049095,500224
1775423049098,500224
1775423049101,500224
1775423049103,500224
1775423049106,500224
1775423049109,500224
1775423049113,500224
1775423049116,500224
1775423049119,500224
1775423049121,500224
1775423049124,500224
1775423049127,500224
1775423049130,500224
1775423049132,500224
1775423049135,500224
1775423049138,500224
1775423049140,500224
1775423049142,500224
1775423049145,500224
1775423049146,500224
1775423049148,500224
1775423049150,500224
1775423049152,500224
1775423049154,500224
1775423049157,500224
1775423049159,500224
1775423049162,500224
1775423049164,500224
1775423049663,500224
1775423049665,500224
1775423049668,500224
1775423049671,500224
1775423049673,500224
1775423049676,500224
1775423049680,500224
1775423049683,500224
1775423049686,500224
1775423049690,500224
1775423049694,500224
1775423049696,500224
1775423049699,500224
1775423049702,500224
1775423049705,500224
1775423049708,500224
1775423049711,500224
1775423049713,500224
1775423049716,500224
1775423049718,500224
1775423049721,500224
1775423049723,500224
1775423049725,500224
1775423049728,500224
1775423049730,500224
1775423049733,500224
1775423049736,500224
1775423049737,500224
1775423049741,500224
1775423049744,500224
1775423049746,500224
1775423049749,500224
1775423049752,500224
1775423049753,500224
1775423049754,500224
1775423049756,500224
1775423049759,500224
1775423049761,500224
1775423049762,500224
1775423049763,500224
1775423049767,500224
1775423049769,500224
1775423049770,500224
1775423050272,500224
1775423050275,500224
1775423050278,500224
1775423050280,500224
1775423050283,500224
1775423050286,500224
1775423050288,500224
1775423050291,500224
1775423050294,500224
1775423050296,500224
1775423050299,500224
1775423050302,500224
1775423050304,500224
1775423050306,500224
1775423050309,500224
1775423050311,500224
1775423050313,500224
1775423050314,500224
1775423050317,500224
1775423050318,500224
1775423050320,500224
1775423050322,500224
1775423050325,500224
1775423050327,500224
1775423050335,500224
1775423050336,500224
1775423050337,500224
1775423050339,500224
1775423050340,500224
1775423050342,500224
1775423050343,500224
1775423050344,500224
1775423050347,500224
1775423050348,500224
1775423050349,500224
1775423050352,500224
1775423050353,500224
1775423050355,500224
1775423050357,500224
1775423050360,500224
1775423050363,500224
1775423050365,500224
1775423050368,500224
1775423050370,500224
1775423050373,500224
1775423050376,500224
1775423050868,500224
1775423050874,500224
1775423050877,500224
1775423050880,500224
1775423050884,500224
1775423050886,500224
1775423050890,500224
1775423050894,500224
1775423050898,500224
1775423050901,500224
1775423050903,500224
1775423050905,500224
1775423050910,500224
1775423050913,500224
1775423050915,500224
1775423050918,500224
1775423050921,500224
1775423050924,500224
1775423050927,500224
1775423050930,500224
1775423050933,500224
1775423050936,500224
1775423050938,500224
1775423050941,500224
1775423050943,500224
1775423050945,500224
1775423050947,500224
1775423050949,500224
1775423050953,500224
1775423050957,500224
1775423050960,500224
1775423050963,500224
1775423050965,500224
1775423050966,500224
1775423050968,500224
1775423050970,500224
1775423050972,500224
1775423050973,500224
1775423050977,500224
1775423050980,500224
1775423050983,500224
1775423050986,500224
1775423050988,500224
1775423050992,500224
1775423050994,500224
1775423051466,500224
1775423051468,500224
1775423051471,500224
1775423051475,500224
1775423051478,500224
1775423051482,500224
1775423051486,500224
1775423051490,500224
1775423051494,500224
1775423051497,500224
1775423051500,500224
1775423051503,500224
1775423051506,500224
1775423051509,500224
1775423051511,500224
1775423051514,500224
1775423051517,500224
1775423051523,500224
1775423051528,500224
1775423051532,500224
1775423051537,500224
1775423051541,500224
1775423051543,500224
1775423051545,500224
1775423051547,500224
1775423051549,500224
1775423051551,500224
1775423051553,500224
1775423051554,500224
1775423051556,500224
1775423051558,500224
1775423051560,500224
1775423051561,500224
1775423051563,500224
1775423051564,500224
1775423051566,500224
1775423051567,500224
1775423051569,500224
1775423051570,500224
1775423051572,500224
1775423051573,500224
1775423051575,500224
1775423051576,500224
1775423051577,500224
1775423051578,500224
1775423052067,500224
1775423052071,500224
1775423052073,500224
1775423052076,500224
1775423052079,500224
1775423052082,500224
1775423052085,500224
1775423052090,500224
1775423052093,500224
1775423052095,500224
1775423052098,500224
1775423052100,500224
1775423052103,500224
1775423052105,500224
1775423052107,500224
1775423052109,500224
1775423052111,500224
1775423052113,500224
1775423052115,500224
1775423052119,500224
1775423052122,500224
1775423052125,500224
1775423052129,500224
1775423052132,500224
1775423052135,500224
1775423052138,500224
1775423052140,500224
1775423052141,500224
1775423052146,500224
1775423052150,500224
1775423052152,500224
1775423052153,500224
1775423052154,500224
1775423052155,500224
1775423052158,500224
1775423052160,500224
1775423052162,500224
1775423052164,500224
1775423052166,500224
1775423052167,500224
1775423052169,500224
1775423052172,500224
1775423052177,500224
1775423052180,500224
1775423052182,500224
1775423052668,500224
1775423052671,500224
1775423052674,500224
1775423052676,500224
1775423052679,500224
1775423052682,500224
1775423052685,500224
1775423052687,500224
1775423052692,500224
1775423052695,500224
1775423052698,500224
1775423052701,500224
1775423052704,500224
1775423052706,500224
1775423052709,500224
1775423052712,500224
1775423052714,500224
1775423052717,500224
1775423052719,500224
1775423052721,500224
1775423052724,500224
1775423052726,500224
1775423052730,500224
1775423052733,500224
1775423052736,500224
1775423052739,500224
1775423052742,500224
1775423052745,500224
1775423052747,500224
1775423052749,500224
1775423052751,500224
1775423052753,500224
1775423052755,500224
1775423052757,500224
1775423052759,500224
1775423052761,500224
1775423052763,500224
1775423052765,500224
1775423052767,500224
1775423052768,500224
1775423052769,500224
1775423052771,500224
1775423052774,500224
1775423052777,500224
1775423052780,500224
1775423052782,500224
1775423053269,500224
1775423053272,500224
1775423053274,500224
1775423053277,500224
1775423053280,500224
1775423053282,500224
1775423053285,500224
1775423053288,500224
1775423053290,500224
1775423053293,500224
1775423053299,500224
1775423053302,500224
1775423053305,500224
1775423053309,500224
1775423053311,500224
1775423053314,500224
1775423053317,500224
1775423053319,500224
1775423053322,500224
1775423053325,500224
1775423053327,500224
1775423053332,500224
1775423053335,500224
1775423053337,500224
1775423053339,500224
1775423053341,500224
1775423053347,500224
1775423053351,500224
1775423053355,500224
1775423053358,500224
1775423053362,500224
1775423053364,500224
1775423053367,500224
1775423053369,500224
1775423053371,500224
1775423053373,500224
1775423053375,500224
1775423053378,500224
1775423053380,500224
1775423053381,500224
1775423053383,500224
1775423053385,500224
1775423053388,500224
1775423053391,500224
1775423053394,500224
1775423053396,500224
1775423053399,500224
1775423053874,500224
1775423053878,500224
1775423053881,500224
1775423053883,500224
1775423053886,500224
1775423053889,500224
1775423053892,500224
1775423053895,500224
1775423053898,500224
1775423053901,500224
1775423053904,500224
1775423053906,500224
1775423053909,500224
1775423053912,500224
1775423053914,500224
1775423053916,500224
1775423053919,500224
1775423053920,500224
1775423053922,500224
1775423053924,500224
1775423053926,500224
1775423053932,500224
1775423053933,500224
1775423053935,500224
1775423053937,500224
1775423053938,500224
1775423053940,500224
1775423053941,500224
1775423053943,500224
1775423053944,500224
1775423053946,500224
1775423053947,500224
1775423053948,500224
1775423053950,500224
1775423053951,500224
1775423053952,500224
1775423053954,500224
1775423053956,500224
1775423053958,500224
1775423053960,500224
1775423053962,500224
1775423053964,500224
1775423053966,500224
1775423053968,500224
1775423053970,500224
1775423053971,500224
1775423053972,500224
1775423054473,500224
1775423054476,500224
1775423054479,500224
1775423054481,500224
1775423054484,500224
1775423054487,500224
1775423054490,500224
1775423054493,500224
1775423054498,500224
1775423054501,500224
1775423054504,500224
1775423054507,500224
1775423054513,500224
1775423054515,500224
1775423054518,500224
1775423054520,500224
1775423054522,500224
1775423054525,500224
1775423054527,500224
1775423054529,500224
1775423054530,500224
1775423054532,500224
1775423054534,500224
1775423054537,500224
1775423054540,500224
1775423054543,500224
1775423054545,500224
1775423054547,500224
1775423054548,500224
1775423054550,500224
1775423054552,500224
1775423054554,500224
1775423054555,500224
1775423054557,500224
1775423054560,500224
1775423054562,500224
1775423054565,500224
1775423054568,500224
1775423054571,500224
1775423054573,500224
1775423054576,500224
1775423054579,500224
1775423054582,500224
1775423055075,500224
1775423055082,500224
1775423055086,500224
1775423055089,500224
1775423055091,500224
1775423055095,500224
1775423055100,500224
1775423055105,500224
1775423055107,500224
1775423055110,500224
1775423055113,500224
1775423055116,500224
1775423055117,500224
1775423055119,500224
1775423055122,500224
1775423055125,500224
1775423055127,500224
1775423055128,500224
1775423055130,500224
1775423055132,500224
1775423055134,500224
1775423055135,500224
1775423055137,500224
1775423055138,500224
1775423055140,500224
1775423055143,500224
1775423055147,500224
1775423055149,500224
1775423055151,500224
1775423055153,500224
1775423055155,500224
1775423055157,500224
1775423055159,500224
1775423055161,500224
1775423055163,500224
1775423055165,500224
1775423055166,500224
1775423055168,500224
1775423055169,500224
1775423055171,500224
1775423055172,500224
1775423055174,500224
1775423055176,500224
1775423055179,500224
1775423055182,500224
1775423055185,500224
1775423055187,500224
1775423055677,500224
1775423055681,500224
1775423055683,500224
1775423055686,500224
1775423055689,500224
1775423055692,500224
1775423055695,500224
1775423055698,500224
1775423055701,500224
1775423055703,500224
1775423055706,500224
1775423055711,500224
1775423055714,500224
1775423055716,500224
1775423055719,500224
1775423055722,500224
1775423055725,500224
1775423055728,500224
1775423055731,500224
1775423055734,500224
1775423055737,500224
1775423055739,500224
1775423055742,500224
1775423055744,500224
1775423055748,500224
1775423055751,500224
1775423055753,500224
1775423055756,500224
1775423055759,500224
1775423055761,500224
1775423055766,500224
1775423055770,500224
1775423055772,500224
1775423055775,500224
1775423055778,500224
1775423055781,500224
1775423055784,500224
1775423055786,500224
1775423055788,500224
1775423055790,500224
1775423055792,500224
1775423055794,500224
1775423055796,500224
1775423055798,500224
1775423055803,500224
1775423056276,500224
1775423056279,500224
1775423056282,500224
1775423056286,500224
1775423056288,500224
1775423056291,500224
1775423056294,500224
1775423056295,500224
1775423056300,500224
1775423056303,500224
1775423056305,500224
1775423056308,500224
1775423056311,500224
1775423056313,500224
1775423056316,500224
1775423056318,500224
1775423056320,500224
1775423056322,500224
1775423056324,500224
1775423056330,500224
1775423056333,500224
1775423056336,500224
1775423056339,500224
1775423056342,500224
1775423056345,500224
1775423056349,500224
1775423056352,500224
1775423056356,500224
1775423056359,500224
1775423056361,500224
1775423056364,500224
1775423056367,500224
1775423056370,500224
1775423056373,500224
1775423056376,500224
1775423056378,500224
1775423056381,500224
1775423056384,500224
1775423056386,500224
1775423056389,500224
1775423056392,500224
1775423056394,500224
1775423056396,500224
1775423056398,500224
1775423056400,500224
1775423056402,500224
1775423056404,500224
1775423056406,500224
1775423056880,500224
1775423056883,500224
1775423056886,500224
1775423056889,500224
1775423056892,500224
1775423056895,500224
1775423056897,500224
1775423056900,500224
1775423056903,500224
1775423056906,500224
1775423056909,500224
1775423056912,500224
1775423056914,500224
1775423056917,500224
1775423056920,500224
1775423056932,500224
1775423056936,500224
1775423056938,500224
1775423056941,500224
1775423056944,500224
1775423056946,500224
1775423056949,500224
1775423056952,500224
1775423056955,500224
1775423056957,500224
1775423056960,500224
1775423056963,500224
1775423056965,500224
1775423056968,500224
1775423056970,500224
1775423056972,500224
1775423056974,500224
1775423056979,500224
1775423056982,500224
1775423056985,500224
1775423056988,500224
1775423056991,500224
1775423056994,500224
1775423056997,500224
1775423057000,500224
1775423057479,500224
1775423057483,500224
1775423057490,500224
1775423057493,500224
1775423057496,500224
1775423057498,500224
1775423057501,500224
1775423057504,500224
1775423057506,500224
1775423057509,500224
1775423057511,500224
1775423057513,500224
1775423057515,500224
1775423057517,500224
1775423057522,500224
1775423057526,500224
1775423057528,500224
1775423057530,500224
1775423057532,500224
1775423057534,500224
1775423057536,500224
1775423057539,500224
1775423057542,500224
1775423057544,500224
1775423057547,500224
1775423057549,500224
1775423057551,500224
1775423057554,500224
1775423057557,500224
1775423057559,500224
1775423057561,500224
1775423057563,500224
1775423057565,500224
1775423057567,500224
1775423057568,500224
1775423057570,500224
1775423057572,500224
1775423057573,500224
1775423057574,500224
1775423057576,500224
1775423057577,500224
1775423057579,500224
1775423057580,500224
1775423057582,500224
1775423057583,500224
1775423057585,500224
1775423057586,500224
1775423057587,500224
1775423057588,500224
1775423057590,500224
1775423058082,500224
1775423058086,500224
1775423058089,500224
1775423058092,500224
1775423058094,500224
1775423058097,500224
1775423058099,500224
1775423058101,500224
1775423058106,500224
1775423058109,500224
1775423058112,500224
1775423058114,500224
1775423058117,500224
1775423058120,500224
1775423058122,500224
1775423058125,500224
1775423058128,500224
1775423058130,500224
1775423058133,500224
1775423058135,500224
1775423058138,500224
1775423058140,500224
1775423058143,500224
1775423058146,500224
1775423058149,500224
1775423058152,500224
1775423058155,500224
1775423058158,500224
1775423058160,500224
1775423058164,500224
1775423058166,500224
1775423058167,500224
1775423058169,500224
1775423058170,500224
1775423058172,500224
1775423058176,500224
1775423058179,500224
1775423058181,500224
1775423058184,500224
1775423058187,500224
1775423058190,500224
1775423058193,500224
1775423058195,500224
1775423058198,500224
1775423058200,500224
1775423058680,500224
1775423058683,500224
1775423058687,500224
1775423058690,500224
1775423058693,500224
1775423058696,500224
1775423058700,500224
1775423058705,500224
1775423058708,500224
1775423058710,500224
1775423058713,500224
1775423058717,500224
1775423058720,500224
1775423058725,500224
1775423058728,500224
1775423058731,500224
1775423058736,500224
1775423058738,500224
1775423058741,500224
1775423058744,500224
1775423058747,500224
1775423058749,500224
1775423058752,500224
1775423058755,500224
1775423058757,500224
1775423058760,500224
1775423058763,500224
1775423058765,500224
1775423058768,500224
1775423058770,500224
1775423058772,500224
1775423058774,500224
1775423058776,500224
1775423058778,500224
1775423058780,500224
1775423058781,500224
1775423058783,500224
1775423058785,500224
1775423058787,500224
1775423058789,500224
1775423058791,500224
1775423058792,500224
1775423058794,500224
1775423058796,500224
1775423058797,500224
1775423058799,500224
1775423059280,500224
1775423059285,500224
1775423059289,500224
1775423059292,500224
1775423059295,500224
1775423059298,500224
1775423059304,500224
1775423059306,500224
1775423059308,500224
1775423059310,500224
1775423059312,500224
1775423059314,500224
1775423059316,500224
1775423059318,500224
1775423059320,500224
1775423059323,500224
1775423059326,500224
1775423059328,500224
1775423059333,500224
1775423059335,500224
1775423059338,500224
1775423059341,500224
1775423059343,500224
1775423059346,500224
1775423059348,500224
1775423059351,500224
1775423059353,500224
1775423059355,500224
1775423059357,500224
1775423059360,500224
1775423059362,500224
1775423059363,500224
1775423059366,500224
1775423059369,500224
1775423059372,500224
1775423059374,500224
1775423059376,500224
1775423059378,500224
1775423059379,500224
1775423059381,500224
1775423059382,500224
1775423059384,500224
1775423059385,500224
1775423059387,500224
1775423059881,500224
1775423059885,500224
1775423059888,500224
1775423059891,500224
1775423059894,500224
1775423059897,500224
1775423059899,500224
1775423059904,500224
1775423059906,500224
1775423059910,500224
1775423059913,500224
1775423059916,500224
1775423059918,500224
1775423059922,500224
1775423059925,500224
1775423059928,500224
1775423059931,500224
1775423059934,500224
1775423059936,500224
1775423059939,500224
1775423059941,500224
1775423059944,500224
1775423059947,500224
1775423059949,500224
1775423059951,500224
1775423059953,500224
1775423059954,500224
1775423059956,500224
1775423059958,500224
1775423059960,500224
1775423059962,500224
1775423059965,500224
1775423059970,500224
1775423059973,500224
1775423059975,500224
1775423059978,500224
1775423059981,500224
1775423059983,500224
1775423059986,500224
1775423059989,500224
1775423059992,500224
1775423059995,500224
1775423059998,500224
1775423060000,500224
1775423060003,500224
1775423060007,500224
1775423060010,500224
1775423060013,500224
1775423060015,500224
1775423060483,500224
1775423060486,500224
1775423060489,500224
1775423060492,500224
1775423060495,500224
1775423060498,500224
1775423060500,500224
1775423060503,500224
1775423060506,500224
1775423060510,500224
1775423060513,500224
1775423060518,500224
1775423060520,500224
1775423060522,500224
1775423060525,500224
1775423060528,500224
1775423060529,500224
1775423060531,500224
1775423060533,500224
1775423060535,500224
1775423060536,500224
1775423060538,500224
1775423060541,500224
1775423060544,500224
1775423060547,500224
1775423060549,500224
1775423060551,500224
1775423060553,500224
1775423060554,500224
1775423060558,500224
1775423060562,500224
1775423060564,500224
1775423060567,500224
1775423060572,500224
1775423060574,500224
1775423060577,500224
1775423060579,500224
1775423060581,500224
1775423060583,500224
1775423060586,500224
1775423060589,500224
1775423060592,500224
1775423060595,500224
1775423060597,500224
1775423060600,500224
1775423060603,500224
1775423061084,500224
1775423061087,500224
1775423061090,500224
1775423061093,500224
1775423061095,500224
1775423061098,500224
1775423061103,500224
1775423061107,500224
1775423061111,500224
1775423061115,500224
1775423061119,500224
1775423061123,500224
1775423061126,500224
1775423061129,500224
1775423061132,500224
1775423061135,500224
1775423061138,500224
1775423061140,500224
1775423061143,500224
1775423061145,500224
1775423061148,500224
1775423061150,500224
1775423061152,500224
1775423061154,500224
1775423061156,500224
1775423061158,500224
1775423061160,500224
1775423061162,500224
1775423061164,500224
1775423061168,500224
1775423061171,500224
1775423061173,500224
1775423061176,500224
1775423061179,500224
1775423061181,500224
1775423061188,500224
1775423061190,500224
1775423061193,500224
1775423061196,500224
1775423061198,500224
1775423061200,500224
1775423061202,500224
1775423061204,500224
1775423061205,500224
1775423061207,500224
1775423061208,500224
1775423061210,500224
1775423061211,500224
1775423061685,500224
1775423061688,500224
1775423061691,500224
1775423061694,500224
1775423061696,500224
1775423061699,500224
1775423061704,500224
1775423061709,500224
1775423061716,500224
1775423061718,500224
1775423061719,500224
1775423061721,500224
1775423061722,500224
1775423061726,500224
1775423061728,500224
1775423061731,500224
1775423061734,500224
1775423061736,500224
1775423061740,500224
1775423061743,500224
1775423061746,500224
1775423061749,500224
1775423061752,500224
1775423061755,500224
1775423061758,500224
1775423061761,500224
1775423061764,500224
1775423061766,500224
1775423061769,500224
1775423061771,500224
1775423061773,500224
1775423061778,500224
1775423061780,500224
1775423061782,500224
1775423061784,500224
1775423061787,500224
1775423061789,500224
1775423061791,500224
1775423061794,500224
1775423061797,500224
1775423061800,500224
1775423061803,500224
1775423061805,500224
1775423061806,500224
1775423061808,500224
1775423062287,500224
1775423062290,500224
1775423062294,500224
1775423062297,500224
1775423062301,500224
1775423062305,500224
1775423062309,500224
1775423062312,500224
1775423062316,500224
1775423062320,500224
1775423062325,500224
1775423062328,500224
1775423062331,500224
1775423062334,500224
1775423062337,500224
1775423062339,500224
1775423062342,500224
1775423062344,500224
1775423062346,500224
1775423062349,500224
1775423062353,500224
1775423062355,500224
1775423062358,500224
1775423062361,500224
1775423062364,500224
1775423062366,500224
1775423062369,500224
1775423062371,500224
1775423062374,500224
1775423062376,500224
1775423062378,500224
1775423062380,500224
1775423062382,500224
1775423062384,500224
1775423062385,500224
1775423062387,500224
1775423062388,500224
1775423062390,500224
1775423062392,500224
1775423062393,500224
1775423062395,500224
1775423062396,500224
1775423062398,500224
1775423062399,500224
1775423062400,500224
1775423062402,500224
1775423062404,500224
1775423062408,500224
1775423062412,500224
1775423062415,500224
1775423062418,500224
1775423062887,500224
1775423062889,500224
1775423062891,500224
1775423062894,500224
1775423062897,500224
1775423062900,500224
1775423062903,500224
1775423062908,500224
1775423062911,500224
1775423062914,500224
1775423062917,500224
1775423062919,500224
1775423062922,500224
1775423062925,500224
1775423062927,500224
1775423062932,500224
1775423062934,500224
1775423062936,500224
1775423062938,500224
1775423062940,500224
1775423062942,500224
1775423062944,500224
1775423062946,500224
1775423062948,500224
1775423062950,500224
1775423062952,500224
1775423062954,500224
1775423062955,500224
1775423062957,500224
1775423062959,500224
1775423062960,500224
1775423062962,500224
1775423062963,500224
1775423062965,500224
1775423062966,500224
1775423062968,500224
1775423062969,500224
1775423062971,500224
1775423062972,500224
1775423062973,500224
1775423062975,500224
1775423062976,500224
1775423062977,500224
1775423062979,500224
1775423062982,500224
1775423062983,500224
1775423062984,500224
1775423063488,500224
1775423063491,500224
1775423063494,500224
1775423063497,500224
1775423063501,500224
1775423063503,500224
1775423063505,500224
1775423063507,500224
1775423063508,500224
1775423063510,500224
1775423063512,500224
1775423063522,500224
1775423063529,500224
1775423063532,500224
1775423063535,500224
1775423063537,500224
1775423063540,500224
1775423063543,500224
1775423063545,500224
1775423063547,500224
1775423063549,500224
1775423063551,500224
1775423063554,500224
1775423063556,500224
1775423063559,500224
1775423063561,500224
1775423063563,500224
1775423063565,500224
1775423063567,500224
1775423063569,500224
1775423063570,500224
1775423063573,500224
1775423063576,500224
1775423063579,500224
1775423063581,500224
1775423063586,500224
1775423063590,500224
1775423063592,500224
1775423063595,500224
1775423063596,500224
1775423063598,500224
1775423063600,500224
1775423063602,500224
1775423063604,500224
1775423063605,500224
1775423064089,500224
1775423064093,500224
1775423064096,500224
1775423064099,500224
1775423064102,500224
1775423064105,500224
1775423064107,500224
1775423064110,500224
1775423064112,500224
1775423064116,500224
1775423064119,500224
1775423064121,500224
1775423064124,500224
1775423064125,500224
1775423064126,500224
1775423064128,500224
1775423064129,500224
1775423064130,500224
1775423064132,500224
1775423064133,500224
1775423064134,500224
1775423064136,500224
1775423064137,500224
1775423064139,500224
1775423064141,500224
1775423064142,500224
1775423064143,500224
1775423064145,500224
1775423064146,500224
1775423064149,500224
1775423064150,500224
1775423064152,500224
1775423064153,500224
1775423064154,500224
1775423064155,500224
1775423064157,500224
1775423064158,500224
1775423064159,500224
1775423064160,500224
1775423064162,500224
1775423064163,500224
1775423064164,500224
1775423064165,500224
1775423064690,500224
1775423064693,500224
1775423064695,500224
1775423064698,500224
1775423064701,500224
1775423064704,500224
1775423064706,500224
1775423064709,500224
1775423064715,500224
1775423064718,500224
1775423064721,500224
1775423064724,500224
1775423064727,500224
1775423064730,500224
1775423064733,500224
1775423064736,500224
1775423064739,500224
1775423064742,500224
1775423064745,500224
1775423064747,500224
1775423064750,500224
1775423064752,500224
1775423064755,500224
1775423064758,500224
1775423064760,500224
1775423064762,500224
1775423064764,500224
1775423064766,500224
1775423064769,500224
1775423064772,500224
1775423064774,500224
1775423064775,500224
1775423064777,500224
1775423064779,500224
1775423064780,500224
1775423064788,500224
1775423064789,500224
1775423064791,500224
1775423064792,500224
1775423064794,500224
1775423064795,500224
1775423064796,500224
1775423064798,500224
1775423064799,500224
1775423064800,500224
1775423064801,500224
1775423064803,500224
1775423064806,500224
1775423064808,500224
1775423064811,500224
1775423064813,500224
1775423064816,500224
1775423064818,500224
1775423064820,500224
1775423064822,500224
1775423064824,500224
1775423064825,500224
1775423064826,500224
1775423064827,500224
1775423065291,500224
1775423065296,500224
1775423065300,500224
1775423065302,500224
1775423065305,500224
1775423065308,500224
1775423065311,500224
1775423065314,500224
1775423065318,500224
1775423065320,500224
1775423065322,500224
1775423065325,500224
1775423065328,500224
1775423065331,500224
1775423065334,500224
1775423065336,500224
1775423065339,500224
1775423065342,500224
1775423065346,500224
1775423065348,500224
1775423065350,500224
1775423065352,500224
1775423065355,500224
1775423065357,500224
1775423065360,500224
1775423065362,500224
1775423065364,500224
1775423065366,500224
1775423065368,500224
1775423065371,500224
1775423065373,500224
1775423065375,500224
1775423065378,500224
1775423065381,500224
1775423065384,500224
1775423065386,500224
1775423065389,500224
1775423065391,500224
1775423065394,500224
1775423065397,500224
1775423065399,500224
1775423065402,500224
1775423065405,500224
1775423065892,500224
1775423065895,500224
1775423065897,500224
1775423065899,500224
1775423065901,500224
1775423065903,500224
1775423065907,500224
1775423065912,500224
1775423065914,500224
1775423065917,500224
1775423065920,500224
1775423065922,500224
1775423065925,500224
1775423065928,500224
1775423065930,500224
1775423065933,500224
1775423065935,500224
1775423065938,500224
1775423065940,500224
1775423065943,500224
1775423065947,500224
1775423065950,500224
1775423065953,500224
1775423065956,500224
1775423065959,500224
1775423065963,500224
1775423065966,500224
1775423065969,500224
1775423065972,500224
1775423065975,500224
1775423065977,500224
1775423065979,500224
1775423065981,500224
1775423065983,500224
1775423065985,500224
1775423065988,500224
1775423065991,500224
1775423065994,500224
1775423065997,500224
1775423066000,500224
1775423066003,500224
1775423066494,500224
1775423066497,500224
1775423066500,500224
1775423066503,500224
1775423066506,500224
1775423066512,500224
1775423066515,500224
1775423066519,500224
1775423066522,500224
1775423066524,500224
1775423066527,500224
1775423066530,500224
1775423066533,500224
1775423066535,500224
1775423066538,500224
1775423066541,500224
1775423066543,500224
1775423066546,500224
1775423066548,500224
1775423066550,500224
1775423066553,500224
1775423066556,500224
1775423066558,500224
1775423066560,500224
1775423066562,500224
1775423066565,500224
1775423066567,500224
1775423066570,500224
1775423066572,500224
1775423066575,500224
1775423066578,500224
1775423066580,500224
1775423066584,500224
1775423066586,500224
1775423066589,500224
1775423066592,500224
1775423066594,500224
1775423066597,500224
1775423066600,500224
1775423066603,500224
1775423066605,500224
1775423066608,500224
1775423066611,500224
1775423067096,500224
1775423067099,500224
1775423067101,500224
1775423067104,500224
1775423067108,500224
1775423067110,500224
1775423067112,500224
1775423067117,500224
1775423067120,500224
1775423067126,500224
1775423067129,500224
1775423067134,500224
1775423067136,500224
1775423067141,500224
1775423067145,500224
1775423067148,500224
1775423067152,500224
1775423067155,500224
1775423067158,500224
1775423067160,500224
1775423067163,500224
1775423067166,500224
1775423067169,500224
1775423067171,500224
1775423067175,500224
1775423067178,500224
1775423067180,500224
1775423067183,500224
1775423067186,500224
1775423067189,500224
1775423067191,500224
1775423067194,500224
1775423067197,500224
1775423067199,500224
1775423067202,500224
1775423067205,500224
1775423067210,500224
1775423067213,500224
1775423067217,500224
1775423067220,500224
1775423067222,500224
1775423067224,500224
1775423067226,500224
1775423067228,500224
1775423067229,500224
1775423067696,500224
1775423067699,500224
1775423067701,500224
1775423067704,500224
1775423067707,500224
1775423067711,500224
1775423067713,500224
1775423067716,500224
1775423067719,500224
1775423067721,500224
1775423067724,500224
1775423067727,500224
1775423067729,500224
1775423067732,500224
1775423067734,500224
1775423067736,500224
1775423067738,500224
1775423067741,500224
1775423067743,500224
1775423067744,500224
1775423067746,500224
1775423067748,500224
1775423067750,500224
1775423067752,500224
1775423067753,500224
1775423067755,500224
1775423067757,500224
1775423067758,500224
1775423067760,500224
1775423067761,500224
1775423067763,500224
1775423067764,500224
1775423067766,500224
1775423067767,500224
1775423067769,500224
1775423067770,500224
1775423067772,500224
1775423067773,500224
1775423067775,500224
1775423067776,500224
1775423067777,500224
1775423067779,500224
1775423067780,500224
1775423068298,500224
1775423068301,500224
1775423068304,500224
1775423068308,500224
1775423068311,500224
1775423068314,500224
1775423068316,500224
1775423068319,500224
1775423068323,500224
1775423068326,500224
1775423068328,500224
1775423068331,500224
1775423068334,500224
1775423068336,500224
1775423068338,500224
1775423068341,500224
1775423068343,500224
1775423068345,500224
1775423068348,500224
1775423068351,500224
1775423068354,500224
1775423068357,500224
1775423068359,500224
1775423068361,500224
1775423068363,500224
1775423068364,500224
1775423068366,500224
1775423068368,500224
1775423068371,500224
1775423068374,500224
1775423068376,500224
1775423068379,500224
1775423068382,500224
1775423068384,500224
1775423068389,500224
1775423068393,500224
1775423068395,500224
1775423068403,500224
1775423068406,500224
1775423068408,500224
1775423068411,500224
1775423068414,500224
1775423068416,500224
1775423068420,500224
1775423068423,500224
1775423068900,500224
1775423068903,500224
1775423068906,500224
1775423068909,500224
1775423068912,500224
1775423068914,500224
1775423068917,500224
1775423068920,500224
1775423068922,500224
1775423068924,500224
1775423068926,500224
1775423068929,500224
1775423068932,500224
1775423068934,500224
1775423068936,500224
1775423068938,500224
1775423068940,500224
1775423068942,500224
1775423068944,500224
1775423068947,500224
1775423068949,500224
1775423068951,500224
1775423068953,500224
1775423068955,500224
1775423068956,500224
1775423068958,500224
1775423068960,500224
1775423068962,500224
1775423068963,500224
1775423068965,500224
1775423068967,500224
1775423068970,500224
1775423068972,500224
1775423068974,500224
1775423068976,500224
1775423069502,500224
1775423069505,500224
1775423069508,500224
1775423069513,500224
1775423069516,500224
1775423069520,500224
1775423069523,500224
1775423069526,500224
1775423069529,500224
1775423069532,500224
1775423069535,500224
1775423069539,500224
1775423069543,500224
1775423069548,500224
1775423069551,500224
1775423069553,500224
1775423069556,500224
1775423069558,500224
1775423069561,500224
1775423069564,500224
1775423069567,500224
1775423069570,500224
1775423069572,500224
1775423069575,500224
1775423069577,500224
1775423069580,500224
1775423069582,500224
1775423069584,500224
1775423069586,500224
1775423069588,500224
1775423069590,500224
1775423069593,500224
1775423069595,500224
1775423069598,500224
1775423069600,500224
1775423069603,500224
1775423069605,500224
1775423069607,500224
1775423069610,500224
1775423069613,500224
1775423069616,500224
1775423069618,500224
1775423069621,500224
1775423069624,500224
1775423070102,500224
1775423070107,500224
1775423070109,500224
1775423070112,500224
1775423070115,500224
1775423070118,500224
1775423070121,500224
1775423070123,500224
1775423070126,500224
1775423070129,500224
1775423070133,500224
1775423070135,500224
1775423070138,500224
1775423070140,500224
1775423070142,500224
1775423070148,500224
1775423070152,500224
1775423070155,500224
1775423070157,500224
1775423070159,500224
1775423070161,500224
1775423070163,500224
1775423070165,500224
1775423070168,500224
1775423070171,500224
1775423070175,500224
1775423070178,500224
1775423070181,500224
1775423070184,500224
1775423070186,500224
1775423070188,500224
1775423070191,500224
1775423070193,500224
1775423070196,500224
1775423070199,500224
1775423070202,500224
1775423070204,500224
1775423070208,500224
1775423070211,500224
1775423070213,500224
1775423070215,500224
1775423070217,500224
1775423070701,500224
1775423070704,500224
1775423070706,500224
1775423070719,500224
1775423070722,500224
1775423070725,500224
1775423070728,500224
1775423070731,500224
1775423070734,500224
1775423070736,500224
1775423070739,500224
1775423070742,500224
1775423070745,500224
1775423070748,500224
1775423070751,500224
1775423070754,500224
1775423070756,500224
1775423070760,500224
1775423070763,500224
1775423070766,500224
1775423070768,500224
1775423070771,500224
1775423070774,500224
1775423070776,500224
1775423070778,500224
1775423070780,500224
1775423070781,500224
1775423070783,500224
1775423070786,500224
1775423070789,500224
1775423070791,500224
1775423070794,500224
1775423070796,500224
1775423070798,500224
1775423070800,500224
1775423070802,500224
1775423070804,500224
1775423070806,500224
1775423070808,500224
1775423070810,500224
1775423070812,500224
1775423070814,500224
1775423070816,500224
1775423071302,500224
1775423071305,500224
1775423071308,500224
1775423071311,500224
1775423071313,500224
1775423071316,500224
1775423071321,500224
1775423071324,500224
1775423071327,500224
1775423071329,500224
1775423071332,500224
1775423071335,500224
1775423071337,500224
1775423071340,500224
1775423071342,500224
1775423071344,500224
1775423071346,500224
1775423071350,500224
1775423071353,500224
1775423071356,500224
1775423071359,500224
1775423071361,500224
1775423071364,500224
1775423071367,500224
1775423071369,500224
1775423071372,500224
1775423071375,500224
1775423071377,500224
1775423071379,500224
1775423071382,500224
1775423071384,500224
1775423071386,500224
1775423071388,500224
1775423071390,500224
1775423071392,500224
1775423071393,500224
1775423071395,500224
1775423071398,500224
1775423071400,500224
1775423071402,500224
1775423071404,500224
1775423071407,500224
1775423071408,500224
1775423071410,500224
1775423071412,500224
1775423071414,500224
1775423071416,500224
1775423071904,500224
1775423071907,500224
1775423071910,500224
1775423071912,500224
1775423071915,500224
1775423071918,500224
1775423071927,500224
1775423071930,500224
1775423071933,500224
1775423071935,500224
1775423071939,500224
1775423071942,500224
1775423071944,500224
1775423071948,500224
1775423071952,500224
1775423071955,500224
1775423071958,500224
1775423071961,500224
1775423071963,500224
1775423071966,500224
1775423071969,500224
1775423071972,500224
1775423071975,500224
1775423071978,500224
1775423071981,500224
1775423071984,500224
1775423071987,500224
1775423071989,500224
1775423071992,500224
1775423071995,500224
1775423071997,500224
1775423072000,500224
1775423072002,500224
1775423072005,500224
1775423072007,500224
1775423072009,500224
1775423072011,500224
1775423072014,500224
1775423072017,500224
1775423072505,500224
1775423072507,500224
1775423072510,500224
1775423072513,500224
1775423072516,500224
1775423072520,500224
1775423072522,500224
1775423072525,500224
1775423072528,500224
1775423072531,500224
1775423072534,500224
1775423072537,500224
1775423072539,500224
1775423072541,500224
1775423072544,500224
1775423072546,500224
1775423072549,500224
1775423072551,500224
1775423072553,500224
1775423072556,500224
1775423072559,500224
1775423072560,500224
1775423072562,500224
1775423072564,500224
1775423072566,500224
1775423072568,500224
1775423072571,500224
1775423072574,500224
1775423072576,500224
1775423072578,500224
1775423072582,500224
1775423072585,500224
1775423072586,500224
1775423072587,500224
1775423072589,500224
1775423072590,500224
1775423072591,500224
1775423072593,500224
1775423072594,500224
1775423072595,500224
1775423072597,500224
1775423072598,500224
1775423072601,500224
1775423072603,500224
1775423072604,500224
1775423072608,500224
1775423073106,500224
1775423073112,500224
1775423073114,500224
1775423073117,500224
1775423073120,500224
1775423073123,500224
1775423073125,500224
1775423073130,500224
1775423073134,500224
1775423073137,500224
1775423073140,500224
1775423073143,500224
1775423073146,500224
1775423073149,500224
1775423073152,500224
1775423073155,500224
1775423073157,500224
1775423073160,500224
1775423073164,500224
1775423073167,500224
1775423073169,500224
1775423073171,500224
1775423073172,500224
1775423073174,500224
1775423073176,500224
1775423073178,500224
1775423073179,500224
1775423073181,500224
1775423073183,500224
1775423073186,500224
1775423073188,500224
1775423073191,500224
1775423073194,500224
1775423073195,500224
1775423073197,500224
1775423073198,500224
1775423073202,500224
1775423073204,500224
1775423073206,500224
1775423073208,500224
1775423073210,500224
1775423073212,500224
1775423073214,500224
1775423073707,500224
1775423073711,500224
1775423073713,500224
1775423073716,500224
1775423073719,500224
1775423073722,500224
1775423073726,500224
1775423073728,500224
1775423073731,500224
1775423073734,500224
1775423073736,500224
1775423073739,500224
1775423073742,500224
1775423073744,500224
1775423073746,500224
1775423073749,500224
1775423073751,500224
1775423073754,500224
1775423073757,500224
1775423073762,500224
1775423073767,500224
1775423073770,500224
1775423073773,500224
1775423073775,500224
1775423073779,500224
1775423073782,500224
1775423073785,500224
1775423073788,500224
1775423073792,500224
1775423073795,500224
1775423073799,500224
1775423073803,500224
1775423073807,500224
1775423073810,500224
1775423073812,500224
1775423073814,500224
1775423073816,500224
1775423073818,500224
1775423073820,500224
1775423073821,500224
1775423073823,500224
1775423073824,500224
1775423073826,500224
1775423073827,500224
1775423073830,500224
1775423073832,500224
1775423073833,500224
1775423074309,500224
1775423074312,500224
1775423074315,500224
1775423074317,500224
1775423074320,500224
1775423074324,500224
1775423074327,500224
1775423074330,500224
1775423074333,500224
1775423074335,500224
1775423074338,500224
1775423074341,500224
1775423074344,500224
1775423074346,500224
1775423074350,500224
1775423074353,500224
1775423074356,500224
1775423074359,500224
1775423074362,500224
1775423074365,500224
1775423074367,500224
1775423074370,500224
1775423074374,500224
1775423074376,500224
1775423074379,500224
1775423074382,500224
1775423074385,500224
1775423074387,500224
1775423074390,500224
1775423074393,500224
1775423074396,500224
1775423074398,500224
1775423074401,500224
1775423074403,500224
1775423074407,500224
1775423074410,500224
1775423074413,500224
1775423074415,500224
1775423074418,500224
1775423074421,500224
1775423074424,500224
1775423074426,500224
1775423074429,500224
1775423074432,500224
1775423074435,500224
1775423074909,500224
1775423074912,500224
1775423074915,500224
1775423074918,500224
1775423074921,500224
1775423074924,500224
1775423074927,500224
1775423074930,500224
1775423074933,500224
1775423074936,500224
1775423074939,500224
1775423074941,500224
1775423074944,500224
1775423074948,500224
1775423074950,500224
1775423074953,500224
1775423074956,500224
1775423074958,500224
1775423074961,500224
1775423074964,500224
1775423074966,500224
1775423074969,500224
1775423074971,500224
1775423074974,500224
1775423074977,500224
1775423074979,500224
1775423074983,500224
1775423074986,500224
1775423074989,500224
1775423074992,500224
1775423074994,500224
1775423074997,500224
1775423075000,500224
1775423075003,500224
1775423075006,500224
1775423075008,500224
1775423075010,500224
1775423075012,500224
1775423075013,500224
1775423075014,500224
1775423075016,500224
1775423075017,500224
1775423075509,500224
1775423075512,500224
1775423075515,500224
1775423075518,500224
1775423075521,500224
1775423075524,500224
1775423075527,500224
1775423075530,500224
1775423075533,500224
1775423075536,500224
1775423075540,500224
1775423075543,500224
1775423075546,500224
1775423075548,500224
1775423075551,500224
1775423075554,500224
1775423075556,500224
1775423075559,500224
1775423075562,500224
1775423075564,500224
1775423075567,500224
1775423075569,500224
1775423075571,500224
1775423075574,500224
1775423075576,500224
1775423075579,500224
1775423075584,500224
1775423075589,500224
1775423075594,500224
1775423075596,500224
1775423075597,500224
1775423075599,500224
1775423075601,500224
1775423075602,500224
1775423075604,500224
1775423075606,500224
1775423075607,500224
1775423075609,500224
1775423075612,500224
1775423075614,500224
1775423075615,500224
1775423075618,500224
1775423075621,500224
1775423076112,500224
1775423076118,500224
1775423076121,500224
1775423076123,500224
1775423076126,500224
1775423076129,500224
1775423076132,500224
1775423076135,500224
1775423076137,500224
1775423076139,500224
1775423076141,500224
1775423076143,500224
1775423076145,500224
1775423076147,500224
1775423076148,500224
1775423076150,500224
1775423076152,500224
1775423076153,500224
1775423076156,500224
1775423076157,500224
1775423076159,500224
1775423076161,500224
1775423076163,500224
1775423076167,500224
1775423076170,500224
1775423076172,500224
1775423076173,500224
1775423076175,500224
1775423076176,500224
1775423076177,500224
1775423076180,500224
1775423076181,500224
1775423076182,500224
1775423076184,500224
1775423076185,500224
1775423076186,500224
1775423076188,500224
1775423076189,500224
1775423076190,500224
1775423076192,500224
1775423076195,500224
1775423076196,500224
1775423076198,500224
1775423076200,500224
1775423076203,500224
1775423076206,500224
1775423076209,500224
1775423076712,500224
1775423076715,500224
1775423076718,500224
1775423076724,500224
1775423076727,500224
1775423076730,500224
1775423076735,500224
1775423076738,500224
1775423076742,500224
1775423076745,500224
1775423076747,500224
1775423076750,500224
1775423076753,500224
1775423076756,500224
1775423076758,500224
1775423076761,500224
1775423076763,500224
1775423076766,500224
1775423076769,500224
1775423076772,500224
1775423076775,500224
1775423076777,500224
1775423076780,500224
1775423076783,500224
1775423076785,500224
1775423076788,500224
1775423076791,500224
1775423076793,500224
1775423076796,500224
1775423076799,500224
1775423076801,500224
1775423076803,500224
1775423076806,500224
1775423076807,500224
1775423076809,500224
1775423076810,500224
1775423076812,500224
1775423076813,500224
1775423076814,500224
1775423076816,500224
1775423076817,500224
1775423076818,500224
1775423076820,500224
1775423076823,500224
1775423076825,500224
1775423076827,500224
1775423076828,500224
1775423077313,500224
1775423077318,500224
1775423077323,500224
1775423077325,500224
1775423077328,500224
1775423077331,500224
1775423077334,500224
1775423077337,500224
1775423077341,500224
1775423077346,500224
1775423077349,500224
1775423077352,500224
1775423077355,500224
1775423077358,500224
1775423077360,500224
1775423077366,500224
1775423077368,500224
1775423077371,500224
1775423077373,500224
1775423077375,500224
1775423077377,500224
1775423077380,500224
1775423077382,500224
1775423077384,500224
1775423077387,500224
1775423077389,500224
1775423077391,500224
1775423077393,500224
1775423077395,500224
1775423077397,500224
1775423077401,500224
1775423077404,500224
1775423077407,500224
1775423077409,500224
1775423077412,500224
1775423077414,500224
1775423077416,500224
1775423077417,500224
1775423077419,500224
1775423077421,500224
1775423077422,500224
1775423077424,500224
1775423077425,500224
1775423077427,500224
1775423077429,500224
1775423077430,500224
1775423077431,500224
1775423077433,500224
1775423077434,500224
1775423077435,500224
1775423077437,500224
1775423077919,500224
1775423077922,500224
1775423077925,500224
1775423077928,500224
1775423077930,500224
1775423077933,500224
1775423077936,500224
1775423077939,500224
1775423077941,500224
1775423077943,500224
1775423077945,500224
1775423077947,500224
1775423077949,500224
1775423077951,500224
1775423077952,500224
1775423077954,500224
1775423077956,500224
1775423077957,500224
1775423077959,500224
1775423077962,500224
1775423077965,500224
1775423077967,500224
1775423077970,500224
1775423077973,500224
1775423077978,500224
1775423077982,500224
1775423077985,500224
1775423077988,500224
1775423077991,500224
1775423077993,500224
1775423077996,500224
1775423077998,500224
1775423078000,500224
1775423078002,500224
1775423078004,500224
1775423078007,500224
1775423078009,500224
1775423078012,500224
1775423078014,500224
1775423078015,500224
1775423078017,500224
1775423078019,500224
1775423078020,500224
1775423078022,500224
1775423078023,500224
1775423078025,500224
1775423078516,500224
1775423078519,500224
1775423078521,500224
1775423078524,500224
1775423078527,500224
1775423078529,500224
1775423078532,500224
1775423078535,500224
1775423078537,500224
1775423078540,500224
1775423078543,500224
1775423078546,500224
1775423078548,500224
1775423078550,500224
1775423078551,500224
1775423078553,500224
1775423078554,500224
1775423078556,500224
1775423078557,500224
1775423078558,500224
1775423078559,500224
1775423078561,500224
1775423078563,500224
1775423078565,500224
1775423078568,500224
1775423078570,500224
1775423078572,500224
1775423078578,500224
1775423078581,500224
1775423078584,500224
1775423078587,500224
1775423078589,500224
1775423078592,500224
1775423078594,500224
1775423078596,500224
1775423078598,500224
1775423078600,500224
1775423078602,500224
1775423078604,500224
1775423078606,500224
1775423078608,500224
1775423078610,500224
1775423078611,500224
1775423078613,500224
1775423078615,500224
1775423078617,500224
1775423078620,500224
1775423078623,500224
1775423079116,500224
1775423079119,500224
1775423079121,500224
1775423079124,500224
1775423079127,500224
1775423079130,500224
1775423079133,500224
1775423079136,500224
1775423079139,500224
1775423079141,500224
1775423079144,500224
1775423079147,500224
1775423079149,500224
1775423079152,500224
1775423079155,500224
1775423079157,500224
1775423079160,500224
1775423079163,500224
1775423079165,500224
1775423079168,500224
1775423079170,500224
1775423079173,500224
1775423079174,500224
1775423079177,500224
1775423079180,500224
1775423079183,500224
1775423079185,500224
1775423079189,500224
1775423079191,500224
1775423079193,500224
1775423079195,500224
1775423079198,500224
1775423079200,500224
1775423079202,500224
1775423079204,500224
1775423079206,500224
1775423079208,500224
1775423079210,500224
1775423079212,500224
1775423079214,500224
1775423079215,500224
1775423079217,500224
1775423079219,500224
1775423079221,500224
1775423079223,500224
1775423079225,500224
1775423079226,500224
1775423079228,500224
1775423079230,500224
1775423079232,500224
1775423079235,500224
1775423079237,500224
1775423079239,500224
1775423079241,500224
1775423079717,500224
1775423079720,500224
1775423079723,500224
1775423079726,500224
1775423079729,500224
1775423079735,500224
1775423079738,500224
1775423079741,500224
1775423079743,500224
1775423079746,500224
1775423079749,500224
1775423079751,500224
1775423079754,500224
1775423079757,500224
1775423079759,500224
1775423079762,500224
1775423079765,500224
1775423079768,500224
1775423079770,500224
1775423079773,500224
1775423079775,500224
1775423079778,500224
1775423079780,500224
1775423079782,500224
1775423079784,500224
1775423079786,500224
1775423079788,500224
1775423079790,500224
1775423079792,500224
1775423079795,500224
1775423079797,500224
1775423079799,500224
1775423079801,500224
1775423079803,500224
1775423079805,500224
1775423079807,500224
1775423079808,500224
1775423079810,500224
1775423079812,500224
1775423079814,500224
1775423079817,500224
1775423079819,500224
1775423079822,500224
1775423079824,500224
1775423079826,500224
1775423079829,500224
1775423079831,500224
1775423079833,500224
1775423079835,500224
1775423080318,500224
1775423080321,500224
1775423080323,500224
1775423080326,500224
1775423080329,500224
1775423080331,500224
1775423080334,500224
1775423080337,500224
1775423080340,500224
1775423080342,500224
1775423080345,500224
1775423080347,500224
1775423080350,500224
1775423080353,500224
1775423080355,500224
1775423080358,500224
1775423080360,500224
1775423080363,500224
1775423080365,500224
1775423080367,500224
1775423080369,500224
1775423080371,500224
1775423080372,500224
1775423080374,500224
1775423080376,500224
1775423080377,500224
1775423080378,500224
1775423080380,500224
1775423080381,500224
1775423080384,500224
1775423080388,500224
1775423080391,500224
1775423080393,500224
1775423080396,500224
1775423080399,500224
1775423080402,500224
1775423080404,500224
1775423080407,500224
1775423080410,500224
1775423080412,500224
1775423080414,500224
1775423080416,500224
1775423080418,500224
1775423080420,500224
1775423080422,500224
1775423080424,500224
1775423080427,500224
1775423080428,500224
1775423080431,500224
1775423080433,500224
1775423080918,500224
1775423080921,500224
1775423080924,500224
1775423080926,500224
1775423080929,500224
1775423080932,500224
1775423080934,500224
1775423080937,500224
1775423080939,500224
1775423080941,500224
1775423080943,500224
1775423080945,500224
1775423080947,500224
1775423080949,500224
1775423080951,500224
1775423080954,500224
1775423080957,500224
1775423080959,500224
1775423080962,500224
1775423080965,500224
1775423080967,500224
1775423080970,500224
1775423080973,500224
1775423080975,500224
1775423080978,500224
1775423080980,500224
1775423080982,500224
1775423080984,500224
1775423080987,500224
1775423080990,500224
1775423080997,500224
1775423081000,500224
1775423081003,500224
1775423081006,500224
1775423081009,500224
1775423081012,500224
1775423081015,500224
1775423081018,500224
1775423081021,500224
1775423081023,500224
1775423081026,500224
1775423081030,500224
1775423081034,500224
1775423081039,500224
1775423081042,500224
1775423081045,500224
1775423081048,500224
1775423081051,500224
1775423081053,500224
1775423081056,500224
1775423081059,500224
1775423081061,500224
1775423081521,500224
1775423081524,500224
1775423081526,500224
1775423081529,500224
1775423081532,500224
1775423081535,500224
1775423081538,500224
1775423081541,500224
1775423081544,500224
1775423081546,500224
1775423081549,500224
1775423081552,500224
1775423081554,500224
1775423081558,500224
1775423081561,500224
1775423081564,500224
1775423081567,500224
1775423081570,500224
1775423081573,500224
1775423081576,500224
1775423081578,500224
1775423081581,500224
1775423081583,500224
1775423081585,500224
1775423081587,500224
1775423081589,500224
1775423081591,500224
1775423081593,500224
1775423081595,500224
1775423081597,500224
1775423081598,500224
1775423081600,500224
1775423081602,500224
1775423081603,500224
1775423081605,500224
1775423081606,500224
1775423081608,500224
1775423081609,500224
1775423081611,500224
1775423081612,500224
1775423081613,500224
1775423081615,500224
1775423081616,500224
1775423081617,500224
1775423081619,500224
1775423081620,500224
1775423081621,500224
1775423081624,500224
1775423081626,500224
