timestamp,size
1775337133355,7168
1775337133355,512
1775337133356,31744
1775337133954,7168
1775337133955,31744
1775337133955,19456
1775337133955,44544
1775337133955,25600
1775337133955,3072
1775337133956,70656
1775337133956,95744
1775337133956,57856
1775337133957,82944
1775337133957,76800
1775337133958,51200
1775337133958,121856
1775337134558,57856
1775337134558,82944
1775337134559,134144
1775337134560,109056
1775337134560,102400
1775337134561,109056
1775337134562,163840
1775337134563,160256
1775337134564,173056
1775337134564,146944
1775337134565,160256
1775337134566,185344
1775337135160,134144
1775337135161,160256
1775337135163,198144
1775337135165,185344
1775337135167,185344
1775337135169,224256
1775337135171,211456
1775337135173,236544
1775337135174,211456
1775337135175,236544
1775337135176,249344
1775337135178,275456
1775337135762,211456
1775337135763,236544
1775337135765,262656
1775337135768,262656
1775337135770,262656
1775337135771,313856
1775337135773,287744
1775337135775,379904
1775337135777,287744
1775337135778,313856
1775337135780,338944
1775337136364,288768
1775337136366,395264
1775337136368,338944
1775337136370,345600
1775337136372,358400
1775337136374,332800
1775337136376,371200
1775337136378,396800
1775337136380,384000
1775337136383,402432
1775337136387,454656
1775337136390,409600
1775337136393,435200
1775337136966,365056
1775337136969,422400
1775337136971,422400
1775337136974,492032
1775337136976,422400
1775337136979,448000
1775337136981,460800
1775337136983,448000
1775337136987,499200
1775337136991,473600
1775337137572,448000
1775337137575,500224
1775337137577,500224
1775337137580,486400
1775337137582,500224
1775337137585,473600
1775337137590,499200
1775337137595,500224
1775337137598,500224
1775337137600,500224
1775337137603,500224
1775337137606,500224
1775337137608,468992
1775337137611,500224
1775337138171,500224
1775337138174,500224
1775337138177,500224
1775337138179,500224
1775337138182,500224
1775337138186,500224
1775337138190,500224
1775337138194,500224
1775337138200,500224
1775337138206,500224
1775337138208,500224
1775337138211,500224
1775337138213,500224
1775337138775,500224
1775337138779,500224
1775337138782,500224
1775337138786,500224
1775337138791,500224
1775337138795,500224
1775337138799,500224
1775337138803,500224
1775337138806,500224
1775337138808,500224
1775337138811,500224
1775337138813,500224
1775337138816,500224
1775337138819,500224
1775337138820,500224
1775337138822,500224
1775337139373,500224
1775337139376,500224
1775337139378,500224
1775337139381,500224
1775337139385,500224
1775337139391,500224
1775337139396,500224
1775337139401,500224
1775337139404,500224
1775337139408,500224
1775337139411,500224
1775337139414,500224
1775337139417,500224
1775337139419,500224
1775337139424,500224
1775337139427,500224
1775337139430,500224
1775337139976,500224
1775337139979,500224
1775337139982,500224
1775337139985,500224
1775337139988,500224
1775337139994,500224
1775337139998,500224
1775337140002,500224
1775337140005,500224
1775337140008,500224
1775337140011,500224
1775337140013,500224
1775337140016,500224
1775337140019,500224
1775337140024,500224
1775337140027,500224
1775337140030,500224
1775337140032,500224
1775337140035,500224
1775337140037,500224
1775337140039,500224
1775337140577,500224
1775337140582,500224
1775337140584,500224
1775337140587,500224
1775337140590,500224
1775337140593,500224
1775337140595,500224
1775337140598,500224
1775337140601,500224
1775337140604,500224
1775337140606,500224
1775337140609,500224
1775337140612,500224
1775337140617,500224
1775337140621,500224
1775337140624,500224
1775337140626,500224
1775337140630,500224
1775337140633,500224
1775337140636,500224
1775337140643,500224
1775337140647,500224
1775337141181,500224
1775337141184,500224
1775337141188,500224
1775337141192,500224
1775337141196,500224
1775337141200,500224
1775337141204,500224
1775337141207,500224
1775337141211,500224
1775337141215,500224
1775337141218,500224
1775337141221,500224
1775337141224,500224
1775337141227,500224
1775337141229,500224
1775337141232,500224
1775337141235,500224
1775337141240,500224
1775337141243,500224
1775337141246,500224
1775337141249,500224
1775337141253,500224
1775337141255,500224
1775337141258,500224
1775337141783,500224
1775337141787,500224
1775337141790,500224
1775337141794,500224
1775337141797,500224
1775337141801,500224
1775337141805,500224
1775337141809,500224
1775337141813,500224
1775337141818,500224
1775337141822,500224
1775337141826,500224
1775337141830,500224
1775337141835,500224
1775337141838,500224
1775337141841,500224
1775337141845,500224
1775337141850,500224
1775337142384,500224
1775337142388,500224
1775337142391,500224
1775337142395,500224
1775337142398,500224
1775337142402,500224
1775337142405,500224
1775337142408,500224
1775337142412,500224
1775337142416,500224
1775337142420,500224
1775337142423,500224
1775337142427,500224
1775337142431,500224
1775337142435,500224
1775337142437,500224
1775337142440,500224
1775337142443,500224
1775337142445,500224
1775337142448,500224
1775337142450,500224
1775337142453,500224
1775337142458,500224
1775337142463,500224
1775337142467,500224
1775337142471,500224
1775337142474,500224
1775337142477,500224
1775337142984,500224
1775337142986,500224
1775337142990,500224
1775337142993,500224
1775337142996,500224
1775337142998,500224
1775337143001,500224
1775337143004,500224
1775337143006,500224
1775337143009,500224
1775337143012,500224
1775337143016,500224
1775337143019,500224
1775337143023,500224
1775337143025,500224
1775337143028,500224
1775337143031,500224
1775337143034,500224
1775337143036,500224
1775337143039,500224
1775337143042,500224
1775337143044,500224
1775337143047,500224
1775337143050,500224
1775337143052,500224
1775337143055,500224
1775337143057,500224
1775337143060,500224
1775337143062,500224
1775337143064,500224
1775337143584,500224
1775337143586,500224
1775337143589,500224
1775337143591,500224
1775337143593,500224
1775337143596,500224
1775337143598,500224
1775337143600,500224
1775337143603,500224
1775337143606,500224
1775337143608,500224
1775337143610,500224
1775337143613,500224
1775337143615,500224
1775337143617,500224
1775337143619,500224
1775337143621,500224
1775337143623,500224
1775337143624,500224
1775337143626,500224
1775337143628,500224
1775337143632,500224
1775337143636,500224
1775337143639,500224
1775337143642,500224
1775337143644,500224
1775337143647,500224
1775337143650,500224
1775337143653,500224
1775337143656,500224
1775337143659,500224
1775337144185,500224
1775337144188,500224
1775337144191,500224
1775337144194,500224
1775337144197,500224
1775337144200,500224
1775337144202,500224
1775337144205,500224
1775337144207,500224
1775337144210,500224
1775337144213,500224
1775337144215,500224
1775337144218,500224
1775337144220,500224
1775337144222,500224
1775337144225,500224
1775337144227,500224
1775337144230,500224
1775337144233,500224
1775337144236,500224
1775337144239,500224
1775337144242,500224
1775337144244,500224
1775337144247,500224
1775337144250,500224
1775337144253,500224
1775337144255,500224
1775337144258,500224
1775337144261,500224
1775337144263,500224
1775337144266,500224
1775337144787,500224
1775337144790,500224
1775337144793,500224
1775337144796,500224
1775337144799,500224
1775337144802,500224
1775337144804,500224
1775337144807,500224
1775337144810,500224
1775337144812,500224
1775337144815,500224
1775337144818,500224
1775337144821,500224
1775337144823,500224
1775337144825,500224
1775337144827,500224
1775337144829,500224
1775337144831,500224
1775337144833,500224
1775337144835,500224
1775337144838,500224
1775337144841,500224
1775337144844,500224
1775337144847,500224
1775337144851,500224
1775337144854,500224
1775337144857,500224
1775337144859,500224
1775337144862,500224
1775337145388,500224
1775337145391,500224
1775337145394,500224
1775337145398,500224
1775337145401,500224
1775337145403,500224
1775337145406,500224
1775337145408,500224
1775337145411,500224
1775337145414,500224
1775337145416,500224
1775337145419,500224
1775337145422,500224
1775337145424,500224
1775337145427,500224
1775337145429,500224
1775337145431,500224
1775337145434,500224
1775337145436,500224
1775337145438,500224
1775337145440,500224
1775337145442,500224
1775337145444,500224
1775337145446,500224
1775337145447,500224
1775337145449,500224
1775337145451,500224
1775337145452,500224
1775337145454,500224
1775337145456,500224
1775337145990,500224
1775337145993,500224
1775337145996,500224
1775337145999,500224
1775337146002,500224
1775337146004,500224
1775337146007,500224
1775337146010,500224
1775337146012,500224
1775337146015,500224
1775337146018,500224
1775337146020,500224
1775337146023,500224
1775337146026,500224
1775337146029,500224
1775337146031,500224
1775337146034,500224
1775337146036,500224
1775337146038,500224
1775337146040,500224
1775337146042,500224
1775337146044,500224
1775337146046,500224
1775337146048,500224
1775337146049,500224
1775337146051,500224
1775337146053,500224
1775337146055,500224
1775337146057,500224
1775337146058,500224
1775337146060,500224
1775337146061,500224
1775337146599,500224
1775337146603,500224
1775337146606,500224
1775337146609,500224
1775337146612,500224
1775337146615,500224
1775337146618,500224
1775337146621,500224
1775337146624,500224
1775337146626,500224
1775337146628,500224
1775337146629,500224
1775337146631,500224
1775337146633,500224
1775337146634,500224
1775337146636,500224
1775337146638,500224
1775337146639,500224
1775337146641,500224
1775337146644,500224
1775337146647,500224
1775337146649,500224
1775337146652,500224
1775337146655,500224
1775337146657,500224
1775337146660,500224
1775337146665,500224
1775337146670,500224
1775337146673,500224
1775337146676,500224
1775337147194,500224
1775337147197,500224
1775337147200,500224
1775337147202,500224
1775337147205,500224
1775337147210,500224
1775337147213,500224
1775337147216,500224
1775337147219,500224
1775337147221,500224
1775337147224,500224
1775337147227,500224
1775337147229,500224
1775337147232,500224
1775337147235,500224
1775337147237,500224
1775337147240,500224
1775337147243,500224
1775337147246,500224
1775337147249,500224
1775337147252,500224
1775337147255,500224
1775337147257,500224
1775337147260,500224
1775337147263,500224
1775337147265,500224
1775337147268,500224
1775337147271,500224
1775337147274,500224
1775337147796,500224
1775337147800,500224
1775337147803,500224
1775337147806,500224
1775337147809,500224
1775337147812,500224
1775337147815,500224
1775337147818,500224
1775337147821,500224
1775337147824,500224
1775337147826,500224
1775337147829,500224
1775337147832,500224
1775337147834,500224
1775337147837,500224
1775337147839,500224
1775337147841,500224
1775337147844,500224
1775337147846,500224
1775337147848,500224
1775337147850,500224
1775337147852,500224
1775337147854,500224
1775337147856,500224
1775337147857,500224
1775337147859,500224
1775337147862,500224
1775337147865,500224
1775337147867,500224
1775337147869,500224
1775337147870,500224
1775337148400,500224
1775337148404,500224
1775337148408,500224
1775337148411,500224
1775337148414,500224
1775337148418,500224
1775337148422,500224
1775337148425,500224
1775337148428,500224
1775337148431,500224
1775337148434,500224
1775337148436,500224
1775337148440,500224
1775337148447,500224
1775337148452,500224
1775337148456,500224
1775337148462,500224
1775337148464,500224
1775337148471,500224
1775337148476,500224
1775337148480,500224
1775337148482,500224
1775337148486,500224
1775337148489,500224
1775337148490,500224
1775337148492,500224
1775337148494,500224
1775337148496,500224
1775337148498,500224
1775337148501,500224
1775337148504,500224
1775337149001,500224
1775337149005,500224
1775337149008,500224
1775337149011,500224
1775337149014,500224
1775337149019,500224
1775337149022,500224
1775337149026,500224
1775337149029,500224
1775337149034,500224
1775337149036,500224
1775337149039,500224
1775337149042,500224
1775337149044,500224
1775337149047,500224
1775337149050,500224
1775337149052,500224
1775337149055,500224
1775337149057,500224
1775337149058,500224
1775337149062,500224
1775337149066,500224
1775337149068,500224
1775337149071,500224
1775337149073,500224
1775337149076,500224
1775337149080,500224
1775337149084,500224
1775337149087,500224
1775337149089,500224
1775337149092,500224
1775337149602,500224
1775337149606,500224
1775337149609,500224
1775337149613,500224
1775337149618,500224
1775337149623,500224
1775337149626,500224
1775337149629,500224
1775337149633,500224
1775337149635,500224
1775337149638,500224
1775337149642,500224
1775337149646,500224
1775337149648,500224
1775337149652,500224
1775337149655,500224
1775337149658,500224
1775337149662,500224
1775337149665,500224
1775337149667,500224
1775337149669,500224
1775337149671,500224
1775337149672,500224
1775337149675,500224
1775337149677,500224
1775337149679,500224
1775337149681,500224
1775337149684,500224
1775337149687,500224
1775337149689,500224
1775337149692,500224
1775337150202,500224
1775337150204,500224
1775337150209,500224
1775337150214,500224
1775337150218,500224
1775337150221,500224
1775337150224,500224
1775337150228,500224
1775337150231,500224
1775337150234,500224
1775337150237,500224
1775337150239,500224
1775337150243,500224
1775337150246,500224
1775337150248,500224
1775337150252,500224
1775337150255,500224
1775337150259,500224
1775337150262,500224
1775337150265,500224
1775337150268,500224
1775337150274,500224
1775337150277,500224
1775337150279,500224
1775337150282,500224
1775337150285,500224
1775337150287,500224
1775337150290,500224
1775337150296,500224
1775337150298,500224
1775337150301,500224
1775337150303,500224
1775337150805,500224
1775337150809,500224
1775337150813,500224
1775337150817,500224
1775337150819,500224
1775337150822,500224
1775337150829,500224
1775337150834,500224
1775337150838,500224
1775337150842,500224
1775337150846,500224
1775337150851,500224
1775337150855,500224
1775337150860,500224
1775337150863,500224
1775337150866,500224
1775337150868,500224
1775337150870,500224
1775337150873,500224
1775337150875,500224
1775337150878,500224
1775337150881,500224
1775337150883,500224
1775337150886,500224
1775337150889,500224
1775337150891,500224
1775337150895,500224
1775337150897,500224
1775337150898,500224
1775337151408,500224
1775337151412,500224
1775337151416,500224
1775337151420,500224
1775337151424,500224
1775337151427,500224
1775337151432,500224
1775337151436,500224
1775337151438,500224
1775337151442,500224
1775337151447,500224
1775337151451,500224
1775337151455,500224
1775337151459,500224
1775337151464,500224
1775337151467,500224
1775337151471,500224
1775337151475,500224
1775337151478,500224
1775337151482,500224
1775337151486,500224
1775337151492,500224
1775337151496,500224
1775337151499,500224
1775337151502,500224
1775337151504,500224
1775337151507,500224
1775337151509,500224
1775337151511,500224
1775337151513,500224
1775337151516,500224
1775337151519,500224
1775337151523,500224
1775337151526,500224
1775337152007,500224
1775337152011,500224
1775337152014,500224
1775337152018,500224
1775337152021,500224
1775337152024,500224
1775337152028,500224
1775337152031,500224
1775337152035,500224
1775337152038,500224
1775337152041,500224
1775337152044,500224
1775337152047,500224
1775337152050,500224
1775337152053,500224
1775337152057,500224
1775337152060,500224
1775337152064,500224
1775337152067,500224
1775337152070,500224
1775337152073,500224
1775337152076,500224
1775337152081,500224
1775337152084,500224
1775337152088,500224
1775337152091,500224
1775337152093,500224
1775337152607,500224
1775337152610,500224
1775337152613,500224
1775337152615,500224
1775337152618,500224
1775337152620,500224
1775337152623,500224
1775337152626,500224
1775337152628,500224
1775337152631,500224
1775337152634,500224
1775337152636,500224
1775337152639,500224
1775337152641,500224
1775337152644,500224
1775337152646,500224
1775337152648,500224
1775337152650,500224
1775337152652,500224
1775337152654,500224
1775337152656,500224
1775337152658,500224
1775337152659,500224
1775337152661,500224
1775337152663,500224
1775337152664,500224
1775337152667,500224
1775337152668,500224
1775337152670,500224
1775337152671,500224
1775337152673,500224
1775337152674,500224
1775337152676,500224
1775337153210,500224
1775337153213,500224
1775337153217,500224
1775337153229,500224
1775337153231,500224
1775337153236,500224
1775337153239,500224
1775337153242,500224
1775337153244,500224
1775337153247,500224
1775337153249,500224
1775337153252,500224
1775337153254,500224
1775337153256,500224
1775337153259,500224
1775337153261,500224
1775337153264,500224
1775337153265,500224
1775337153267,500224
1775337153269,500224
1775337153271,500224
1775337153273,500224
1775337153275,500224
1775337153277,500224
1775337153278,500224
1775337153280,500224
1775337153281,500224
1775337153284,500224
1775337153285,500224
1775337153288,500224
1775337153289,500224
1775337153813,500224
1775337153817,500224
1775337153819,500224
1775337153822,500224
1775337153826,500224
1775337153829,500224
1775337153831,500224
1775337153835,500224
1775337153838,500224
1775337153841,500224
1775337153844,500224
1775337153847,500224
1775337153850,500224
1775337153853,500224
1775337153857,500224
1775337153860,500224
1775337153862,500224
1775337153865,500224
1775337153868,500224
1775337153871,500224
1775337153873,500224
1775337153876,500224
1775337153878,500224
1775337153880,500224
1775337153882,500224
1775337153884,500224
1775337153885,500224
1775337153887,500224
1775337153890,500224
1775337154414,500224
1775337154420,500224
1775337154423,500224
1775337154427,500224
1775337154433,500224
1775337154436,500224
1775337154441,500224
1775337154445,500224
1775337154449,500224
1775337154452,500224
1775337154456,500224
1775337154459,500224
1775337154462,500224
1775337154465,500224
1775337154469,500224
1775337154472,500224
1775337154474,500224
1775337154477,500224
1775337154482,500224
1775337154485,500224
1775337154489,500224
1775337154492,500224
1775337154495,500224
1775337154500,500224
1775337154503,500224
1775337154506,500224
1775337154509,500224
1775337154512,500224
1775337154515,500224
1775337154518,500224
1775337155019,500224
1775337155024,500224
1775337155028,500224
1775337155031,500224
1775337155035,500224
1775337155037,500224
1775337155041,500224
1775337155044,500224
1775337155048,500224
1775337155052,500224
1775337155055,500224
1775337155058,500224
1775337155062,500224
1775337155065,500224
1775337155069,500224
1775337155071,500224
1775337155074,500224
1775337155077,500224
1775337155079,500224
1775337155080,500224
1775337155082,500224
1775337155084,500224
1775337155085,500224
1775337155089,500224
1775337155092,500224
1775337155094,500224
1775337155097,500224
1775337155100,500224
1775337155102,500224
1775337155105,500224
1775337155107,500224
1775337155109,500224
1775337155112,500224
1775337155114,500224
1775337155617,500224
1775337155620,500224
1775337155622,500224
1775337155625,500224
1775337155628,500224
1775337155631,500224
1775337155633,500224
1775337155636,500224
1775337155640,500224
1775337155642,500224
1775337155645,500224
1775337155649,500224
1775337155652,500224
1775337155656,500224
1775337155659,500224
1775337155662,500224
1775337155665,500224
1775337155669,500224
1775337155672,500224
1775337155676,500224
1775337155679,500224
1775337155683,500224
1775337155686,500224
1775337155691,500224
1775337155695,500224
1775337155699,500224
1775337155703,500224
1775337155706,500224
1775337156218,500224
1775337156221,500224
1775337156224,500224
1775337156227,500224
1775337156231,500224
1775337156234,500224
1775337156237,500224
1775337156240,500224
1775337156242,500224
1775337156245,500224
1775337156248,500224
1775337156250,500224
1775337156253,500224
1775337156256,500224
1775337156258,500224
1775337156261,500224
1775337156264,500224
1775337156267,500224
1775337156270,500224
1775337156274,500224
1775337156276,500224
1775337156279,500224
1775337156281,500224
1775337156283,500224
1775337156285,500224
1775337156287,500224
1775337156290,500224
1775337156293,500224
1775337156294,500224
1775337156296,500224
1775337156298,500224
1775337156300,500224
1775337156301,500224
1775337156821,500224
1775337156824,500224
1775337156828,500224
1775337156830,500224
1775337156833,500224
1775337156836,500224
1775337156839,500224
1775337156841,500224
1775337156844,500224
1775337156847,500224
1775337156850,500224
1775337156852,500224
1775337156855,500224
1775337156857,500224
1775337156859,500224
1775337156861,500224
1775337156866,500224
1775337156870,500224
1775337156871,500224
1775337156874,500224
1775337156876,500224
1775337156879,500224
1775337156881,500224
1775337156883,500224
1775337156886,500224
1775337156888,500224
1775337156890,500224
1775337156892,500224
1775337156894,500224
1775337156896,500224
1775337156897,500224
1775337157422,500224
1775337157426,500224
1775337157429,500224
1775337157432,500224
1775337157435,500224
1775337157437,500224
1775337157440,500224
1775337157443,500224
1775337157446,500224
1775337157448,500224
1775337157451,500224
1775337157454,500224
1775337157457,500224
1775337157460,500224
1775337157463,500224
1775337157465,500224
1775337157468,500224
1775337157471,500224
1775337157474,500224
1775337157476,500224
1775337157478,500224
1775337157480,500224
1775337157482,500224
1775337157484,500224
1775337157485,500224
1775337157487,500224
1775337157489,500224
1775337157491,500224
1775337157492,500224
1775337157494,500224
1775337157496,500224
1775337158024,500224
1775337158027,500224
1775337158031,500224
1775337158033,500224
1775337158036,500224
1775337158039,500224
1775337158042,500224
1775337158044,500224
1775337158047,500224
1775337158050,500224
1775337158053,500224
1775337158055,500224
1775337158058,500224
1775337158061,500224
1775337158064,500224
1775337158067,500224
1775337158071,500224
1775337158074,500224
1775337158077,500224
1775337158080,500224
1775337158082,500224
1775337158085,500224
1775337158088,500224
1775337158090,500224
1775337158092,500224
1775337158094,500224
1775337158096,500224
1775337158097,500224
1775337158099,500224
1775337158101,500224
1775337158102,500224
1775337158623,500224
1775337158626,500224
1775337158629,500224
1775337158631,500224
1775337158634,500224
1775337158637,500224
1775337158639,500224
1775337158642,500224
1775337158645,500224
1775337158648,500224
1775337158651,500224
1775337158654,500224
1775337158657,500224
1775337158660,500224
1775337158662,500224
1775337158665,500224
1775337158669,500224
1775337158671,500224
1775337158674,500224
1775337158676,500224
1775337158678,500224
1775337158681,500224
1775337158683,500224
1775337158685,500224
1775337158686,500224
1775337158688,500224
1775337158690,500224
1775337158692,500224
1775337158694,500224
1775337158695,500224
1775337158697,500224
1775337159226,500224
1775337159230,500224
1775337159234,500224
1775337159238,500224
1775337159242,500224
1775337159245,500224
1775337159248,500224
1775337159251,500224
1775337159253,500224
1775337159256,500224
1775337159259,500224
1775337159262,500224
1775337159265,500224
1775337159267,500224
1775337159270,500224
1775337159273,500224
1775337159275,500224
1775337159278,500224
1775337159281,500224
1775337159283,500224
1775337159284,500224
1775337159286,500224
1775337159287,500224
1775337159289,500224
1775337159291,500224
1775337159294,500224
1775337159297,500224
1775337159300,500224
1775337159302,500224
1775337159305,500224
1775337159827,500224
1775337159830,500224
1775337159832,500224
1775337159835,500224
1775337159838,500224
1775337159841,500224
1775337159844,500224
1775337159846,500224
1775337159849,500224
1775337159852,500224
1775337159855,500224
1775337159857,500224
1775337159860,500224
1775337159862,500224
1775337159865,500224
1775337159867,500224
1775337159870,500224
1775337159874,500224
1775337159877,500224
1775337159879,500224
1775337159882,500224
1775337159885,500224
1775337159888,500224
1775337159890,500224
1775337159893,500224
1775337159897,500224
1775337159899,500224
1775337159903,500224
1775337159906,500224
1775337159909,500224
1775337159912,500224
1775337159914,500224
1775337160428,500224
1775337160433,500224
1775337160436,500224
1775337160439,500224
1775337160441,500224
1775337160444,500224
1775337160447,500224
1775337160449,500224
1775337160452,500224
1775337160455,500224
1775337160457,500224
1775337160460,500224
1775337160463,500224
1775337160465,500224
1775337160468,500224
1775337160470,500224
1775337160473,500224
1775337160475,500224
1775337160478,500224
1775337160481,500224
1775337160483,500224
1775337160486,500224
1775337160489,500224
1775337160492,500224
1775337160494,500224
1775337160496,500224
1775337160498,500224
1775337160501,500224
1775337161031,500224
1775337161034,500224
1775337161037,500224
1775337161040,500224
1775337161042,500224
1775337161045,500224
1775337161048,500224
1775337161050,500224
1775337161053,500224
1775337161056,500224
1775337161058,500224
1775337161061,500224
1775337161064,500224
1775337161066,500224
1775337161069,500224
1775337161071,500224
1775337161074,500224
1775337161076,500224
1775337161079,500224
1775337161080,500224
1775337161081,500224
1775337161084,500224
1775337161086,500224
1775337161089,500224
1775337161091,500224
1775337161094,500224
1775337161096,500224
1775337161097,500224
1775337161099,500224
1775337161102,500224
1775337161105,500224
1775337161107,500224
1775337161633,500224
1775337161636,500224
1775337161639,500224
1775337161642,500224
1775337161645,500224
1775337161650,500224
1775337161654,500224
1775337161659,500224
1775337161661,500224
1775337161664,500224
1775337161667,500224
1775337161670,500224
1775337161672,500224
1775337161675,500224
1775337161678,500224
1775337161680,500224
1775337161682,500224
1775337161684,500224
1775337161686,500224
1775337161688,500224
1775337161690,500224
1775337161692,500224
1775337161695,500224
1775337161697,500224
1775337161699,500224
1775337161701,500224
1775337161703,500224
1775337161705,500224
1775337161707,500224
1775337161709,500224
1775337161711,500224
1775337162235,500224
1775337162238,500224
1775337162240,500224
1775337162243,500224
1775337162246,500224
1775337162248,500224
1775337162251,500224
1775337162253,500224
1775337162256,500224
1775337162259,500224
1775337162261,500224
1775337162264,500224
1775337162266,500224
1775337162269,500224
1775337162271,500224
1775337162273,500224
1775337162277,500224
1775337162279,500224
1775337162282,500224
1775337162286,500224
1775337162288,500224
1775337162293,500224
1775337162296,500224
1775337162298,500224
1775337162299,500224
1775337162301,500224
1775337162302,500224
1775337162303,500224
1775337162306,500224
1775337162308,500224
1775337162310,500224
1775337162838,500224
1775337162842,500224
1775337162848,500224
1775337162853,500224
1775337162859,500224
1775337162863,500224
1775337162867,500224
1775337162869,500224
1775337162872,500224
1775337162877,500224
1775337162879,500224
1775337162882,500224
1775337162885,500224
1775337162888,500224
1775337162892,500224
1775337162896,500224
1775337162900,500224
1775337162904,500224
1775337162907,500224
1775337162910,500224
1775337162915,500224
1775337162922,500224
1775337162925,500224
1775337162927,500224
1775337162930,500224
1775337162933,500224
1775337162936,500224
1775337162940,500224
1775337162943,500224
1775337163439,500224
1775337163445,500224
1775337163448,500224
1775337163452,500224
1775337163455,500224
1775337163457,500224
1775337163461,500224
1775337163464,500224
1775337163467,500224
1775337163470,500224
1775337163473,500224
1775337163476,500224
1775337163479,500224
1775337163482,500224
1775337163486,500224
1775337163488,500224
1775337163490,500224
1775337163494,500224
1775337163497,500224
1775337163499,500224
1775337163502,500224
1775337163504,500224
1775337163505,500224
1775337163507,500224
1775337163509,500224
1775337163511,500224
1775337163514,500224
1775337163517,500224
1775337163521,500224
1775337163525,500224
1775337163530,500224
1775337164037,500224
1775337164040,500224
1775337164045,500224
1775337164048,500224
1775337164052,500224
1775337164055,500224
1775337164059,500224
1775337164062,500224
1775337164065,500224
1775337164069,500224
1775337164073,500224
1775337164076,500224
1775337164080,500224
1775337164083,500224
1775337164085,500224
1775337164088,500224
1775337164091,500224
1775337164093,500224
1775337164096,500224
1775337164098,500224
1775337164101,500224
1775337164104,500224
1775337164106,500224
1775337164109,500224
1775337164112,500224
1775337164114,500224
1775337164117,500224
1775337164120,500224
1775337164122,500224
1775337164124,500224
1775337164128,500224
1775337164639,500224
1775337164644,500224
1775337164647,500224
1775337164651,500224
1775337164653,500224
1775337164656,500224
1775337164659,500224
1775337164661,500224
1775337164664,500224
1775337164667,500224
1775337164669,500224
1775337164673,500224
1775337164677,500224
1775337164680,500224
1775337164684,500224
1775337164687,500224
1775337164690,500224
1775337164692,500224
1775337164696,500224
1775337164698,500224
1775337164701,500224
1775337164705,500224
1775337164708,500224
1775337164710,500224
1775337164713,500224
1775337164716,500224
1775337164718,500224
1775337164721,500224
1775337164724,500224
1775337164726,500224
1775337164729,500224
1775337164732,500224
1775337165243,500224
1775337165246,500224
1775337165248,500224
1775337165252,500224
1775337165255,500224
1775337165257,500224
1775337165260,500224
1775337165263,500224
1775337165265,500224
1775337165268,500224
1775337165271,500224
1775337165274,500224
1775337165276,500224
1775337165279,500224
1775337165282,500224
1775337165285,500224
1775337165288,500224
1775337165292,500224
1775337165295,500224
1775337165298,500224
1775337165301,500224
1775337165303,500224
1775337165306,500224
1775337165308,500224
1775337165311,500224
1775337165313,500224
1775337165315,500224
1775337165317,500224
1775337165319,500224
1775337165321,500224
1775337165843,500224
1775337165846,500224
1775337165849,500224
1775337165851,500224
1775337165854,500224
1775337165857,500224
1775337165860,500224
1775337165863,500224
1775337165866,500224
1775337165869,500224
1775337165872,500224
1775337165875,500224
1775337165878,500224
1775337165882,500224
1775337165886,500224
1775337165890,500224
1775337165893,500224
1775337165895,500224
1775337165898,500224
1775337165901,500224
1775337165904,500224
1775337165906,500224
1775337165908,500224
1775337165910,500224
1775337165911,500224
1775337165913,500224
1775337165915,500224
1775337165917,500224
1775337165919,500224
1775337165921,500224
1775337165923,500224
1775337165924,500224
1775337166447,500224
1775337166450,500224
1775337166453,500224
1775337166456,500224
1775337166461,500224
1775337166463,500224
1775337166466,500224
1775337166469,500224
1775337166472,500224
1775337166474,500224
1775337166477,500224
1775337166480,500224
1775337166483,500224
1775337166485,500224
1775337166488,500224
1775337166492,500224
1775337166495,500224
1775337166499,500224
1775337166502,500224
1775337166507,500224
1775337166509,500224
1775337166511,500224
1775337166513,500224
1775337166516,500224
1775337166518,500224
1775337166522,500224
1775337166525,500224
1775337166527,500224
1775337166530,500224
1775337166533,500224
1775337167048,500224
1775337167052,500224
1775337167055,500224
1775337167058,500224
1775337167061,500224
1775337167064,500224
1775337167067,500224
1775337167070,500224
1775337167072,500224
1775337167075,500224
1775337167078,500224
1775337167081,500224
1775337167084,500224
1775337167086,500224
1775337167089,500224
1775337167091,500224
1775337167093,500224
1775337167095,500224
1775337167098,500224
1775337167100,500224
1775337167102,500224
1775337167104,500224
1775337167106,500224
1775337167107,500224
1775337167109,500224
1775337167111,500224
1775337167112,500224
1775337167114,500224
1775337167116,500224
1775337167649,500224
1775337167652,500224
1775337167654,500224
1775337167658,500224
1775337167661,500224
1775337167664,500224
1775337167667,500224
1775337167670,500224
1775337167672,500224
1775337167675,500224
1775337167678,500224
1775337167681,500224
1775337167683,500224
1775337167686,500224
1775337167689,500224
1775337167691,500224
1775337167694,500224
1775337167697,500224
1775337167700,500224
1775337167703,500224
1775337167705,500224
1775337167708,500224
1775337167711,500224
1775337167713,500224
1775337167716,500224
1775337167718,500224
1775337167721,500224
1775337167723,500224
1775337167726,500224
1775337167728,500224
1775337167730,500224
1775337167732,500224
1775337167734,500224
1775337168249,500224
1775337168252,500224
1775337168255,500224
1775337168258,500224
1775337168263,500224
1775337168265,500224
1775337168268,500224
1775337168271,500224
1775337168275,500224
1775337168280,500224
1775337168283,500224
1775337168288,500224
1775337168292,500224
1775337168294,500224
1775337168297,500224
1775337168300,500224
1775337168302,500224
1775337168306,500224
1775337168309,500224
1775337168311,500224
1775337168314,500224
1775337168317,500224
1775337168320,500224
1775337168322,500224
1775337168325,500224
1775337168328,500224
1775337168330,500224
1775337168333,500224
1775337168335,500224
1775337168338,500224
1775337168340,500224
1775337168851,500224
1775337168856,500224
1775337168860,500224
1775337168863,500224
1775337168866,500224
1775337168869,500224
1775337168872,500224
1775337168875,500224
1775337168878,500224
1775337168881,500224
1775337168884,500224
1775337168887,500224
1775337168892,500224
1775337168896,500224
1775337168899,500224
1775337168902,500224
1775337168904,500224
1775337168907,500224
1775337168910,500224
1775337168912,500224
1775337168915,500224
1775337168917,500224
1775337168918,500224
1775337168920,500224
1775337168922,500224
1775337168926,500224
1775337168929,500224
1775337168932,500224
1775337168934,500224
1775337168937,500224
1775337169454,500224
1775337169457,500224
1775337169459,500224
1775337169464,500224
1775337169466,500224
1775337169469,500224
1775337169471,500224
1775337169476,500224
1775337169479,500224
1775337169482,500224
1775337169485,500224
1775337169487,500224
1775337169490,500224
1775337169492,500224
1775337169495,500224
1775337169497,500224
1775337169499,500224
1775337169502,500224
1775337169504,500224
1775337169507,500224
1775337169509,500224
1775337169512,500224
1775337169514,500224
1775337169516,500224
1775337169519,500224
1775337169525,500224
1775337169529,500224
1775337169532,500224
1775337169535,500224
1775337169538,500224
1775337170054,500224
1775337170056,500224
1775337170059,500224
1775337170062,500224
1775337170065,500224
1775337170068,500224
1775337170071,500224
1775337170073,500224
1775337170076,500224
1775337170079,500224
1775337170082,500224
1775337170084,500224
1775337170087,500224
1775337170096,500224
1775337170099,500224
1775337170101,500224
1775337170104,500224
1775337170107,500224
1775337170109,500224
1775337170112,500224
1775337170114,500224
1775337170117,500224
1775337170120,500224
1775337170122,500224
1775337170125,500224
1775337170128,500224
1775337170130,500224
1775337170133,500224
1775337170135,500224
1775337170138,500224
1775337170663,500224
1775337170669,500224
1775337170673,500224
1775337170676,500224
1775337170679,500224
1775337170681,500224
1775337170684,500224
1775337170688,500224
1775337170692,500224
1775337170695,500224
1775337170698,500224
1775337170701,500224
1775337170703,500224
1775337170706,500224
1775337170708,500224
1775337170710,500224
1775337170713,500224
1775337170715,500224
1775337170717,500224
1775337170719,500224
1775337170721,500224
1775337170722,500224
1775337170724,500224
1775337170726,500224
1775337170728,500224
1775337170729,500224
1775337170731,500224
1775337170733,500224
1775337170736,500224
1775337170738,500224
1775337171258,500224
1775337171262,500224
1775337171264,500224
1775337171270,500224
1775337171273,500224
1775337171276,500224
1775337171279,500224
1775337171283,500224
1775337171286,500224
1775337171288,500224
1775337171291,500224
1775337171293,500224
1775337171296,500224
1775337171299,500224
1775337171302,500224
1775337171305,500224
1775337171308,500224
1775337171310,500224
1775337171313,500224
1775337171316,500224
1775337171318,500224
1775337171321,500224
1775337171324,500224
1775337171326,500224
1775337171329,500224
1775337171332,500224
1775337171334,500224
1775337171337,500224
1775337171339,500224
1775337171341,500224
1775337171344,500224
1775337171346,500224
1775337171348,500224
1775337171350,500224
1775337171862,500224
1775337171865,500224
1775337171867,500224
1775337171871,500224
1775337171875,500224
1775337171878,500224
1775337171882,500224
1775337171885,500224
1775337171888,500224
1775337171891,500224
1775337171896,500224
1775337171900,500224
1775337171903,500224
1775337171906,500224
1775337171908,500224
1775337171912,500224
1775337171915,500224
1775337171918,500224
1775337171922,500224
1775337171926,500224
1775337171929,500224
1775337171932,500224
1775337171935,500224
1775337171938,500224
1775337171940,500224
1775337171943,500224
1775337171946,500224
1775337171950,500224
1775337171953,500224
1775337171955,500224
1775337172461,500224
1775337172465,500224
1775337172468,500224
1775337172470,500224
1775337172476,500224
1775337172481,500224
1775337172484,500224
1775337172487,500224
1775337172490,500224
1775337172493,500224
1775337172496,500224
1775337172499,500224
1775337172502,500224
1775337172505,500224
1775337172508,500224
1775337172511,500224
1775337172514,500224
1775337172517,500224
1775337172519,500224
1775337172522,500224
1775337172525,500224
1775337172529,500224
1775337172532,500224
1775337172537,500224
1775337172539,500224
1775337172542,500224
1775337172544,500224
1775337172547,500224
1775337172549,500224
1775337172551,500224
1775337172553,500224
1775337172555,500224
1775337172557,500224
1775337173063,500224
1775337173068,500224
1775337173072,500224
1775337173075,500224
1775337173078,500224
1775337173081,500224
1775337173085,500224
1775337173087,500224
1775337173092,500224
1775337173095,500224
1775337173098,500224
1775337173101,500224
1775337173103,500224
1775337173106,500224
1775337173109,500224
1775337173111,500224
1775337173114,500224
1775337173117,500224
1775337173119,500224
1775337173121,500224
1775337173125,500224
1775337173128,500224
1775337173130,500224
1775337173132,500224
1775337173135,500224
1775337173137,500224
1775337173139,500224
1775337173141,500224
1775337173144,500224
1775337173146,500224
1775337173665,500224
1775337173668,500224
1775337173672,500224
1775337173675,500224
1775337173678,500224
1775337173681,500224
1775337173684,500224
1775337173686,500224
1775337173689,500224
1775337173692,500224
1775337173694,500224
1775337173697,500224
1775337173699,500224
1775337173702,500224
1775337173704,500224
1775337173707,500224
1775337173710,500224
1775337173711,500224
1775337173713,500224
1775337173714,500224
1775337173716,500224
1775337173718,500224
1775337173720,500224
1775337173723,500224
1775337173725,500224
1775337173727,500224
1775337173730,500224
1775337173733,500224
1775337173736,500224
1775337174265,500224
1775337174270,500224
1775337174273,500224
1775337174276,500224
1775337174281,500224
1775337174287,500224
1775337174291,500224
1775337174296,500224
1775337174299,500224
1775337174302,500224
1775337174305,500224
1775337174308,500224
1775337174310,500224
1775337174313,500224
1775337174316,500224
1775337174318,500224
1775337174321,500224
1775337174323,500224
1775337174326,500224
1775337174329,500224
1775337174332,500224
1775337174335,500224
1775337174338,500224
1775337174341,500224
1775337174344,500224
1775337174346,500224
1775337174349,500224
1775337174351,500224
1775337174354,500224
1775337174868,500224
1775337174871,500224
1775337174873,500224
1775337174876,500224
1775337174879,500224
1775337174882,500224
1775337174884,500224
1775337174887,500224
1775337174892,500224
1775337174894,500224
1775337174896,500224
1775337174897,500224
1775337174900,500224
1775337174902,500224
1775337174906,500224
1775337174909,500224
1775337174911,500224
1775337174914,500224
1775337174917,500224
1775337174919,500224
1775337174922,500224
1775337174925,500224
1775337174927,500224
1775337174929,500224
1775337174931,500224
1775337174932,500224
1775337174934,500224
1775337174936,500224
1775337174937,500224
1775337174939,500224
1775337174941,500224
1775337174942,500224
1775337174944,500224
1775337175476,500224
1775337175479,500224
1775337175482,500224
1775337175485,500224
1775337175488,500224
1775337175491,500224
1775337175493,500224
1775337175496,500224
1775337175499,500224
1775337175501,500224
1775337175506,500224
1775337175509,500224
1775337175511,500224
1775337175514,500224
1775337175517,500224
1775337175519,500224
1775337175523,500224
1775337175526,500224
1775337175529,500224
1775337175532,500224
1775337175535,500224
1775337175538,500224
1775337175540,500224
1775337175543,500224
1775337175545,500224
1775337175548,500224
1775337175550,500224
1775337175552,500224
1775337175555,500224
1775337175557,500224
1775337175559,500224
1775337176069,500224
1775337176072,500224
1775337176075,500224
1775337176078,500224
1775337176081,500224
1775337176084,500224
1775337176086,500224
1775337176089,500224
1775337176092,500224
1775337176098,500224
1775337176101,500224
1775337176103,500224
1775337176106,500224
1775337176109,500224
1775337176117,500224
1775337176122,500224
1775337176126,500224
1775337176131,500224
1775337176134,500224
1775337176137,500224
1775337176139,500224
1775337176141,500224
1775337176144,500224
1775337176146,500224
1775337176148,500224
1775337176150,500224
1775337176152,500224
1775337176154,500224
1775337176156,500224
1775337176158,500224
1775337176159,500224
1775337176674,500224
1775337176678,500224
1775337176683,500224
1775337176687,500224
1775337176694,500224
1775337176700,500224
1775337176704,500224
1775337176707,500224
1775337176710,500224
1775337176712,500224
1775337176715,500224
1775337176719,500224
1775337176724,500224
1775337176727,500224
1775337176729,500224
1775337176732,500224
1775337176735,500224
1775337176737,500224
1775337176740,500224
1775337176745,500224
1775337176748,500224
1775337176754,500224
1775337176757,500224
1775337176760,500224
1775337176763,500224
1775337176766,500224
1775337176769,500224
1775337176772,500224
1775337176775,500224
1775337176777,500224
1775337176780,500224
1775337177278,500224
1775337177283,500224
1775337177286,500224
1775337177289,500224
1775337177291,500224
1775337177294,500224
1775337177299,500224
1775337177303,500224
1775337177307,500224
1775337177309,500224
1775337177312,500224
1775337177315,500224
1775337177319,500224
1775337177322,500224
1775337177327,500224
1775337177331,500224
1775337177334,500224
1775337177337,500224
1775337177339,500224
1775337177342,500224
1775337177345,500224
1775337177347,500224
1775337177350,500224
1775337177352,500224
1775337177355,500224
1775337177357,500224
1775337177359,500224
1775337177361,500224
1775337177363,500224
1775337177365,500224
1775337177876,500224
1775337177879,500224
1775337177881,500224
1775337177884,500224
1775337177887,500224
1775337177889,500224
1775337177892,500224
1775337177895,500224
1775337177898,500224
1775337177902,500224
1775337177905,500224
1775337177908,500224
1775337177910,500224
1775337177913,500224
1775337177916,500224
1775337177919,500224
1775337177922,500224
1775337177925,500224
1775337177930,500224
1775337177935,500224
1775337177937,500224
1775337177940,500224
1775337177943,500224
1775337177945,500224
1775337177947,500224
1775337177950,500224
1775337177952,500224
1775337177954,500224
1775337177956,500224
1775337177959,500224
1775337177961,500224
1775337177963,500224
1775337178478,500224
1775337178481,500224
1775337178486,500224
1775337178490,500224
1775337178493,500224
1775337178496,500224
1775337178498,500224
1775337178501,500224
1775337178504,500224
1775337178507,500224
1775337178509,500224
1775337178512,500224
1775337178515,500224
1775337178517,500224
1775337178519,500224
1775337178523,500224
1775337178525,500224
1775337178527,500224
1775337178529,500224
1775337178531,500224
1775337178534,500224
1775337178537,500224
1775337178541,500224
1775337178543,500224
1775337178547,500224
1775337178550,500224
1775337178553,500224
1775337178555,500224
1775337178558,500224
1775337178561,500224
1775337179080,500224
1775337179083,500224
1775337179088,500224
1775337179093,500224
1775337179096,500224
1775337179099,500224
1775337179102,500224
1775337179104,500224
1775337179107,500224
1775337179110,500224
1775337179113,500224
1775337179116,500224
1775337179120,500224
1775337179123,500224
1775337179128,500224
1775337179133,500224
1775337179136,500224
1775337179139,500224
1775337179141,500224
1775337179144,500224
1775337179146,500224
1775337179149,500224
1775337179152,500224
1775337179154,500224
1775337179157,500224
1775337179160,500224
1775337179162,500224
1775337179164,500224
1775337179679,500224
1775337179682,500224
1775337179684,500224
1775337179687,500224
1775337179691,500224
1775337179697,500224
1775337179699,500224
1775337179702,500224
1775337179705,500224
1775337179710,500224
1775337179713,500224
1775337179716,500224
1775337179718,500224
1775337179721,500224
1775337179724,500224
1775337179726,500224
1775337179729,500224
1775337179732,500224
1775337179734,500224
1775337179737,500224
1775337179740,500224
1775337179742,500224
1775337179744,500224
1775337179746,500224
1775337179750,500224
1775337179757,500224
1775337179759,500224
1775337179762,500224
1775337179765,500224
1775337179767,500224
1775337179770,500224
1775337179773,500224
1775337179775,500224
1775337179778,500224
1775337180281,500224
1775337180285,500224
1775337180290,500224
1775337180292,500224
1775337180295,500224
1775337180298,500224
1775337180300,500224
1775337180303,500224
1775337180307,500224
1775337180310,500224
1775337180312,500224
1775337180315,500224
1775337180318,500224
1775337180320,500224
1775337180323,500224
1775337180326,500224
1775337180329,500224
1775337180332,500224
1775337180334,500224
1775337180337,500224
1775337180339,500224
1775337180342,500224
1775337180346,500224
1775337180350,500224
1775337180354,500224
1775337180356,500224
1775337180358,500224
1775337180361,500224
1775337180363,500224
1775337180365,500224
1775337180888,500224
1775337180891,500224
1775337180894,500224
1775337180897,500224
1775337180899,500224
1775337180902,500224
1775337180905,500224
1775337180907,500224
1775337180912,500224
1775337180917,500224
1775337180919,500224
1775337180922,500224
1775337180925,500224
1775337180927,500224
1775337180930,500224
1775337180932,500224
1775337180935,500224
1775337180938,500224
1775337180941,500224
1775337180943,500224
1775337180946,500224
1775337180949,500224
1775337180951,500224
1775337180952,500224
1775337180954,500224
1775337180957,500224
1775337180962,500224
1775337180965,500224
1775337180968,500224
1775337180970,500224
1775337180973,500224
1775337181484,500224
1775337181487,500224
1775337181489,500224
1775337181492,500224
1775337181496,500224
1775337181500,500224
1775337181502,500224
1775337181505,500224
1775337181508,500224
1775337181510,500224
1775337181514,500224
1775337181516,500224
1775337181519,500224
1775337181522,500224
1775337181524,500224
1775337181526,500224
1775337181529,500224
1775337181532,500224
1775337181534,500224
1775337181536,500224
1775337181537,500224
1775337181539,500224
1775337181541,500224
1775337181542,500224
1775337181544,500224
1775337181545,500224
1775337181547,500224
1775337181548,500224
1775337181550,500224
1775337181551,500224
1775337182086,500224
1775337182089,500224
1775337182093,500224
1775337182096,500224
1775337182099,500224
1775337182102,500224
1775337182105,500224
1775337182107,500224
1775337182110,500224
1775337182112,500224
1775337182114,500224
1775337182117,500224
1775337182123,500224
1775337182126,500224
1775337182129,500224
1775337182132,500224
1775337182134,500224
1775337182138,500224
1775337182141,500224
1775337182144,500224
1775337182147,500224
1775337182151,500224
1775337182154,500224
1775337182157,500224
1775337182160,500224
1775337182163,500224
1775337182166,500224
1775337182168,500224
1775337182172,500224
1775337182174,500224
1775337182176,500224
1775337182178,500224
1775337182687,500224
1775337182690,500224
1775337182693,500224
1775337182696,500224
1775337182701,500224
1775337182705,500224
1775337182708,500224
1775337182711,500224
1775337182714,500224
1775337182716,500224
1775337182719,500224
1775337182722,500224
1775337182724,500224
1775337182727,500224
1775337182730,500224
1775337182733,500224
1775337182735,500224
1775337182738,500224
1775337182740,500224
1775337182743,500224
1775337182745,500224
1775337182748,500224
1775337182750,500224
1775337182753,500224
1775337182756,500224
1775337182758,500224
1775337182761,500224
1775337182764,500224
1775337182767,500224
1775337182769,500224
1775337183289,500224
1775337183291,500224
1775337183294,500224
1775337183297,500224
1775337183300,500224
1775337183302,500224
1775337183305,500224
1775337183308,500224
1775337183310,500224
1775337183313,500224
1775337183316,500224
1775337183321,500224
1775337183323,500224
1775337183325,500224
1775337183328,500224
1775337183330,500224
1775337183333,500224
1775337183335,500224
1775337183338,500224
1775337183340,500224
1775337183343,500224
1775337183345,500224
1775337183348,500224
1775337183353,500224
1775337183357,500224
1775337183360,500224
1775337183363,500224
1775337183365,500224
1775337183367,500224
1775337183369,500224
1775337183371,500224
1775337183892,500224
1775337183894,500224
1775337183897,500224
1775337183900,500224
1775337183903,500224
1775337183906,500224
1775337183909,500224
1775337183913,500224
1775337183916,500224
1775337183918,500224
1775337183921,500224
1775337183926,500224
1775337183930,500224
1775337183934,500224
1775337183937,500224
1775337183941,500224
1775337183944,500224
1775337183947,500224
1775337183950,500224
1775337183952,500224
1775337183955,500224
1775337183958,500224
1775337183960,500224
1775337183962,500224
1775337183964,500224
1775337183967,500224
1775337183968,500224
1775337183970,500224
1775337183972,500224
1775337183974,500224
1775337183976,500224
1775337184493,500224
1775337184498,500224
1775337184501,500224
1775337184503,500224
1775337184507,500224
1775337184511,500224
1775337184516,500224
1775337184521,500224
1775337184526,500224
1775337184531,500224
1775337184536,500224
1775337184540,500224
1775337184544,500224
1775337184546,500224
1775337184549,500224
1775337184552,500224
1775337184555,500224
1775337184557,500224
1775337184559,500224
1775337184561,500224
1775337184564,500224
1775337184566,500224
1775337184568,500224
1775337184570,500224
1775337184573,500224
1775337184576,500224
1775337184580,500224
1775337184583,500224
1775337184586,500224
1775337184589,500224
1775337184592,500224
1775337185094,500224
1775337185097,500224
1775337185100,500224
1775337185103,500224
1775337185106,500224
1775337185109,500224
1775337185111,500224
1775337185115,500224
1775337185118,500224
1775337185120,500224
1775337185123,500224
1775337185126,500224
1775337185129,500224
1775337185134,500224
1775337185138,500224
1775337185142,500224
1775337185146,500224
1775337185149,500224
1775337185152,500224
1775337185156,500224
1775337185158,500224
1775337185161,500224
1775337185164,500224
1775337185167,500224
1775337185169,500224
1775337185172,500224
1775337185175,500224
1775337185179,500224
1775337185181,500224
1775337185695,500224
1775337185698,500224
1775337185701,500224
1775337185704,500224
1775337185707,500224
1775337185709,500224
1775337185713,500224
1775337185717,500224
1775337185720,500224
1775337185723,500224
1775337185726,500224
1775337185728,500224
1775337185731,500224
1775337185734,500224
1775337185737,500224
1775337185739,500224
1775337185742,500224
1775337185745,500224
1775337185748,500224
1775337185750,500224
1775337185753,500224
1775337185756,500224
1775337185758,500224
1775337185761,500224
1775337185764,500224
1775337185766,500224
1775337185769,500224
1775337185772,500224
1775337185774,500224
1775337185777,500224
1775337185779,500224
1775337185782,500224
1775337186298,500224
1775337186301,500224
1775337186304,500224
1775337186307,500224
1775337186311,500224
1775337186314,500224
1775337186316,500224
1775337186319,500224
1775337186322,500224
1775337186327,500224
1775337186330,500224
1775337186333,500224
1775337186338,500224
1775337186342,500224
1775337186346,500224
1775337186349,500224
1775337186352,500224
1775337186355,500224
1775337186358,500224
1775337186360,500224
1775337186363,500224
1775337186366,500224
1775337186368,500224
1775337186371,500224
1775337186373,500224
1775337186375,500224
1775337186377,500224
1775337186379,500224
1775337186381,500224
1775337186384,500224
1775337186900,500224
1775337186903,500224
1775337186908,500224
1775337186911,500224
1775337186916,500224
1775337186919,500224
1775337186921,500224
1775337186924,500224
1775337186927,500224
1775337186932,500224
1775337186938,500224
1775337186940,500224
1775337186943,500224
1775337186946,500224
1775337186949,500224
1775337186951,500224
1775337186954,500224
1775337186957,500224
1775337186960,500224
1775337186962,500224
1775337186965,500224
1775337186968,500224
1775337186971,500224
1775337186974,500224
1775337186976,500224
1775337186979,500224
1775337186982,500224
1775337186984,500224
1775337186987,500224
1775337186989,500224
1775337186991,500224
1775337186993,500224
1775337187504,500224
1775337187507,500224
1775337187513,500224
1775337187516,500224
1775337187519,500224
1775337187521,500224
1775337187524,500224
1775337187527,500224
1775337187529,500224
1775337187532,500224
1775337187535,500224
1775337187538,500224
1775337187541,500224
1775337187548,500224
1775337187552,500224
1775337187557,500224
1775337187562,500224
1775337187567,500224
1775337187570,500224
1775337187572,500224
1775337187575,500224
1775337187578,500224
1775337187580,500224
1775337187583,500224
1775337187586,500224
1775337187588,500224
1775337187591,500224
1775337187594,500224
1775337187596,500224
1775337187599,500224
1775337187601,500224
1775337188102,500224
1775337188105,500224
1775337188108,500224
1775337188111,500224
1775337188118,500224
1775337188121,500224
1775337188123,500224
1775337188127,500224
1775337188132,500224
1775337188135,500224
1775337188137,500224
1775337188140,500224
1775337188142,500224
1775337188144,500224
1775337188147,500224
1775337188149,500224
1775337188151,500224
1775337188153,500224
1775337188155,500224
1775337188156,500224
1775337188158,500224
1775337188160,500224
1775337188162,500224
1775337188163,500224
1775337188166,500224
1775337188168,500224
1775337188170,500224
1775337188172,500224
1775337188174,500224
1775337188707,500224
1775337188710,500224
1775337188713,500224
1775337188716,500224
1775337188719,500224
1775337188721,500224
1775337188724,500224
1775337188727,500224
1775337188729,500224
1775337188732,500224
1775337188734,500224
1775337188736,500224
1775337188739,500224
1775337188743,500224
1775337188746,500224
1775337188748,500224
1775337188751,500224
1775337188754,500224
1775337188756,500224
1775337188760,500224
1775337188763,500224
1775337188765,500224
1775337188768,500224
1775337188771,500224
1775337188774,500224
1775337188776,500224
1775337188778,500224
1775337188781,500224
1775337188783,500224
1775337188785,500224
1775337188787,500224
1775337188789,500224
1775337189307,500224
1775337189309,500224
1775337189312,500224
1775337189315,500224
1775337189318,500224
1775337189321,500224
1775337189324,500224
1775337189327,500224
1775337189329,500224
1775337189334,500224
1775337189337,500224
1775337189340,500224
1775337189342,500224
1775337189345,500224
1775337189347,500224
1775337189350,500224
1775337189352,500224
1775337189354,500224
1775337189356,500224
1775337189358,500224
1775337189361,500224
1775337189363,500224
1775337189365,500224
1775337189367,500224
1775337189369,500224
1775337189371,500224
1775337189372,500224
1775337189374,500224
1775337189376,500224
1775337189377,500224
1775337189379,500224
1775337189908,500224
1775337189914,500224
1775337189916,500224
1775337189919,500224
1775337189922,500224
1775337189924,500224
1775337189927,500224
1775337189930,500224
1775337189932,500224
1775337189935,500224
1775337189938,500224
1775337189940,500224
1775337189947,500224
1775337189953,500224
1775337189956,500224
1775337189959,500224
1775337189961,500224
1775337189964,500224
1775337189966,500224
1775337189968,500224
1775337189971,500224
1775337189973,500224
1775337189975,500224
1775337189977,500224
1775337189979,500224
1775337189981,500224
1775337189983,500224
1775337189985,500224
1775337189987,500224
1775337189989,500224
1775337190512,500224
1775337190515,500224
1775337190518,500224
1775337190521,500224
1775337190524,500224
1775337190530,500224
1775337190533,500224
1775337190536,500224
1775337190539,500224
1775337190542,500224
1775337190545,500224
1775337190547,500224
1775337190550,500224
1775337190553,500224
1775337190557,500224
1775337190559,500224
1775337190562,500224
1775337190565,500224
1775337190567,500224
1775337190570,500224
1775337190573,500224
1775337190575,500224
1775337190577,500224
1775337190579,500224
1775337190581,500224
1775337190583,500224
1775337190585,500224
1775337190587,500224
1775337190589,500224
1775337190591,500224
1775337190593,500224
1775337190595,500224
1775337191109,500224
1775337191112,500224
1775337191115,500224
1775337191118,500224
1775337191120,500224
1775337191123,500224
1775337191124,500224
1775337191126,500224
1775337191128,500224
1775337191131,500224
1775337191134,500224
1775337191136,500224
1775337191139,500224
1775337191142,500224
1775337191144,500224
1775337191147,500224
1775337191150,500224
1775337191152,500224
1775337191154,500224
1775337191156,500224
1775337191158,500224
1775337191160,500224
1775337191162,500224
1775337191164,500224
1775337191167,500224
1775337191170,500224
1775337191172,500224
1775337191175,500224
1775337191177,500224
1775337191179,500224
1775337191181,500224
1775337191714,500224
1775337191717,500224
1775337191720,500224
1775337191723,500224
1775337191726,500224
1775337191730,500224
1775337191732,500224
1775337191735,500224
1775337191738,500224
1775337191740,500224
1775337191743,500224
1775337191746,500224
1775337191749,500224
1775337191752,500224
1775337191756,500224
1775337191759,500224
1775337191762,500224
1775337191764,500224
1775337191767,500224
1775337191770,500224
1775337191772,500224
1775337191775,500224
1775337191778,500224
1775337191780,500224
1775337191783,500224
1775337191785,500224
1775337191788,500224
1775337191790,500224
1775337192312,500224
1775337192315,500224
1775337192318,500224
1775337192320,500224
1775337192323,500224
1775337192326,500224
1775337192328,500224
1775337192331,500224
1775337192334,500224
1775337192336,500224
1775337192339,500224
1775337192342,500224
1775337192344,500224
1775337192347,500224
1775337192350,500224
1775337192352,500224
1775337192354,500224
1775337192359,500224
1775337192362,500224
1775337192365,500224
1775337192367,500224
1775337192370,500224
1775337192373,500224
1775337192376,500224
1775337192378,500224
1775337192381,500224
1775337192383,500224
1775337192385,500224
1775337192388,500224
1775337192390,500224
1775337192392,500224
1775337192394,500224
1775337192915,500224
1775337192918,500224
1775337192921,500224
1775337192923,500224
1775337192926,500224
1775337192929,500224
1775337192931,500224
1775337192935,500224
1775337192938,500224
1775337192940,500224
1775337192943,500224
1775337192946,500224
1775337192949,500224
1775337192951,500224
1775337192954,500224
1775337192956,500224
1775337192959,500224
1775337192961,500224
1775337192963,500224
1775337192965,500224
1775337192968,500224
1775337192970,500224
1775337192972,500224
1775337192974,500224
1775337192977,500224
1775337192979,500224
1775337192982,500224
1775337192985,500224
1775337192988,500224
1775337192990,500224
1775337192993,500224
1775337192996,500224
1775337193516,500224
1775337193519,500224
1775337193522,500224
1775337193525,500224
1775337193527,500224
1775337193530,500224
1775337193533,500224
1775337193536,500224
1775337193539,500224
1775337193544,500224
1775337193547,500224
1775337193550,500224
1775337193553,500224
1775337193556,500224
1775337193559,500224
1775337193561,500224
1775337193564,500224
1775337193566,500224
1775337193569,500224
1775337193572,500224
1775337193575,500224
1775337193577,500224
1775337193580,500224
1775337193583,500224
1775337193585,500224
1775337193587,500224
1775337193590,500224
1775337193592,500224
1775337193594,500224
1775337193596,500224
1775337194119,500224
1775337194124,500224
1775337194127,500224
1775337194131,500224
1775337194133,500224
1775337194137,500224
1775337194140,500224
1775337194143,500224
1775337194146,500224
1775337194148,500224
1775337194151,500224
1775337194154,500224
1775337194157,500224
1775337194159,500224
1775337194162,500224
1775337194164,500224
1775337194166,500224
1775337194169,500224
1775337194171,500224
1775337194173,500224
1775337194175,500224
1775337194177,500224
1775337194179,500224
1775337194180,500224
1775337194182,500224
1775337194183,500224
1775337194185,500224
1775337194186,500224
1775337194188,500224
1775337194189,500224
1775337194191,500224
1775337194719,500224
1775337194723,500224
1775337194725,500224
1775337194729,500224
1775337194732,500224
1775337194735,500224
1775337194737,500224
1775337194740,500224
1775337194743,500224
1775337194745,500224
1775337194748,500224
1775337194751,500224
1775337194753,500224
1775337194756,500224
1775337194758,500224
1775337194761,500224
1775337194764,500224
1775337194766,500224
1775337194769,500224
1775337194771,500224
1775337194773,500224
1775337194775,500224
1775337194777,500224
1775337194779,500224
1775337194781,500224
1775337194783,500224
1775337194785,500224
1775337194787,500224
1775337194788,500224
1775337194790,500224
1775337194792,500224
1775337194795,500224
1775337195320,500224
1775337195323,500224
1775337195326,500224
1775337195328,500224
1775337195331,500224
1775337195334,500224
1775337195336,500224
1775337195339,500224
1775337195342,500224
1775337195344,500224
1775337195347,500224
1775337195349,500224
1775337195351,500224
1775337195354,500224
1775337195357,500224
1775337195360,500224
1775337195362,500224
1775337195365,500224
1775337195368,500224
1775337195372,500224
1775337195375,500224
1775337195378,500224
1775337195381,500224
1775337195384,500224
1775337195387,500224
1775337195390,500224
1775337195392,500224
1775337195395,500224
1775337195397,500224
1775337195399,500224
1775337195922,500224
1775337195924,500224
1775337195927,500224
1775337195930,500224
1775337195933,500224
1775337195935,500224
1775337195938,500224
1775337195941,500224
1775337195943,500224
1775337195946,500224
1775337195948,500224
1775337195951,500224
1775337195954,500224
1775337195956,500224
1775337195959,500224
1775337195962,500224
1775337195965,500224
1775337195967,500224
1775337195970,500224
1775337195973,500224
1775337195975,500224
1775337195978,500224
1775337195981,500224
1775337195983,500224
1775337195985,500224
1775337195986,500224
1775337195989,500224
1775337195992,500224
1775337195995,500224
1775337195998,500224
1775337196000,500224
1775337196523,500224
1775337196526,500224
1775337196529,500224
1775337196534,500224
1775337196537,500224
1775337196539,500224
1775337196542,500224
1775337196545,500224
1775337196547,500224
1775337196550,500224
1775337196553,500224
1775337196555,500224
1775337196558,500224
1775337196561,500224
1775337196563,500224
1775337196566,500224
1775337196569,500224
1775337196571,500224
1775337196574,500224
1775337196576,500224
1775337196579,500224
1775337196581,500224
1775337196583,500224
1775337196585,500224
1775337196587,500224
1775337196590,500224
1775337196593,500224
1775337196595,500224
1775337196598,500224
1775337196601,500224
1775337197125,500224
1775337197129,500224
1775337197132,500224
1775337197134,500224
1775337197138,500224
1775337197140,500224
1775337197143,500224
1775337197146,500224
1775337197148,500224
1775337197151,500224
1775337197154,500224
1775337197157,500224
1775337197160,500224
1775337197162,500224
1775337197165,500224
1775337197168,500224
1775337197172,500224
1775337197174,500224
1775337197177,500224
1775337197179,500224
1775337197181,500224
1775337197183,500224
1775337197185,500224
1775337197188,500224
1775337197190,500224
1775337197193,500224
1775337197195,500224
1775337197197,500224
1775337197199,500224
1775337197202,500224
1775337197204,500224
1775337197728,500224
1775337197732,500224
1775337197735,500224
1775337197739,500224
1775337197743,500224
1775337197746,500224
1775337197749,500224
1775337197752,500224
1775337197755,500224
1775337197757,500224
1775337197760,500224
1775337197763,500224
1775337197765,500224
1775337197768,500224
1775337197770,500224
1775337197773,500224
1775337197775,500224
1775337197778,500224
1775337197781,500224
1775337197783,500224
1775337197785,500224
1775337197787,500224
1775337197789,500224
1775337197791,500224
1775337197794,500224
1775337197795,500224
1775337197797,500224
1775337197799,500224
1775337197801,500224
1775337197802,500224
1775337197804,500224
1775337197806,500224
1775337197807,500224
1775337198328,500224
1775337198332,500224
1775337198335,500224
1775337198339,500224
1775337198341,500224
1775337198344,500224
1775337198347,500224
1775337198349,500224
1775337198352,500224
1775337198355,500224
1775337198358,500224
1775337198361,500224
1775337198364,500224
1775337198366,500224
1775337198369,500224
1775337198372,500224
1775337198374,500224
1775337198377,500224
1775337198380,500224
1775337198382,500224
1775337198385,500224
1775337198388,500224
1775337198390,500224
1775337198393,500224
1775337198396,500224
1775337198398,500224
1775337198401,500224
1775337198404,500224
1775337198407,500224
1775337198930,500224
1775337198933,500224
1775337198936,500224
1775337198940,500224
1775337198943,500224
1775337198945,500224
1775337198948,500224
1775337198951,500224
1775337198954,500224
1775337198957,500224
1775337198960,500224
1775337198962,500224
1775337198965,500224
1775337198967,500224
1775337198969,500224
1775337198972,500224
1775337198974,500224
1775337198977,500224
1775337198979,500224
1775337198981,500224
1775337198984,500224
1775337198986,500224
1775337198988,500224
1775337198990,500224
1775337198992,500224
1775337198993,500224
1775337198995,500224
1775337198997,500224
1775337198999,500224
1775337199531,500224
1775337199534,500224
1775337199536,500224
1775337199539,500224
1775337199542,500224
1775337199545,500224
1775337199547,500224
1775337199550,500224
1775337199555,500224
1775337199560,500224
1775337199565,500224
1775337199569,500224
1775337199573,500224
1775337199577,500224
1775337199580,500224
1775337199584,500224
1775337199587,500224
1775337199590,500224
1775337199592,500224
1775337199594,500224
1775337199597,500224
1775337199598,500224
1775337199600,500224
1775337199601,500224
1775337199602,500224
1775337199604,500224
1775337199605,500224
1775337199606,500224
1775337199608,500224
1775337199609,500224
1775337199610,500224
1775337199611,500224
1775337199613,500224
1775337199614,500224
1775337200132,500224
1775337200135,500224
1775337200138,500224
1775337200140,500224
1775337200143,500224
1775337200146,500224
1775337200148,500224
1775337200151,500224
1775337200154,500224
1775337200156,500224
1775337200159,500224
1775337200162,500224
1775337200164,500224
1775337200167,500224
1775337200169,500224
1775337200172,500224
1775337200174,500224
1775337200177,500224
1775337200179,500224
1775337200181,500224
1775337200183,500224
1775337200185,500224
1775337200187,500224
1775337200189,500224
1775337200191,500224
1775337200193,500224
1775337200194,500224
1775337200196,500224
1775337200198,500224
1775337200199,500224
1775337200734,500224
1775337200737,500224
1775337200740,500224
1775337200743,500224
1775337200746,500224
1775337200749,500224
1775337200751,500224
1775337200754,500224
1775337200757,500224
1775337200759,500224
1775337200762,500224
1775337200765,500224
1775337200768,500224
1775337200770,500224
1775337200772,500224
1775337200774,500224
1775337200775,500224
1775337200777,500224
1775337200779,500224
1775337200780,500224
1775337200782,500224
1775337200784,500224
1775337200785,500224
1775337200787,500224
1775337200788,500224
1775337200789,500224
1775337200791,500224
1775337200794,500224
1775337201335,500224
1775337201338,500224
1775337201341,500224
1775337201343,500224
1775337201347,500224
1775337201350,500224
1775337201352,500224
1775337201355,500224
1775337201357,500224
1775337201360,500224
1775337201363,500224
1775337201365,500224
1775337201368,500224
1775337201370,500224
1775337201372,500224
1775337201375,500224
1775337201377,500224
1775337201381,500224
1775337201384,500224
1775337201387,500224
1775337201390,500224
1775337201393,500224
1775337201395,500224
1775337201398,500224
1775337201401,500224
1775337201403,500224
1775337201405,500224
1775337201408,500224
1775337201411,500224
1775337201414,500224
1775337201416,500224
1775337201418,500224
1775337201419,500224
1775337201937,500224
1775337201940,500224
1775337201943,500224
1775337201946,500224
1775337201950,500224
1775337201952,500224
1775337201956,500224
1775337201958,500224
1775337201961,500224
1775337201964,500224
1775337201967,500224
1775337201970,500224
1775337201973,500224
1775337201976,500224
1775337201980,500224
1775337201983,500224
1775337201985,500224
1775337201988,500224
1775337201990,500224
1775337201992,500224
1775337201994,500224
1775337201996,500224
1775337201999,500224
1775337202001,500224
1775337202003,500224
1775337202005,500224
1775337202006,500224
1775337202008,500224
1775337202010,500224
1775337202012,500224
1775337202014,500224
1775337202016,500224
1775337202539,500224
1775337202542,500224
1775337202545,500224
1775337202548,500224
1775337202550,500224
1775337202553,500224
1775337202556,500224
1775337202558,500224
1775337202561,500224
1775337202564,500224
1775337202566,500224
1775337202570,500224
1775337202573,500224
1775337202576,500224
1775337202579,500224
1775337202581,500224
1775337202584,500224
1775337202587,500224
1775337202589,500224
1775337202592,500224
1775337202595,500224
1775337202597,500224
1775337202600,500224
1775337202602,500224
1775337202604,500224
1775337202606,500224
1775337202608,500224
1775337202610,500224
1775337203140,500224
1775337203143,500224
1775337203146,500224
1775337203148,500224
1775337203151,500224
1775337203155,500224
1775337203159,500224
1775337203163,500224
1775337203165,500224
1775337203167,500224
1775337203171,500224
1775337203175,500224
1775337203179,500224
1775337203183,500224
1775337203187,500224
1775337203190,500224
1775337203194,500224
1775337203197,500224
1775337203199,500224
1775337203202,500224
1775337203204,500224
1775337203207,500224
1775337203209,500224
1775337203211,500224
1775337203213,500224
1775337203215,500224
1775337203217,500224
1775337203219,500224
1775337203221,500224
1775337203224,500224
1775337203227,500224
1775337203229,500224
1775337203740,500224
1775337203741,500224
1775337203742,500224
1775337203744,500224
1775337203745,500224
1775337203746,500224
1775337203748,500224
1775337203749,500224
1775337203750,500224
1775337203752,500224
1775337203753,500224
1775337203754,500224
1775337203756,500224
1775337203757,500224
1775337203758,500224
1775337203759,500224
1775337203761,500224
1775337203762,500224
1775337203765,500224
1775337203768,500224
1775337203771,500224
1775337203773,500224
1775337203776,500224
1775337203779,500224
1775337203781,500224
1775337203784,500224
1775337203787,500224
1775337203790,500224
1775337203792,500224
1775337203795,500224
1775337203797,500224
1775337204343,500224
1775337204346,500224
1775337204349,500224
1775337204352,500224
1775337204355,500224
1775337204358,500224
1775337204361,500224
1775337204364,500224
1775337204366,500224
1775337204369,500224
1775337204372,500224
1775337204375,500224
1775337204377,500224
1775337204380,500224
1775337204383,500224
1775337204385,500224
1775337204387,500224
1775337204390,500224
1775337204392,500224
1775337204394,500224
1775337204396,500224
1775337204398,500224
1775337204400,500224
1775337204402,500224
1775337204404,500224
1775337204406,500224
1775337204410,500224
1775337204412,500224
1775337204414,500224
1775337204415,500224
1775337204945,500224
1775337204948,500224
1775337204951,500224
1775337204953,500224
1775337204957,500224
1775337204960,500224
1775337204963,500224
1775337204965,500224
1775337204968,500224
1775337204971,500224
1775337204974,500224
1775337204977,500224
1775337204980,500224
1775337204982,500224
1775337204985,500224
1775337204988,500224
1775337204991,500224
1775337204994,500224
1775337204996,500224
1775337205000,500224
1775337205003,500224
1775337205005,500224
1775337205008,500224
1775337205011,500224
1775337205013,500224
1775337205016,500224
1775337205018,500224
1775337205021,500224
1775337205024,500224
1775337205026,500224
1775337205029,500224
1775337205032,500224
1775337205546,500224
1775337205549,500224
1775337205552,500224
1775337205555,500224
1775337205558,500224
1775337205561,500224
1775337205564,500224
1775337205567,500224
1775337205571,500224
1775337205573,500224
1775337205577,500224
1775337205580,500224
1775337205583,500224
1775337205586,500224
1775337205588,500224
1775337205591,500224
1775337205594,500224
1775337205596,500224
1775337205599,500224
1775337205602,500224
1775337205606,500224
1775337205609,500224
1775337205612,500224
1775337205615,500224
1775337205618,500224
1775337205620,500224
1775337205623,500224
1775337205626,500224
1775337205628,500224
1775337205631,500224
1775337205634,500224
1775337206148,500224
1775337206151,500224
1775337206154,500224
1775337206157,500224
1775337206160,500224
1775337206163,500224
1775337206166,500224
1775337206169,500224
1775337206172,500224
1775337206174,500224
1775337206177,500224
1775337206180,500224
1775337206182,500224
1775337206185,500224
1775337206188,500224
1775337206190,500224
1775337206193,500224
1775337206196,500224
1775337206198,500224
1775337206201,500224
1775337206203,500224
1775337206205,500224
1775337206206,500224
1775337206209,500224
1775337206211,500224
1775337206213,500224
1775337206214,500224
1775337206216,500224
1775337206218,500224
1775337206750,500224
1775337206752,500224
1775337206755,500224
1775337206759,500224
1775337206762,500224
1775337206766,500224
1775337206769,500224
1775337206772,500224
1775337206775,500224
1775337206778,500224
1775337206781,500224
1775337206784,500224
1775337206787,500224
1775337206790,500224
1775337206793,500224
1775337206795,500224
1775337206798,500224
1775337206801,500224
1775337206803,500224
1775337206805,500224
1775337206807,500224
1775337206810,500224
1775337206812,500224
1775337206814,500224
1775337206817,500224
1775337206819,500224
1775337206821,500224
1775337206823,500224
1775337206825,500224
1775337206827,500224
1775337206830,500224
1775337206832,500224
1775337206834,500224
1775337207352,500224
1775337207354,500224
1775337207357,500224
1775337207360,500224
1775337207363,500224
1775337207366,500224
1775337207369,500224
1775337207372,500224
1775337207374,500224
1775337207377,500224
1775337207380,500224
1775337207383,500224
1775337207385,500224
1775337207388,500224
1775337207393,500224
1775337207396,500224
1775337207399,500224
1775337207401,500224
1775337207404,500224
1775337207406,500224
1775337207408,500224
1775337207411,500224
1775337207413,500224
1775337207415,500224
1775337207416,500224
1775337207418,500224
1775337207420,500224
1775337207422,500224
1775337207425,500224
1775337207427,500224
1775337207955,500224
1775337207958,500224
1775337207962,500224
1775337207966,500224
1775337207970,500224
1775337207972,500224
1775337207976,500224
1775337207979,500224
1775337207981,500224
1775337207984,500224
1775337207987,500224
1775337207990,500224
1775337207993,500224
1775337207996,500224
1775337207999,500224
1775337208001,500224
1775337208004,500224
1775337208007,500224
1775337208010,500224
1775337208012,500224
1775337208016,500224
1775337208019,500224
1775337208022,500224
1775337208024,500224
1775337208026,500224
1775337208029,500224
1775337208031,500224
1775337208033,500224
1775337208035,500224
1775337208556,500224
1775337208559,500224
1775337208561,500224
1775337208564,500224
1775337208567,500224
1775337208569,500224
1775337208572,500224
1775337208575,500224
1775337208578,500224
1775337208580,500224
1775337208583,500224
1775337208586,500224
1775337208588,500224
1775337208591,500224
1775337208593,500224
1775337208595,500224
1775337208597,500224
1775337208599,500224
1775337208601,500224
1775337208603,500224
1775337208605,500224
1775337208607,500224
1775337208609,500224
1775337208610,500224
1775337208612,500224
1775337208613,500224
1775337208616,500224
1775337208619,500224
1775337208622,500224
1775337208624,500224
1775337208627,500224
1775337208629,500224
1775337208632,500224
1775337209157,500224
1775337209161,500224
1775337209163,500224
1775337209166,500224
1775337209169,500224
1775337209172,500224
1775337209176,500224
1775337209179,500224
1775337209182,500224
1775337209185,500224
1775337209188,500224
1775337209190,500224
1775337209193,500224
1775337209196,500224
1775337209198,500224
1775337209201,500224
1775337209204,500224
1775337209207,500224
1775337209209,500224
1775337209211,500224
1775337209214,500224
1775337209216,500224
1775337209218,500224
1775337209220,500224
1775337209222,500224
1775337209224,500224
1775337209226,500224
1775337209227,500224
1775337209229,500224
1775337209763,500224
1775337209767,500224
1775337209770,500224
1775337209772,500224
1775337209775,500224
1775337209778,500224
1775337209780,500224
1775337209783,500224
1775337209786,500224
1775337209789,500224
1775337209791,500224
1775337209794,500224
1775337209797,500224
1775337209799,500224
1775337209803,500224
1775337209807,500224
1775337209811,500224
1775337209813,500224
1775337209815,500224
1775337209817,500224
1775337209819,500224
1775337209821,500224
1775337209823,500224
1775337209825,500224
1775337209827,500224
1775337209828,500224
1775337209830,500224
1775337209832,500224
1775337209833,500224
1775337209835,500224
1775337209836,500224
1775337209838,500224
1775337210368,500224
1775337210371,500224
1775337210374,500224
1775337210377,500224
1775337210380,500224
1775337210382,500224
1775337210385,500224
1775337210388,500224
1775337210391,500224
1775337210393,500224
1775337210396,500224
1775337210399,500224
1775337210401,500224
1775337210404,500224
1775337210407,500224
1775337210410,500224
1775337210412,500224
1775337210415,500224
1775337210417,500224
1775337210419,500224
1775337210421,500224
1775337210422,500224
1775337210424,500224
1775337210427,500224
1775337210430,500224
1775337210433,500224
1775337210435,500224
1775337210438,500224
1775337210441,500224
1775337210443,500224
1775337210964,500224
1775337210969,500224
1775337210974,500224
1775337210979,500224
1775337210985,500224
1775337210989,500224
1775337210994,500224
1775337210998,500224
1775337211002,500224
1775337211005,500224
1775337211009,500224
1775337211012,500224
1775337211016,500224
1775337211019,500224
1775337211022,500224
1775337211025,500224
1775337211028,500224
1775337211031,500224
1775337211034,500224
1775337211037,500224
1775337211039,500224
1775337211042,500224
1775337211045,500224
1775337211047,500224
1775337211050,500224
1775337211053,500224
1775337211055,500224
1775337211058,500224
1775337211060,500224
1775337211063,500224
1775337211065,500224
1775337211564,500224
1775337211567,500224
1775337211570,500224
1775337211574,500224
1775337211576,500224
1775337211580,500224
1775337211582,500224
1775337211586,500224
1775337211588,500224
1775337211591,500224
1775337211594,500224
1775337211597,500224
1775337211599,500224
1775337211602,500224
1775337211605,500224
1775337211608,500224
1775337211612,500224
1775337211616,500224
1775337211621,500224
1775337211624,500224
1775337211627,500224
1775337211629,500224
1775337211632,500224
1775337211634,500224
1775337211636,500224
1775337211639,500224
1775337211642,500224
1775337211644,500224
1775337211647,500224
1775337211650,500224
1775337212167,500224
1775337212173,500224
1775337212178,500224
1775337212181,500224
1775337212184,500224
1775337212187,500224
1775337212191,500224
1775337212193,500224
1775337212196,500224
1775337212199,500224
1775337212202,500224
1775337212204,500224
1775337212207,500224
1775337212209,500224
1775337212211,500224
1775337212214,500224
1775337212216,500224
1775337212219,500224
1775337212221,500224
1775337212223,500224
1775337212225,500224
1775337212227,500224
1775337212230,500224
1775337212232,500224
1775337212234,500224
1775337212237,500224
1775337212239,500224
1775337212241,500224
1775337212243,500224
1775337212246,500224
1775337212768,500224
1775337212771,500224
1775337212775,500224
1775337212778,500224
1775337212781,500224
1775337212784,500224
1775337212787,500224
1775337212790,500224
1775337212792,500224
1775337212796,500224
1775337212799,500224
1775337212801,500224
1775337212804,500224
1775337212807,500224
1775337212809,500224
1775337212812,500224
1775337212815,500224
1775337212817,500224
1775337212820,500224
1775337212822,500224
1775337212825,500224
1775337212828,500224
1775337212830,500224
1775337212833,500224
1775337212835,500224
1775337212838,500224
1775337212840,500224
1775337212842,500224
1775337212844,500224
1775337212846,500224
1775337212848,500224
1775337212850,500224
1775337213377,500224
1775337213380,500224
1775337213383,500224
1775337213386,500224
1775337213389,500224
1775337213391,500224
1775337213394,500224
1775337213397,500224
1775337213399,500224
1775337213402,500224
1775337213405,500224
1775337213408,500224
1775337213411,500224
1775337213414,500224
1775337213417,500224
1775337213420,500224
1775337213422,500224
1775337213424,500224
1775337213426,500224
1775337213428,500224
1775337213430,500224
1775337213432,500224
1775337213434,500224
1775337213435,500224
1775337213437,500224
1775337213439,500224
1775337213441,500224
1775337213443,500224
1775337213445,500224
1775337213447,500224
1775337213449,500224
1775337213975,500224
1775337213978,500224
1775337213981,500224
1775337213984,500224
1775337213987,500224
1775337213990,500224
1775337213993,500224
1775337213995,500224
1775337213998,500224
1775337214001,500224
1775337214003,500224
1775337214006,500224
1775337214009,500224
1775337214011,500224
1775337214014,500224
1775337214017,500224
1775337214019,500224
1775337214023,500224
1775337214026,500224
1775337214029,500224
1775337214032,500224
1775337214035,500224
1775337214038,500224
1775337214040,500224
1775337214045,500224
1775337214048,500224
1775337214052,500224
1775337214054,500224
1775337214057,500224
1775337214573,500224
1775337214577,500224
1775337214580,500224
1775337214583,500224
1775337214586,500224
1775337214589,500224
1775337214592,500224
1775337214594,500224
1775337214597,500224
1775337214600,500224
1775337214602,500224
1775337214605,500224
1775337214608,500224
1775337214610,500224
1775337214613,500224
1775337214616,500224
1775337214618,500224
1775337214621,500224
1775337214623,500224
1775337214626,500224
1775337214628,500224
1775337214630,500224
1775337214632,500224
1775337214634,500224
1775337214636,500224
1775337214638,500224
1775337214640,500224
1775337214641,500224
1775337214643,500224
1775337214645,500224
1775337214647,500224
1775337214648,500224
1775337214650,500224
1775337214651,500224
1775337215176,500224
1775337215179,500224
1775337215182,500224
1775337215185,500224
1775337215188,500224
1775337215191,500224
1775337215193,500224
1775337215196,500224
1775337215199,500224
1775337215202,500224
1775337215205,500224
1775337215208,500224
1775337215211,500224
1775337215213,500224
1775337215216,500224
1775337215219,500224
1775337215221,500224
1775337215224,500224
1775337215226,500224
1775337215229,500224
1775337215232,500224
1775337215234,500224
1775337215238,500224
1775337215240,500224
1775337215244,500224
1775337215247,500224
1775337215249,500224
1775337215252,500224
1775337215255,500224
1775337215775,500224
1775337215778,500224
1775337215781,500224
1775337215783,500224
1775337215787,500224
1775337215790,500224
1775337215792,500224
1775337215795,500224
1775337215797,500224
1775337215800,500224
1775337215803,500224
1775337215805,500224
1775337215808,500224
1775337215811,500224
1775337215814,500224
1775337215816,500224
1775337215819,500224
1775337215822,500224
1775337215825,500224
1775337215827,500224
1775337215830,500224
1775337215833,500224
1775337215836,500224
1775337215838,500224
1775337215841,500224
1775337215844,500224
1775337215847,500224
1775337215850,500224
1775337215853,500224
1775337215855,500224
1775337215858,500224
1775337216376,500224
1775337216380,500224
1775337216382,500224
1775337216385,500224
1775337216388,500224
1775337216391,500224
1775337216393,500224
1775337216396,500224
1775337216399,500224
1775337216401,500224
1775337216404,500224
1775337216407,500224
1775337216409,500224
1775337216412,500224
1775337216414,500224
1775337216416,500224
1775337216418,500224
1775337216421,500224
1775337216423,500224
1775337216425,500224
1775337216427,500224
1775337216428,500224
1775337216430,500224
1775337216432,500224
1775337216433,500224
1775337216435,500224
1775337216437,500224
1775337216438,500224
1775337216440,500224
1775337216978,500224
1775337216981,500224
1775337216983,500224
1775337216986,500224
1775337216989,500224
1775337216993,500224
1775337216996,500224
1775337216999,500224
1775337217001,500224
1775337217004,500224
1775337217007,500224
1775337217009,500224
1775337217012,500224
1775337217015,500224
1775337217017,500224
1775337217020,500224
1775337217022,500224
1775337217025,500224
1775337217028,500224
1775337217030,500224
1775337217033,500224
1775337217035,500224
1775337217038,500224
1775337217040,500224
1775337217042,500224
1775337217044,500224
1775337217046,500224
1775337217048,500224
1775337217050,500224
1775337217052,500224
1775337217053,500224
1775337217055,500224
1775337217580,500224
1775337217582,500224
1775337217585,500224
1775337217589,500224
1775337217592,500224
1775337217596,500224
1775337217600,500224
1775337217604,500224
1775337217607,500224
1775337217610,500224
1775337217613,500224
1775337217616,500224
1775337217619,500224
1775337217622,500224
1775337217624,500224
1775337217627,500224
1775337217629,500224
1775337217631,500224
1775337217633,500224
1775337217636,500224
1775337217638,500224
1775337217640,500224
1775337217642,500224
1775337217644,500224
1775337217646,500224
1775337217648,500224
1775337217650,500224
1775337217652,500224
1775337217654,500224
1775337217656,500224
1775337217657,500224
1775337218181,500224
1775337218184,500224
1775337218187,500224
1775337218190,500224
1775337218192,500224
1775337218195,500224
1775337218198,500224
1775337218200,500224
1775337218203,500224
1775337218206,500224
1775337218208,500224
1775337218211,500224
1775337218213,500224
1775337218216,500224
1775337218218,500224
1775337218221,500224
1775337218223,500224
1775337218226,500224
1775337218228,500224
1775337218231,500224
1775337218234,500224
1775337218236,500224
1775337218239,500224
1775337218242,500224
1775337218245,500224
1775337218247,500224
1775337218250,500224
1775337218252,500224
1775337218255,500224
1775337218258,500224
1775337218260,500224
1775337218263,500224
1775337218265,500224
1775337218783,500224
1775337218786,500224
1775337218789,500224
1775337218792,500224
1775337218795,500224
1775337218798,500224
1775337218801,500224
1775337218803,500224
1775337218806,500224
1775337218809,500224
1775337218811,500224
1775337218814,500224
1775337218816,500224
1775337218819,500224
1775337218822,500224
1775337218824,500224
1775337218827,500224
1775337218829,500224
1775337218832,500224
1775337218835,500224
1775337218838,500224
1775337218840,500224
1775337218843,500224
1775337218846,500224
1775337218848,500224
1775337218851,500224
1775337218854,500224
1775337218856,500224
1775337218858,500224
1775337219385,500224
1775337219388,500224
1775337219391,500224
1775337219394,500224
1775337219397,500224
1775337219400,500224
1775337219403,500224
1775337219405,500224
1775337219408,500224
1775337219411,500224
1775337219413,500224
1775337219416,500224
1775337219419,500224
1775337219422,500224
1775337219424,500224
1775337219427,500224
1775337219430,500224
1775337219433,500224
1775337219437,500224
1775337219442,500224
1775337219446,500224
1775337219450,500224
1775337219453,500224
1775337219456,500224
1775337219458,500224
1775337219460,500224
1775337219462,500224
1775337219464,500224
1775337219466,500224
1775337219468,500224
1775337219470,500224
1775337219987,500224
1775337219990,500224
1775337219993,500224
1775337219995,500224
1775337219998,500224
1775337220001,500224
1775337220004,500224
1775337220007,500224
1775337220009,500224
1775337220012,500224
1775337220015,500224
1775337220017,500224
1775337220020,500224
1775337220022,500224
1775337220025,500224
1775337220027,500224
1775337220029,500224
1775337220031,500224
1775337220034,500224
1775337220037,500224
1775337220040,500224
1775337220042,500224
1775337220044,500224
1775337220047,500224
1775337220049,500224
1775337220051,500224
1775337220052,500224
1775337220054,500224
1775337220057,500224
1775337220061,500224
1775337220063,500224
1775337220066,500224
1775337220069,500224
1775337220588,500224
1775337220591,500224
1775337220594,500224
1775337220596,500224
1775337220599,500224
1775337220602,500224
1775337220605,500224
1775337220607,500224
1775337220610,500224
1775337220613,500224
1775337220616,500224
1775337220618,500224
1775337220621,500224
1775337220624,500224
1775337220627,500224
1775337220629,500224
1775337220632,500224
1775337220635,500224
1775337220637,500224
1775337220640,500224
1775337220642,500224
1775337220644,500224
1775337220646,500224
1775337220648,500224
1775337220650,500224
1775337220652,500224
1775337220654,500224
1775337220656,500224
1775337220657,500224
1775337221189,500224
1775337221192,500224
1775337221195,500224
1775337221202,500224
1775337221205,500224
1775337221208,500224
1775337221210,500224
1775337221213,500224
1775337221216,500224
1775337221218,500224
1775337221221,500224
1775337221223,500224
1775337221226,500224
1775337221228,500224
1775337221231,500224
1775337221233,500224
1775337221235,500224
1775337221237,500224
1775337221239,500224
1775337221241,500224
1775337221243,500224
1775337221245,500224
1775337221248,500224
1775337221250,500224
1775337221252,500224
1775337221254,500224
1775337221255,500224
1775337221257,500224
1775337221258,500224
1775337221260,500224
1775337221261,500224
1775337221791,500224
1775337221794,500224
1775337221797,500224
1775337221799,500224
1775337221802,500224
1775337221805,500224
1775337221807,500224
1775337221810,500224
1775337221813,500224
1775337221815,500224
1775337221818,500224
1775337221820,500224
1775337221823,500224
1775337221825,500224
1775337221827,500224
1775337221829,500224
1775337221831,500224
1775337221833,500224
1775337221836,500224
1775337221839,500224
1775337221842,500224
1775337221844,500224
1775337221845,500224
1775337221847,500224
1775337221849,500224
1775337221850,500224
1775337221852,500224
1775337221853,500224
1775337221855,500224
1775337221856,500224
1775337221857,500224
1775337222393,500224
1775337222396,500224
1775337222399,500224
1775337222402,500224
1775337222404,500224
1775337222407,500224
1775337222410,500224
1775337222413,500224
1775337222416,500224
1775337222420,500224
1775337222423,500224
1775337222426,500224
1775337222429,500224
1775337222431,500224
1775337222434,500224
1775337222437,500224
1775337222440,500224
1775337222443,500224
1775337222445,500224
1775337222448,500224
1775337222451,500224
1775337222452,500224
1775337222454,500224
1775337222455,500224
1775337222457,500224
1775337222459,500224
1775337222462,500224
1775337222465,500224
1775337222468,500224
1775337222473,500224
1775337222995,500224
1775337222998,500224
1775337223000,500224
1775337223003,500224
1775337223006,500224
1775337223009,500224
1775337223011,500224
1775337223017,500224
1775337223023,500224
1775337223028,500224
1775337223031,500224
1775337223035,500224
1775337223038,500224
1775337223041,500224
1775337223044,500224
1775337223046,500224
1775337223048,500224
1775337223050,500224
1775337223052,500224
1775337223053,500224
1775337223055,500224
1775337223056,500224
1775337223058,500224
1775337223059,500224
1775337223061,500224
1775337223062,500224
1775337223064,500224
1775337223066,500224
1775337223067,500224
1775337223069,500224
1775337223070,500224
1775337223072,500224
1775337223596,500224
1775337223599,500224
1775337223602,500224
1775337223605,500224
1775337223608,500224
1775337223610,500224
1775337223613,500224
1775337223616,500224
1775337223619,500224
1775337223621,500224
1775337223625,500224
1775337223628,500224
1775337223631,500224
1775337223633,500224
1775337223636,500224
1775337223639,500224
1775337223641,500224
1775337223643,500224
1775337223646,500224
1775337223648,500224
1775337223650,500224
1775337223652,500224
1775337223654,500224
1775337223656,500224
1775337223657,500224
1775337223659,500224
1775337223661,500224
1775337223663,500224
1775337223664,500224
1775337224197,500224
1775337224200,500224
1775337224202,500224
1775337224205,500224
1775337224208,500224
1775337224211,500224
1775337224214,500224
1775337224216,500224
1775337224220,500224
1775337224223,500224
1775337224225,500224
1775337224228,500224
1775337224231,500224
1775337224233,500224
1775337224236,500224
1775337224238,500224
1775337224241,500224
1775337224243,500224
1775337224245,500224
1775337224248,500224
1775337224250,500224
1775337224252,500224
1775337224254,500224
1775337224256,500224
1775337224259,500224
1775337224261,500224
1775337224264,500224
1775337224267,500224
1775337224270,500224
1775337224805,500224
1775337224808,500224
1775337224811,500224
1775337224814,500224
1775337224816,500224
1775337224819,500224
1775337224822,500224
1775337224825,500224
1775337224828,500224
1775337224831,500224
1775337224834,500224
1775337224837,500224
1775337224840,500224
1775337224843,500224
1775337224846,500224
1775337224849,500224
1775337224852,500224
1775337224855,500224
1775337224857,500224
1775337224860,500224
1775337224862,500224
1775337224865,500224
1775337224867,500224
1775337224870,500224
1775337224872,500224
1775337224875,500224
1775337224878,500224
1775337224881,500224
1775337224883,500224
1775337224885,500224
1775337224888,500224
1775337224890,500224
1775337224892,500224
1775337225400,500224
1775337225403,500224
1775337225405,500224
1775337225408,500224
1775337225411,500224
1775337225414,500224
1775337225416,500224
1775337225419,500224
1775337225422,500224
1775337225424,500224
1775337225427,500224
1775337225430,500224
1775337225433,500224
1775337225436,500224
1775337225438,500224
1775337225441,500224
1775337225443,500224
1775337225446,500224
1775337225449,500224
1775337225452,500224
1775337225455,500224
1775337225458,500224
1775337225460,500224
1775337225463,500224
1775337225466,500224
1775337225469,500224
1775337225472,500224
1775337225475,500224
1775337225477,500224
1775337225480,500224
1775337225482,500224
1775337226002,500224
1775337226004,500224
1775337226007,500224
1775337226010,500224
1775337226013,500224
1775337226016,500224
1775337226019,500224
1775337226022,500224
1775337226024,500224
1775337226027,500224
1775337226030,500224
1775337226033,500224
1775337226036,500224
1775337226039,500224
1775337226041,500224
1775337226044,500224
1775337226047,500224
1775337226049,500224
1775337226052,500224
1775337226054,500224
1775337226058,500224
1775337226061,500224
1775337226064,500224
1775337226067,500224
1775337226070,500224
1775337226073,500224
1775337226076,500224
1775337226079,500224
1775337226081,500224
1775337226084,500224
1775337226605,500224
1775337226609,500224
1775337226612,500224
1775337226614,500224
1775337226617,500224
1775337226620,500224
1775337226623,500224
1775337226626,500224
1775337226629,500224
1775337226631,500224
1775337226634,500224
1775337226637,500224
1775337226639,500224
1775337226642,500224
1775337226645,500224
1775337226647,500224
1775337226650,500224
1775337226652,500224
1775337226654,500224
1775337226656,500224
1775337226658,500224
1775337226661,500224
1775337226663,500224
1775337226665,500224
1775337226667,500224
1775337226669,500224
1775337226671,500224
1775337226673,500224
1775337226675,500224
1775337226677,500224
1775337226679,500224
1775337226680,500224
1775337226682,500224
1775337227205,500224
1775337227208,500224
1775337227211,500224
1775337227214,500224
1775337227217,500224
1775337227219,500224
1775337227222,500224
1775337227225,500224
1775337227228,500224
1775337227230,500224
1775337227233,500224
1775337227236,500224
1775337227239,500224
1775337227241,500224
1775337227244,500224
1775337227246,500224
1775337227249,500224
1775337227252,500224
1775337227255,500224
1775337227257,500224
1775337227260,500224
1775337227262,500224
1775337227265,500224
1775337227267,500224
1775337227269,500224
1775337227270,500224
1775337227272,500224
1775337227273,500224
1775337227275,500224
1775337227810,500224
1775337227814,500224
1775337227816,500224
1775337227819,500224
1775337227822,500224
1775337227824,500224
1775337227827,500224
1775337227830,500224
1775337227833,500224
1775337227835,500224
1775337227838,500224
1775337227841,500224
1775337227843,500224
1775337227845,500224
1775337227848,500224
1775337227850,500224
1775337227852,500224
1775337227855,500224
1775337227857,500224
1775337227859,500224
1775337227861,500224
1775337227863,500224
1775337227865,500224
1775337227867,500224
1775337227869,500224
1775337227872,500224
1775337227875,500224
1775337227878,500224
1775337227880,500224
1775337227882,500224
1775337227884,500224
1775337228409,500224
1775337228412,500224
1775337228415,500224
1775337228418,500224
1775337228420,500224
1775337228423,500224
1775337228426,500224
1775337228429,500224
1775337228431,500224
1775337228434,500224
1775337228437,500224
1775337228440,500224
1775337228442,500224
1775337228445,500224
1775337228447,500224
1775337228449,500224
1775337228451,500224
1775337228453,500224
1775337228455,500224
1775337228456,500224
1775337228458,500224
1775337228460,500224
1775337228461,500224
1775337228463,500224
1775337228464,500224
1775337228466,500224
1775337228467,500224
1775337228468,500224
1775337228471,500224
1775337228474,500224
1775337229013,500224
1775337229016,500224
1775337229018,500224
1775337229023,500224
1775337229026,500224
1775337229030,500224
1775337229033,500224
1775337229037,500224
1775337229040,500224
1775337229043,500224
1775337229046,500224
1775337229048,500224
1775337229051,500224
1775337229054,500224
1775337229056,500224
1775337229059,500224
1775337229061,500224
1775337229063,500224
1775337229065,500224
1775337229068,500224
1775337229070,500224
1775337229072,500224
1775337229074,500224
1775337229076,500224
1775337229078,500224
1775337229080,500224
1775337229082,500224
1775337229084,500224
1775337229086,500224
1775337229088,500224
1775337229091,500224
1775337229093,500224
1775337229612,500224
1775337229615,500224
1775337229618,500224
1775337229620,500224
1775337229623,500224
1775337229626,500224
1775337229628,500224
1775337229631,500224
1775337229634,500224
1775337229637,500224
1775337229639,500224
1775337229642,500224
1775337229645,500224
1775337229648,500224
1775337229650,500224
1775337229653,500224
1775337229656,500224
1775337229658,500224
1775337229660,500224
1775337229662,500224
1775337229664,500224
1775337229666,500224
1775337229668,500224
1775337229671,500224
1775337229673,500224
1775337229675,500224
1775337229677,500224
1775337229679,500224
1775337229681,500224
1775337230214,500224
1775337230218,500224
1775337230221,500224
1775337230225,500224
1775337230227,500224
1775337230230,500224
1775337230233,500224
1775337230236,500224
1775337230239,500224
1775337230242,500224
1775337230245,500224
1775337230247,500224
1775337230250,500224
1775337230253,500224
1775337230255,500224
1775337230257,500224
1775337230260,500224
1775337230262,500224
1775337230265,500224
1775337230268,500224
1775337230270,500224
1775337230272,500224
1775337230273,500224
1775337230275,500224
1775337230278,500224
1775337230281,500224
1775337230284,500224
1775337230286,500224
1775337230289,500224
1775337230292,500224
1775337230294,500224
1775337230822,500224
1775337230825,500224
1775337230828,500224
1775337230831,500224
1775337230834,500224
1775337230837,500224
1775337230839,500224
1775337230842,500224
1775337230845,500224
1775337230847,500224
1775337230850,500224
1775337230853,500224
1775337230855,500224
1775337230857,500224
1775337230860,500224
1775337230862,500224
1775337230864,500224
1775337230866,500224
1775337230868,500224
1775337230870,500224
1775337230872,500224
1775337230873,500224
1775337230875,500224
1775337230877,500224
1775337230878,500224
1775337230880,500224
1775337230881,500224
1775337230883,500224
1775337230884,500224
1775337230886,500224
1775337230887,500224
1775337230889,500224
1775337231420,500224
1775337231423,500224
1775337231426,500224
1775337231429,500224
1775337231431,500224
1775337231434,500224
1775337231437,500224
1775337231439,500224
1775337231442,500224
1775337231445,500224
1775337231448,500224
1775337231451,500224
1775337231453,500224
1775337231456,500224
1775337231459,500224
1775337231462,500224
1775337231465,500224
1775337231468,500224
1775337231472,500224
1775337231475,500224
1775337231478,500224
1775337231481,500224
1775337231483,500224
1775337231486,500224
1775337231489,500224
1775337231492,500224
1775337231495,500224
1775337231498,500224
1775337231501,500224
1775337231504,500224
1775337231506,500224
1775337231509,500224
1775337231512,500224
1775337231514,500224
1775337232018,500224
1775337232021,500224
1775337232024,500224
1775337232027,500224
1775337232030,500224
1775337232033,500224
1775337232036,500224
1775337232038,500224
1775337232041,500224
1775337232044,500224
1775337232047,500224
1775337232049,500224
1775337232052,500224
1775337232054,500224
1775337232056,500224
1775337232058,500224
1775337232061,500224
1775337232063,500224
1775337232064,500224
1775337232066,500224
1775337232069,500224
1775337232072,500224
1775337232074,500224
1775337232076,500224
1775337232077,500224
1775337232079,500224
1775337232080,500224
1775337232626,500224
1775337232628,500224
1775337232631,500224
1775337232634,500224
1775337232637,500224
1775337232639,500224
1775337232642,500224
1775337232645,500224
1775337232648,500224
1775337232650,500224
1775337232653,500224
1775337232656,500224
1775337232658,500224
1775337232661,500224
1775337232664,500224
1775337232666,500224
1775337232668,500224
1775337232670,500224
1775337232673,500224
1775337232676,500224
1775337232679,500224
1775337232681,500224
1775337232684,500224
1775337232687,500224
1775337232689,500224
1775337232692,500224
1775337232695,500224
1775337232698,500224
1775337232701,500224
1775337232704,500224
1775337232706,500224
1775337232709,500224
1775337233221,500224
1775337233224,500224
1775337233227,500224
1775337233229,500224
1775337233232,500224
1775337233235,500224
1775337233238,500224
1775337233240,500224
1775337233242,500224
1775337233245,500224
1775337233248,500224
1775337233251,500224
1775337233253,500224
1775337233256,500224
1775337233259,500224
1775337233261,500224
1775337233263,500224
1775337233266,500224
1775337233268,500224
1775337233270,500224
1775337233272,500224
1775337233275,500224
1775337233278,500224
1775337233280,500224
1775337233283,500224
1775337233286,500224
1775337233288,500224
1775337233291,500224
1775337233294,500224
1775337233296,500224
1775337233299,500224
1775337233824,500224
1775337233826,500224
1775337233829,500224
1775337233832,500224
1775337233836,500224
1775337233839,500224
1775337233841,500224
1775337233844,500224
1775337233847,500224
1775337233850,500224
1775337233852,500224
1775337233855,500224
1775337233858,500224
1775337233860,500224
1775337233863,500224
1775337233866,500224
1775337233868,500224
1775337233872,500224
1775337233876,500224
1775337233879,500224
1775337233882,500224
1775337233885,500224
1775337233888,500224
1775337233890,500224
1775337233893,500224
1775337233896,500224
1775337233899,500224
1775337233902,500224
1775337233904,500224
1775337233907,500224
1775337234425,500224
1775337234428,500224
1775337234432,500224
1775337234435,500224
1775337234437,500224
1775337234441,500224
1775337234444,500224
1775337234447,500224
1775337234449,500224
1775337234452,500224
1775337234455,500224
1775337234458,500224
1775337234460,500224
1775337234462,500224
1775337234465,500224
1775337234467,500224
1775337234469,500224
1775337234471,500224
1775337234473,500224
1775337234475,500224
1775337234477,500224
1775337234478,500224
1775337234480,500224
1775337234482,500224
1775337234483,500224
1775337234485,500224
1775337234487,500224
1775337234489,500224
1775337234490,500224
1775337234492,500224
1775337234493,500224
1775337235027,500224
1775337235032,500224
1775337235037,500224
1775337235041,500224
1775337235044,500224
1775337235047,500224
1775337235051,500224
1775337235054,500224
1775337235057,500224
1775337235060,500224
1775337235063,500224
1775337235065,500224
1775337235068,500224
1775337235070,500224
1775337235072,500224
1775337235075,500224
1775337235078,500224
1775337235081,500224
1775337235083,500224
1775337235086,500224
1775337235089,500224
1775337235091,500224
1775337235094,500224
1775337235097,500224
1775337235101,500224
1775337235105,500224
1775337235109,500224
1775337235113,500224
1775337235117,500224
1775337235628,500224
1775337235632,500224
1775337235635,500224
1775337235638,500224
1775337235641,500224
1775337235643,500224
1775337235646,500224
1775337235649,500224
1775337235652,500224
1775337235654,500224
1775337235657,500224
1775337235660,500224
1775337235663,500224
1775337235665,500224
1775337235668,500224
1775337235671,500224
1775337235674,500224
1775337235676,500224
1775337235679,500224
1775337235682,500224
1775337235686,500224
1775337235689,500224
1775337235692,500224
1775337235694,500224
1775337235698,500224
1775337235701,500224
1775337235703,500224
1775337235706,500224
1775337235709,500224
1775337235712,500224
1775337235714,500224
1775337235717,500224
1775337235719,500224
1775337236230,500224
1775337236232,500224
1775337236235,500224
1775337236238,500224
1775337236241,500224
1775337236244,500224
1775337236247,500224
1775337236249,500224
1775337236252,500224
1775337236255,500224
1775337236257,500224
1775337236260,500224
1775337236262,500224
1775337236264,500224
1775337236267,500224
1775337236269,500224
1775337236271,500224
1775337236273,500224
1775337236276,500224
1775337236278,500224
1775337236280,500224
1775337236282,500224
1775337236284,500224
1775337236286,500224
1775337236287,500224
1775337236289,500224
1775337236291,500224
1775337236293,500224
1775337236295,500224
1775337236833,500224
1775337236836,500224
1775337236840,500224
1775337236843,500224
1775337236846,500224
1775337236849,500224
1775337236853,500224
1775337236857,500224
1775337236860,500224
1775337236863,500224
1775337236865,500224
1775337236868,500224
1775337236871,500224
1775337236873,500224
1775337236876,500224
1775337236878,500224
1775337236881,500224
1775337236883,500224
1775337236885,500224
1775337236887,500224
1775337236889,500224
1775337236892,500224
1775337236895,500224
1775337236898,500224
1775337236901,500224
1775337236903,500224
1775337236906,500224
1775337236909,500224
1775337236911,500224
1775337236914,500224
1775337236917,500224
1775337236920,500224
1775337237433,500224
1775337237437,500224
1775337237439,500224
1775337237442,500224
1775337237445,500224
1775337237448,500224
1775337237450,500224
1775337237453,500224
1775337237456,500224
1775337237459,500224
1775337237462,500224
1775337237465,500224
1775337237467,500224
1775337237470,500224
1775337237473,500224
1775337237475,500224
1775337237478,500224
1775337237483,500224
1775337237488,500224
1775337237493,500224
1775337237498,500224
1775337237503,500224
1775337237508,500224
1775337237513,500224
1775337237518,500224
1775337237522,500224
1775337237526,500224
1775337237530,500224
1775337237533,500224
1775337237536,500224
1775337238034,500224
1775337238037,500224
1775337238040,500224
1775337238042,500224
1775337238045,500224
1775337238049,500224
1775337238053,500224
1775337238057,500224
1775337238060,500224
1775337238064,500224
1775337238067,500224
1775337238070,500224
1775337238072,500224
1775337238075,500224
1775337238077,500224
1775337238079,500224
1775337238081,500224
1775337238083,500224
1775337238084,500224
1775337238086,500224
1775337238088,500224
1775337238090,500224
1775337238092,500224
1775337238093,500224
1775337238095,500224
1775337238097,500224
1775337238098,500224
1775337238100,500224
1775337238102,500224
1775337238103,500224
1775337238105,500224
1775337238107,500224
1775337238637,500224
1775337238640,500224
1775337238643,500224
1775337238646,500224
1775337238649,500224
1775337238653,500224
1775337238656,500224
1775337238659,500224
1775337238662,500224
1775337238664,500224
1775337238669,500224
1775337238671,500224
1775337238675,500224
1775337238678,500224
1775337238680,500224
1775337238683,500224
1775337238686,500224
1775337238688,500224
1775337238691,500224
1775337238693,500224
1775337238696,500224
1775337238698,500224
1775337238701,500224
1775337238703,500224
1775337238705,500224
1775337238707,500224
1775337238709,500224
1775337238711,500224
1775337238713,500224
1775337238715,500224
1775337238717,500224
1775337239239,500224
1775337239243,500224
1775337239247,500224
1775337239250,500224
1775337239252,500224
1775337239255,500224
1775337239258,500224
1775337239260,500224
1775337239263,500224
1775337239266,500224
1775337239268,500224
1775337239271,500224
1775337239274,500224
1775337239276,500224
1775337239279,500224
1775337239282,500224
1775337239285,500224
1775337239287,500224
1775337239290,500224
1775337239293,500224
1775337239295,500224
1775337239297,500224
1775337239299,500224
1775337239300,500224
1775337239302,500224
1775337239304,500224
1775337239305,500224
1775337239307,500224
1775337239308,500224
1775337239309,500224
1775337239311,500224
1775337239839,500224
1775337239842,500224
1775337239845,500224
1775337239848,500224
1775337239851,500224
1775337239854,500224
1775337239857,500224
1775337239860,500224
1775337239863,500224
1775337239865,500224
1775337239868,500224
1775337239871,500224
1775337239873,500224
1775337239876,500224
1775337239879,500224
1775337239882,500224
1775337239884,500224
1775337239887,500224
1775337239890,500224
1775337239893,500224
1775337239895,500224
1775337239898,500224
1775337239901,500224
1775337239904,500224
1775337239906,500224
1775337239909,500224
1775337239912,500224
1775337239914,500224
1775337239917,500224
1775337239920,500224
1775337239922,500224
1775337240441,500224
1775337240444,500224
1775337240447,500224
1775337240450,500224
1775337240452,500224
1775337240455,500224
1775337240458,500224
1775337240461,500224
1775337240463,500224
1775337240466,500224
1775337240469,500224
1775337240471,500224
1775337240474,500224
1775337240477,500224
1775337240479,500224
1775337240483,500224
1775337240485,500224
1775337240488,500224
1775337240491,500224
1775337240494,500224
1775337240496,500224
1775337240499,500224
1775337240502,500224
1775337240505,500224
1775337240507,500224
1775337240510,500224
1775337240513,500224
1775337240515,500224
1775337241044,500224
1775337241048,500224
1775337241051,500224
1775337241054,500224
1775337241057,500224
1775337241061,500224
1775337241064,500224
1775337241067,500224
1775337241069,500224
1775337241071,500224
1775337241073,500224
1775337241075,500224
1775337241077,500224
1775337241079,500224
1775337241082,500224
1775337241085,500224
1775337241088,500224
1775337241090,500224
1775337241092,500224
1775337241093,500224
1775337241095,500224
1775337241096,500224
1775337241098,500224
1775337241099,500224
1775337241100,500224
1775337241102,500224
1775337241104,500224
1775337241106,500224
1775337241108,500224
1775337241110,500224
1775337241112,500224
1775337241114,500224
1775337241117,500224
1775337241644,500224
1775337241647,500224
1775337241651,500224
1775337241654,500224
1775337241656,500224
1775337241659,500224
1775337241662,500224
1775337241665,500224
1775337241667,500224
1775337241670,500224
1775337241674,500224
1775337241677,500224
1775337241679,500224
1775337241682,500224
1775337241685,500224
1775337241688,500224
1775337241691,500224
1775337241693,500224
1775337241696,500224
1775337241699,500224
1775337241702,500224
1775337241705,500224
1775337241708,500224
1775337241710,500224
1775337241713,500224
1775337241721,500224
1775337241724,500224
1775337241727,500224
1775337241729,500224
1775337241732,500224
1775337242246,500224
1775337242249,500224
1775337242251,500224
1775337242254,500224
1775337242257,500224
1775337242259,500224
1775337242262,500224
1775337242264,500224
1775337242267,500224
1775337242270,500224
1775337242273,500224
1775337242275,500224
1775337242278,500224
1775337242281,500224
1775337242284,500224
1775337242286,500224
1775337242289,500224
1775337242292,500224
1775337242295,500224
1775337242297,500224
1775337242300,500224
1775337242303,500224
1775337242305,500224
1775337242308,500224
1775337242311,500224
1775337242314,500224
1775337242316,500224
1775337242318,500224
1775337242320,500224
1775337242322,500224
1775337242323,500224
1775337242848,500224
1775337242850,500224
1775337242853,500224
1775337242856,500224
1775337242859,500224
1775337242861,500224
1775337242864,500224
1775337242867,500224
1775337242869,500224
1775337242873,500224
1775337242875,500224
1775337242878,500224
1775337242881,500224
1775337242883,500224
1775337242886,500224
1775337242889,500224
1775337242892,500224
1775337242894,500224
1775337242897,500224
1775337242900,500224
1775337242902,500224
1775337242905,500224
1775337242908,500224
1775337242911,500224
1775337242914,500224
1775337242917,500224
1775337242919,500224
1775337242922,500224
1775337242925,500224
1775337242928,500224
1775337242931,500224
1775337242934,500224
1775337242936,500224
1775337243453,500224
1775337243456,500224
1775337243459,500224
1775337243462,500224
1775337243465,500224
1775337243468,500224
1775337243471,500224
1775337243474,500224
1775337243476,500224
1775337243479,500224
1775337243482,500224
1775337243484,500224
1775337243487,500224
1775337243489,500224
1775337243492,500224
1775337243495,500224
1775337243497,500224
1775337243500,500224
1775337243502,500224
1775337243505,500224
1775337243507,500224
1775337243509,500224
1775337243511,500224
1775337243513,500224
1775337243515,500224
1775337243517,500224
1775337243518,500224
1775337243520,500224
1775337243522,500224
1775337243523,500224
1775337244052,500224
1775337244054,500224
1775337244057,500224
1775337244060,500224
1775337244063,500224
1775337244066,500224
1775337244069,500224
1775337244071,500224
1775337244076,500224
1775337244080,500224
1775337244083,500224
1775337244086,500224
1775337244089,500224
1775337244092,500224
1775337244094,500224
1775337244098,500224
1775337244100,500224
1775337244103,500224
1775337244106,500224
1775337244108,500224
1775337244111,500224
1775337244113,500224
1775337244114,500224
1775337244116,500224
1775337244118,500224
1775337244121,500224
1775337244123,500224
1775337244125,500224
1775337244653,500224
1775337244656,500224
1775337244659,500224
1775337244662,500224
1775337244665,500224
1775337244668,500224
1775337244670,500224
1775337244673,500224
1775337244676,500224
1775337244678,500224
1775337244681,500224
1775337244684,500224
1775337244686,500224
1775337244689,500224
1775337244691,500224
1775337244694,500224
1775337244696,500224
1775337244698,500224
1775337244700,500224
1775337244702,500224
1775337244704,500224
1775337244706,500224
1775337244708,500224
1775337244710,500224
1775337244711,500224
1775337244713,500224
1775337244715,500224
1775337244716,500224
1775337244718,500224
1775337244719,500224
1775337244721,500224
1775337244722,500224
1775337244724,500224
1775337245254,500224
1775337245257,500224
1775337245259,500224
1775337245262,500224
1775337245265,500224
1775337245268,500224
1775337245270,500224
1775337245273,500224
1775337245276,500224
1775337245279,500224
1775337245281,500224
1775337245284,500224
1775337245287,500224
1775337245289,500224
1775337245292,500224
1775337245295,500224
1775337245298,500224
1775337245300,500224
1775337245303,500224
1775337245306,500224
1775337245308,500224
1775337245311,500224
1775337245314,500224
1775337245316,500224
1775337245319,500224
1775337245321,500224
1775337245325,500224
1775337245328,500224
1775337245330,500224
1775337245333,500224
1775337245856,500224
1775337245859,500224
1775337245861,500224
1775337245864,500224
1775337245867,500224
1775337245870,500224
1775337245872,500224
1775337245875,500224
1775337245877,500224
1775337245880,500224
1775337245883,500224
1775337245885,500224
1775337245888,500224
1775337245891,500224
1775337245893,500224
1775337245895,500224
1775337245897,500224
1775337245899,500224
1775337245901,500224
1775337245903,500224
1775337245905,500224
1775337245907,500224
1775337245909,500224
1775337245911,500224
1775337245912,500224
1775337245914,500224
1775337245915,500224
1775337245917,500224
1775337245919,500224
1775337245920,500224
1775337245922,500224
1775337245923,500224
1775337245925,500224
1775337245926,500224
1775337246458,500224
1775337246461,500224
1775337246464,500224
1775337246467,500224
1775337246470,500224
1775337246475,500224
1775337246478,500224
1775337246480,500224
1775337246483,500224
1775337246486,500224
1775337246488,500224
1775337246492,500224
1775337246494,500224
1775337246497,500224
1775337246500,500224
1775337246502,500224
1775337246505,500224
1775337246508,500224
1775337246510,500224
1775337246513,500224
1775337246516,500224
1775337246518,500224
1775337246521,500224
1775337246524,500224
1775337246526,500224
1775337246529,500224
1775337246532,500224
1775337246534,500224
1775337246536,500224
1775337247060,500224
1775337247062,500224
1775337247065,500224
1775337247068,500224
1775337247070,500224
1775337247074,500224
1775337247076,500224
1775337247079,500224
1775337247082,500224
1775337247085,500224
1775337247088,500224
1775337247091,500224
1775337247094,500224
1775337247096,500224
1775337247099,500224
1775337247102,500224
1775337247104,500224
1775337247107,500224
1775337247110,500224
1775337247113,500224
1775337247115,500224
1775337247117,500224
1775337247120,500224
1775337247122,500224
1775337247124,500224
1775337247126,500224
1775337247128,500224
1775337247131,500224
1775337247134,500224
1775337247661,500224
1775337247664,500224
1775337247666,500224
1775337247669,500224
1775337247672,500224
1775337247674,500224
1775337247677,500224
1775337247680,500224
1775337247683,500224
1775337247688,500224
1775337247692,500224
1775337247695,500224
1775337247699,500224
1775337247703,500224
1775337247705,500224
1775337247708,500224
1775337247711,500224
1775337247714,500224
1775337247717,500224
1775337247719,500224
1775337247722,500224
1775337247725,500224
1775337247727,500224
1775337247729,500224
1775337247732,500224
1775337247735,500224
1775337247737,500224
1775337247740,500224
1775337247743,500224
1775337247745,500224
1775337247748,500224
1775337248266,500224
1775337248269,500224
1775337248272,500224
1775337248275,500224
1775337248278,500224
1775337248280,500224
1775337248283,500224
1775337248286,500224
1775337248289,500224
1775337248292,500224
1775337248294,500224
1775337248297,500224
1775337248300,500224
1775337248302,500224
1775337248304,500224
1775337248306,500224
1775337248308,500224
1775337248310,500224
1775337248312,500224
1775337248314,500224
1775337248315,500224
1775337248317,500224
1775337248319,500224
1775337248320,500224
1775337248322,500224
1775337248324,500224
1775337248326,500224
1775337248329,500224
1775337248331,500224
1775337248333,500224
1775337248335,500224
1775337248338,500224
1775337248868,500224
1775337248871,500224
1775337248873,500224
1775337248876,500224
1775337248879,500224
1775337248882,500224
1775337248885,500224
1775337248888,500224
1775337248890,500224
1775337248893,500224
1775337248896,500224
1775337248898,500224
1775337248901,500224
1775337248904,500224
1775337248906,500224
1775337248909,500224
1775337248912,500224
1775337248914,500224
1775337248917,500224
1775337248919,500224
1775337248922,500224
1775337248924,500224
1775337248926,500224
1775337248928,500224
1775337248930,500224
1775337248932,500224
1775337248934,500224
1775337248935,500224
1775337249468,500224
1775337249471,500224
1775337249474,500224
1775337249477,500224
1775337249480,500224
1775337249482,500224
1775337249485,500224
1775337249488,500224
1775337249490,500224
1775337249493,500224
1775337249496,500224
1775337249498,500224
1775337249501,500224
1775337249503,500224
1775337249505,500224
1775337249507,500224
1775337249509,500224
1775337249512,500224
1775337249515,500224
1775337249518,500224
1775337249520,500224
1775337249522,500224
1775337249525,500224
1775337249528,500224
1775337249530,500224
1775337249532,500224
1775337249535,500224
1775337249537,500224
1775337249540,500224
1775337249543,500224
1775337249546,500224
1775337249549,500224
1775337250071,500224
1775337250074,500224
1775337250078,500224
1775337250081,500224
1775337250084,500224
1775337250087,500224
1775337250089,500224
1775337250092,500224
1775337250095,500224
1775337250097,500224
1775337250100,500224
1775337250103,500224
1775337250105,500224
1775337250108,500224
1775337250111,500224
1775337250113,500224
1775337250116,500224
1775337250118,500224
1775337250121,500224
1775337250123,500224
1775337250125,500224
1775337250127,500224
1775337250129,500224
1775337250131,500224
1775337250133,500224
1775337250135,500224
1775337250139,500224
1775337250142,500224
1775337250145,500224
1775337250148,500224
1775337250150,500224
1775337250669,500224
1775337250671,500224
1775337250672,500224
1775337250674,500224
1775337250675,500224
1775337250676,500224
1775337250677,500224
1775337250679,500224
1775337250680,500224
1775337250685,500224
1775337250689,500224
1775337250693,500224
1775337250696,500224
1775337250699,500224
1775337250701,500224
1775337250703,500224
1775337250705,500224
1775337250707,500224
1775337250709,500224
1775337250711,500224
1775337250713,500224
1775337250715,500224
1775337250717,500224
1775337250718,500224
1775337250720,500224
1775337250722,500224
1775337250724,500224
1775337250725,500224
1775337250727,500224
1775337250729,500224
1775337250731,500224
1775337251272,500224
1775337251275,500224
1775337251278,500224
1775337251280,500224
1775337251283,500224
1775337251286,500224
1775337251288,500224
1775337251291,500224
1775337251294,500224
1775337251296,500224
1775337251301,500224
1775337251306,500224
1775337251310,500224
1775337251314,500224
1775337251318,500224
1775337251322,500224
1775337251325,500224
1775337251329,500224
1775337251331,500224
1775337251334,500224
1775337251336,500224
1775337251337,500224
1775337251339,500224
1775337251340,500224
1775337251342,500224
1775337251345,500224
1775337251348,500224
1775337251350,500224
1775337251353,500224
1775337251355,500224
1775337251874,500224
1775337251878,500224
1775337251880,500224
1775337251883,500224
1775337251886,500224
1775337251889,500224
1775337251891,500224
1775337251895,500224
1775337251897,500224
1775337251900,500224
1775337251903,500224
1775337251906,500224
1775337251908,500224
1775337251911,500224
1775337251914,500224
1775337251917,500224
1775337251920,500224
1775337251923,500224
1775337251926,500224
1775337251928,500224
1775337251931,500224
1775337251934,500224
1775337251936,500224
1775337251938,500224
1775337251940,500224
1775337251942,500224
1775337251944,500224
1775337251947,500224
1775337251949,500224
1775337251952,500224
1775337251955,500224
1775337251958,500224
1775337251961,500224
