CMD: NODES=4 WORKER_BANDWIDTHS_MBPS=600,600,600,600 RATE_WEIGHTS=1,1,1,1 E_SKEW_WEIGHTS=1,1,1 BASELINE=1 NEW_SCHEDULER=0 NO_SEND_PAYMENT=1 NUM_EXECUTORS=3 RATE=50000 DURATION=180 WARMUP=30 IN_MEMORY_STORE=1 fab docker --cpus-per-validator=8 --latency=100ms --primary-bw=300mbit
[92mStarting Docker benchmark[0m
Setting up testbed...
Docker image up to date, skipping build.
Starting containers...
Waiting for all containers to be ready...
All containers ready.
Running benchmark (180 sec)...
Stopping containers...
Parsing logs...

-----------------------------------------
 SUMMARY:
-----------------------------------------
 + CONFIG:
 Committee size: 4 node(s)
 Worker(s) per node: 1 worker(s)
 Input rate: 50,000 tx/s
 Transaction size: 512 B
 Benchmark duration: 180.0 s
 Consensus duration: 135.92 s
 Commit duration: 134.47 s


 + LAST COMMITTED PER VALIDATOR (from primary logs):
 Validator  Time            Round
 0          04:09:42.984      600
 1          04:09:42.978      600
 2          04:09:42.955      600
 3          04:09:42.953      600
 + RESULTS:
 f+1 Commit latency (workers) (mean): 2,023 ms
 f+1 Commit latency (workers) (p50): 2,021 ms
 f+1 Commit latency (workers) (p90): 2,359 ms
 f+1 Commit latency (workers) (p95): 2,473 ms
 f+1 Commit latency (workers) (p99): 2,584 ms
 E2E latency (send -> exec reply) (mean): 2,207 ms
 E2E latency (send -> exec reply) (p50): 2,213 ms
 E2E latency (send -> exec reply) (p90): 2,476 ms
 E2E latency (send -> exec reply) (p95): 2,542 ms
 E2E latency (send -> exec reply) (p99): 2,633 ms

 Consensus TPS: 49,460 tx/s
 Consensus BPS: 25,323,274 B/s
 Committed TPS: 49,990 tx/s
 Committed BPS: 25,595,009 B/s
 E2E TPS: 49,330 tx/s
 E2E duration: 150.42 s

 + VALIDATOR LOAD DISTRIBUTION:
 Validator 0: 1,680,629 tx (25.0%)
 Validator 1: 1,681,212 tx (25.0%)
 Validator 2: 1,676,635 tx (24.9%)
 Validator 3: 1,683,963 tx (25.0%)

 + EXECUTOR LOAD DISTRIBUTION (avg across validators):
 Executor 0: 2,707,096 tx (33.3%)
 Executor 1: 2,712,930 tx (33.4%)
 Executor 2: 2,708,882 tx (33.3%)

 + PER-VALIDATOR COMMIT METRICS:
 Validator    TPS (tx/s)    Mean (ms)    p95 (ms)    Misses
 0            12,498        1,822        2,213       0
 1            12,502        1,932        2,499       0
 2            12,468        2,149        2,536       0
 3            12,522        2,025        2,326       0
 Overall      49,990        1,982 (wtd)  2,394 (wtd) 0

 + PER-VALIDATOR QUORUM TIMING (ms):
                    mean            p95             std      
 Validator       delay    lat    delay    lat    delay    lat
 0                 165     75      197    108       23     38
 1                 159     75      193    107       24     38
 2                 159     75      195    110       25     39
 3                 163     75      197    107       23     37

 + PER-STAGE LATENCY BREAKDOWN (mean, ms):
   Stage                            All
   Client -> Worker:                  6
   Worker -> Batch seal:             41
   Batch seal -> Quorum:            240
   Quorum -> Processed:               3
   Processed -> Header:             150
   Header -> Certified:             200
   Certified -> Committed:        1,343
   Sum:                           1,983
   (n=)                          10,624
-----------------------------------------
CMD: NODES=4 WORKER_BANDWIDTHS_MBPS=600,600,600,600 RATE_WEIGHTS=1,1,1,1 E_SKEW_WEIGHTS=1,1,1 BASELINE=1 NEW_SCHEDULER=0 NO_SEND_PAYMENT=1 NUM_EXECUTORS=3 RATE=75000 DURATION=180 WARMUP=30 IN_MEMORY_STORE=1 fab docker --cpus-per-validator=8 --latency=100ms --primary-bw=300mbit
[92mStarting Docker benchmark[0m
Setting up testbed...
Docker image up to date, skipping build.
Starting containers...
Waiting for all containers to be ready...
All containers ready.
Running benchmark (180 sec)...
Stopping containers...
Parsing logs...

-----------------------------------------
 SUMMARY:
-----------------------------------------
 + CONFIG:
 Committee size: 4 node(s)
 Worker(s) per node: 1 worker(s)
 Input rate: 75,000 tx/s
 Transaction size: 512 B
 Benchmark duration: 180.0 s
 Consensus duration: 135.93 s
 Commit duration: 133.96 s


 + LAST COMMITTED PER VALIDATOR (from primary logs):
 Validator  Time            Round
 0          04:13:19.854      608
 1          04:13:19.873      608
 2          04:13:19.882      608
 3          04:13:19.892      608
 + RESULTS:
 f+1 Commit latency (workers) (mean): 2,229 ms
 f+1 Commit latency (workers) (p50): 2,074 ms
 f+1 Commit latency (workers) (p90): 2,605 ms
 f+1 Commit latency (workers) (p95): 2,936 ms
 f+1 Commit latency (workers) (p99): 7,125 ms
 E2E latency (send -> exec reply) (mean): 2,613 ms
 E2E latency (send -> exec reply) (p50): 2,404 ms
 E2E latency (send -> exec reply) (p90): 3,171 ms
 E2E latency (send -> exec reply) (p95): 3,599 ms
 E2E latency (send -> exec reply) (p99): 7,578 ms

 Consensus TPS: 74,161 tx/s
 Consensus BPS: 37,970,344 B/s
 Committed TPS: 75,250 tx/s
 Committed BPS: 38,528,164 B/s
 E2E TPS: 73,512 tx/s
 E2E duration: 151.39 s

 + VALIDATOR LOAD DISTRIBUTION:
 Validator 0: 2,524,669 tx (25.0%)
 Validator 1: 2,515,181 tx (25.0%)
 Validator 2: 2,520,542 tx (25.0%)
 Validator 3: 2,520,141 tx (25.0%)

 + EXECUTOR LOAD DISTRIBUTION (avg across validators):
 Executor 0: 4,093,132 tx (33.3%)
 Executor 1: 4,095,207 tx (33.3%)
 Executor 2: 4,091,190 tx (33.3%)

 + PER-VALIDATOR COMMIT METRICS:
 Validator    TPS (tx/s)    Mean (ms)    p95 (ms)    Misses
 0            18,846        2,152        2,640       0
 1            18,776        2,564        5,914       0
 2            18,816        2,026        2,621       0
 3            18,813        1,868        2,417       0
 Overall      75,250        2,152 (wtd)  3,397 (wtd) 0

 + PER-VALIDATOR QUORUM TIMING (ms):
                    mean            p95             std      
 Validator       delay    lat    delay    lat    delay    lat
 0                 165     49      203    109       26     44
 1                 166     49      204    108       26     44
 2                 167     49      204    107       26     43
 3                 167     49      205    108       26     44

 + PER-STAGE LATENCY BREAKDOWN (mean, ms):
   Stage                            All
   Client -> Worker:                 12
   Worker -> Batch seal:             29
   Batch seal -> Quorum:            219
   Quorum -> Processed:               4
   Processed -> Header:             153
   Header -> Certified:             200
   Certified -> Committed:        1,535
   Sum:                           2,150
   (n=)                          10,585
-----------------------------------------
CMD: NODES=4 WORKER_BANDWIDTHS_MBPS=600,600,600,600 RATE_WEIGHTS=1,1,1,1 E_SKEW_WEIGHTS=1,1,1 BASELINE=1 NEW_SCHEDULER=0 NO_SEND_PAYMENT=1 NUM_EXECUTORS=3 RATE=95000 DURATION=180 WARMUP=30 IN_MEMORY_STORE=1 fab docker --cpus-per-validator=8 --latency=100ms --primary-bw=300mbit
[92mStarting Docker benchmark[0m
Setting up testbed...
Docker image up to date, skipping build.
Starting containers...
Waiting for all containers to be ready...
All containers ready.
Running benchmark (180 sec)...
Stopping containers...
Parsing logs...

-----------------------------------------
 SUMMARY:
-----------------------------------------
 + CONFIG:
 Committee size: 4 node(s)
 Worker(s) per node: 1 worker(s)
 Input rate: 95,000 tx/s
 Transaction size: 512 B
 Benchmark duration: 180.0 s
 Consensus duration: 136.54 s
 Commit duration: 134.77 s


 + LAST COMMITTED PER VALIDATOR (from primary logs):
 Validator  Time            Round
 0          04:16:59.014      604
 1          04:16:58.964      604
 2          04:16:59.003      604
 3          04:16:59.014      604
 + RESULTS:
 f+1 Commit latency (workers) (mean): 2,169 ms
 f+1 Commit latency (workers) (p50): 2,060 ms
 f+1 Commit latency (workers) (p90): 2,434 ms
 f+1 Commit latency (workers) (p95): 2,563 ms
 f+1 Commit latency (workers) (p99): 6,499 ms
 E2E latency (send -> exec reply) (mean): 2,827 ms
 E2E latency (send -> exec reply) (p50): 2,471 ms
 E2E latency (send -> exec reply) (p90): 3,745 ms
 E2E latency (send -> exec reply) (p95): 4,814 ms
 E2E latency (send -> exec reply) (p99): 8,760 ms

 Consensus TPS: 92,974 tx/s
 Consensus BPS: 47,602,669 B/s
 Committed TPS: 94,194 tx/s
 Committed BPS: 48,227,505 B/s
 E2E TPS: 93,103 tx/s
 E2E duration: 152.0 s

 + VALIDATOR LOAD DISTRIBUTION:
 Validator 0: 3,215,381 tx (25.3%)
 Validator 1: 3,198,624 tx (25.2%)
 Validator 2: 3,216,215 tx (25.3%)
 Validator 3: 3,064,352 tx (24.1%)

 + EXECUTOR LOAD DISTRIBUTION (avg across validators):
 Executor 0: 5,180,936 tx (33.3%)
 Executor 1: 5,181,552 tx (33.3%)
 Executor 2: 5,181,141 tx (33.3%)

 + PER-VALIDATOR COMMIT METRICS:
 Validator    TPS (tx/s)    Mean (ms)    p95 (ms)    Misses
 0            23,858        2,106        2,504       0
 1            23,734        2,053        2,585       0
 2            23,864        1,834        2,252       0
 3            22,738        2,375        4,808       0
 Overall      94,194        2,089 (wtd)  3,017 (wtd) 0

 + PER-VALIDATOR QUORUM TIMING (ms):
                    mean            p95             std      
 Validator       delay    lat    delay    lat    delay    lat
 0                 182     38      239    122       33     48
 1                 182     38      239    118       32     45
 2                 184     38      240    121       32     48
 3                 184     38      243    118       33     46

 + PER-STAGE LATENCY BREAKDOWN (mean, ms):
   Stage                            All
   Client -> Worker:                 18
   Worker -> Batch seal:             23
   Batch seal -> Quorum:            225
   Quorum -> Processed:               5
   Processed -> Header:             154
   Header -> Certified:             200
   Certified -> Committed:        1,462
   Sum:                           2,087
   (n=)                          10,534
-----------------------------------------
CMD: NODES=4 WORKER_BANDWIDTHS_MBPS=600,600,600,600 RATE_WEIGHTS=1,1,1,1 E_SKEW_WEIGHTS=1,1,1 BASELINE=1 NEW_SCHEDULER=0 NO_SEND_PAYMENT=1 NUM_EXECUTORS=3 RATE=110000 DURATION=180 WARMUP=30 IN_MEMORY_STORE=1 fab docker --cpus-per-validator=8 --latency=100ms --primary-bw=300mbit
[92mStarting Docker benchmark[0m
Setting up testbed...
Docker image up to date, skipping build.
Starting containers...
Waiting for all containers to be ready...
All containers ready.
Running benchmark (180 sec)...
Stopping containers...
Parsing logs...

-----------------------------------------
 SUMMARY:
-----------------------------------------
 + CONFIG:
 Committee size: 4 node(s)
 Worker(s) per node: 1 worker(s)
 Input rate: 110,000 tx/s
 Transaction size: 512 B
 Benchmark duration: 180.0 s
 Consensus duration: 136.48 s
 Commit duration: 134.78 s


 + LAST COMMITTED PER VALIDATOR (from primary logs):
 Validator  Time            Round
 0          04:20:39.773      604
 1          04:20:39.724      604
 2          04:20:39.773      604
 3          04:20:39.724      604
 + RESULTS:
 f+1 Commit latency (workers) (mean): 2,068 ms
 f+1 Commit latency (workers) (p50): 2,066 ms
 f+1 Commit latency (workers) (p90): 2,379 ms
 f+1 Commit latency (workers) (p95): 2,452 ms
 f+1 Commit latency (workers) (p99): 2,568 ms
 E2E latency (send -> exec reply) (mean): 2,796 ms
 E2E latency (send -> exec reply) (p50): 2,586 ms
 E2E latency (send -> exec reply) (p90): 3,005 ms
 E2E latency (send -> exec reply) (p95): 3,407 ms
 E2E latency (send -> exec reply) (p99): 9,799 ms

 Consensus TPS: 108,135 tx/s
 Consensus BPS: 55,365,315 B/s
 Committed TPS: 109,494 tx/s
 Committed BPS: 56,061,176 B/s
 E2E TPS: 106,377 tx/s
 E2E duration: 150.21 s

 + VALIDATOR LOAD DISTRIBUTION:
 Validator 0: 3,701,034 tx (25.1%)
 Validator 1: 3,721,057 tx (25.2%)
 Validator 2: 3,715,833 tx (25.2%)
 Validator 3: 3,619,852 tx (24.5%)

 + EXECUTOR LOAD DISTRIBUTION (avg across validators):
 Executor 0: 5,938,445 tx (33.4%)
 Executor 1: 5,890,084 tx (33.1%)
 Executor 2: 5,944,733 tx (33.4%)

 + PER-VALIDATOR COMMIT METRICS:
 Validator    TPS (tx/s)    Mean (ms)    p95 (ms)    Misses
 0            27,460        1,910        2,460       0
 1            27,608        1,850        2,274       0
 2            27,569        2,063        2,424       0
 3            26,857        2,107        2,484       0
 Overall      109,494       1,981 (wtd)  2,410 (wtd) 0

 + PER-VALIDATOR QUORUM TIMING (ms):
                    mean            p95             std      
 Validator       delay    lat    delay    lat    delay    lat
 0                 198     33      271    124       40     47
 1                 199     33      272    125       39     46
 2                 199     33      275    124       41     48
 3                 199     33      268    123       37     46

 + PER-STAGE LATENCY BREAKDOWN (mean, ms):
   Stage                            All
   Client -> Worker:                 23
   Worker -> Batch seal:             21
   Batch seal -> Quorum:            235
   Quorum -> Processed:               7
   Processed -> Header:             152
   Header -> Certified:             200
   Certified -> Committed:        1,344
   Sum:                           1,982
   (n=)                          10,581
-----------------------------------------
CMD: NODES=4 WORKER_BANDWIDTHS_MBPS=600,600,600,600 RATE_WEIGHTS=1,1,1,1 E_SKEW_WEIGHTS=1,1,1 BASELINE=1 NEW_SCHEDULER=0 NO_SEND_PAYMENT=1 NUM_EXECUTORS=3 RATE=125000 DURATION=180 WARMUP=30 IN_MEMORY_STORE=1 fab docker --cpus-per-validator=8 --latency=100ms --primary-bw=300mbit
[92mStarting Docker benchmark[0m
Setting up testbed...
Docker image up to date, skipping build.
Starting containers...
Waiting for all containers to be ready...
All containers ready.
Running benchmark (180 sec)...
Stopping containers...
Parsing logs...

-----------------------------------------
 SUMMARY:
-----------------------------------------
 + CONFIG:
 Committee size: 4 node(s)
 Worker(s) per node: 1 worker(s)
 Input rate: 125,000 tx/s
 Transaction size: 512 B
 Benchmark duration: 180.0 s
 Consensus duration: 136.34 s
 Commit duration: 134.58 s


 + LAST COMMITTED PER VALIDATOR (from primary logs):
 Validator  Time            Round
 0          04:24:20.715      614
 1          04:24:20.686      614
 2          04:24:20.668      614
 3          04:24:20.716      614
 + RESULTS:
 f+1 Commit latency (workers) (mean): 2,129 ms
 f+1 Commit latency (workers) (p50): 2,099 ms
 f+1 Commit latency (workers) (p90): 2,413 ms
 f+1 Commit latency (workers) (p95): 2,502 ms
 f+1 Commit latency (workers) (p99): 2,842 ms
 E2E latency (send -> exec reply) (mean): 7,519 ms
 E2E latency (send -> exec reply) (p50): 7,434 ms
 E2E latency (send -> exec reply) (p90): 10,253 ms
 E2E latency (send -> exec reply) (p95): 11,286 ms
 E2E latency (send -> exec reply) (p99): 12,366 ms

 Consensus TPS: 123,598 tx/s
 Consensus BPS: 63,282,038 B/s
 Committed TPS: 125,216 tx/s
 Committed BPS: 64,110,582 B/s
 E2E TPS: 115,875 tx/s
 E2E duration: 152.43 s

 + VALIDATOR LOAD DISTRIBUTION:
 Validator 0: 4,222,346 tx (25.1%)
 Validator 1: 4,220,334 tx (25.0%)
 Validator 2: 4,206,661 tx (25.0%)
 Validator 3: 4,201,850 tx (24.9%)

 + EXECUTOR LOAD DISTRIBUTION (avg across validators):
 Executor 0: 6,614,601 tx (33.7%)
 Executor 1: 6,500,129 tx (33.1%)
 Executor 2: 6,509,825 tx (33.2%)

 + PER-VALIDATOR COMMIT METRICS:
 Validator    TPS (tx/s)    Mean (ms)    p95 (ms)    Misses
 0            31,375        1,842        2,252       0
 1            31,360        2,083        2,481       0
 2            31,258        1,936        2,461       0
 3            31,223        2,233        2,563       0
 Overall      125,216       2,023 (wtd)  2,439 (wtd) 0

 + PER-VALIDATOR QUORUM TIMING (ms):
                    mean            p95             std      
 Validator       delay    lat    delay    lat    delay    lat
 0                 217     28      301    127       47     47
 1                 211     29      286    124       42     45
 2                 221     29      311    126       50     47
 3                 211     28      292    122       43     45

 + PER-STAGE LATENCY BREAKDOWN (mean, ms):
   Stage                            All
   Client -> Worker:                 29
   Worker -> Batch seal:             20
   Batch seal -> Quorum:            247
   Quorum -> Processed:               8
   Processed -> Header:             156
   Header -> Certified:             199
   Certified -> Committed:        1,378
   Sum:                           2,038
   (n=)                          10,633
-----------------------------------------
CMD: NODES=4 WORKER_BANDWIDTHS_MBPS=600,600,600,600 RATE_WEIGHTS=1,1,1,1 E_SKEW_WEIGHTS=1,1,1 BASELINE=1 NEW_SCHEDULER=0 NO_SEND_PAYMENT=1 NUM_EXECUTORS=3 RATE=135000 DURATION=180 WARMUP=30 IN_MEMORY_STORE=1 fab docker --cpus-per-validator=8 --latency=100ms --primary-bw=300mbit
[92mStarting Docker benchmark[0m
Setting up testbed...
Docker image up to date, skipping build.
Starting containers...
Waiting for all containers to be ready...
All containers ready.
Running benchmark (180 sec)...
Stopping containers...
Parsing logs...

-----------------------------------------
 SUMMARY:
-----------------------------------------
 + CONFIG:
 Committee size: 4 node(s)
 Worker(s) per node: 1 worker(s)
 Input rate: 135,000 tx/s
 Transaction size: 512 B
 Benchmark duration: 180.0 s
 Consensus duration: 136.48 s
 Commit duration: 134.64 s


 + LAST COMMITTED PER VALIDATOR (from primary logs):
 Validator  Time            Round
 0          04:28:00.511      606
 1          04:28:00.462      606
 2          04:28:00.463      606
 3          04:28:00.511      606
 + RESULTS:
 f+1 Commit latency (workers) (mean): 2,197 ms
 f+1 Commit latency (workers) (p50): 2,164 ms
 f+1 Commit latency (workers) (p90): 2,541 ms
 f+1 Commit latency (workers) (p95): 2,675 ms
 f+1 Commit latency (workers) (p99): 3,210 ms
 E2E latency (send -> exec reply) (mean): 11,824 ms
 E2E latency (send -> exec reply) (p50): 11,641 ms
 E2E latency (send -> exec reply) (p90): 19,036 ms
 E2E latency (send -> exec reply) (p95): 20,126 ms
 E2E latency (send -> exec reply) (p99): 21,451 ms

 Consensus TPS: 133,422 tx/s
 Consensus BPS: 68,311,986 B/s
 Committed TPS: 135,248 tx/s
 Committed BPS: 69,247,064 B/s
 E2E TPS: 116,043 tx/s
 E2E duration: 150.71 s

 + VALIDATOR LOAD DISTRIBUTION:
 Validator 0: 4,536,820 tx (24.9%)
 Validator 1: 4,563,931 tx (25.1%)
 Validator 2: 4,548,649 tx (25.0%)
 Validator 3: 4,560,414 tx (25.0%)

 + EXECUTOR LOAD DISTRIBUTION (avg across validators):
 Executor 0: 6,745,632 tx (33.5%)
 Executor 1: 6,695,114 tx (33.3%)
 Executor 2: 6,669,562 tx (33.2%)

 + PER-VALIDATOR COMMIT METRICS:
 Validator    TPS (tx/s)    Mean (ms)    p95 (ms)    Misses
 0            33,696        1,935        2,361       0
 1            33,897        1,957        2,373       0
 2            33,784        2,107        2,535       0
 3            33,871        2,348        2,811       0
 Overall      135,248       2,087 (wtd)  2,520 (wtd) 0

 + PER-VALIDATOR QUORUM TIMING (ms):
                    mean            p95             std      
 Validator       delay    lat    delay    lat    delay    lat
 0                 255     26      377    132       65     48
 1                 235     26      331    126       52     46
 2                 250     26      367    132       63     48
 3                 257     26      381    134       67     48

 + PER-STAGE LATENCY BREAKDOWN (mean, ms):
   Stage                            All
   Client -> Worker:                 51
   Worker -> Batch seal:             20
   Batch seal -> Quorum:            279
   Quorum -> Processed:              10
   Processed -> Header:             160
   Header -> Certified:             200
   Certified -> Committed:        1,367
   Sum:                           2,087
   (n=)                          10,631
-----------------------------------------
CMD: NODES=4 WORKER_BANDWIDTHS_MBPS=600,600,600,600 RATE_WEIGHTS=27,1,1,1 E_SKEW_WEIGHTS=1,1,1 BASELINE=1 NEW_SCHEDULER=0 NO_SEND_PAYMENT=1 NUM_EXECUTORS=3 RATE=20000 DURATION=180 WARMUP=30 IN_MEMORY_STORE=1 fab docker --cpus-per-validator=8 --latency=100ms --primary-bw=300mbit
[92mStarting Docker benchmark[0m
Setting up testbed...
Docker image up to date, skipping build.
Starting containers...
Waiting for all containers to be ready...
All containers ready.
Running benchmark (180 sec)...
Stopping containers...
Parsing logs...

-----------------------------------------
 SUMMARY:
-----------------------------------------
 + CONFIG:
 Committee size: 4 node(s)
 Worker(s) per node: 1 worker(s)
 Input rate: 20,000 tx/s
 Transaction size: 512 B
 Benchmark duration: 180.0 s
 Consensus duration: 136.54 s
 Commit duration: 134.94 s


 + LAST COMMITTED PER VALIDATOR (from primary logs):
 Validator  Time            Round
 0          04:31:37.537      610
 1          04:31:37.536      610
 2          04:31:37.536      610
 3          04:31:37.586      610
 + RESULTS:
 f+1 Commit latency (workers) (mean): 1,929 ms
 f+1 Commit latency (workers) (p50): 1,930 ms
 f+1 Commit latency (workers) (p90): 2,275 ms
 f+1 Commit latency (workers) (p95): 2,379 ms
 f+1 Commit latency (workers) (p99): 2,504 ms
 E2E latency (send -> exec reply) (mean): 1,997 ms
 E2E latency (send -> exec reply) (p50): 1,999 ms
 E2E latency (send -> exec reply) (p90): 2,314 ms
 E2E latency (send -> exec reply) (p95): 2,398 ms
 E2E latency (send -> exec reply) (p99): 2,515 ms

 Consensus TPS: 19,821 tx/s
 Consensus BPS: 10,148,500 B/s
 Committed TPS: 20,056 tx/s
 Committed BPS: 10,268,757 B/s
 E2E TPS: 19,773 tx/s
 E2E duration: 153.69 s

 + VALIDATOR LOAD DISTRIBUTION:
 Validator 0: 2,436,638 tx (90.0%)
 Validator 1: 90,043 tx (3.3%)
 Validator 2: 89,526 tx (3.3%)
 Validator 3: 90,172 tx (3.3%)

 + EXECUTOR LOAD DISTRIBUTION (avg across validators):
 Executor 0: 1,110,926 tx (44.4%)
 Executor 1: 555,574 tx (22.2%)
 Executor 2: 833,759 tx (33.3%)

 + PER-VALIDATOR COMMIT METRICS:
 Validator    TPS (tx/s)    Mean (ms)    p95 (ms)    Misses
 0            18,057        1,835        2,225       0
 1            667           2,020        2,432       0
 2            663           1,892        2,438       0
 3            668           1,924        2,265       0
 Overall      20,056        1,846 (wtd)  2,241 (wtd) 0

 + PER-VALIDATOR QUORUM TIMING (ms):
                    mean            p95             std      
 Validator       delay    lat    delay    lat    delay    lat
 0                 161     52      195     98       23     44
 1                   0    103        0    105        0      1
 2                   0    103        0    104        0      1
 3                   0    102        0    103        0      1

 + PER-STAGE LATENCY BREAKDOWN (mean, ms):
   Stage                            All
   Client -> Worker:                  3
   Worker -> Batch seal:             84
   Batch seal -> Quorum:            166
   Quorum -> Processed:               2
   Processed -> Header:             151
   Header -> Certified:             200
   Certified -> Committed:        1,299
   Sum:                           1,905
   (n=)                          10,662
-----------------------------------------
CMD: NODES=4 WORKER_BANDWIDTHS_MBPS=600,600,600,600 RATE_WEIGHTS=27,1,1,1 E_SKEW_WEIGHTS=1,1,1 BASELINE=1 NEW_SCHEDULER=0 NO_SEND_PAYMENT=1 NUM_EXECUTORS=3 RATE=35000 DURATION=180 WARMUP=30 IN_MEMORY_STORE=1 fab docker --cpus-per-validator=8 --latency=100ms --primary-bw=300mbit
[92mStarting Docker benchmark[0m
Setting up testbed...
Docker image up to date, skipping build.
Starting containers...
Waiting for all containers to be ready...
All containers ready.
Running benchmark (180 sec)...
Stopping containers...
Parsing logs...

-----------------------------------------
 SUMMARY:
-----------------------------------------
 + CONFIG:
 Committee size: 4 node(s)
 Worker(s) per node: 1 worker(s)
 Input rate: 35,000 tx/s
 Transaction size: 512 B
 Benchmark duration: 180.0 s
 Consensus duration: 136.44 s
 Commit duration: 134.76 s


 + LAST COMMITTED PER VALIDATOR (from primary logs):
 Validator  Time            Round
 0          04:35:16.655      610
 1          04:35:16.678      610
 2          04:35:16.077      608
 3          04:35:16.077      608
 + RESULTS:
 f+1 Commit latency (workers) (mean): 1,948 ms
 f+1 Commit latency (workers) (p50): 1,936 ms
 f+1 Commit latency (workers) (p90): 2,323 ms
 f+1 Commit latency (workers) (p95): 2,432 ms
 f+1 Commit latency (workers) (p99): 2,617 ms
 E2E latency (send -> exec reply) (mean): 2,048 ms
 E2E latency (send -> exec reply) (p50): 2,041 ms
 E2E latency (send -> exec reply) (p90): 2,383 ms
 E2E latency (send -> exec reply) (p95): 2,472 ms
 E2E latency (send -> exec reply) (p99): 2,662 ms

 Consensus TPS: 34,494 tx/s
 Consensus BPS: 17,661,017 B/s
 Committed TPS: 34,923 tx/s
 Committed BPS: 17,880,792 B/s
 E2E TPS: 34,622 tx/s
 E2E duration: 151.29 s

 + VALIDATOR LOAD DISTRIBUTION:
 Validator 0: 4,233,341 tx (89.9%)
 Validator 1: 157,710 tx (3.4%)
 Validator 2: 157,852 tx (3.4%)
 Validator 3: 157,482 tx (3.3%)

 + EXECUTOR LOAD DISTRIBUTION (avg across validators):
 Executor 0: 1,917,271 tx (33.3%)
 Executor 1: 1,919,989 tx (33.4%)
 Executor 2: 1,918,069 tx (33.3%)

 + PER-VALIDATOR COMMIT METRICS:
 Validator    TPS (tx/s)    Mean (ms)    p95 (ms)    Misses
 0            31,413        1,824        2,262       0
 1            1,170         1,890        2,196       0
 2            1,171         1,944        2,520       0
 3            1,169         2,047        2,469       0
 Overall      34,923        1,837 (wtd)  2,275 (wtd) 0

 + PER-VALIDATOR QUORUM TIMING (ms):
                    mean            p95             std      
 Validator       delay    lat    delay    lat    delay    lat
 0                 176     28      228    100       30     44
 1                   0    105        0    107        0      1
 2                   0    105        0    108        0      1
 3                   0    104        0    107        0      1

 + PER-STAGE LATENCY BREAKDOWN (mean, ms):
   Stage                            All
   Client -> Worker:                  4
   Worker -> Batch seal:             82
   Batch seal -> Quorum:            176
   Quorum -> Processed:               6
   Processed -> Header:             151
   Header -> Certified:             200
   Certified -> Committed:        1,285
   Sum:                           1,904
   (n=)                          10,654
-----------------------------------------
CMD: NODES=4 WORKER_BANDWIDTHS_MBPS=600,600,600,600 RATE_WEIGHTS=27,1,1,1 E_SKEW_WEIGHTS=1,1,1 BASELINE=1 NEW_SCHEDULER=0 NO_SEND_PAYMENT=1 NUM_EXECUTORS=3 RATE=50000 DURATION=180 WARMUP=30 IN_MEMORY_STORE=1 fab docker --cpus-per-validator=8 --latency=100ms --primary-bw=300mbit
[92mStarting Docker benchmark[0m
Setting up testbed...
Docker image up to date, skipping build.
Starting containers...
Waiting for all containers to be ready...
All containers ready.
Running benchmark (180 sec)...
Stopping containers...
Parsing logs...

-----------------------------------------
 SUMMARY:
-----------------------------------------
 + CONFIG:
 Committee size: 4 node(s)
 Worker(s) per node: 1 worker(s)
 Input rate: 50,000 tx/s
 Transaction size: 512 B
 Benchmark duration: 180.0 s
 Consensus duration: 136.57 s
 Commit duration: 134.99 s


 + LAST COMMITTED PER VALIDATOR (from primary logs):
 Validator  Time            Round
 0          04:38:54.811      604
 1          04:38:54.776      604
 2          04:38:54.776      604
 3          04:38:54.776      604
 + RESULTS:
 f+1 Commit latency (workers) (mean): 3,200 ms
 f+1 Commit latency (workers) (p50): 1,974 ms
 f+1 Commit latency (workers) (p90): 8,162 ms
 f+1 Commit latency (workers) (p95): 10,380 ms
 f+1 Commit latency (workers) (p99): 16,235 ms
 E2E latency (send -> exec reply) (mean): 3,973 ms
 E2E latency (send -> exec reply) (p50): 2,224 ms
 E2E latency (send -> exec reply) (p90): 9,522 ms
 E2E latency (send -> exec reply) (p95): 12,161 ms
 E2E latency (send -> exec reply) (p99): 17,206 ms

 Consensus TPS: 43,905 tx/s
 Consensus BPS: 22,479,190 B/s
 Committed TPS: 44,420 tx/s
 Committed BPS: 22,742,965 B/s
 E2E TPS: 44,395 tx/s
 E2E duration: 150.4 s

 + VALIDATOR LOAD DISTRIBUTION:
 Validator 0: 5,321,096 tx (88.7%)
 Validator 1: 225,437 tx (3.8%)
 Validator 2: 224,511 tx (3.7%)
 Validator 3: 225,192 tx (3.8%)

 + EXECUTOR LOAD DISTRIBUTION (avg across validators):
 Executor 0: 2,465,612 tx (33.4%)
 Executor 1: 2,461,909 tx (33.3%)
 Executor 2: 2,463,217 tx (33.3%)

 + PER-VALIDATOR COMMIT METRICS:
 Validator    TPS (tx/s)    Mean (ms)    p95 (ms)    Misses
 0            39,418        7,399        15,719      0
 1            1,670         1,764        2,162       0
 2            1,663         1,799        2,271       0
 3            1,668         1,928        2,231       0
 Overall      44,420        6,772 (wtd)  14,199 (wtd) 0

 + PER-VALIDATOR QUORUM TIMING (ms):
                    mean            p95             std      
 Validator       delay    lat    delay    lat    delay    lat
 0                 241     20      351    136       56     47
 1                   0    108        0    112        0      4
 2                   0    106        0    109        0      1
 3                   0    106        0    109        0      4

 + PER-STAGE LATENCY BREAKDOWN (mean, ms):
   Stage                            All
   Client -> Worker:                511
   Worker -> Batch seal:             83
   Batch seal -> Quorum:            223
   Quorum -> Processed:              11
   Processed -> Header:             153
   Header -> Certified:             200
   Certified -> Committed:        3,587
   Sum:                           4,767
   (n=)                          10,337
-----------------------------------------
CMD: NODES=4 WORKER_BANDWIDTHS_MBPS=600,600,600,600 RATE_WEIGHTS=27,1,1,1 E_SKEW_WEIGHTS=1,1,1 BASELINE=1 NEW_SCHEDULER=0 NO_SEND_PAYMENT=1 NUM_EXECUTORS=3 RATE=62000 DURATION=180 WARMUP=30 IN_MEMORY_STORE=1 fab docker --cpus-per-validator=8 --latency=100ms --primary-bw=300mbit
[92mStarting Docker benchmark[0m
Setting up testbed...
Docker image up to date, skipping build.
Starting containers...
Waiting for all containers to be ready...
All containers ready.
Running benchmark (180 sec)...
Stopping containers...
Parsing logs...

-----------------------------------------
 SUMMARY:
-----------------------------------------
 + CONFIG:
 Committee size: 4 node(s)
 Worker(s) per node: 1 worker(s)
 Input rate: 62,000 tx/s
 Transaction size: 512 B
 Benchmark duration: 180.0 s
 Consensus duration: 136.45 s
 Commit duration: 134.77 s


 + LAST COMMITTED PER VALIDATOR (from primary logs):
 Validator  Time            Round
 0          04:42:32.653      610
 1          04:42:32.628      610
 2          04:42:32.607      610
 3          04:42:32.611      610
 + RESULTS:
 f+1 Commit latency (workers) (mean): 5,487 ms
 f+1 Commit latency (workers) (p50): 2,119 ms
 f+1 Commit latency (workers) (p90): 18,428 ms
 f+1 Commit latency (workers) (p95): 24,874 ms
 f+1 Commit latency (workers) (p99): 30,036 ms
 E2E latency (send -> exec reply) (mean): 6,017 ms
 E2E latency (send -> exec reply) (p50): 2,267 ms
 E2E latency (send -> exec reply) (p90): 20,315 ms
 E2E latency (send -> exec reply) (p95): 27,805 ms
 E2E latency (send -> exec reply) (p99): 33,642 ms

 Consensus TPS: 49,207 tx/s
 Consensus BPS: 25,194,176 B/s
 Committed TPS: 49,821 tx/s
 Committed BPS: 25,508,244 B/s
 E2E TPS: 48,782 tx/s
 E2E duration: 152.2 s

 + VALIDATOR LOAD DISTRIBUTION:
 Validator 0: 5,912,378 tx (88.1%)
 Validator 1: 279,855 tx (4.2%)
 Validator 2: 279,219 tx (4.2%)
 Validator 3: 242,796 tx (3.6%)

 + EXECUTOR LOAD DISTRIBUTION (avg across validators):
 Executor 0: 2,785,254 tx (33.3%)
 Executor 1: 2,788,220 tx (33.4%)
 Executor 2: 2,785,791 tx (33.3%)

 + PER-VALIDATOR COMMIT METRICS:
 Validator    TPS (tx/s)    Mean (ms)    p95 (ms)    Misses
 0            43,871        17,203       29,897      0
 1            2,077         1,904        2,451       0
 2            2,072         1,994        2,577       0
 3            1,802         2,926        11,389      0
 Overall      49,821        15,417 (wtd) 26,948 (wtd) 0

 + PER-VALIDATOR QUORUM TIMING (ms):
                    mean            p95             std      
 Validator       delay    lat    delay    lat    delay    lat
 0                 250     20      353    136       54     47
 1                   0    108        0    111        0      4
 2                   0    108        0    111        0      3
 3                   0    108        0    111        0      2

 + PER-STAGE LATENCY BREAKDOWN (mean, ms):
   Stage                            All
   Client -> Worker:              3,232
   Worker -> Batch seal:             85
   Batch seal -> Quorum:            234
   Quorum -> Processed:              11
   Processed -> Header:             152
   Header -> Certified:             200
   Certified -> Committed:        1,472
   Sum:                           5,386
   (n=)                           9,727
-----------------------------------------
CMD: NODES=4 WORKER_BANDWIDTHS_MBPS=600,600,600,600 RATE_WEIGHTS=27,1,1,1 E_SKEW_WEIGHTS=1,1,1 BASELINE=1 NEW_SCHEDULER=0 NO_SEND_PAYMENT=1 NUM_EXECUTORS=3 RATE=70000 DURATION=180 WARMUP=30 IN_MEMORY_STORE=1 fab docker --cpus-per-validator=8 --latency=100ms --primary-bw=300mbit
[92mStarting Docker benchmark[0m
Setting up testbed...
Docker image up to date, skipping build.
Starting containers...
Waiting for all containers to be ready...
All containers ready.
Running benchmark (180 sec)...
Stopping containers...
Parsing logs...

-----------------------------------------
 SUMMARY:
-----------------------------------------
 + CONFIG:
 Committee size: 4 node(s)
 Worker(s) per node: 1 worker(s)
 Input rate: 70,000 tx/s
 Transaction size: 512 B
 Benchmark duration: 180.0 s
 Consensus duration: 137.13 s
 Commit duration: 134.65 s


 + LAST COMMITTED PER VALIDATOR (from primary logs):
 Validator  Time            Round
 0          04:46:11.337      604
 1          04:46:11.369      604
 2          04:46:11.368      604
 3          04:46:11.369      604
 + RESULTS:
 f+1 Commit latency (workers) (mean): 6,964 ms
 f+1 Commit latency (workers) (p50): 2,178 ms
 f+1 Commit latency (workers) (p90): 24,197 ms
 f+1 Commit latency (workers) (p95): 34,632 ms
 f+1 Commit latency (workers) (p99): 42,960 ms
 E2E latency (send -> exec reply) (mean): 7,597 ms
 E2E latency (send -> exec reply) (p50): 2,382 ms
 E2E latency (send -> exec reply) (p90): 27,103 ms
 E2E latency (send -> exec reply) (p95): 38,392 ms
 E2E latency (send -> exec reply) (p99): 47,433 ms

 Consensus TPS: 49,259 tx/s
 Consensus BPS: 25,220,731 B/s
 Committed TPS: 50,168 tx/s
 Committed BPS: 25,686,196 B/s
 E2E TPS: 48,567 tx/s
 E2E duration: 150.47 s

 + VALIDATOR LOAD DISTRIBUTION:
 Validator 0: 5,887,277 tx (87.2%)
 Validator 1: 315,643 tx (4.7%)
 Validator 2: 235,326 tx (3.5%)
 Validator 3: 316,772 tx (4.7%)

 + EXECUTOR LOAD DISTRIBUTION (avg across validators):
 Executor 0: 2,772,368 tx (33.3%)
 Executor 1: 2,772,260 tx (33.3%)
 Executor 2: 2,770,109 tx (33.3%)

 + PER-VALIDATOR COMMIT METRICS:
 Validator    TPS (tx/s)    Mean (ms)    p95 (ms)    Misses
 0            43,724        24,425       42,944      0
 1            2,344         2,156        2,693       0
 2            1,748         4,180        14,738      0
 3            2,353         1,874        2,432       0
 Overall      50,168        21,622 (wtd) 38,180 (wtd) 0

 + PER-VALIDATOR QUORUM TIMING (ms):
                    mean            p95             std      
 Validator       delay    lat    delay    lat    delay    lat
 0                 263     20      375    136       88     47
 1                   0    109        0    112        0      2
 2                   0    110        0    114        0      2
 3                   0    109        0    113        0      2

 + PER-STAGE LATENCY BREAKDOWN (mean, ms):
   Stage                            All
   Client -> Worker:              4,387
   Worker -> Batch seal:             86
   Batch seal -> Quorum:            246
   Quorum -> Processed:              11
   Processed -> Header:             157
   Header -> Certified:             200
   Certified -> Committed:        1,653
   Sum:                           6,739
   (n=)                           9,128
-----------------------------------------
CMD: NODES=4 WORKER_BANDWIDTHS_MBPS=600,600,600,600 RATE_WEIGHTS=27,1,1,1 E_SKEW_WEIGHTS=1,1,1 BASELINE=1 NEW_SCHEDULER=0 NO_SEND_PAYMENT=1 NUM_EXECUTORS=3 RATE=78000 DURATION=180 WARMUP=30 IN_MEMORY_STORE=1 fab docker --cpus-per-validator=8 --latency=100ms --primary-bw=300mbit
[92mStarting Docker benchmark[0m
Setting up testbed...
Docker image up to date, skipping build.
Starting containers...
Waiting for all containers to be ready...
All containers ready.
Running benchmark (180 sec)...
Stopping containers...
Parsing logs...

-----------------------------------------
 SUMMARY:
-----------------------------------------
 + CONFIG:
 Committee size: 4 node(s)
 Worker(s) per node: 1 worker(s)
 Input rate: 78,000 tx/s
 Transaction size: 512 B
 Benchmark duration: 180.0 s
 Consensus duration: 136.52 s
 Commit duration: 134.63 s


 + LAST COMMITTED PER VALIDATOR (from primary logs):
 Validator  Time            Round
 0          04:49:48.039      602
 1          04:49:48.044      602
 2          04:49:48.005      602
 3          04:49:47.995      602
 + RESULTS:
 f+1 Commit latency (workers) (mean): 7,204 ms
 f+1 Commit latency (workers) (p50): 2,141 ms
 f+1 Commit latency (workers) (p90): 26,160 ms
 f+1 Commit latency (workers) (p95): 40,624 ms
 f+1 Commit latency (workers) (p99): 52,290 ms
 E2E latency (send -> exec reply) (mean): 7,826 ms
 E2E latency (send -> exec reply) (p50): 2,280 ms
 E2E latency (send -> exec reply) (p90): 28,588 ms
 E2E latency (send -> exec reply) (p95): 45,487 ms
 E2E latency (send -> exec reply) (p99): 58,256 ms

 Consensus TPS: 50,541 tx/s
 Consensus BPS: 25,876,957 B/s
 Committed TPS: 51,248 tx/s
 Committed BPS: 26,239,066 B/s
 E2E TPS: 49,213 tx/s
 E2E duration: 151.08 s

 + VALIDATOR LOAD DISTRIBUTION:
 Validator 0: 5,867,905 tx (85.0%)
 Validator 1: 350,531 tx (5.1%)
 Validator 2: 330,202 tx (4.8%)
 Validator 3: 351,109 tx (5.1%)

 + EXECUTOR LOAD DISTRIBUTION (avg across validators):
 Executor 0: 2,862,572 tx (33.3%)
 Executor 1: 2,861,562 tx (33.3%)
 Executor 2: 2,862,118 tx (33.3%)

 + PER-VALIDATOR COMMIT METRICS:
 Validator    TPS (tx/s)    Mean (ms)    p95 (ms)    Misses
 0            43,584        30,436       52,670      0
 1            2,604         2,124        2,626       0
 2            2,453         3,122        11,012      0
 3            2,608         2,049        2,647       0
 Overall      51,248        26,246 (wtd) 45,589 (wtd) 0

 + PER-VALIDATOR QUORUM TIMING (ms):
                    mean            p95             std      
 Validator       delay    lat    delay    lat    delay    lat
 0                 257     20      358    135       54     45
 1                   0    110        0    115        0      2
 2                   0    110        0    116        0      3
 3                   0    110        0    113        0      2

 + PER-STAGE LATENCY BREAKDOWN (mean, ms):
   Stage                            All
   Client -> Worker:              4,835
   Worker -> Batch seal:             88
   Batch seal -> Quorum:            239
   Quorum -> Processed:              10
   Processed -> Header:             149
   Header -> Certified:             200
   Certified -> Committed:        1,426
   Sum:                           6,947
   (n=)                           9,422
-----------------------------------------
CMD: NODES=4 WORKER_BANDWIDTHS_MBPS=600,600,600,600 RATE_WEIGHTS=4.5,1,1,1 E_SKEW_WEIGHTS=1,1,1 BASELINE=1 NEW_SCHEDULER=0 NO_SEND_PAYMENT=1 NUM_EXECUTORS=3 RATE=30000 DURATION=180 WARMUP=30 IN_MEMORY_STORE=1 fab docker --cpus-per-validator=8 --latency=100ms --primary-bw=300mbit
[92mStarting Docker benchmark[0m
Setting up testbed...
Docker image up to date, skipping build.
Starting containers...
Waiting for all containers to be ready...
All containers ready.
Running benchmark (180 sec)...
Stopping containers...
Parsing logs...

-----------------------------------------
 SUMMARY:
-----------------------------------------
 + CONFIG:
 Committee size: 4 node(s)
 Worker(s) per node: 1 worker(s)
 Input rate: 30,000 tx/s
 Transaction size: 512 B
 Benchmark duration: 180.0 s
 Consensus duration: 136.48 s
 Commit duration: 134.59 s


 + LAST COMMITTED PER VALIDATOR (from primary logs):
 Validator  Time            Round
 0          04:53:28.228      608
 1          04:53:28.257      608
 2          04:53:28.227      608
 3          04:53:28.277      608
 + RESULTS:
 f+1 Commit latency (workers) (mean): 1,952 ms
 f+1 Commit latency (workers) (p50): 1,947 ms
 f+1 Commit latency (workers) (p90): 2,312 ms
 f+1 Commit latency (workers) (p95): 2,421 ms
 f+1 Commit latency (workers) (p99): 2,541 ms
 E2E latency (send -> exec reply) (mean): 2,058 ms
 E2E latency (send -> exec reply) (p50): 2,061 ms
 E2E latency (send -> exec reply) (p90): 2,379 ms
 E2E latency (send -> exec reply) (p95): 2,459 ms
 E2E latency (send -> exec reply) (p99): 2,577 ms

 Consensus TPS: 29,720 tx/s
 Consensus BPS: 15,216,754 B/s
 Committed TPS: 30,136 tx/s
 Committed BPS: 15,429,641 B/s
 E2E TPS: 29,628 tx/s
 E2E duration: 149.79 s

 + VALIDATOR LOAD DISTRIBUTION:
 Validator 0: 2,438,592 tx (60.1%)
 Validator 1: 537,721 tx (13.3%)
 Validator 2: 539,784 tx (13.3%)
 Validator 3: 540,000 tx (13.3%)

 + EXECUTOR LOAD DISTRIBUTION (avg across validators):
 Executor 0: 1,624,296 tx (33.3%)
 Executor 1: 1,624,548 tx (33.3%)
 Executor 2: 1,623,298 tx (33.3%)

 + PER-VALIDATOR COMMIT METRICS:
 Validator    TPS (tx/s)    Mean (ms)    p95 (ms)    Misses
 0            18,118        1,899        2,456       0
 1            3,995         1,823        2,332       0
 2            4,010         2,018        2,448       0
 3            4,012         1,971        2,387       0
 Overall      30,136        1,914 (wtd)  2,429 (wtd) 0

 + PER-VALIDATOR QUORUM TIMING (ms):
                    mean            p95             std      
 Validator       delay    lat    delay    lat    delay    lat
 0                 161     52      195    100       23     44
 1                   0    117        0    122        0      3
 2                   0    116        0    121        2      2
 3                   0    115        0    118        0      2

 + PER-STAGE LATENCY BREAKDOWN (mean, ms):
   Stage                            All
   Client -> Worker:                  3
   Worker -> Batch seal:             85
   Batch seal -> Quorum:            173
   Quorum -> Processed:               3
   Processed -> Header:             151
   Header -> Certified:             200
   Certified -> Committed:        1,323
   Sum:                           1,938
   (n=)                          10,635
-----------------------------------------
CMD: NODES=4 WORKER_BANDWIDTHS_MBPS=600,600,600,600 RATE_WEIGHTS=4.5,1,1,1 E_SKEW_WEIGHTS=1,1,1 BASELINE=1 NEW_SCHEDULER=0 NO_SEND_PAYMENT=1 NUM_EXECUTORS=3 RATE=50000 DURATION=180 WARMUP=30 IN_MEMORY_STORE=1 fab docker --cpus-per-validator=8 --latency=100ms --primary-bw=300mbit
[92mStarting Docker benchmark[0m
Setting up testbed...
Docker image up to date, skipping build.
Starting containers...
Waiting for all containers to be ready...
All containers ready.
Running benchmark (180 sec)...
Stopping containers...
Parsing logs...

-----------------------------------------
 SUMMARY:
-----------------------------------------
 + CONFIG:
 Committee size: 4 node(s)
 Worker(s) per node: 1 worker(s)
 Input rate: 50,000 tx/s
 Transaction size: 512 B
 Benchmark duration: 180.0 s
 Consensus duration: 136.52 s
 Commit duration: 134.9 s


 + LAST COMMITTED PER VALIDATOR (from primary logs):
 Validator  Time            Round
 0          04:57:04.256      610
 1          04:57:04.256      610
 2          04:57:04.305      610
 3          04:57:04.305      610
 + RESULTS:
 f+1 Commit latency (workers) (mean): 2,170 ms
 f+1 Commit latency (workers) (p50): 1,959 ms
 f+1 Commit latency (workers) (p90): 2,329 ms
 f+1 Commit latency (workers) (p95): 2,464 ms
 f+1 Commit latency (workers) (p99): 12,069 ms
 E2E latency (send -> exec reply) (mean): 2,366 ms
 E2E latency (send -> exec reply) (p50): 2,159 ms
 E2E latency (send -> exec reply) (p90): 2,490 ms
 E2E latency (send -> exec reply) (p95): 2,624 ms
 E2E latency (send -> exec reply) (p99): 11,987 ms

 Consensus TPS: 49,260 tx/s
 Consensus BPS: 25,221,070 B/s
 Committed TPS: 49,852 tx/s
 Committed BPS: 25,524,143 B/s
 E2E TPS: 49,171 tx/s
 E2E duration: 150.88 s

 + VALIDATOR LOAD DISTRIBUTION:
 Validator 0: 4,049,547 tx (60.2%)
 Validator 1: 903,666 tx (13.4%)
 Validator 2: 898,121 tx (13.4%)
 Validator 3: 873,480 tx (13.0%)

 + EXECUTOR LOAD DISTRIBUTION (avg across validators):
 Executor 0: 2,711,948 tx (33.3%)
 Executor 1: 2,710,941 tx (33.3%)
 Executor 2: 2,714,698 tx (33.4%)

 + PER-VALIDATOR COMMIT METRICS:
 Validator    TPS (tx/s)    Mean (ms)    p95 (ms)    Misses
 0            30,020        2,062        2,456       0
 1            6,699         1,790        2,332       0
 2            6,658         1,759        2,150       0
 3            6,475         2,902        10,814      0
 Overall      49,852        2,094 (wtd)  3,484 (wtd) 0

 + PER-VALIDATOR QUORUM TIMING (ms):
                    mean            p95             std      
 Validator       delay    lat    delay    lat    delay    lat
 0                 178     30      238    106       31     45
 1                   2    120       19    137        8      7
 2                   2    122       18    137        8      7
 3                   2    121       21    136        8      7

 + PER-STAGE LATENCY BREAKDOWN (mean, ms):
   Stage                            All
   Client -> Worker:                  6
   Worker -> Batch seal:             61
   Batch seal -> Quorum:            177
   Quorum -> Processed:               5
   Processed -> Header:             152
   Header -> Certified:             200
   Certified -> Committed:        1,509
   Sum:                           2,110
   (n=)                          10,587
-----------------------------------------
CMD: NODES=4 WORKER_BANDWIDTHS_MBPS=600,600,600,600 RATE_WEIGHTS=4.5,1,1,1 E_SKEW_WEIGHTS=1,1,1 BASELINE=1 NEW_SCHEDULER=0 NO_SEND_PAYMENT=1 NUM_EXECUTORS=3 RATE=68000 DURATION=180 WARMUP=30 IN_MEMORY_STORE=1 fab docker --cpus-per-validator=8 --latency=100ms --primary-bw=300mbit
[92mStarting Docker benchmark[0m
Setting up testbed...
Docker image up to date, skipping build.
Starting containers...
Waiting for all containers to be ready...
All containers ready.
Running benchmark (180 sec)...
Stopping containers...
Parsing logs...

-----------------------------------------
 SUMMARY:
-----------------------------------------
 + CONFIG:
 Committee size: 4 node(s)
 Worker(s) per node: 1 worker(s)
 Input rate: 68,000 tx/s
 Transaction size: 512 B
 Benchmark duration: 180.0 s
 Consensus duration: 136.47 s
 Commit duration: 134.71 s


 + LAST COMMITTED PER VALIDATOR (from primary logs):
 Validator  Time            Round
 0          05:00:42.322      606
 1          05:00:41.777      604
 2          05:00:41.752      604
 3          05:00:41.751      604
 + RESULTS:
 f+1 Commit latency (workers) (mean): 2,425 ms
 f+1 Commit latency (workers) (p50): 2,040 ms
 f+1 Commit latency (workers) (p90): 2,769 ms
 f+1 Commit latency (workers) (p95): 4,079 ms
 f+1 Commit latency (workers) (p99): 13,134 ms
 E2E latency (send -> exec reply) (mean): 3,026 ms
 E2E latency (send -> exec reply) (p50): 2,305 ms
 E2E latency (send -> exec reply) (p90): 5,306 ms
 E2E latency (send -> exec reply) (p95): 7,033 ms
 E2E latency (send -> exec reply) (p99): 14,540 ms

 Consensus TPS: 66,305 tx/s
 Consensus BPS: 33,948,020 B/s
 Committed TPS: 67,171 tx/s
 Committed BPS: 34,391,545 B/s
 E2E TPS: 66,191 tx/s
 E2E duration: 150.8 s

 + VALIDATOR LOAD DISTRIBUTION:
 Validator 0: 5,379,680 tx (59.5%)
 Validator 1: 1,226,858 tx (13.6%)
 Validator 2: 1,218,490 tx (13.5%)
 Validator 3: 1,223,777 tx (13.5%)

 + EXECUTOR LOAD DISTRIBUTION (avg across validators):
 Executor 0: 3,658,166 tx (33.3%)
 Executor 1: 3,657,128 tx (33.3%)
 Executor 2: 3,657,017 tx (33.3%)

 + PER-VALIDATOR COMMIT METRICS:
 Validator    TPS (tx/s)    Mean (ms)    p95 (ms)    Misses
 0            39,934        3,635        11,459      0
 1            9,107         1,842        2,373       0
 2            9,045         1,935        2,491       0
 3            9,084         1,954        2,245       0
 Overall      67,171        2,935 (wtd)  7,773 (wtd) 0

 + PER-VALIDATOR QUORUM TIMING (ms):
                    mean            p95             std      
 Validator       delay    lat    delay    lat    delay    lat
 0                 233     21      343    126       58     44
 1                  76    104      165    138       51     21
 2                  90    105      151    138       48     21
 3                  77    104      150    138       47     22

 + PER-STAGE LATENCY BREAKDOWN (mean, ms):
   Stage                            All
   Client -> Worker:                 57
   Worker -> Batch seal:             46
   Batch seal -> Quorum:            230
   Quorum -> Processed:               8
   Processed -> Header:             155
   Header -> Certified:             200
   Certified -> Committed:        2,166
   Sum:                           2,861
   (n=)                          10,579
-----------------------------------------
CMD: NODES=4 WORKER_BANDWIDTHS_MBPS=600,600,600,600 RATE_WEIGHTS=4.5,1,1,1 E_SKEW_WEIGHTS=1,1,1 BASELINE=1 NEW_SCHEDULER=0 NO_SEND_PAYMENT=1 NUM_EXECUTORS=3 RATE=80000 DURATION=180 WARMUP=30 IN_MEMORY_STORE=1 fab docker --cpus-per-validator=8 --latency=100ms --primary-bw=300mbit
[92mStarting Docker benchmark[0m
Setting up testbed...
Docker image up to date, skipping build.
Starting containers...
Waiting for all containers to be ready...
All containers ready.
Running benchmark (180 sec)...
Stopping containers...
Parsing logs...

-----------------------------------------
 SUMMARY:
-----------------------------------------
 + CONFIG:
 Committee size: 4 node(s)
 Worker(s) per node: 1 worker(s)
 Input rate: 80,000 tx/s
 Transaction size: 512 B
 Benchmark duration: 180.0 s
 Consensus duration: 136.48 s
 Commit duration: 134.65 s


 + LAST COMMITTED PER VALIDATOR (from primary logs):
 Validator  Time            Round
 0          05:04:17.476      604
 1          05:04:17.470      604
 2          05:04:17.464      604
 3          05:04:17.509      604
 + RESULTS:
 f+1 Commit latency (workers) (mean): 3,736 ms
 f+1 Commit latency (workers) (p50): 2,203 ms
 f+1 Commit latency (workers) (p90): 10,072 ms
 f+1 Commit latency (workers) (p95): 13,052 ms
 f+1 Commit latency (workers) (p99): 15,726 ms
 E2E latency (send -> exec reply) (mean): 4,182 ms
 E2E latency (send -> exec reply) (p50): 2,419 ms
 E2E latency (send -> exec reply) (p90): 11,254 ms
 E2E latency (send -> exec reply) (p95): 14,799 ms
 E2E latency (send -> exec reply) (p99): 17,746 ms

 Consensus TPS: 73,843 tx/s
 Consensus BPS: 37,807,485 B/s
 Committed TPS: 74,848 tx/s
 Committed BPS: 38,322,177 B/s
 E2E TPS: 73,681 tx/s
 E2E duration: 150.45 s

 + VALIDATOR LOAD DISTRIBUTION:
 Validator 0: 5,760,344 tx (57.2%)
 Validator 1: 1,441,140 tx (14.3%)
 Validator 2: 1,436,984 tx (14.3%)
 Validator 3: 1,439,516 tx (14.3%)

 + EXECUTOR LOAD DISTRIBUTION (avg across validators):
 Executor 0: 4,090,614 tx (33.3%)
 Executor 1: 4,087,674 tx (33.3%)
 Executor 2: 4,088,530 tx (33.3%)

 + PER-VALIDATOR COMMIT METRICS:
 Validator    TPS (tx/s)    Mean (ms)    p95 (ms)    Misses
 0            42,781        9,142        15,555      0
 1            10,703        1,934        2,504       0
 2            10,672        2,123        2,532       0
 3            10,691        2,124        2,519       0
 Overall      74,848        6,108 (wtd)  9,970 (wtd) 0

 + PER-VALIDATOR QUORUM TIMING (ms):
                    mean            p95             std      
 Validator       delay    lat    delay    lat    delay    lat
 0                 280     20      393    130       63     45
 1                 168     89      201    118       29     30
 2                 172     89      202    123       30     30
 3                 162     89      201    119       29     30

 + PER-STAGE LATENCY BREAKDOWN (mean, ms):
   Stage                            All
   Client -> Worker:              1,671
   Worker -> Batch seal:             41
   Batch seal -> Quorum:            285
   Quorum -> Processed:               8
   Processed -> Header:             150
   Header -> Certified:             200
   Certified -> Committed:        1,275
   Sum:                           3,630
   (n=)                          10,343
-----------------------------------------
CMD: NODES=4 WORKER_BANDWIDTHS_MBPS=600,600,600,600 RATE_WEIGHTS=4.5,1,1,1 E_SKEW_WEIGHTS=1,1,1 BASELINE=1 NEW_SCHEDULER=0 NO_SEND_PAYMENT=1 NUM_EXECUTORS=3 RATE=90000 DURATION=180 WARMUP=30 IN_MEMORY_STORE=1 fab docker --cpus-per-validator=8 --latency=100ms --primary-bw=300mbit
[92mStarting Docker benchmark[0m
Setting up testbed...
Docker image up to date, skipping build.
Starting containers...
Waiting for all containers to be ready...
All containers ready.
Running benchmark (180 sec)...
Stopping containers...
Parsing logs...

-----------------------------------------
 SUMMARY:
-----------------------------------------
 + CONFIG:
 Committee size: 4 node(s)
 Worker(s) per node: 1 worker(s)
 Input rate: 90,000 tx/s
 Transaction size: 512 B
 Benchmark duration: 180.0 s
 Consensus duration: 136.39 s
 Commit duration: 134.55 s


 + LAST COMMITTED PER VALIDATOR (from primary logs):
 Validator  Time            Round
 0          05:08:00.727      606
 1          05:08:00.747      606
 2          05:08:00.734      606
 3          05:08:00.744      606
 + RESULTS:
 f+1 Commit latency (workers) (mean): 5,101 ms
 f+1 Commit latency (workers) (p50): 2,180 ms
 f+1 Commit latency (workers) (p90): 16,941 ms
 f+1 Commit latency (workers) (p95): 23,893 ms
 f+1 Commit latency (workers) (p99): 29,537 ms
 E2E latency (send -> exec reply) (mean): 5,733 ms
 E2E latency (send -> exec reply) (p50): 2,420 ms
 E2E latency (send -> exec reply) (p90): 19,489 ms
 E2E latency (send -> exec reply) (p95): 27,123 ms
 E2E latency (send -> exec reply) (p99): 33,275 ms

 Consensus TPS: 77,536 tx/s
 Consensus BPS: 39,698,272 B/s
 Committed TPS: 78,595 tx/s
 Committed BPS: 40,240,843 B/s
 E2E TPS: 77,093 tx/s
 E2E duration: 151.03 s

 + VALIDATOR LOAD DISTRIBUTION:
 Validator 0: 5,716,072 tx (54.1%)
 Validator 1: 1,622,791 tx (15.3%)
 Validator 2: 1,621,504 tx (15.3%)
 Validator 3: 1,614,958 tx (15.3%)

 + EXECUTOR LOAD DISTRIBUTION (avg across validators):
 Executor 0: 4,325,718 tx (33.4%)
 Executor 1: 4,324,571 tx (33.3%)
 Executor 2: 4,320,369 tx (33.3%)

 + PER-VALIDATOR COMMIT METRICS:
 Validator    TPS (tx/s)    Mean (ms)    p95 (ms)    Misses
 0            42,482        16,555       29,414      0
 1            12,061        1,905        2,407       0
 2            12,051        2,117        2,512       0
 3            12,002        2,116        2,514       0
 Overall      78,595        9,888 (wtd)  17,037 (wtd) 0

 + PER-VALIDATOR QUORUM TIMING (ms):
                    mean            p95             std      
 Validator       delay    lat    delay    lat    delay    lat
 0                 281     20      387    133       60     46
 1                 173     79      202    121       25     37
 2                 169     79      207    119       27     37
 3                 176     78      208    122       27     38

 + PER-STAGE LATENCY BREAKDOWN (mean, ms):
   Stage                            All
   Client -> Worker:              3,040
   Worker -> Batch seal:             36
   Batch seal -> Quorum:            282
   Quorum -> Processed:               9
   Processed -> Header:             154
   Header -> Certified:             200
   Certified -> Committed:        1,282
   Sum:                           5,002
   (n=)                          10,050
-----------------------------------------
CMD: NODES=4 WORKER_BANDWIDTHS_MBPS=600,600,600,600 RATE_WEIGHTS=1,1,1,1 E_SKEW_WEIGHTS=18,1,1 BASELINE=1 NEW_SCHEDULER=0 NO_SEND_PAYMENT=1 NUM_EXECUTORS=3 RATE=20000 DURATION=180 WARMUP=30 IN_MEMORY_STORE=1 fab docker --cpus-per-validator=8 --latency=100ms --primary-bw=300mbit
[92mStarting Docker benchmark[0m
Setting up testbed...
Docker image up to date, skipping build.
Starting containers...
Waiting for all containers to be ready...
All containers ready.
Running benchmark (180 sec)...
Stopping containers...
Parsing logs...

-----------------------------------------
 SUMMARY:
-----------------------------------------
 + CONFIG:
 Committee size: 4 node(s)
 Worker(s) per node: 1 worker(s)
 Input rate: 20,000 tx/s
 Transaction size: 512 B
 Benchmark duration: 180.0 s
 Consensus duration: 135.9 s
 Commit duration: 134.43 s


 + LAST COMMITTED PER VALIDATOR (from primary logs):
 Validator  Time            Round
 0          05:11:41.250      604
 1          05:11:41.250      604
 2          05:11:41.300      604
 3          05:11:41.300      604
 + RESULTS:
 f+1 Commit latency (workers) (mean): 1,975 ms
 f+1 Commit latency (workers) (p50): 1,940 ms
 f+1 Commit latency (workers) (p90): 2,338 ms
 f+1 Commit latency (workers) (p95): 2,476 ms
 f+1 Commit latency (workers) (p99): 3,428 ms
 E2E latency (send -> exec reply) (mean): 2,171 ms
 E2E latency (send -> exec reply) (p50): 2,149 ms
 E2E latency (send -> exec reply) (p90): 2,475 ms
 E2E latency (send -> exec reply) (p95): 2,608 ms
 E2E latency (send -> exec reply) (p99): 3,570 ms

 Consensus TPS: 19,777 tx/s
 Consensus BPS: 10,125,924 B/s
 Committed TPS: 19,993 tx/s
 Committed BPS: 10,236,500 B/s
 E2E TPS: 19,716 tx/s
 E2E duration: 151.28 s

 + VALIDATOR LOAD DISTRIBUTION:
 Validator 0: 672,292 tx (25.0%)
 Validator 1: 671,581 tx (25.0%)
 Validator 2: 671,907 tx (25.0%)
 Validator 3: 671,921 tx (25.0%)

 + EXECUTOR LOAD DISTRIBUTION (avg across validators):
 Executor 0: 2,948,982 tx (90.0%)
 Executor 1: 164,237 tx (5.0%)
 Executor 2: 163,662 tx (5.0%)

 + PER-VALIDATOR COMMIT METRICS:
 Validator    TPS (tx/s)    Mean (ms)    p95 (ms)    Misses
 0            5,001         1,852        2,429       0
 1            4,996         2,190        3,083       0
 2            4,998         1,833        2,384       0
 3            4,998         1,954        2,285       0
 Overall      19,993        1,957 (wtd)  2,545 (wtd) 0

 + PER-VALIDATOR QUORUM TIMING (ms):
                    mean            p95             std      
 Validator       delay    lat    delay    lat    delay    lat
 0                   0    120        0    121        0      1
 1                   0    119        0    121        0      1
 2                   0    119        0    121        0      1
 3                   0    119        0    121        1      2

 + PER-STAGE LATENCY BREAKDOWN (mean, ms):
   Stage                            All
   Client -> Worker:                  2
   Worker -> Batch seal:            100
   Batch seal -> Quorum:            122
   Quorum -> Processed:               2
   Processed -> Header:             151
   Header -> Certified:             200
   Certified -> Committed:        1,378
   Sum:                           1,956
   (n=)                          10,623
-----------------------------------------
CMD: NODES=4 WORKER_BANDWIDTHS_MBPS=600,600,600,600 RATE_WEIGHTS=1,1,1,1 E_SKEW_WEIGHTS=18,1,1 BASELINE=1 NEW_SCHEDULER=0 NO_SEND_PAYMENT=1 NUM_EXECUTORS=3 RATE=38000 DURATION=180 WARMUP=30 IN_MEMORY_STORE=1 fab docker --cpus-per-validator=8 --latency=100ms --primary-bw=300mbit
[92mStarting Docker benchmark[0m
Setting up testbed...
Docker image up to date, skipping build.
Starting containers...
Waiting for all containers to be ready...
All containers ready.
Running benchmark (180 sec)...
Stopping containers...
Parsing logs...

-----------------------------------------
 SUMMARY:
-----------------------------------------
 + CONFIG:
 Committee size: 4 node(s)
 Worker(s) per node: 1 worker(s)
 Input rate: 38,000 tx/s
 Transaction size: 512 B
 Benchmark duration: 180.0 s
 Consensus duration: 136.22 s
 Commit duration: 134.83 s


 + LAST COMMITTED PER VALIDATOR (from primary logs):
 Validator  Time            Round
 0          05:15:19.809      604
 1          05:15:19.770      604
 2          05:15:19.759      604
 3          05:15:19.759      604
 + RESULTS:
 f+1 Commit latency (workers) (mean): 2,380 ms
 f+1 Commit latency (workers) (p50): 2,008 ms
 f+1 Commit latency (workers) (p90): 2,580 ms
 f+1 Commit latency (workers) (p95): 3,985 ms
 f+1 Commit latency (workers) (p99): 12,733 ms
 E2E latency (send -> exec reply) (mean): 3,249 ms
 E2E latency (send -> exec reply) (p50): 2,635 ms
 E2E latency (send -> exec reply) (p90): 4,804 ms
 E2E latency (send -> exec reply) (p95): 5,950 ms
 E2E latency (send -> exec reply) (p99): 13,459 ms

 Consensus TPS: 36,597 tx/s
 Consensus BPS: 18,737,872 B/s
 Committed TPS: 36,973 tx/s
 Committed BPS: 18,930,349 B/s
 E2E TPS: 36,557 tx/s
 E2E duration: 152.53 s

 + VALIDATOR LOAD DISTRIBUTION:
 Validator 0: 1,143,675 tx (22.9%)
 Validator 1: 1,282,751 tx (25.7%)
 Validator 2: 1,279,870 tx (25.7%)
 Validator 3: 1,278,893 tx (25.7%)

 + EXECUTOR LOAD DISTRIBUTION (avg across validators):
 Executor 0: 5,388,044 tx (90.0%)
 Executor 1: 299,427 tx (5.0%)
 Executor 2: 299,204 tx (5.0%)

 + PER-VALIDATOR COMMIT METRICS:
 Validator    TPS (tx/s)    Mean (ms)    p95 (ms)    Misses
 0            8,482         2,792        11,218      0
 1            9,514         1,999        2,628       0
 2            9,492         2,344        6,653       0
 3            9,485         2,248        2,896       0
 Overall      36,973        2,333 (wtd)  5,701 (wtd) 0

 + PER-VALIDATOR QUORUM TIMING (ms):
                    mean            p95             std      
 Validator       delay    lat    delay    lat    delay    lat
 0                  71    100      127    121       37     11
 1                  67    100      127    120       36     12
 2                  53    100      125    121       34     12
 3                  54    100      137    121       40     10

 + PER-STAGE LATENCY BREAKDOWN (mean, ms):
   Stage                            All
   Client -> Worker:                  4
   Worker -> Batch seal:             54
   Batch seal -> Quorum:            164
   Quorum -> Processed:               2
   Processed -> Header:             152
   Header -> Certified:             200
   Certified -> Committed:        1,757
   Sum:                           2,333
   (n=)                          10,393
-----------------------------------------
CMD: NODES=4 WORKER_BANDWIDTHS_MBPS=600,600,600,600 RATE_WEIGHTS=1,1,1,1 E_SKEW_WEIGHTS=18,1,1 BASELINE=1 NEW_SCHEDULER=0 NO_SEND_PAYMENT=1 NUM_EXECUTORS=3 RATE=55000 DURATION=180 WARMUP=30 IN_MEMORY_STORE=1 fab docker --cpus-per-validator=8 --latency=100ms --primary-bw=300mbit
[92mStarting Docker benchmark[0m
Setting up testbed...
Docker image up to date, skipping build.
Starting containers...
Waiting for all containers to be ready...
All containers ready.
Running benchmark (180 sec)...
Stopping containers...
Parsing logs...

-----------------------------------------
 SUMMARY:
-----------------------------------------
 + CONFIG:
 Committee size: 4 node(s)
 Worker(s) per node: 1 worker(s)
 Input rate: 55,000 tx/s
 Transaction size: 512 B
 Benchmark duration: 180.0 s
 Consensus duration: 136.51 s
 Commit duration: 134.77 s


 + LAST COMMITTED PER VALIDATOR (from primary logs):
 Validator  Time            Round
 0          05:18:56.876      600
 1          05:18:57.428      602
 2          05:18:56.873      600
 3          05:18:56.876      600
 + RESULTS:
 f+1 Commit latency (workers) (mean): 2,114 ms
 f+1 Commit latency (workers) (p50): 2,020 ms
 f+1 Commit latency (workers) (p90): 2,512 ms
 f+1 Commit latency (workers) (p95): 2,852 ms
 f+1 Commit latency (workers) (p99): 4,763 ms
 E2E latency (send -> exec reply) (mean): 13,165 ms
 E2E latency (send -> exec reply) (p50): 13,267 ms
 E2E latency (send -> exec reply) (p90): 23,239 ms
 E2E latency (send -> exec reply) (p95): 24,313 ms
 E2E latency (send -> exec reply) (p99): 25,404 ms

 Consensus TPS: 52,934 tx/s
 Consensus BPS: 27,102,142 B/s
 Committed TPS: 53,616 tx/s
 Committed BPS: 27,451,452 B/s
 E2E TPS: 46,027 tx/s
 E2E duration: 150.34 s

 + VALIDATOR LOAD DISTRIBUTION:
 Validator 0: 1,653,651 tx (22.9%)
 Validator 1: 1,859,322 tx (25.7%)
 Validator 2: 1,859,502 tx (25.7%)
 Validator 3: 1,853,369 tx (25.6%)

 + EXECUTOR LOAD DISTRIBUTION (avg across validators):
 Executor 0: 7,302,206 tx (89.5%)
 Executor 1: 426,953 tx (5.2%)
 Executor 2: 426,716 tx (5.2%)

 + PER-VALIDATOR COMMIT METRICS:
 Validator    TPS (tx/s)    Mean (ms)    p95 (ms)    Misses
 0            12,270        2,146        2,632       0
 1            13,796        2,415        3,840       0
 2            13,798        1,844        2,246       0
 3            13,752        1,873        2,338       0
 Overall      53,616        2,068 (wtd)  2,768 (wtd) 0

 + PER-VALIDATOR QUORUM TIMING (ms):
                    mean            p95             std      
 Validator       delay    lat    delay    lat    delay    lat
 0                 160     68      195    109       24     42
 1                 164     68      197    110       24     41
 2                 165     68      199    109       24     41
 3                 161     68      193    107       23     40

 + PER-STAGE LATENCY BREAKDOWN (mean, ms):
   Stage                            All
   Client -> Worker:                  7
   Worker -> Batch seal:             37
   Batch seal -> Quorum:            234
   Quorum -> Processed:               3
   Processed -> Header:             149
   Header -> Certified:             200
   Certified -> Committed:        1,437
   Sum:                           2,067
   (n=)                          10,360
-----------------------------------------
CMD: NODES=4 WORKER_BANDWIDTHS_MBPS=600,600,600,600 RATE_WEIGHTS=1,1,1,1 E_SKEW_WEIGHTS=18,1,1 BASELINE=1 NEW_SCHEDULER=0 NO_SEND_PAYMENT=1 NUM_EXECUTORS=3 RATE=65000 DURATION=180 WARMUP=30 IN_MEMORY_STORE=1 fab docker --cpus-per-validator=8 --latency=100ms --primary-bw=300mbit
[92mStarting Docker benchmark[0m
Setting up testbed...
Docker image up to date, skipping build.
Starting containers...
Waiting for all containers to be ready...
All containers ready.
Running benchmark (180 sec)...
Stopping containers...
Parsing logs...

-----------------------------------------
 SUMMARY:
-----------------------------------------
 + CONFIG:
 Committee size: 4 node(s)
 Worker(s) per node: 1 worker(s)
 Input rate: 65,000 tx/s
 Transaction size: 512 B
 Benchmark duration: 180.0 s
 Consensus duration: 136.72 s
 Commit duration: 134.77 s


 + LAST COMMITTED PER VALIDATOR (from primary logs):
 Validator  Time            Round
 0          05:22:36.594      604
 1          05:22:36.594      604
 2          05:22:36.625      604
 3          05:22:36.644      604
 + RESULTS:
 f+1 Commit latency (workers) (mean): 2,359 ms
 f+1 Commit latency (workers) (p50): 2,088 ms
 f+1 Commit latency (workers) (p90): 2,671 ms
 f+1 Commit latency (workers) (p95): 3,039 ms
 f+1 Commit latency (workers) (p99): 12,162 ms
 E2E latency (send -> exec reply) (mean): 20,315 ms
 E2E latency (send -> exec reply) (p50): 19,530 ms
 E2E latency (send -> exec reply) (p90): 38,917 ms
 E2E latency (send -> exec reply) (p95): 41,421 ms
 E2E latency (send -> exec reply) (p99): 43,442 ms

 Consensus TPS: 63,460 tx/s
 Consensus BPS: 32,491,486 B/s
 Committed TPS: 64,377 tx/s
 Committed BPS: 32,960,874 B/s
 E2E TPS: 46,901 tx/s
 E2E duration: 150.68 s

 + VALIDATOR LOAD DISTRIBUTION:
 Validator 0: 2,197,249 tx (25.3%)
 Validator 1: 2,076,299 tx (23.9%)
 Validator 2: 2,202,455 tx (25.4%)
 Validator 3: 2,200,239 tx (25.4%)

 + EXECUTOR LOAD DISTRIBUTION (avg across validators):
 Executor 0: 7,325,689 tx (88.4%)
 Executor 1: 481,971 tx (5.8%)
 Executor 2: 482,170 tx (5.8%)

 + PER-VALIDATOR COMMIT METRICS:
 Validator    TPS (tx/s)    Mean (ms)    p95 (ms)    Misses
 0            16,303        2,129        2,703       0
 1            15,406        2,808        10,851      0
 2            16,342        2,106        3,472       0
 3            16,326        2,129        2,688       0
 Overall      64,377        2,286 (wtd)  4,844 (wtd) 0

 + PER-VALIDATOR QUORUM TIMING (ms):
                    mean            p95             std      
 Validator       delay    lat    delay    lat    delay    lat
 0                 162     57      194    107       23     43
 1                 166     57      199    106       24     43
 2                 161     57      195    104       24     43
 3                 166     57      199    108       24     45

 + PER-STAGE LATENCY BREAKDOWN (mean, ms):
   Stage                            All
   Client -> Worker:                  9
   Worker -> Batch seal:             34
   Batch seal -> Quorum:            225
   Quorum -> Processed:               3
   Processed -> Header:             150
   Header -> Certified:             200
   Certified -> Committed:        1,667
   Sum:                           2,288
   (n=)                          10,543
-----------------------------------------
CMD: NODES=4 WORKER_BANDWIDTHS_MBPS=600,600,600,600 RATE_WEIGHTS=1,1,1,1 E_SKEW_WEIGHTS=18,1,1 BASELINE=1 NEW_SCHEDULER=0 NO_SEND_PAYMENT=1 NUM_EXECUTORS=3 RATE=73000 DURATION=180 WARMUP=30 IN_MEMORY_STORE=1 fab docker --cpus-per-validator=8 --latency=100ms --primary-bw=300mbit
[92mStarting Docker benchmark[0m
Setting up testbed...
Docker image up to date, skipping build.
Starting containers...
Waiting for all containers to be ready...
All containers ready.
Running benchmark (180 sec)...
Stopping containers...
Parsing logs...

-----------------------------------------
 SUMMARY:
-----------------------------------------
 + CONFIG:
 Committee size: 4 node(s)
 Worker(s) per node: 1 worker(s)
 Input rate: 73,000 tx/s
 Transaction size: 512 B
 Benchmark duration: 180.0 s
 Consensus duration: 144.66 s
 Commit duration: 134.65 s


 + LAST COMMITTED PER VALIDATOR (from primary logs):
 Validator  Time            Round
 0          05:26:12.472      598
 1          05:26:12.472      598
 2          05:26:12.423      598
 3          05:26:12.472      598
 + RESULTS:
 f+1 Commit latency (workers) (mean): 2,177 ms
 f+1 Commit latency (workers) (p50): 2,064 ms
 f+1 Commit latency (workers) (p90): 2,601 ms
 f+1 Commit latency (workers) (p95): 3,122 ms
 f+1 Commit latency (workers) (p99): 4,811 ms
 E2E latency (send -> exec reply) (mean): 29,463 ms
 E2E latency (send -> exec reply) (p50): 28,490 ms
 E2E latency (send -> exec reply) (p90): 52,944 ms
 E2E latency (send -> exec reply) (p95): 55,959 ms
 E2E latency (send -> exec reply) (p99): 57,056 ms

 Consensus TPS: 64,252 tx/s
 Consensus BPS: 32,897,245 B/s
 Committed TPS: 69,028 tx/s
 Committed BPS: 35,342,385 B/s
 E2E TPS: 45,810 tx/s
 E2E duration: 150.97 s

 + VALIDATOR LOAD DISTRIBUTION:
 Validator 0: 1,779,974 tx (19.2%)
 Validator 1: 2,464,697 tx (26.5%)
 Validator 2: 2,468,705 tx (26.6%)
 Validator 3: 2,581,188 tx (27.8%)

 + EXECUTOR LOAD DISTRIBUTION (avg across validators):
 Executor 0: 7,420,356 tx (88.4%)
 Executor 1: 486,368 tx (5.8%)
 Executor 2: 487,139 tx (5.8%)

 + PER-VALIDATOR COMMIT METRICS:
 Validator    TPS (tx/s)    Mean (ms)    p95 (ms)    Misses
 0            13,219        1,817        2,209       0
 1            18,305        2,324        2,847       0
 2            18,334        1,848        2,397       0
 3            19,170        2,174        2,737       0
 Overall      69,028        2,059 (wtd)  2,575 (wtd) 0

 + PER-VALIDATOR QUORUM TIMING (ms):
                    mean            p95             std      
 Validator       delay    lat    delay    lat    delay    lat
 0                 165     51      200    106       24     44
 1                 164     51      198    102       23     43
 2                 166     51      198    102       23     43
 3                 166     51      199    106       23     44

 + PER-STAGE LATENCY BREAKDOWN (mean, ms):
   Stage                            All
   Client -> Worker:                  9
   Worker -> Batch seal:             29
   Batch seal -> Quorum:            220
   Quorum -> Processed:               3
   Processed -> Header:             150
   Header -> Certified:             200
   Certified -> Committed:        1,497
   Sum:                           2,108
   (n=)                           9,902
-----------------------------------------
CMD: NODES=4 WORKER_BANDWIDTHS_MBPS=600,600,600,600 RATE_WEIGHTS=1,1,1,1 E_SKEW_WEIGHTS=3,1,1 BASELINE=1 NEW_SCHEDULER=0 NO_SEND_PAYMENT=1 NUM_EXECUTORS=3 RATE=30000 DURATION=180 WARMUP=30 IN_MEMORY_STORE=1 fab docker --cpus-per-validator=8 --latency=100ms --primary-bw=300mbit
[92mStarting Docker benchmark[0m
Setting up testbed...
Docker image up to date, skipping build.
Starting containers...
Waiting for all containers to be ready...
All containers ready.
Running benchmark (180 sec)...
Stopping containers...
Parsing logs...

-----------------------------------------
 SUMMARY:
-----------------------------------------
 + CONFIG:
 Committee size: 4 node(s)
 Worker(s) per node: 1 worker(s)
 Input rate: 30,000 tx/s
 Transaction size: 512 B
 Benchmark duration: 180.0 s
 Consensus duration: 135.63 s
 Commit duration: 134.19 s


 + LAST COMMITTED PER VALIDATOR (from primary logs):
 Validator  Time            Round
 0          05:29:52.207      604
 1          05:29:52.207      604
 2          05:29:52.207      604
 3          05:29:52.158      604
 + RESULTS:
 f+1 Commit latency (workers) (mean): 2,211 ms
 f+1 Commit latency (workers) (p50): 1,954 ms
 f+1 Commit latency (workers) (p90): 2,441 ms
 f+1 Commit latency (workers) (p95): 2,838 ms
 f+1 Commit latency (workers) (p99): 12,158 ms
 E2E latency (send -> exec reply) (mean): 2,373 ms
 E2E latency (send -> exec reply) (p50): 2,116 ms
 E2E latency (send -> exec reply) (p90): 2,601 ms
 E2E latency (send -> exec reply) (p95): 3,163 ms
 E2E latency (send -> exec reply) (p99): 12,210 ms

 Consensus TPS: 29,264 tx/s
 Consensus BPS: 14,983,393 B/s
 Committed TPS: 29,577 tx/s
 Committed BPS: 15,143,617 B/s
 E2E TPS: 29,243 tx/s
 E2E duration: 151.05 s

 + VALIDATOR LOAD DISTRIBUTION:
 Validator 0: 1,009,165 tx (25.4%)
 Validator 1: 1,005,657 tx (25.3%)
 Validator 2: 1,008,143 tx (25.4%)
 Validator 3: 946,171 tx (23.8%)

 + EXECUTOR LOAD DISTRIBUTION (avg across validators):
 Executor 0: 2,860,722 tx (60.0%)
 Executor 1: 955,045 tx (20.0%)
 Executor 2: 954,389 tx (20.0%)

 + PER-VALIDATOR COMMIT METRICS:
 Validator    TPS (tx/s)    Mean (ms)    p95 (ms)    Misses
 0            7,520         1,769        2,183       0
 1            7,494         2,039        3,354       0
 2            7,513         1,994        2,446       0
 3            7,051         2,974        11,006      0
 Overall      29,577        2,181 (wtd)  4,650 (wtd) 0

 + PER-VALIDATOR QUORUM TIMING (ms):
                    mean            p95             std      
 Validator       delay    lat    delay    lat    delay    lat
 0                   9    115       23    131       11     10
 1                  10    116       24    138       11     10
 2                   9    118       22    138       10     10
 3                   9    115       22    138       11     11

 + PER-STAGE LATENCY BREAKDOWN (mean, ms):
   Stage                            All
   Client -> Worker:                  3
   Worker -> Batch seal:             67
   Batch seal -> Quorum:            128
   Quorum -> Processed:               2
   Processed -> Header:             151
   Header -> Certified:             200
   Certified -> Committed:        1,628
   Sum:                           2,180
   (n=)                          10,479
-----------------------------------------
CMD: NODES=4 WORKER_BANDWIDTHS_MBPS=600,600,600,600 RATE_WEIGHTS=1,1,1,1 E_SKEW_WEIGHTS=3,1,1 BASELINE=1 NEW_SCHEDULER=0 NO_SEND_PAYMENT=1 NUM_EXECUTORS=3 RATE=48000 DURATION=180 WARMUP=30 IN_MEMORY_STORE=1 fab docker --cpus-per-validator=8 --latency=100ms --primary-bw=300mbit
[92mStarting Docker benchmark[0m
Setting up testbed...
Docker image up to date, skipping build.
Starting containers...
Waiting for all containers to be ready...
All containers ready.
Running benchmark (180 sec)...
Stopping containers...
Parsing logs...

-----------------------------------------
 SUMMARY:
-----------------------------------------
 + CONFIG:
 Committee size: 4 node(s)
 Worker(s) per node: 1 worker(s)
 Input rate: 48,000 tx/s
 Transaction size: 512 B
 Benchmark duration: 180.0 s
 Consensus duration: 136.6 s
 Commit duration: 134.6 s


 + LAST COMMITTED PER VALIDATOR (from primary logs):
 Validator  Time            Round
 0          05:33:30.418      604
 1          05:33:30.468      604
 2          05:33:30.468      604
 3          05:33:30.468      604
 + RESULTS:
 f+1 Commit latency (workers) (mean): 2,033 ms
 f+1 Commit latency (workers) (p50): 2,031 ms
 f+1 Commit latency (workers) (p90): 2,370 ms
 f+1 Commit latency (workers) (p95): 2,484 ms
 f+1 Commit latency (workers) (p99): 2,592 ms
 E2E latency (send -> exec reply) (mean): 2,263 ms
 E2E latency (send -> exec reply) (p50): 2,278 ms
 E2E latency (send -> exec reply) (p90): 2,556 ms
 E2E latency (send -> exec reply) (p95): 2,627 ms
 E2E latency (send -> exec reply) (p99): 2,727 ms

 Consensus TPS: 47,474 tx/s
 Consensus BPS: 24,306,943 B/s
 Committed TPS: 48,177 tx/s
 Committed BPS: 24,666,480 B/s
 E2E TPS: 47,257 tx/s
 E2E duration: 150.43 s

 + VALIDATOR LOAD DISTRIBUTION:
 Validator 0: 1,628,659 tx (25.1%)
 Validator 1: 1,618,781 tx (25.0%)
 Validator 2: 1,619,847 tx (25.0%)
 Validator 3: 1,617,492 tx (24.9%)

 + EXECUTOR LOAD DISTRIBUTION (avg across validators):
 Executor 0: 4,694,198 tx (60.0%)
 Executor 1: 1,565,927 tx (20.0%)
 Executor 2: 1,565,103 tx (20.0%)

 + PER-VALIDATOR COMMIT METRICS:
 Validator    TPS (tx/s)    Mean (ms)    p95 (ms)    Misses
 0            12,100        1,956        2,519       0
 1            12,026        1,841        2,237       0
 2            12,034        2,055        2,440       0
 3            12,017        2,145        2,533       0
 Overall      48,177        1,999 (wtd)  2,432 (wtd) 0

 + PER-VALIDATOR QUORUM TIMING (ms):
                    mean            p95             std      
 Validator       delay    lat    delay    lat    delay    lat
 0                 160     79      192    107       23     36
 1                 166     79      199    109       24     37
 2                 163     79      196    106       23     36
 3                 159     79      193    106       23     36

 + PER-STAGE LATENCY BREAKDOWN (mean, ms):
   Stage                            All
   Client -> Worker:                  5
   Worker -> Batch seal:             42
   Batch seal -> Quorum:            244
   Quorum -> Processed:               3
   Processed -> Header:             147
   Header -> Certified:             200
   Certified -> Committed:        1,359
   Sum:                           2,000
   (n=)                          10,634
-----------------------------------------
CMD: NODES=4 WORKER_BANDWIDTHS_MBPS=600,600,600,600 RATE_WEIGHTS=1,1,1,1 E_SKEW_WEIGHTS=3,1,1 BASELINE=1 NEW_SCHEDULER=0 NO_SEND_PAYMENT=1 NUM_EXECUTORS=3 RATE=62000 DURATION=180 WARMUP=30 IN_MEMORY_STORE=1 fab docker --cpus-per-validator=8 --latency=100ms --primary-bw=300mbit
[92mStarting Docker benchmark[0m
Setting up testbed...
Docker image up to date, skipping build.
Starting containers...
Waiting for all containers to be ready...
All containers ready.
Running benchmark (180 sec)...
Stopping containers...
Parsing logs...

-----------------------------------------
 SUMMARY:
-----------------------------------------
 + CONFIG:
 Committee size: 4 node(s)
 Worker(s) per node: 1 worker(s)
 Input rate: 62,000 tx/s
 Transaction size: 512 B
 Benchmark duration: 180.0 s
 Consensus duration: 136.46 s
 Commit duration: 134.8 s


 + LAST COMMITTED PER VALIDATOR (from primary logs):
 Validator  Time            Round
 0          05:37:07.590      600
 1          05:37:07.590      600
 2          05:37:07.590      600
 3          05:37:07.590      600
 + RESULTS:
 f+1 Commit latency (workers) (mean): 2,186 ms
 f+1 Commit latency (workers) (p50): 2,019 ms
 f+1 Commit latency (workers) (p90): 2,404 ms
 f+1 Commit latency (workers) (p95): 2,540 ms
 f+1 Commit latency (workers) (p99): 9,017 ms
 E2E latency (send -> exec reply) (mean): 2,841 ms
 E2E latency (send -> exec reply) (p50): 2,410 ms
 E2E latency (send -> exec reply) (p90): 4,589 ms
 E2E latency (send -> exec reply) (p95): 5,005 ms
 E2E latency (send -> exec reply) (p99): 9,529 ms

 Consensus TPS: 61,328 tx/s
 Consensus BPS: 31,399,698 B/s
 Committed TPS: 62,086 tx/s
 Committed BPS: 31,788,007 B/s
 E2E TPS: 61,076 tx/s
 E2E duration: 149.49 s

 + VALIDATOR LOAD DISTRIBUTION:
 Validator 0: 2,091,889 tx (25.0%)
 Validator 1: 2,087,634 tx (24.9%)
 Validator 2: 2,096,938 tx (25.1%)
 Validator 3: 2,092,601 tx (25.0%)

 + EXECUTOR LOAD DISTRIBUTION (avg across validators):
 Executor 0: 5,958,094 tx (59.7%)
 Executor 1: 2,010,436 tx (20.2%)
 Executor 2: 2,008,160 tx (20.1%)

 + PER-VALIDATOR COMMIT METRICS:
 Validator    TPS (tx/s)    Mean (ms)    p95 (ms)    Misses
 0            15,519        2,866        8,264       0
 1            15,487        1,804        2,202       0
 2            15,556        1,882        2,434       0
 3            15,524        1,984        2,263       0
 Overall      62,086        2,134 (wtd)  3,791 (wtd) 0

 + PER-VALIDATOR QUORUM TIMING (ms):
                    mean            p95             std      
 Validator       delay    lat    delay    lat    delay    lat
 0                 165     60      199    107       25     44
 1                 161     60      195    108       24     43
 2                 166     60      198    107       23     43
 3                 161     60      197    110       24     43

 + PER-STAGE LATENCY BREAKDOWN (mean, ms):
   Stage                            All
   Client -> Worker:                  8
   Worker -> Batch seal:             34
   Batch seal -> Quorum:            227
   Quorum -> Processed:               3
   Processed -> Header:             150
   Header -> Certified:             200
   Certified -> Committed:        1,510
   Sum:                           2,132
   (n=)                          10,651
-----------------------------------------
CMD: NODES=4 WORKER_BANDWIDTHS_MBPS=600,600,600,600 RATE_WEIGHTS=1,1,1,1 E_SKEW_WEIGHTS=3,1,1 BASELINE=1 NEW_SCHEDULER=0 NO_SEND_PAYMENT=1 NUM_EXECUTORS=3 RATE=73000 DURATION=180 WARMUP=30 IN_MEMORY_STORE=1 fab docker --cpus-per-validator=8 --latency=100ms --primary-bw=300mbit
[92mStarting Docker benchmark[0m
Setting up testbed...
Docker image up to date, skipping build.
Starting containers...
Waiting for all containers to be ready...
All containers ready.
Running benchmark (180 sec)...
Stopping containers...
Parsing logs...

-----------------------------------------
 SUMMARY:
-----------------------------------------
 + CONFIG:
 Committee size: 4 node(s)
 Worker(s) per node: 1 worker(s)
 Input rate: 73,000 tx/s
 Transaction size: 512 B
 Benchmark duration: 180.0 s
 Consensus duration: 136.44 s
 Commit duration: 134.99 s


 + LAST COMMITTED PER VALIDATOR (from primary logs):
 Validator  Time            Round
 0          05:40:45.257      612
 1          05:40:45.264      612
 2          05:40:45.306      612
 3          05:40:45.257      612
 + RESULTS:
 f+1 Commit latency (workers) (mean): 2,012 ms
 f+1 Commit latency (workers) (p50): 2,012 ms
 f+1 Commit latency (workers) (p90): 2,330 ms
 f+1 Commit latency (workers) (p95): 2,426 ms
 f+1 Commit latency (workers) (p99): 2,529 ms
 E2E latency (send -> exec reply) (mean): 5,150 ms
 E2E latency (send -> exec reply) (p50): 4,187 ms
 E2E latency (send -> exec reply) (p90): 10,127 ms
 E2E latency (send -> exec reply) (p95): 10,876 ms
 E2E latency (send -> exec reply) (p99): 11,549 ms

 Consensus TPS: 72,235 tx/s
 Consensus BPS: 36,984,508 B/s
 Committed TPS: 73,011 tx/s
 Committed BPS: 37,381,773 B/s
 E2E TPS: 69,257 tx/s
 E2E duration: 152.5 s

 + VALIDATOR LOAD DISTRIBUTION:
 Validator 0: 2,458,459 tx (24.9%)
 Validator 1: 2,470,904 tx (25.1%)
 Validator 2: 2,463,111 tx (25.0%)
 Validator 3: 2,463,464 tx (25.0%)

 + EXECUTOR LOAD DISTRIBUTION (avg across validators):
 Executor 0: 7,213,145 tx (60.0%)
 Executor 1: 2,408,815 tx (20.0%)
 Executor 2: 2,403,356 tx (20.0%)

 + PER-VALIDATOR COMMIT METRICS:
 Validator    TPS (tx/s)    Mean (ms)    p95 (ms)    Misses
 0            18,212        1,811        2,214       0
 1            18,304        1,900        2,448       0
 2            18,246        2,071        2,455       0
 3            18,249        2,027        2,395       0
 Overall      73,011        1,952 (wtd)  2,378 (wtd) 0

 + PER-VALIDATOR QUORUM TIMING (ms):
                    mean            p95             std      
 Validator       delay    lat    delay    lat    delay    lat
 0                 165     51      201    109       25     43
 1                 167     51      202    109       24     43
 2                 166     51      201    106       24     44
 3                 165     51      204    111       26     44

 + PER-STAGE LATENCY BREAKDOWN (mean, ms):
   Stage                            All
   Client -> Worker:                 10
   Worker -> Batch seal:             29
   Batch seal -> Quorum:            220
   Quorum -> Processed:               3
   Processed -> Header:             150
   Header -> Certified:             200
   Certified -> Committed:        1,340
   Sum:                           1,952
   (n=)                          10,668
-----------------------------------------
CMD: NODES=4 WORKER_BANDWIDTHS_MBPS=600,600,600,600 RATE_WEIGHTS=1,1,1,1 E_SKEW_WEIGHTS=3,1,1 BASELINE=1 NEW_SCHEDULER=0 NO_SEND_PAYMENT=1 NUM_EXECUTORS=3 RATE=82000 DURATION=180 WARMUP=30 IN_MEMORY_STORE=1 fab docker --cpus-per-validator=8 --latency=100ms --primary-bw=300mbit
[92mStarting Docker benchmark[0m
Setting up testbed...
Docker image up to date, skipping build.
Starting containers...
Waiting for all containers to be ready...
All containers ready.
Running benchmark (180 sec)...
Stopping containers...
Parsing logs...

-----------------------------------------
 SUMMARY:
-----------------------------------------
 + CONFIG:
 Committee size: 4 node(s)
 Worker(s) per node: 1 worker(s)
 Input rate: 82,000 tx/s
 Transaction size: 512 B
 Benchmark duration: 180.0 s
 Consensus duration: 136.46 s
 Commit duration: 134.47 s


 + LAST COMMITTED PER VALIDATOR (from primary logs):
 Validator  Time            Round
 0          05:44:26.654      600
 1          05:44:26.654      600
 2          05:44:26.605      600
 3          05:44:26.605      600
 + RESULTS:
 f+1 Commit latency (workers) (mean): 2,059 ms
 f+1 Commit latency (workers) (p50): 2,026 ms
 f+1 Commit latency (workers) (p90): 2,391 ms
 f+1 Commit latency (workers) (p95): 2,506 ms
 f+1 Commit latency (workers) (p99): 3,275 ms
 E2E latency (send -> exec reply) (mean): 9,273 ms
 E2E latency (send -> exec reply) (p50): 5,228 ms
 E2E latency (send -> exec reply) (p90): 22,679 ms
 E2E latency (send -> exec reply) (p95): 25,043 ms
 E2E latency (send -> exec reply) (p99): 26,372 ms

 Consensus TPS: 81,084 tx/s
 Consensus BPS: 41,515,112 B/s
 Committed TPS: 82,279 tx/s
 Committed BPS: 42,126,995 B/s
 E2E TPS: 72,463 tx/s
 E2E duration: 150.99 s

 + VALIDATOR LOAD DISTRIBUTION:
 Validator 0: 2,759,175 tx (24.9%)
 Validator 1: 2,775,744 tx (25.1%)
 Validator 2: 2,768,087 tx (25.0%)
 Validator 3: 2,761,501 tx (25.0%)

 + EXECUTOR LOAD DISTRIBUTION (avg across validators):
 Executor 0: 7,263,500 tx (57.7%)
 Executor 1: 2,662,336 tx (21.2%)
 Executor 2: 2,660,841 tx (21.1%)

 + PER-VALIDATOR COMMIT METRICS:
 Validator    TPS (tx/s)    Mean (ms)    p95 (ms)    Misses
 0            20,518        1,804        2,208       0
 1            20,641        1,797        2,207       0
 2            20,584        2,162        2,527       0
 3            20,535        2,201        3,035       0
 Overall      82,279        1,991 (wtd)  2,494 (wtd) 0

 + PER-VALIDATOR QUORUM TIMING (ms):
                    mean            p95             std      
 Validator       delay    lat    delay    lat    delay    lat
 0                 171     45      216    109       28     44
 1                 172     45      217    112       27     43
 2                 172     45      220    113       28     45
 3                 171     45      219    114       28     45

 + PER-STAGE LATENCY BREAKDOWN (mean, ms):
   Stage                            All
   Client -> Worker:                 13
   Worker -> Batch seal:             27
   Batch seal -> Quorum:            220
   Quorum -> Processed:               4
   Processed -> Header:             153
   Header -> Certified:             200
   Certified -> Committed:        1,374
   Sum:                           1,991
   (n=)                          10,625
-----------------------------------------
CMD: NODES=4 WORKER_BANDWIDTHS_MBPS=600,600,600,600 RATE_WEIGHTS=1,1,1,1 E_SKEW_WEIGHTS=3,1,1 BASELINE=1 NEW_SCHEDULER=0 NO_SEND_PAYMENT=1 NUM_EXECUTORS=3 RATE=88000 DURATION=180 WARMUP=30 IN_MEMORY_STORE=1 fab docker --cpus-per-validator=8 --latency=100ms --primary-bw=300mbit
[92mStarting Docker benchmark[0m
Setting up testbed...
Docker image up to date, skipping build.
Starting containers...
Waiting for all containers to be ready...
All containers ready.
Running benchmark (180 sec)...
Stopping containers...
Parsing logs...

-----------------------------------------
 SUMMARY:
-----------------------------------------
 + CONFIG:
 Committee size: 4 node(s)
 Worker(s) per node: 1 worker(s)
 Input rate: 88,000 tx/s
 Transaction size: 512 B
 Benchmark duration: 180.0 s
 Consensus duration: 136.24 s
 Commit duration: 134.65 s


 + LAST COMMITTED PER VALIDATOR (from primary logs):
 Validator  Time            Round
 0          05:48:06.181      606
 1          05:48:06.192      606
 2          05:48:06.193      606
 3          05:48:06.192      606
 + RESULTS:
 f+1 Commit latency (workers) (mean): 2,252 ms
 f+1 Commit latency (workers) (p50): 2,027 ms
 f+1 Commit latency (workers) (p90): 2,376 ms
 f+1 Commit latency (workers) (p95): 2,502 ms
 f+1 Commit latency (workers) (p99): 12,299 ms
 E2E latency (send -> exec reply) (mean): 11,285 ms
 E2E latency (send -> exec reply) (p50): 8,200 ms
 E2E latency (send -> exec reply) (p90): 27,910 ms
 E2E latency (send -> exec reply) (p95): 31,143 ms
 E2E latency (send -> exec reply) (p99): 33,543 ms

 Consensus TPS: 85,240 tx/s
 Consensus BPS: 43,642,826 B/s
 Committed TPS: 86,246 tx/s
 Committed BPS: 44,158,181 B/s
 E2E TPS: 72,122 tx/s
 E2E duration: 152.52 s

 + VALIDATOR LOAD DISTRIBUTION:
 Validator 0: 2,701,010 tx (23.3%)
 Validator 1: 2,969,610 tx (25.6%)
 Validator 2: 2,965,148 tx (25.5%)
 Validator 3: 2,977,230 tx (25.6%)

 + EXECUTOR LOAD DISTRIBUTION (avg across validators):
 Executor 0: 7,148,994 tx (57.7%)
 Executor 1: 2,618,214 tx (21.1%)
 Executor 2: 2,619,208 tx (21.1%)

 + PER-VALIDATOR COMMIT METRICS:
 Validator    TPS (tx/s)    Mean (ms)    p95 (ms)    Misses
 0            20,060        3,029        11,140      0
 1            22,054        2,020        2,379       0
 2            22,021        1,834        2,238       0
 3            22,111        1,882        2,422       0
 Overall      86,246        2,172 (wtd)  4,392 (wtd) 0

 + PER-VALIDATOR QUORUM TIMING (ms):
                    mean            p95             std      
 Validator       delay    lat    delay    lat    delay    lat
 0                 173     42      221    112       28     45
 1                 174     42      219    110       27     44
 2                 176     42      223    112       27     43
 3                 174     42      220    111       27     44

 + PER-STAGE LATENCY BREAKDOWN (mean, ms):
   Stage                            All
   Client -> Worker:                 13
   Worker -> Batch seal:             27
   Batch seal -> Quorum:            219
   Quorum -> Processed:               4
   Processed -> Header:             153
   Header -> Certified:             200
   Certified -> Committed:        1,556
   Sum:                           2,172
   (n=)                          10,438
-----------------------------------------
CMD: NODES=4 WORKER_BANDWIDTHS_MBPS=600,600,600,600 RATE_WEIGHTS=27,1,1,1 E_SKEW_WEIGHTS=18,1,1 BASELINE=1 NEW_SCHEDULER=0 NO_SEND_PAYMENT=1 NUM_EXECUTORS=3 RATE=20000 DURATION=180 WARMUP=30 IN_MEMORY_STORE=1 fab docker --cpus-per-validator=8 --latency=100ms --primary-bw=300mbit
[92mStarting Docker benchmark[0m
Setting up testbed...
Docker image up to date, skipping build.
Starting containers...
Waiting for all containers to be ready...
All containers ready.
Running benchmark (180 sec)...
Stopping containers...
Parsing logs...

-----------------------------------------
 SUMMARY:
-----------------------------------------
 + CONFIG:
 Committee size: 4 node(s)
 Worker(s) per node: 1 worker(s)
 Input rate: 20,000 tx/s
 Transaction size: 512 B
 Benchmark duration: 180.0 s
 Consensus duration: 135.96 s
 Commit duration: 134.1 s


 + LAST COMMITTED PER VALIDATOR (from primary logs):
 Validator  Time            Round
 0          05:51:47.277      604
 1          05:51:47.266      604
 2          05:51:47.228      604
 3          05:51:47.266      604
 + RESULTS:
 f+1 Commit latency (workers) (mean): 1,931 ms
 f+1 Commit latency (workers) (p50): 1,927 ms
 f+1 Commit latency (workers) (p90): 2,298 ms
 f+1 Commit latency (workers) (p95): 2,415 ms
 f+1 Commit latency (workers) (p99): 2,536 ms
 E2E latency (send -> exec reply) (mean): 2,252 ms
 E2E latency (send -> exec reply) (p50): 2,168 ms
 E2E latency (send -> exec reply) (p90): 2,573 ms
 E2E latency (send -> exec reply) (p95): 2,697 ms
 E2E latency (send -> exec reply) (p99): 7,577 ms

 Consensus TPS: 19,781 tx/s
 Consensus BPS: 10,127,990 B/s
 Committed TPS: 20,055 tx/s
 Committed BPS: 10,268,319 B/s
 E2E TPS: 19,739 tx/s
 E2E duration: 150.36 s

 + VALIDATOR LOAD DISTRIBUTION:
 Validator 0: 2,421,006 tx (90.0%)
 Validator 1: 89,106 tx (3.3%)
 Validator 2: 89,508 tx (3.3%)
 Validator 3: 89,757 tx (3.3%)

 + EXECUTOR LOAD DISTRIBUTION (avg across validators):
 Executor 0: 2,930,682 tx (90.0%)
 Executor 1: 163,185 tx (5.0%)
 Executor 2: 162,537 tx (5.0%)

 + PER-VALIDATOR COMMIT METRICS:
 Validator    TPS (tx/s)    Mean (ms)    p95 (ms)    Misses
 0            18,054        1,949        2,490       0
 1            664           1,788        2,249       0
 2            667           1,918        2,224       0
 3            669           2,006        2,421       0
 Overall      20,055        1,944 (wtd)  2,471 (wtd) 0

 + PER-VALIDATOR QUORUM TIMING (ms):
                    mean            p95             std      
 Validator       delay    lat    delay    lat    delay    lat
 0                 161     52      194     98       22     43
 1                   0    102        0    104        0      1
 2                   0    102        0    105        0      1
 3                   0    103        0    105        0      1

 + PER-STAGE LATENCY BREAKDOWN (mean, ms):
   Stage                            All
   Client -> Worker:                  3
   Worker -> Batch seal:             84
   Batch seal -> Quorum:            166
   Quorum -> Processed:               2
   Processed -> Header:             148
   Header -> Certified:             200
   Certified -> Committed:        1,349
   Sum:                           1,951
   (n=)                          10,586
-----------------------------------------
CMD: NODES=4 WORKER_BANDWIDTHS_MBPS=600,600,600,600 RATE_WEIGHTS=27,1,1,1 E_SKEW_WEIGHTS=18,1,1 BASELINE=1 NEW_SCHEDULER=0 NO_SEND_PAYMENT=1 NUM_EXECUTORS=3 RATE=33000 DURATION=180 WARMUP=30 IN_MEMORY_STORE=1 fab docker --cpus-per-validator=8 --latency=100ms --primary-bw=300mbit
[92mStarting Docker benchmark[0m
Setting up testbed...
Docker image up to date, skipping build.
Starting containers...
Waiting for all containers to be ready...
All containers ready.
Running benchmark (180 sec)...
Stopping containers...
Parsing logs...

-----------------------------------------
 SUMMARY:
-----------------------------------------
 + CONFIG:
 Committee size: 4 node(s)
 Worker(s) per node: 1 worker(s)
 Input rate: 33,000 tx/s
 Transaction size: 512 B
 Benchmark duration: 180.0 s
 Consensus duration: 136.48 s
 Commit duration: 134.63 s


 + LAST COMMITTED PER VALIDATOR (from primary logs):
 Validator  Time            Round
 0          05:55:24.027      606
 1          05:55:24.076      606
 2          05:55:24.076      606
 3          05:55:24.027      606
 + RESULTS:
 f+1 Commit latency (workers) (mean): 1,966 ms
 f+1 Commit latency (workers) (p50): 1,941 ms
 f+1 Commit latency (workers) (p90): 2,343 ms
 f+1 Commit latency (workers) (p95): 2,484 ms
 f+1 Commit latency (workers) (p99): 3,318 ms
 E2E latency (send -> exec reply) (mean): 2,375 ms
 E2E latency (send -> exec reply) (p50): 2,318 ms
 E2E latency (send -> exec reply) (p90): 2,822 ms
 E2E latency (send -> exec reply) (p95): 3,279 ms
 E2E latency (send -> exec reply) (p99): 4,221 ms

 Consensus TPS: 32,559 tx/s
 Consensus BPS: 16,670,087 B/s
 Committed TPS: 33,006 tx/s
 Committed BPS: 16,898,909 B/s
 E2E TPS: 32,531 tx/s
 E2E duration: 149.32 s

 + VALIDATOR LOAD DISTRIBUTION:
 Validator 0: 3,997,884 tx (90.0%)
 Validator 1: 148,106 tx (3.3%)
 Validator 2: 148,708 tx (3.3%)
 Validator 3: 148,857 tx (3.3%)

 + EXECUTOR LOAD DISTRIBUTION (avg across validators):
 Executor 0: 4,805,016 tx (90.0%)
 Executor 1: 267,054 tx (5.0%)
 Executor 2: 266,575 tx (5.0%)

 + PER-VALIDATOR COMMIT METRICS:
 Validator    TPS (tx/s)    Mean (ms)    p95 (ms)    Misses
 0            29,695        2,135        2,546       0
 1            1,100         1,732        2,127       0
 2            1,105         1,729        2,132       0
 3            1,106         2,118        2,779       0
 Overall      33,006        2,107 (wtd)  2,526 (wtd) 0

 + PER-VALIDATOR QUORUM TIMING (ms):
                    mean            p95             std      
 Validator       delay    lat    delay    lat    delay    lat
 0                 171     30      204     95       26     44
 1                   0    104        0    107        0      1
 2                   0    104        0    107        0      1
 3                   0    104        0    107        0      1

 + PER-STAGE LATENCY BREAKDOWN (mean, ms):
   Stage                            All
   Client -> Worker:                  4
   Worker -> Batch seal:             82
   Batch seal -> Quorum:            172
   Quorum -> Processed:               5
   Processed -> Header:             151
   Header -> Certified:             200
   Certified -> Committed:        1,462
   Sum:                           2,076
   (n=)                          10,640
-----------------------------------------
CMD: NODES=4 WORKER_BANDWIDTHS_MBPS=600,600,600,600 RATE_WEIGHTS=27,1,1,1 E_SKEW_WEIGHTS=18,1,1 BASELINE=1 NEW_SCHEDULER=0 NO_SEND_PAYMENT=1 NUM_EXECUTORS=3 RATE=45000 DURATION=180 WARMUP=30 IN_MEMORY_STORE=1 fab docker --cpus-per-validator=8 --latency=100ms --primary-bw=300mbit
[92mStarting Docker benchmark[0m
Setting up testbed...
Docker image up to date, skipping build.
Starting containers...
Waiting for all containers to be ready...
All containers ready.
Running benchmark (180 sec)...
Stopping containers...
Parsing logs...

-----------------------------------------
 SUMMARY:
-----------------------------------------
 + CONFIG:
 Committee size: 4 node(s)
 Worker(s) per node: 1 worker(s)
 Input rate: 45,000 tx/s
 Transaction size: 512 B
 Benchmark duration: 180.0 s
 Consensus duration: 139.24 s
 Commit duration: 134.65 s


 + LAST COMMITTED PER VALIDATOR (from primary logs):
 Validator  Time            Round
 0          05:59:02.700      610
 1          05:59:02.749      610
 2          05:59:02.650      610
 3          05:59:02.699      610
 + RESULTS:
 f+1 Commit latency (workers) (mean): 2,081 ms
 f+1 Commit latency (workers) (p50): 1,993 ms
 f+1 Commit latency (workers) (p90): 2,371 ms
 f+1 Commit latency (workers) (p95): 2,493 ms
 f+1 Commit latency (workers) (p99): 6,858 ms
 E2E latency (send -> exec reply) (mean): 2,879 ms
 E2E latency (send -> exec reply) (p50): 2,811 ms
 E2E latency (send -> exec reply) (p90): 3,388 ms
 E2E latency (send -> exec reply) (p95): 3,634 ms
 E2E latency (send -> exec reply) (p99): 7,145 ms

 Consensus TPS: 43,546 tx/s
 Consensus BPS: 22,295,632 B/s
 Committed TPS: 45,033 tx/s
 Committed BPS: 23,056,659 B/s
 E2E TPS: 44,244 tx/s
 E2E duration: 151.57 s

 + VALIDATOR LOAD DISTRIBUTION:
 Validator 0: 5,451,660 tx (89.9%)
 Validator 1: 206,996 tx (3.4%)
 Validator 2: 202,030 tx (3.3%)
 Validator 3: 202,855 tx (3.3%)

 + EXECUTOR LOAD DISTRIBUTION (avg across validators):
 Executor 0: 6,622,184 tx (90.0%)
 Executor 1: 367,739 tx (5.0%)
 Executor 2: 368,243 tx (5.0%)

 + PER-VALIDATOR COMMIT METRICS:
 Validator    TPS (tx/s)    Mean (ms)    p95 (ms)    Misses
 0            40,488        2,100        2,515       0
 1            1,537         2,281        5,466       0
 2            1,500         1,823        2,244       0
 3            1,507         1,961        2,367       0
 Overall      45,033        2,092 (wtd)  2,602 (wtd) 0

 + PER-VALIDATOR QUORUM TIMING (ms):
                    mean            p95             std      
 Validator       delay    lat    delay    lat    delay    lat
 0                 204     22      291    119       46     45
 1                   0    106        0    109        0      1
 2                   0    106        0    109        0      1
 3                   0    107        0    111        0      2

 + PER-STAGE LATENCY BREAKDOWN (mean, ms):
   Stage                            All
   Client -> Worker:                  6
   Worker -> Batch seal:             81
   Batch seal -> Quorum:            197
   Quorum -> Processed:               9
   Processed -> Header:             155
   Header -> Certified:             200
   Certified -> Committed:        1,511
   Sum:                           2,158
   (n=)                          10,643
-----------------------------------------
CMD: NODES=4 WORKER_BANDWIDTHS_MBPS=600,600,600,600 RATE_WEIGHTS=27,1,1,1 E_SKEW_WEIGHTS=18,1,1 BASELINE=1 NEW_SCHEDULER=0 NO_SEND_PAYMENT=1 NUM_EXECUTORS=3 RATE=55000 DURATION=180 WARMUP=30 IN_MEMORY_STORE=1 fab docker --cpus-per-validator=8 --latency=100ms --primary-bw=300mbit
[92mStarting Docker benchmark[0m
Setting up testbed...
Docker image up to date, skipping build.
Starting containers...
Waiting for all containers to be ready...
All containers ready.
Running benchmark (180 sec)...
Stopping containers...
Parsing logs...

-----------------------------------------
 SUMMARY:
-----------------------------------------
 + CONFIG:
 Committee size: 4 node(s)
 Worker(s) per node: 1 worker(s)
 Input rate: 55,000 tx/s
 Transaction size: 512 B
 Benchmark duration: 180.0 s
 Consensus duration: 136.52 s
 Commit duration: 134.77 s


 + LAST COMMITTED PER VALIDATOR (from primary logs):
 Validator  Time            Round
 0          06:02:41.266      610
 1          06:02:41.291      610
 2          06:02:41.291      610
 3          06:02:41.291      610
 + RESULTS:
 f+1 Commit latency (workers) (mean): 3,778 ms
 f+1 Commit latency (workers) (p50): 2,062 ms
 f+1 Commit latency (workers) (p90): 10,977 ms
 f+1 Commit latency (workers) (p95): 14,215 ms
 f+1 Commit latency (workers) (p99): 17,204 ms
 E2E latency (send -> exec reply) (mean): 8,495 ms
 E2E latency (send -> exec reply) (p50): 7,405 ms
 E2E latency (send -> exec reply) (p90): 16,247 ms
 E2E latency (send -> exec reply) (p95): 21,679 ms
 E2E latency (send -> exec reply) (p99): 26,694 ms

 Consensus TPS: 48,726 tx/s
 Consensus BPS: 24,947,867 B/s
 Committed TPS: 49,358 tx/s
 Committed BPS: 25,271,264 B/s
 E2E TPS: 45,880 tx/s
 E2E duration: 151.13 s

 + VALIDATOR LOAD DISTRIBUTION:
 Validator 0: 5,910,030 tx (88.8%)
 Validator 1: 247,870 tx (3.7%)
 Validator 2: 246,290 tx (3.7%)
 Validator 3: 247,730 tx (3.7%)

 + EXECUTOR LOAD DISTRIBUTION (avg across validators):
 Executor 0: 7,308,852 tx (90.0%)
 Executor 1: 405,930 tx (5.0%)
 Executor 2: 405,254 tx (5.0%)

 + PER-VALIDATOR COMMIT METRICS:
 Validator    TPS (tx/s)    Mean (ms)    p95 (ms)    Misses
 0            43,853        9,964        17,052      0
 1            1,839         1,823        2,365       0
 2            1,827         1,867        2,430       0
 3            1,838         2,033        2,453       0
 Overall      49,358        9,066 (wtd)  15,420 (wtd) 0

 + PER-VALIDATOR QUORUM TIMING (ms):
                    mean            p95             std      
 Validator       delay    lat    delay    lat    delay    lat
 0                 253     20      358    137       56     47
 1                   0    108        0    112        0      2
 2                   0    107        0    110        0      1
 3                   0    107        0    110        0      4

 + PER-STAGE LATENCY BREAKDOWN (mean, ms):
   Stage                            All
   Client -> Worker:              1,797
   Worker -> Batch seal:             84
   Batch seal -> Quorum:            234
   Quorum -> Processed:              11
   Processed -> Header:             155
   Header -> Certified:             200
   Certified -> Committed:        1,380
   Sum:                           3,861
   (n=)                          10,333
-----------------------------------------
CMD: NODES=4 WORKER_BANDWIDTHS_MBPS=600,600,600,600 RATE_WEIGHTS=27,1,1,1 E_SKEW_WEIGHTS=18,1,1 BASELINE=1 NEW_SCHEDULER=0 NO_SEND_PAYMENT=1 NUM_EXECUTORS=3 RATE=62000 DURATION=180 WARMUP=30 IN_MEMORY_STORE=1 fab docker --cpus-per-validator=8 --latency=100ms --primary-bw=300mbit
[92mStarting Docker benchmark[0m
Setting up testbed...
Docker image up to date, skipping build.
Starting containers...
Waiting for all containers to be ready...
All containers ready.
Running benchmark (180 sec)...
Stopping containers...
Parsing logs...

-----------------------------------------
 SUMMARY:
-----------------------------------------
 + CONFIG:
 Committee size: 4 node(s)
 Worker(s) per node: 1 worker(s)
 Input rate: 62,000 tx/s
 Transaction size: 512 B
 Benchmark duration: 180.0 s
 Consensus duration: 136.48 s
 Commit duration: 134.73 s


 + LAST COMMITTED PER VALIDATOR (from primary logs):
 Validator  Time            Round
 0          06:06:18.122      606
 1          06:06:18.132      606
 2          06:06:18.108      606
 3          06:06:18.123      606
 + RESULTS:
 f+1 Commit latency (workers) (mean): 5,449 ms
 f+1 Commit latency (workers) (p50): 2,104 ms
 f+1 Commit latency (workers) (p90): 18,098 ms
 f+1 Commit latency (workers) (p95): 24,889 ms
 f+1 Commit latency (workers) (p99): 30,190 ms
 E2E latency (send -> exec reply) (mean): 11,219 ms
 E2E latency (send -> exec reply) (p50): 8,718 ms
 E2E latency (send -> exec reply) (p90): 24,607 ms
 E2E latency (send -> exec reply) (p95): 33,532 ms
 E2E latency (send -> exec reply) (p99): 41,520 ms

 Consensus TPS: 49,156 tx/s
 Consensus BPS: 25,167,671 B/s
 Committed TPS: 49,792 tx/s
 Committed BPS: 25,493,442 B/s
 E2E TPS: 45,883 tx/s
 E2E duration: 151.06 s

 + VALIDATOR LOAD DISTRIBUTION:
 Validator 0: 5,908,896 tx (88.1%)
 Validator 1: 279,943 tx (4.2%)
 Validator 2: 241,427 tx (3.6%)
 Validator 3: 278,393 tx (4.1%)

 + EXECUTOR LOAD DISTRIBUTION (avg across validators):
 Executor 0: 7,392,168 tx (89.9%)
 Executor 1: 414,174 tx (5.0%)
 Executor 2: 415,977 tx (5.1%)

 + PER-VALIDATOR COMMIT METRICS:
 Validator    TPS (tx/s)    Mean (ms)    p95 (ms)    Misses
 0            43,856        17,027       30,019      0
 1            2,078         1,824        2,371       0
 2            1,792         2,842        11,496      0
 3            2,066         2,120        2,588       0
 Overall      49,792        15,263 (wtd) 27,060 (wtd) 0

 + PER-VALIDATOR QUORUM TIMING (ms):
                    mean            p95             std      
 Validator       delay    lat    delay    lat    delay    lat
 0                 249     20      350    137       54     48
 1                   0    110        0    114        0      3
 2                   0    108        0    111        0      2
 3                   0    108        0    112        0      2

 + PER-STAGE LATENCY BREAKDOWN (mean, ms):
   Stage                            All
   Client -> Worker:              3,189
   Worker -> Batch seal:             85
   Batch seal -> Quorum:            233
   Quorum -> Processed:              12
   Processed -> Header:             153
   Header -> Certified:             200
   Certified -> Committed:        1,510
   Sum:                           5,381
   (n=)                           9,700
-----------------------------------------
CMD: NODES=4 WORKER_BANDWIDTHS_MBPS=600,600,600,600 RATE_WEIGHTS=27,1,1,1 E_SKEW_WEIGHTS=18,1,1 BASELINE=1 NEW_SCHEDULER=0 NO_SEND_PAYMENT=1 NUM_EXECUTORS=3 RATE=68000 DURATION=180 WARMUP=30 IN_MEMORY_STORE=1 fab docker --cpus-per-validator=8 --latency=100ms --primary-bw=300mbit
[92mStarting Docker benchmark[0m
Setting up testbed...
Docker image up to date, skipping build.
Starting containers...
Waiting for all containers to be ready...
All containers ready.
Running benchmark (180 sec)...
Stopping containers...
Parsing logs...

-----------------------------------------
 SUMMARY:
-----------------------------------------
 + CONFIG:
 Committee size: 4 node(s)
 Worker(s) per node: 1 worker(s)
 Input rate: 68,000 tx/s
 Transaction size: 512 B
 Benchmark duration: 180.0 s
 Consensus duration: 136.55 s
 Commit duration: 134.63 s


 + LAST COMMITTED PER VALIDATOR (from primary logs):
 Validator  Time            Round
 0          06:09:55.623      606
 1          06:09:55.600      606
 2          06:09:55.574      606
 3          06:09:55.551      606
 + RESULTS:
 f+1 Commit latency (workers) (mean): 5,601 ms
 f+1 Commit latency (workers) (p50): 1,976 ms
 f+1 Commit latency (workers) (p90): 18,099 ms
 f+1 Commit latency (workers) (p95): 35,932 ms
 f+1 Commit latency (workers) (p99): 40,897 ms
 E2E latency (send -> exec reply) (mean): 11,752 ms
 E2E latency (send -> exec reply) (p50): 7,588 ms
 E2E latency (send -> exec reply) (p90): 23,644 ms
 E2E latency (send -> exec reply) (p95): 46,134 ms
 E2E latency (send -> exec reply) (p99): 56,107 ms

 Consensus TPS: 45,690 tx/s
 Consensus BPS: 23,393,527 B/s
 Committed TPS: 46,344 tx/s
 Committed BPS: 23,728,020 B/s
 E2E TPS: 40,140 tx/s
 E2E duration: 152.28 s

 + VALIDATOR LOAD DISTRIBUTION:
 Validator 0: 5,321,066 tx (85.3%)
 Validator 1: 305,985 tx (4.9%)
 Validator 2: 305,343 tx (4.9%)
 Validator 3: 306,824 tx (4.9%)

 + EXECUTOR LOAD DISTRIBUTION (avg across validators):
 Executor 0: 6,795,948 tx (89.5%)
 Executor 1: 397,271 tx (5.2%)
 Executor 2: 396,838 tx (5.2%)

 + PER-VALIDATOR COMMIT METRICS:
 Validator    TPS (tx/s)    Mean (ms)    p95 (ms)    Misses
 0            39,524        22,953       40,908      0
 1            2,273         1,944        2,256       0
 2            2,268         1,845        2,403       0
 3            2,279         1,804        2,199       0
 Overall      46,344        19,850 (wtd) 35,224 (wtd) 0

 + PER-VALIDATOR QUORUM TIMING (ms):
                    mean            p95             std      
 Validator       delay    lat    delay    lat    delay    lat
 0                 247     20      348    137       53     48
 1                   0    109        0    112        0      2
 2                   0    109        0    114        0      2
 3                   0    108        0    111        0      2

 + PER-STAGE LATENCY BREAKDOWN (mean, ms):
   Stage                            All
   Client -> Worker:              3,447
   Worker -> Batch seal:             88
   Batch seal -> Quorum:            227
   Quorum -> Processed:              11
   Processed -> Header:             157
   Header -> Certified:             200
   Certified -> Committed:        2,157
   Sum:                           6,287
   (n=)                           9,669
-----------------------------------------
CMD: NODES=4 WORKER_BANDWIDTHS_MBPS=600,600,600,600 RATE_WEIGHTS=4.5,1,1,1 E_SKEW_WEIGHTS=3,1,1 BASELINE=1 NEW_SCHEDULER=0 NO_SEND_PAYMENT=1 NUM_EXECUTORS=3 RATE=25000 DURATION=180 WARMUP=30 IN_MEMORY_STORE=1 fab docker --cpus-per-validator=8 --latency=100ms --primary-bw=300mbit
[92mStarting Docker benchmark[0m
Setting up testbed...
Docker image up to date, skipping build.
Starting containers...
Waiting for all containers to be ready...
All containers ready.
Running benchmark (180 sec)...
Stopping containers...
Parsing logs...

-----------------------------------------
 SUMMARY:
-----------------------------------------
 + CONFIG:
 Committee size: 4 node(s)
 Worker(s) per node: 1 worker(s)
 Input rate: 25,000 tx/s
 Transaction size: 512 B
 Benchmark duration: 180.0 s
 Consensus duration: 136.53 s
 Commit duration: 134.85 s


 + LAST COMMITTED PER VALIDATOR (from primary logs):
 Validator  Time            Round
 0          06:13:33.090      602
 1          06:13:33.126      602
 2          06:13:33.176      602
 3          06:13:33.126      602
 + RESULTS:
 f+1 Commit latency (workers) (mean): 1,951 ms
 f+1 Commit latency (workers) (p50): 1,952 ms
 f+1 Commit latency (workers) (p90): 2,333 ms
 f+1 Commit latency (workers) (p95): 2,446 ms
 f+1 Commit latency (workers) (p99): 2,572 ms
 E2E latency (send -> exec reply) (mean): 2,079 ms
 E2E latency (send -> exec reply) (p50): 2,086 ms
 E2E latency (send -> exec reply) (p90): 2,433 ms
 E2E latency (send -> exec reply) (p95): 2,513 ms
 E2E latency (send -> exec reply) (p99): 2,631 ms

 Consensus TPS: 24,722 tx/s
 Consensus BPS: 12,657,833 B/s
 Committed TPS: 25,031 tx/s
 Committed BPS: 12,815,719 B/s
 E2E TPS: 24,668 tx/s
 E2E duration: 151.28 s

 + VALIDATOR LOAD DISTRIBUTION:
 Validator 0: 2,024,344 tx (60.0%)
 Validator 1: 450,257 tx (13.3%)
 Validator 2: 451,054 tx (13.4%)
 Validator 3: 449,660 tx (13.3%)

 + EXECUTOR LOAD DISTRIBUTION (avg across validators):
 Executor 0: 2,455,947 tx (60.0%)
 Executor 1: 819,284 tx (20.0%)
 Executor 2: 820,138 tx (20.0%)

 + PER-VALIDATOR COMMIT METRICS:
 Validator    TPS (tx/s)    Mean (ms)    p95 (ms)    Misses
 0            15,012        2,150        2,540       0
 1            3,339         1,999        2,402       0
 2            3,345         1,724        2,122       0
 3            3,335         1,849        2,410       0
 Overall      25,031        2,033 (wtd)  2,448 (wtd) 0

 + PER-VALIDATOR QUORUM TIMING (ms):
                    mean            p95             std      
 Validator       delay    lat    delay    lat    delay    lat
 0                 160     63      197    102       26     46
 1                   0    112        0    115        0      1
 2                   0    112        0    115        0      2
 3                   0    112        0    115        0      1

 + PER-STAGE LATENCY BREAKDOWN (mean, ms):
   Stage                            All
   Client -> Worker:                  2
   Worker -> Batch seal:             87
   Batch seal -> Quorum:            171
   Quorum -> Processed:               3
   Processed -> Header:             150
   Header -> Certified:             200
   Certified -> Committed:        1,412
   Sum:                           2,024
   (n=)                          10,660
-----------------------------------------
CMD: NODES=4 WORKER_BANDWIDTHS_MBPS=600,600,600,600 RATE_WEIGHTS=4.5,1,1,1 E_SKEW_WEIGHTS=3,1,1 BASELINE=1 NEW_SCHEDULER=0 NO_SEND_PAYMENT=1 NUM_EXECUTORS=3 RATE=42000 DURATION=180 WARMUP=30 IN_MEMORY_STORE=1 fab docker --cpus-per-validator=8 --latency=100ms --primary-bw=300mbit
[92mStarting Docker benchmark[0m
Setting up testbed...
Docker image up to date, skipping build.
Starting containers...
Waiting for all containers to be ready...
All containers ready.
Running benchmark (180 sec)...
Stopping containers...
Parsing logs...

-----------------------------------------
 SUMMARY:
-----------------------------------------
 + CONFIG:
 Committee size: 4 node(s)
 Worker(s) per node: 1 worker(s)
 Input rate: 42,000 tx/s
 Transaction size: 512 B
 Benchmark duration: 180.0 s
 Consensus duration: 67.48 s
 Commit duration: 65.53 s


 + LAST COMMITTED PER VALIDATOR (from primary logs):
 Validator  Time            Round
 0          06:15:45.094      318
 1          06:15:45.143      318
 2          06:15:45.146      318
 3          06:15:45.143      318
 + RESULTS:
 f+1 Commit latency (workers) (mean): 2,559 ms
 f+1 Commit latency (workers) (p50): 2,080 ms
 f+1 Commit latency (workers) (p90): 2,712 ms
 f+1 Commit latency (workers) (p95): 5,531 ms
 f+1 Commit latency (workers) (p99): 14,867 ms
 E2E latency (send -> exec reply) (mean): 2,901 ms
 E2E latency (send -> exec reply) (p50): 2,389 ms
 E2E latency (send -> exec reply) (p90): 3,055 ms
 E2E latency (send -> exec reply) (p95): 6,574 ms
 E2E latency (send -> exec reply) (p99): 15,286 ms

 Consensus TPS: 39,498 tx/s
 Consensus BPS: 20,223,184 B/s
 Committed TPS: 40,672 tx/s
 Committed BPS: 20,824,011 B/s
 E2E TPS: 39,035 tx/s
 E2E duration: 65.67 s

 + VALIDATOR LOAD DISTRIBUTION:
 Validator 0: 1,661,730 tx (62.3%)
 Validator 1: 367,665 tx (13.8%)
 Validator 2: 267,066 tx (10.0%)
 Validator 3: 368,931 tx (13.8%)

 + EXECUTOR LOAD DISTRIBUTION (avg across validators):
 Executor 0: 1,911,564 tx (60.0%)
 Executor 1: 637,794 tx (20.0%)
 Executor 2: 638,924 tx (20.0%)

 + PER-VALIDATOR COMMIT METRICS:
 Validator    TPS (tx/s)    Mean (ms)    p95 (ms)    Misses
 0            25,357        2,166        2,791       0
 1            5,610         2,155        2,697       0
 2            4,075         4,444        14,944      0
 3            5,630         1,849        2,417       0
 Overall      40,672        2,349 (wtd)  3,944 (wtd) 0

 + PER-VALIDATOR QUORUM TIMING (ms):
                    mean            p95             std      
 Validator       delay    lat    delay    lat    delay    lat
 0                 171     36      204    100       24     44
 1                   0    119        0    123        4      3
 2                   0    119        0    124        4      3
 3                   0    121        0    133        2      5

 + PER-STAGE LATENCY BREAKDOWN (mean, ms):
   Stage                            All
   Client -> Worker:                  5
   Worker -> Batch seal:             70
   Batch seal -> Quorum:            178
   Quorum -> Processed:               4
   Processed -> Header:             153
   Header -> Certified:             199
   Certified -> Committed:        1,749
   Sum:                           2,358
   (n=)                           4,738

 WARNINGS:
  - Consensus stalled the system
  - Commit stalled the system
-----------------------------------------
CMD: NODES=4 WORKER_BANDWIDTHS_MBPS=600,600,600,600 RATE_WEIGHTS=4.5,1,1,1 E_SKEW_WEIGHTS=3,1,1 BASELINE=1 NEW_SCHEDULER=0 NO_SEND_PAYMENT=1 NUM_EXECUTORS=3 RATE=60000 DURATION=180 WARMUP=30 IN_MEMORY_STORE=1 fab docker --cpus-per-validator=8 --latency=100ms --primary-bw=300mbit
[92mStarting Docker benchmark[0m
Setting up testbed...
Docker image up to date, skipping build.
Starting containers...
Waiting for all containers to be ready...
All containers ready.
Running benchmark (180 sec)...
Stopping containers...
Parsing logs...

-----------------------------------------
 SUMMARY:
-----------------------------------------
 + CONFIG:
 Committee size: 4 node(s)
 Worker(s) per node: 1 worker(s)
 Input rate: 60,000 tx/s
 Transaction size: 512 B
 Benchmark duration: 180.0 s
 Consensus duration: 74.08 s
 Commit duration: 72.55 s


 + LAST COMMITTED PER VALIDATOR (from primary logs):
 Validator  Time            Round
 0          06:19:14.795      346
 1          06:19:14.747      346
 2          06:19:14.747      346
 3          06:19:14.745      346
 + RESULTS:
 f+1 Commit latency (workers) (mean): 2,251 ms
 f+1 Commit latency (workers) (p50): 2,102 ms
 f+1 Commit latency (workers) (p90): 2,784 ms
 f+1 Commit latency (workers) (p95): 3,328 ms
 f+1 Commit latency (workers) (p99): 5,621 ms
 E2E latency (send -> exec reply) (mean): 2,858 ms
 E2E latency (send -> exec reply) (p50): 2,796 ms
 E2E latency (send -> exec reply) (p90): 3,569 ms
 E2E latency (send -> exec reply) (p95): 4,012 ms
 E2E latency (send -> exec reply) (p99): 6,179 ms

 Consensus TPS: 58,821 tx/s
 Consensus BPS: 30,116,181 B/s
 Committed TPS: 60,062 tx/s
 Committed BPS: 30,751,723 B/s
 E2E TPS: 58,080 tx/s
 E2E duration: 72.85 s

 + VALIDATOR LOAD DISTRIBUTION:
 Validator 0: 2,614,290 tx (60.0%)
 Validator 1: 585,888 tx (13.4%)
 Validator 2: 576,121 tx (13.2%)
 Validator 3: 581,136 tx (13.3%)

 + EXECUTOR LOAD DISTRIBUTION (avg across validators):
 Executor 0: 3,077,988 tx (60.0%)
 Executor 1: 1,025,090 tx (20.0%)
 Executor 2: 1,024,946 tx (20.0%)

 + PER-VALIDATOR COMMIT METRICS:
 Validator    TPS (tx/s)    Mean (ms)    p95 (ms)    Misses
 0            36,035        2,083        2,716       0
 1            8,076         2,008        2,773       0
 2            7,941         2,596        5,340       0
 3            8,010         2,049        2,689       0
 Overall      60,062        2,136 (wtd)  3,067 (wtd) 0

 + PER-VALIDATOR QUORUM TIMING (ms):
                    mean            p95             std      
 Validator       delay    lat    delay    lat    delay    lat
 0                 202     25      302    114       47     42
 1                  23    116       58    140       20     16
 2                  21    115       62    140       17     15
 3                  21    116       59    139       16     14

 + PER-STAGE LATENCY BREAKDOWN (mean, ms):
   Stage                            All
   Client -> Worker:                 10
   Worker -> Batch seal:             53
   Batch seal -> Quorum:            194
   Quorum -> Processed:               6
   Processed -> Header:             152
   Header -> Certified:             200
   Certified -> Committed:        1,532
   Sum:                           2,147
   (n=)                           5,678

 WARNINGS:
  - Consensus stalled the system
  - Commit stalled the system
-----------------------------------------
CMD: NODES=4 WORKER_BANDWIDTHS_MBPS=600,600,600,600 RATE_WEIGHTS=4.5,1,1,1 E_SKEW_WEIGHTS=3,1,1 BASELINE=1 NEW_SCHEDULER=0 NO_SEND_PAYMENT=1 NUM_EXECUTORS=3 RATE=72000 DURATION=180 WARMUP=30 IN_MEMORY_STORE=1 fab docker --cpus-per-validator=8 --latency=100ms --primary-bw=300mbit
[92mStarting Docker benchmark[0m
Setting up testbed...
Docker image up to date, skipping build.
Starting containers...
Waiting for all containers to be ready...
All containers ready.
Running benchmark (180 sec)...
Stopping containers...
Parsing logs...

-----------------------------------------
 SUMMARY:
-----------------------------------------
 + CONFIG:
 Committee size: 4 node(s)
 Worker(s) per node: 1 worker(s)
 Input rate: 72,000 tx/s
 Transaction size: 512 B
 Benchmark duration: 180.0 s
 Consensus duration: 5.91 s
 Commit duration: 4.56 s


 + LAST COMMITTED PER VALIDATOR (from primary logs):
 Validator  Time            Round
 0          06:21:29.984      124
 1          06:21:29.981      124
 2          06:21:29.982      124
 3          06:21:30.031      124
 + RESULTS:
 f+1 Commit latency (workers) (mean): 1,825 ms
 f+1 Commit latency (workers) (p50): 1,831 ms
 f+1 Commit latency (workers) (p90): 2,122 ms
 f+1 Commit latency (workers) (p95): 2,171 ms
 f+1 Commit latency (workers) (p99): 2,225 ms
 E2E latency (send -> exec reply) (mean): 1,962 ms
 E2E latency (send -> exec reply) (p50): 1,996 ms
 E2E latency (send -> exec reply) (p90): 2,191 ms
 E2E latency (send -> exec reply) (p95): 2,236 ms
 E2E latency (send -> exec reply) (p99): 2,306 ms

 Consensus TPS: 22,825 tx/s
 Consensus BPS: 11,686,289 B/s
 Committed TPS: 29,587 tx/s
 Committed BPS: 15,148,323 B/s
 E2E TPS: 17,986 tx/s
 E2E duration: 4.86 s

 + VALIDATOR LOAD DISTRIBUTION:
 Validator 0: 0 tx (0.0%)
 Validator 1: 44,942 tx (33.3%)
 Validator 2: 44,942 tx (33.3%)
 Validator 3: 44,942 tx (33.3%)

 + EXECUTOR LOAD DISTRIBUTION (avg across validators):
 Executor 0: 566,126 tx (60.0%)
 Executor 1: 188,862 tx (20.0%)
 Executor 2: 188,731 tx (20.0%)

 + PER-VALIDATOR COMMIT METRICS:
 Validator    TPS (tx/s)    Mean (ms)    p95 (ms)    Misses
 0            0             N/A          N/A         0
 1            9,862         1,921        2,210       0
 2            9,862         1,744        2,127       0
 3            9,862         1,733        2,152       0
 Overall      29,587        1,799 (wtd)  2,163 (wtd) 0

 + PER-VALIDATOR QUORUM TIMING (ms):
                    mean            p95             std      
 Validator       delay    lat    delay    lat    delay    lat
 0                   0      0        0      0        0      0
 1                  60    102       86    123       19     10
 2                  55    102       95    130       19     10
 3                  68    101      144    137       41     21

 + PER-STAGE LATENCY BREAKDOWN (mean, ms):
   Stage                            All
   Client -> Worker:                  4
   Worker -> Batch seal:             46
   Batch seal -> Quorum:            166
   Quorum -> Processed:               2
   Processed -> Header:             145
   Header -> Certified:             200
   Certified -> Committed:        1,240
   Sum:                           1,803
   (n=)                             182

 WARNINGS:
  - Consensus stalled the system
  - Commit stalled the system
-----------------------------------------
CMD: NODES=4 WORKER_BANDWIDTHS_MBPS=600,600,600,600 RATE_WEIGHTS=4.5,1,1,1 E_SKEW_WEIGHTS=3,1,1 BASELINE=1 NEW_SCHEDULER=0 NO_SEND_PAYMENT=1 NUM_EXECUTORS=3 RATE=82000 DURATION=180 WARMUP=30 IN_MEMORY_STORE=1 fab docker --cpus-per-validator=8 --latency=100ms --primary-bw=300mbit
[92mStarting Docker benchmark[0m
Setting up testbed...
Docker image up to date, skipping build.
Starting containers...
Waiting for all containers to be ready...
All containers ready.
Running benchmark (180 sec)...
Stopping containers...
Parsing logs...

-----------------------------------------
 SUMMARY:
-----------------------------------------
 + CONFIG:
 Committee size: 4 node(s)
 Worker(s) per node: 1 worker(s)
 Input rate: 82,000 tx/s
 Transaction size: 512 B
 Benchmark duration: 180.0 s
 Consensus duration: 135.83 s
 Commit duration: 134.41 s


 + LAST COMMITTED PER VALIDATOR (from primary logs):
 Validator  Time            Round
 0          06:27:19.349      606
 1          06:27:19.398      606
 2          06:27:19.349      606
 3          06:27:19.398      606
 + RESULTS:
 f+1 Commit latency (workers) (mean): 6,299 ms
 f+1 Commit latency (workers) (p50): 2,241 ms
 f+1 Commit latency (workers) (p90): 26,780 ms
 f+1 Commit latency (workers) (p95): 33,410 ms
 f+1 Commit latency (workers) (p99): 38,240 ms
 E2E latency (send -> exec reply) (mean): 7,969 ms
 E2E latency (send -> exec reply) (p50): 3,524 ms
 E2E latency (send -> exec reply) (p90): 29,757 ms
 E2E latency (send -> exec reply) (p95): 36,867 ms
 E2E latency (send -> exec reply) (p99): 44,442 ms

 Consensus TPS: 67,193 tx/s
 Consensus BPS: 34,402,665 B/s
 Committed TPS: 67,905 tx/s
 Committed BPS: 34,767,143 B/s
 E2E TPS: 65,991 tx/s
 E2E duration: 151.99 s

 + VALIDATOR LOAD DISTRIBUTION:
 Validator 0: 4,715,622 tx (51.7%)
 Validator 1: 1,469,457 tx (16.1%)
 Validator 2: 1,470,892 tx (16.1%)
 Validator 3: 1,471,083 tx (16.1%)

 + EXECUTOR LOAD DISTRIBUTION (avg across validators):
 Executor 0: 6,837,764 tx (60.0%)
 Executor 1: 2,280,286 tx (20.0%)
 Executor 2: 2,280,748 tx (20.0%)

 + PER-VALIDATOR COMMIT METRICS:
 Validator    TPS (tx/s)    Mean (ms)    p95 (ms)    Misses
 0            35,084        23,238       38,271      0
 1            10,933        2,164        2,626       0
 2            10,943        2,328        5,057       0
 3            10,945        2,171        2,697       0
 Overall      67,905        13,080 (wtd) 21,446 (wtd) 0

 + PER-VALIDATOR QUORUM TIMING (ms):
                    mean            p95             std      
 Validator       delay    lat    delay    lat    delay    lat
 0              18,033     25   28,131    115    9,412     47
 1                 162     86      207    126       27     38
 2                 169     86      211    125       26     35
 3                 169     86      210    124       25     36

 + PER-STAGE LATENCY BREAKDOWN (mean, ms):
   Stage                            All
   Client -> Worker:                618
   Worker -> Batch seal:             41
   Batch seal -> Quorum:          9,450
   Quorum -> Processed:               6
   Processed -> Header:             152
   Header -> Certified:             200
   Certified -> Committed:        1,403
   Sum:                          11,870
   (n=)                           9,847
-----------------------------------------
CMD: NODES=4 WORKER_BANDWIDTHS_MBPS=600,600,600,200 RATE_WEIGHTS=1,1,1,1 E_SKEW_WEIGHTS=1,1,1 BASELINE=1 NEW_SCHEDULER=0 NO_SEND_PAYMENT=1 NUM_EXECUTORS=3 RATE=20000 DURATION=180 WARMUP=30 IN_MEMORY_STORE=1 fab docker --cpus-per-validator=8 --latency=100ms --primary-bw=300mbit
[92mStarting Docker benchmark[0m
Setting up testbed...
Docker image up to date, skipping build.
Starting containers...
Waiting for all containers to be ready...
All containers ready.
Running benchmark (180 sec)...
Stopping containers...
Parsing logs...

-----------------------------------------
 SUMMARY:
-----------------------------------------
 + CONFIG:
 Committee size: 4 node(s)
 Worker(s) per node: 1 worker(s)
 Input rate: 20,000 tx/s
 Transaction size: 512 B
 Benchmark duration: 180.0 s
 Consensus duration: 135.35 s
 Commit duration: 133.82 s


 + LAST COMMITTED PER VALIDATOR (from primary logs):
 Validator  Time            Round
 0          06:30:59.540      602
 1          06:30:59.567      602
 2          06:30:59.540      602
 3          06:30:59.589      602
 + RESULTS:
 f+1 Commit latency (workers) (mean): 2,055 ms
 f+1 Commit latency (workers) (p50): 1,999 ms
 f+1 Commit latency (workers) (p90): 2,497 ms
 f+1 Commit latency (workers) (p95): 2,732 ms
 f+1 Commit latency (workers) (p99): 3,963 ms
 E2E latency (send -> exec reply) (mean): 2,173 ms
 E2E latency (send -> exec reply) (p50): 2,095 ms
 E2E latency (send -> exec reply) (p90): 2,620 ms
 E2E latency (send -> exec reply) (p95): 2,896 ms
 E2E latency (send -> exec reply) (p99): 4,341 ms

 Consensus TPS: 19,757 tx/s
 Consensus BPS: 10,115,354 B/s
 Committed TPS: 19,982 tx/s
 Committed BPS: 10,230,932 B/s
 E2E TPS: 19,761 tx/s
 E2E duration: 150.75 s

 + VALIDATOR LOAD DISTRIBUTION:
 Validator 0: 663,336 tx (24.8%)
 Validator 1: 669,722 tx (25.0%)
 Validator 2: 670,115 tx (25.1%)
 Validator 3: 670,797 tx (25.1%)

 + EXECUTOR LOAD DISTRIBUTION (avg across validators):
 Executor 0: 1,089,581 tx (33.3%)
 Executor 1: 1,089,360 tx (33.3%)
 Executor 2: 1,090,032 tx (33.3%)

 + PER-VALIDATOR COMMIT METRICS:
 Validator    TPS (tx/s)    Mean (ms)    p95 (ms)    Misses
 0            4,957         2,096        3,731       0
 1            5,005         2,037        2,553       0
 2            5,008         2,137        2,701       0
 3            5,013         1,873        2,423       0
 Overall      19,982        2,035 (wtd)  2,850 (wtd) 0

 + PER-VALIDATOR QUORUM TIMING (ms):
                    mean            p95             std      
 Validator       delay    lat    delay    lat    delay    lat
 0                   0    121        0    121        0      2
 1                   0    121        0    123        0      1
 2                   0    124        0    131        0      4
 3                   1    159        8    163        3      4

 + PER-STAGE LATENCY BREAKDOWN (mean, ms):
   Stage                            All
   Client -> Worker:                  3
   Worker -> Batch seal:             99
   Batch seal -> Quorum:            134
   Quorum -> Processed:               2
   Processed -> Header:             150
   Header -> Certified:             200
   Certified -> Committed:        1,446
   Sum:                           2,035
   (n=)                          10,560
-----------------------------------------
CMD: NODES=4 WORKER_BANDWIDTHS_MBPS=600,600,600,200 RATE_WEIGHTS=1,1,1,1 E_SKEW_WEIGHTS=1,1,1 BASELINE=1 NEW_SCHEDULER=0 NO_SEND_PAYMENT=1 NUM_EXECUTORS=3 RATE=33000 DURATION=180 WARMUP=30 IN_MEMORY_STORE=1 fab docker --cpus-per-validator=8 --latency=100ms --primary-bw=300mbit
[92mStarting Docker benchmark[0m
Setting up testbed...
Docker image up to date, skipping build.
Starting containers...
Waiting for all containers to be ready...
All containers ready.
Running benchmark (180 sec)...
Stopping containers...
Parsing logs...

-----------------------------------------
 SUMMARY:
-----------------------------------------
 + CONFIG:
 Committee size: 4 node(s)
 Worker(s) per node: 1 worker(s)
 Input rate: 33,000 tx/s
 Transaction size: 512 B
 Benchmark duration: 180.0 s
 Consensus duration: 136.54 s
 Commit duration: 134.83 s


 + LAST COMMITTED PER VALIDATOR (from primary logs):
 Validator  Time            Round
 0          06:34:35.169      600
 1          06:34:35.169      600
 2          06:34:35.120      600
 3          06:34:35.120      600
 + RESULTS:
 f+1 Commit latency (workers) (mean): 2,002 ms
 f+1 Commit latency (workers) (p50): 1,990 ms
 f+1 Commit latency (workers) (p90): 2,404 ms
 f+1 Commit latency (workers) (p95): 2,507 ms
 f+1 Commit latency (workers) (p99): 2,993 ms
 E2E latency (send -> exec reply) (mean): 2,179 ms
 E2E latency (send -> exec reply) (p50): 2,125 ms
 E2E latency (send -> exec reply) (p90): 2,504 ms
 E2E latency (send -> exec reply) (p95): 2,673 ms
 E2E latency (send -> exec reply) (p99): 4,361 ms

 Consensus TPS: 32,623 tx/s
 Consensus BPS: 16,703,046 B/s
 Committed TPS: 33,036 tx/s
 Committed BPS: 16,914,642 B/s
 E2E TPS: 32,585 tx/s
 E2E duration: 150.07 s

 + VALIDATOR LOAD DISTRIBUTION:
 Validator 0: 1,111,724 tx (25.0%)
 Validator 1: 1,117,350 tx (25.1%)
 Validator 2: 1,110,849 tx (24.9%)
 Validator 3: 1,114,277 tx (25.0%)

 + EXECUTOR LOAD DISTRIBUTION (avg across validators):
 Executor 0: 1,789,755 tx (33.3%)
 Executor 1: 1,789,641 tx (33.3%)
 Executor 2: 1,789,356 tx (33.3%)

 + PER-VALIDATOR COMMIT METRICS:
 Validator    TPS (tx/s)    Mean (ms)    p95 (ms)    Misses
 0            8,246         1,804        2,373       0
 1            8,287         1,805        2,394       0
 2            8,239         2,100        2,643       0
 3            8,264         2,178        2,595       0
 Overall      33,036        1,972 (wtd)  2,501 (wtd) 0

 + PER-VALIDATOR QUORUM TIMING (ms):
                    mean            p95             std      
 Validator       delay    lat    delay    lat    delay    lat
 0                  23    112       58    138       19     15
 1                  21    111       59    138       18     13
 2                  23    112       59    138       19     14
 3                 191    116      241    147       51     19

 + PER-STAGE LATENCY BREAKDOWN (mean, ms):
   Stage                            All
   Client -> Worker:                  6
   Worker -> Batch seal:             62
   Batch seal -> Quorum:            181
   Quorum -> Processed:               2
   Processed -> Header:             152
   Header -> Certified:             200
   Certified -> Committed:        1,368
   Sum:                           1,972
   (n=)                          10,653
-----------------------------------------
CMD: NODES=4 WORKER_BANDWIDTHS_MBPS=600,600,600,200 RATE_WEIGHTS=1,1,1,1 E_SKEW_WEIGHTS=1,1,1 BASELINE=1 NEW_SCHEDULER=0 NO_SEND_PAYMENT=1 NUM_EXECUTORS=3 RATE=45000 DURATION=180 WARMUP=30 IN_MEMORY_STORE=1 fab docker --cpus-per-validator=8 --latency=100ms --primary-bw=300mbit
[92mStarting Docker benchmark[0m
Setting up testbed...
Docker image up to date, skipping build.
Starting containers...
Waiting for all containers to be ready...
All containers ready.
Running benchmark (180 sec)...
Stopping containers...
Parsing logs...

-----------------------------------------
 SUMMARY:
-----------------------------------------
 + CONFIG:
 Committee size: 4 node(s)
 Worker(s) per node: 1 worker(s)
 Input rate: 45,000 tx/s
 Transaction size: 512 B
 Benchmark duration: 180.0 s
 Consensus duration: 146.35 s
 Commit duration: 134.44 s


 + LAST COMMITTED PER VALIDATOR (from primary logs):
 Validator  Time            Round
 0          06:38:12.383      604
 1          06:38:12.334      604
 2          06:38:12.383      604
 3          06:38:12.334      604
 + RESULTS:
 f+1 Commit latency (workers) (mean): 2,078 ms
 f+1 Commit latency (workers) (p50): 2,071 ms
 f+1 Commit latency (workers) (p90): 2,408 ms
 f+1 Commit latency (workers) (p95): 2,500 ms
 f+1 Commit latency (workers) (p99): 2,639 ms
 E2E latency (send -> exec reply) (mean): 2,264 ms
 E2E latency (send -> exec reply) (p50): 2,244 ms
 E2E latency (send -> exec reply) (p90): 2,517 ms
 E2E latency (send -> exec reply) (p95): 2,600 ms
 E2E latency (send -> exec reply) (p99): 3,501 ms

 Consensus TPS: 42,022 tx/s
 Consensus BPS: 21,515,076 B/s
 Committed TPS: 45,744 tx/s
 Committed BPS: 23,420,888 B/s
 E2E TPS: 44,290 tx/s
 E2E duration: 150.92 s

 + VALIDATOR LOAD DISTRIBUTION:
 Validator 0: 1,517,965 tx (24.7%)
 Validator 1: 1,511,620 tx (24.6%)
 Validator 2: 1,517,124 tx (24.7%)
 Validator 3: 1,603,241 tx (26.1%)

 + EXECUTOR LOAD DISTRIBUTION (avg across validators):
 Executor 0: 2,440,312 tx (33.3%)
 Executor 1: 2,439,827 tx (33.3%)
 Executor 2: 2,439,932 tx (33.3%)

 + PER-VALIDATOR COMMIT METRICS:
 Validator    TPS (tx/s)    Mean (ms)    p95 (ms)    Misses
 0            11,291        2,127        2,517       0
 1            11,244        1,915        2,371       0
 2            11,285        2,126        2,554       0
 3            11,925        1,990        2,394       0
 Overall      45,744        2,039 (wtd)  2,458 (wtd) 0

 + PER-VALIDATOR QUORUM TIMING (ms):
                    mean            p95             std      
 Validator       delay    lat    delay    lat    delay    lat
 0                 171     84      212    118       25     33
 1                 175     84      200    118       24     32
 2                 180     84      207    119       24     32
 3                 233     86      309    183       54     74

 + PER-STAGE LATENCY BREAKDOWN (mean, ms):
   Stage                            All
   Client -> Worker:                 12
   Worker -> Batch seal:             45
   Batch seal -> Quorum:            278
   Quorum -> Processed:               3
   Processed -> Header:             150
   Header -> Certified:             200
   Certified -> Committed:        1,502
   Sum:                           2,190
   (n=)                          10,614
-----------------------------------------
CMD: NODES=4 WORKER_BANDWIDTHS_MBPS=600,600,600,200 RATE_WEIGHTS=1,1,1,1 E_SKEW_WEIGHTS=1,1,1 BASELINE=1 NEW_SCHEDULER=0 NO_SEND_PAYMENT=1 NUM_EXECUTORS=3 RATE=55000 DURATION=180 WARMUP=30 IN_MEMORY_STORE=1 fab docker --cpus-per-validator=8 --latency=100ms --primary-bw=300mbit
[92mStarting Docker benchmark[0m
Setting up testbed...
Docker image up to date, skipping build.
Starting containers...
Waiting for all containers to be ready...
All containers ready.
Running benchmark (180 sec)...
Stopping containers...
Parsing logs...

-----------------------------------------
 SUMMARY:
-----------------------------------------
 + CONFIG:
 Committee size: 4 node(s)
 Worker(s) per node: 1 worker(s)
 Input rate: 55,000 tx/s
 Transaction size: 512 B
 Benchmark duration: 180.0 s
 Consensus duration: 136.34 s
 Commit duration: 134.48 s


 + LAST COMMITTED PER VALIDATOR (from primary logs):
 Validator  Time            Round
 0          06:41:48.492      610
 1          06:41:48.517      610
 2          06:41:48.467      610
 3          06:41:48.467      610
 + RESULTS:
 f+1 Commit latency (workers) (mean): 4,583 ms
 f+1 Commit latency (workers) (p50): 2,310 ms
 f+1 Commit latency (workers) (p90): 14,497 ms
 f+1 Commit latency (workers) (p95): 16,173 ms
 f+1 Commit latency (workers) (p99): 19,178 ms
 E2E latency (send -> exec reply) (mean): 5,152 ms
 E2E latency (send -> exec reply) (p50): 2,523 ms
 E2E latency (send -> exec reply) (p90): 15,355 ms
 E2E latency (send -> exec reply) (p95): 18,279 ms
 E2E latency (send -> exec reply) (p99): 23,955 ms

 Consensus TPS: 52,435 tx/s
 Consensus BPS: 26,846,536 B/s
 Committed TPS: 53,158 tx/s
 Committed BPS: 27,216,845 B/s
 E2E TPS: 52,088 tx/s
 E2E duration: 152.45 s

 + VALIDATOR LOAD DISTRIBUTION:
 Validator 0: 1,841,533 tx (25.8%)
 Validator 1: 1,862,316 tx (26.1%)
 Validator 2: 1,849,893 tx (25.9%)
 Validator 3: 1,595,092 tx (22.3%)

 + EXECUTOR LOAD DISTRIBUTION (avg across validators):
 Executor 0: 2,283,562 tx (33.3%)
 Executor 1: 2,282,760 tx (33.3%)
 Executor 2: 2,283,518 tx (33.3%)

 + PER-VALIDATOR COMMIT METRICS:
 Validator    TPS (tx/s)    Mean (ms)    p95 (ms)    Misses
 0            13,693        2,315        2,823       0
 1            13,848        1,923        2,457       0
 2            13,756        3,325        9,951       0
 3            11,861        11,440       19,053      0
 Overall      53,158        4,510 (wtd)  8,193 (wtd) 0

 + PER-VALIDATOR QUORUM TIMING (ms):
                    mean            p95             std      
 Validator       delay    lat    delay    lat    delay    lat
 0                 176     68      207    106       23     37
 1                 172     68      211    110       27     40
 2                 178     68      206    108       25     40
 3               6,903     80   16,173    332    5,324    137

 + PER-STAGE LATENCY BREAKDOWN (mean, ms):
   Stage                            All
   Client -> Worker:                549
   Worker -> Batch seal:             38
   Batch seal -> Quorum:          1,755
   Quorum -> Processed:               5
   Processed -> Header:             152
   Header -> Certified:             227
   Certified -> Committed:        1,751
   Sum:                           4,476
   (n=)                          10,230
-----------------------------------------

CMD: NODES=4 WORKER_BANDWIDTHS_MBPS=600,600,600,200 RATE_WEIGHTS=1,1,1,1 E_SKEW_WEIGHTS=1,1,1 BASELINE=1 NEW_SCHEDULER=0 NO_SEND_PAYMENT=1 NUM_EXECUTORS=3 RATE=78000 DURATION=180 WARMUP=30 IN_MEMORY_STORE=1 fab docker --cpus-per-validator=8 --latency=100ms --primary-bw=300mbit
[92mStarting Docker benchmark[0m
Setting up testbed...
Docker image up to date, skipping build.
Starting containers...
Waiting for all containers to be ready...
All containers ready.
Running benchmark (180 sec)...
Stopping containers...
Parsing logs...

-----------------------------------------
 SUMMARY:
-----------------------------------------
 + CONFIG:
 Committee size: 4 node(s)
 Worker(s) per node: 1 worker(s)
 Input rate: 78,000 tx/s
 Transaction size: 512 B
 Benchmark duration: 180.0 s
 Consensus duration: 136.37 s
 Commit duration: 134.5 s


 + LAST COMMITTED PER VALIDATOR (from primary logs):
 Validator  Time            Round
 0          06:49:03.847      612
 1          06:49:03.847      612
 2          06:49:03.847      612
 3          06:49:03.797      612
 + RESULTS:
 f+1 Commit latency (workers) (mean): 7,133 ms
 f+1 Commit latency (workers) (p50): 2,185 ms
 f+1 Commit latency (workers) (p90): 26,633 ms
 f+1 Commit latency (workers) (p95): 42,740 ms
 f+1 Commit latency (workers) (p99): 50,184 ms
 E2E latency (send -> exec reply) (mean): 7,870 ms
 E2E latency (send -> exec reply) (p50): 2,456 ms
 E2E latency (send -> exec reply) (p90): 28,430 ms
 E2E latency (send -> exec reply) (p95): 44,433 ms
 E2E latency (send -> exec reply) (p99): 60,533 ms

 Consensus TPS: 69,726 tx/s
 Consensus BPS: 35,699,714 B/s
 Committed TPS: 70,692 tx/s
 Committed BPS: 36,194,456 B/s
 E2E TPS: 69,004 tx/s
 E2E duration: 152.29 s

 + VALIDATOR LOAD DISTRIBUTION:
 Validator 0: 2,618,470 tx (27.5%)
 Validator 1: 2,635,029 tx (27.7%)
 Validator 2: 2,635,701 tx (27.7%)
 Validator 3: 1,619,126 tx (17.0%)

 + EXECUTOR LOAD DISTRIBUTION (avg across validators):
 Executor 0: 2,975,659 tx (33.3%)
 Executor 1: 2,976,487 tx (33.3%)
 Executor 2: 2,973,577 tx (33.3%)

 + PER-VALIDATOR COMMIT METRICS:
 Validator    TPS (tx/s)    Mean (ms)    p95 (ms)    Misses
 0            19,468        2,579        7,922       0
 1            19,591        2,151        2,571       0
 2            19,596        1,847        2,317       0
 3            12,038        31,309       50,774      0
 Overall      70,692        7,150 (wtd)  12,183 (wtd) 0

 + PER-VALIDATOR QUORUM TIMING (ms):
                    mean            p95             std      
 Validator       delay    lat    delay    lat    delay    lat
 0                 183     47      219    108       25     40
 1                 180     47      223    110       28     42
 2                 178     47      220    110       29     42
 3               5,483     78   15,151    306    4,927    127

 + PER-STAGE LATENCY BREAKDOWN (mean, ms):
   Stage                            All
   Client -> Worker:              3,951
   Worker -> Batch seal:             32
   Batch seal -> Quorum:          1,145
   Quorum -> Processed:               5
   Processed -> Header:             154
   Header -> Certified:             224
   Certified -> Committed:        1,505
   Sum:                           7,016
   (n=)                           9,558
-----------------------------------------
CMD: NODES=4 WORKER_BANDWIDTHS_MBPS=600,600,200,200 RATE_WEIGHTS=1,1,1,1 E_SKEW_WEIGHTS=1,1,1 BASELINE=1 NEW_SCHEDULER=0 NO_SEND_PAYMENT=1 NUM_EXECUTORS=3 RATE=10000 DURATION=180 WARMUP=30 IN_MEMORY_STORE=1 fab docker --cpus-per-validator=8 --latency=100ms --primary-bw=300mbit
[92mStarting Docker benchmark[0m
Setting up testbed...
Docker image up to date, skipping build.
Starting containers...
Waiting for all containers to be ready...
All containers ready.
Running benchmark (180 sec)...
Stopping containers...
Parsing logs...

-----------------------------------------
 SUMMARY:
-----------------------------------------
 + CONFIG:
 Committee size: 4 node(s)
 Worker(s) per node: 1 worker(s)
 Input rate: 10,000 tx/s
 Transaction size: 512 B
 Benchmark duration: 180.0 s
 Consensus duration: 136.58 s
 Commit duration: 134.9 s


 + LAST COMMITTED PER VALIDATOR (from primary logs):
 Validator  Time            Round
 0          06:52:43.599      598
 1          06:52:43.599      598
 2          06:52:43.599      598
 3          06:52:43.550      598
 + RESULTS:
 f+1 Commit latency (workers) (mean): 1,951 ms
 f+1 Commit latency (workers) (p50): 1,944 ms
 f+1 Commit latency (workers) (p90): 2,322 ms
 f+1 Commit latency (workers) (p95): 2,443 ms
 f+1 Commit latency (workers) (p99): 2,579 ms
 E2E latency (send -> exec reply) (mean): 1,986 ms
 E2E latency (send -> exec reply) (p50): 1,980 ms
 E2E latency (send -> exec reply) (p90): 2,340 ms
 E2E latency (send -> exec reply) (p95): 2,454 ms
 E2E latency (send -> exec reply) (p99): 2,592 ms

 Consensus TPS: 9,886 tx/s
 Consensus BPS: 5,061,876 B/s
 Committed TPS: 10,010 tx/s
 Committed BPS: 5,124,991 B/s
 E2E TPS: 9,886 tx/s
 E2E duration: 149.98 s

 + VALIDATOR LOAD DISTRIBUTION:
 Validator 0: 337,355 tx (25.0%)
 Validator 1: 337,278 tx (25.0%)
 Validator 2: 337,212 tx (25.0%)
 Validator 3: 338,440 tx (25.1%)

 + EXECUTOR LOAD DISTRIBUTION (avg across validators):
 Executor 0: 542,256 tx (33.3%)
 Executor 1: 542,926 tx (33.4%)
 Executor 2: 542,397 tx (33.3%)

 + PER-VALIDATOR COMMIT METRICS:
 Validator    TPS (tx/s)    Mean (ms)    p95 (ms)    Misses
 0            2,501         2,074        2,471       0
 1            2,500         1,924        2,217       0
 2            2,500         1,818        2,268       0
 3            2,509         1,960        2,531       0
 Overall      10,010        1,944 (wtd)  2,372 (wtd) 0

 + PER-VALIDATOR QUORUM TIMING (ms):
                    mean            p95             std      
 Validator       delay    lat    delay    lat    delay    lat
 0                   0    113        0    116        0      2
 1                   0    111        0    114        0      1
 2                   0    129        0    132        0      3
 3                   0    129        0    132        0      3

 + PER-STAGE LATENCY BREAKDOWN (mean, ms):
   Stage                            All
   Client -> Worker:                  2
   Worker -> Batch seal:            103
   Batch seal -> Quorum:            122
   Quorum -> Processed:               1
   Processed -> Header:             151
   Header -> Certified:             200
   Certified -> Committed:        1,366
   Sum:                           1,944
   (n=)                          10,657
-----------------------------------------
CMD: NODES=4 WORKER_BANDWIDTHS_MBPS=600,600,200,200 RATE_WEIGHTS=1,1,1,1 E_SKEW_WEIGHTS=1,1,1 BASELINE=1 NEW_SCHEDULER=0 NO_SEND_PAYMENT=1 NUM_EXECUTORS=3 RATE=20000 DURATION=180 WARMUP=30 IN_MEMORY_STORE=1 fab docker --cpus-per-validator=8 --latency=100ms --primary-bw=300mbit
[92mStarting Docker benchmark[0m
Setting up testbed...
Docker image up to date, skipping build.
Starting containers...
Waiting for all containers to be ready...
All containers ready.
Running benchmark (180 sec)...
Stopping containers...
Parsing logs...

-----------------------------------------
 SUMMARY:
-----------------------------------------
 + CONFIG:
 Committee size: 4 node(s)
 Worker(s) per node: 1 worker(s)
 Input rate: 20,000 tx/s
 Transaction size: 512 B
 Benchmark duration: 180.0 s
 Consensus duration: 136.3 s
 Commit duration: 134.76 s


 + LAST COMMITTED PER VALIDATOR (from primary logs):
 Validator  Time            Round
 0          06:56:18.611      602
 1          06:56:18.572      602
 2          06:56:18.562      602
 3          06:56:18.572      602
 + RESULTS:
 f+1 Commit latency (workers) (mean): 2,171 ms
 f+1 Commit latency (workers) (p50): 1,914 ms
 f+1 Commit latency (workers) (p90): 2,268 ms
 f+1 Commit latency (workers) (p95): 2,442 ms
 f+1 Commit latency (workers) (p99): 12,866 ms
 E2E latency (send -> exec reply) (mean): 2,226 ms
 E2E latency (send -> exec reply) (p50): 1,990 ms
 E2E latency (send -> exec reply) (p90): 2,327 ms
 E2E latency (send -> exec reply) (p95): 2,490 ms
 E2E latency (send -> exec reply) (p99): 12,594 ms

 Consensus TPS: 16,886 tx/s
 Consensus BPS: 8,645,696 B/s
 Committed TPS: 17,079 tx/s
 Committed BPS: 8,744,627 B/s
 E2E TPS: 17,181 tx/s
 E2E duration: 150.47 s

 + VALIDATOR LOAD DISTRIBUTION:
 Validator 0: 275,497 tx (12.0%)
 Validator 1: 676,442 tx (29.4%)
 Validator 2: 674,267 tx (29.3%)
 Validator 3: 675,356 tx (29.3%)

 + EXECUTOR LOAD DISTRIBUTION (avg across validators):
 Executor 0: 941,174 tx (33.3%)
 Executor 1: 940,954 tx (33.3%)
 Executor 2: 942,629 tx (33.4%)

 + PER-VALIDATOR COMMIT METRICS:
 Validator    TPS (tx/s)    Mean (ms)    p95 (ms)    Misses
 0            2,044         4,214        14,611      0
 1            5,020         1,814        2,215       0
 2            5,004         1,802        2,201       0
 3            5,012         1,995        2,355       0
 Overall      17,079        2,151 (wtd)  3,736 (wtd) 0

 + PER-VALIDATOR QUORUM TIMING (ms):
                    mean            p95             std      
 Validator       delay    lat    delay    lat    delay    lat
 0                   0    131        0    144        0     11
 1                   0    131        0    140        0      7
 2                   1    160        7    170        3      6
 3                   1    162        7    171        3      7

 + PER-STAGE LATENCY BREAKDOWN (mean, ms):
   Stage                            All
   Client -> Worker:                  4
   Worker -> Batch seal:             99
   Batch seal -> Quorum:            152
   Quorum -> Processed:               2
   Processed -> Header:             152
   Header -> Certified:             200
   Certified -> Committed:        1,541
   Sum:                           2,150
   (n=)                           9,095
-----------------------------------------
CMD: NODES=4 WORKER_BANDWIDTHS_MBPS=600,600,200,200 RATE_WEIGHTS=1,1,1,1 E_SKEW_WEIGHTS=1,1,1 BASELINE=1 NEW_SCHEDULER=0 NO_SEND_PAYMENT=1 NUM_EXECUTORS=3 RATE=30000 DURATION=180 WARMUP=30 IN_MEMORY_STORE=1 fab docker --cpus-per-validator=8 --latency=100ms --primary-bw=300mbit
[92mStarting Docker benchmark[0m
Setting up testbed...
Docker image up to date, skipping build.
Starting containers...
Waiting for all containers to be ready...
All containers ready.
Running benchmark (180 sec)...
Stopping containers...
Parsing logs...

-----------------------------------------
 SUMMARY:
-----------------------------------------
 + CONFIG:
 Committee size: 4 node(s)
 Worker(s) per node: 1 worker(s)
 Input rate: 30,000 tx/s
 Transaction size: 512 B
 Benchmark duration: 180.0 s
 Consensus duration: 135.67 s
 Commit duration: 134.41 s


 + LAST COMMITTED PER VALIDATOR (from primary logs):
 Validator  Time            Round
 0          06:59:56.638      604
 1          06:59:56.598      604
 2          06:59:56.647      604
 3          06:59:56.647      604
 + RESULTS:
 f+1 Commit latency (workers) (mean): 2,470 ms
 f+1 Commit latency (workers) (p50): 1,982 ms
 f+1 Commit latency (workers) (p90): 2,502 ms
 f+1 Commit latency (workers) (p95): 5,757 ms
 f+1 Commit latency (workers) (p99): 14,796 ms
 E2E latency (send -> exec reply) (mean): 2,572 ms
 E2E latency (send -> exec reply) (p50): 2,097 ms
 E2E latency (send -> exec reply) (p90): 2,592 ms
 E2E latency (send -> exec reply) (p95): 5,569 ms
 E2E latency (send -> exec reply) (p99): 14,833 ms

 Consensus TPS: 28,660 tx/s
 Consensus BPS: 14,673,737 B/s
 Committed TPS: 28,927 tx/s
 Committed BPS: 14,810,633 B/s
 E2E TPS: 28,772 tx/s
 E2E duration: 149.63 s

 + VALIDATOR LOAD DISTRIBUTION:
 Validator 0: 886,385 tx (22.8%)
 Validator 1: 1,007,087 tx (25.9%)
 Validator 2: 1,008,098 tx (25.9%)
 Validator 3: 986,655 tx (25.4%)

 + EXECUTOR LOAD DISTRIBUTION (avg across validators):
 Executor 0: 1,543,158 tx (33.3%)
 Executor 1: 1,544,311 tx (33.3%)
 Executor 2: 1,545,577 tx (33.4%)

 + PER-VALIDATOR COMMIT METRICS:
 Validator    TPS (tx/s)    Mean (ms)    p95 (ms)    Misses
 0            6,594         3,318        11,499      0
 1            7,492         1,786        2,186       0
 2            7,500         1,858        2,351       0
 3            7,340         2,901        10,761      0
 Overall      28,927        2,437 (wtd)  6,528 (wtd) 0

 + PER-VALIDATOR QUORUM TIMING (ms):
                    mean            p95             std      
 Validator       delay    lat    delay    lat    delay    lat
 0                  46    127       89    155       25     20
 1                  35    126      117    145       37     18
 2                  70    128      174    153       54     18
 3                  84    127      193    161       65     22

 + PER-STAGE LATENCY BREAKDOWN (mean, ms):
   Stage                            All
   Client -> Worker:                  6
   Worker -> Batch seal:             68
   Batch seal -> Quorum:            190
   Quorum -> Processed:               2
   Processed -> Header:             151
   Header -> Certified:             200
   Certified -> Committed:        1,816
   Sum:                           2,432
   (n=)                          10,274
-----------------------------------------
CMD: NODES=4 WORKER_BANDWIDTHS_MBPS=600,600,200,200 RATE_WEIGHTS=1,1,1,1 E_SKEW_WEIGHTS=1,1,1 BASELINE=1 NEW_SCHEDULER=0 NO_SEND_PAYMENT=1 NUM_EXECUTORS=3 RATE=38000 DURATION=180 WARMUP=30 IN_MEMORY_STORE=1 fab docker --cpus-per-validator=8 --latency=100ms --primary-bw=300mbit
[92mStarting Docker benchmark[0m
Setting up testbed...
Docker image up to date, skipping build.
Starting containers...
Waiting for all containers to be ready...
All containers ready.
Running benchmark (180 sec)...
Stopping containers...
Parsing logs...

-----------------------------------------
 SUMMARY:
-----------------------------------------
 + CONFIG:
 Committee size: 4 node(s)
 Worker(s) per node: 1 worker(s)
 Input rate: 38,000 tx/s
 Transaction size: 512 B
 Benchmark duration: 180.0 s
 Consensus duration: 136.44 s
 Commit duration: 134.9 s


 + LAST COMMITTED PER VALIDATOR (from primary logs):
 Validator  Time            Round
 0          07:03:33.446      606
 1          07:03:33.446      606
 2          07:03:33.421      606
 3          07:03:32.862      604
 + RESULTS:
 f+1 Commit latency (workers) (mean): 2,523 ms
 f+1 Commit latency (workers) (p50): 2,072 ms
 f+1 Commit latency (workers) (p90): 2,505 ms
 f+1 Commit latency (workers) (p95): 4,986 ms
 f+1 Commit latency (workers) (p99): 14,942 ms
 E2E latency (send -> exec reply) (mean): 2,656 ms
 E2E latency (send -> exec reply) (p50): 2,211 ms
 E2E latency (send -> exec reply) (p90): 2,602 ms
 E2E latency (send -> exec reply) (p95): 4,614 ms
 E2E latency (send -> exec reply) (p99): 15,018 ms

 Consensus TPS: 35,862 tx/s
 Consensus BPS: 18,361,203 B/s
 Committed TPS: 36,270 tx/s
 Committed BPS: 18,570,265 B/s
 E2E TPS: 35,959 tx/s
 E2E duration: 151.37 s

 + VALIDATOR LOAD DISTRIBUTION:
 Validator 0: 1,278,796 tx (26.1%)
 Validator 1: 1,283,778 tx (26.2%)
 Validator 2: 1,050,063 tx (21.5%)
 Validator 3: 1,280,265 tx (26.2%)

 + EXECUTOR LOAD DISTRIBUTION (avg across validators):
 Executor 0: 1,999,745 tx (33.3%)
 Executor 1: 1,999,386 tx (33.3%)
 Executor 2: 1,998,549 tx (33.3%)

 + PER-VALIDATOR COMMIT METRICS:
 Validator    TPS (tx/s)    Mean (ms)    p95 (ms)    Misses
 0            9,479         1,905        2,362       0
 1            9,516         1,963        2,509       0
 2            7,784         4,327        14,700      0
 3            9,490         2,088        2,375       0
 Overall      36,270        2,488 (wtd)  5,052 (wtd) 0

 + PER-VALIDATOR QUORUM TIMING (ms):
                    mean            p95             std      
 Validator       delay    lat    delay    lat    delay    lat
 0                 157    100      226    164       32     38
 1                 169    100      223    160       30     37
 2                 207    100      278    169       33     44
 3                 212    100      293    183       34     50

 + PER-STAGE LATENCY BREAKDOWN (mean, ms):
   Stage                            All
   Client -> Worker:                  9
   Worker -> Batch seal:             54
   Batch seal -> Quorum:            289
   Quorum -> Processed:               3
   Processed -> Header:             150
   Header -> Certified:             200
   Certified -> Committed:        1,774
   Sum:                           2,479
   (n=)                          10,159
-----------------------------------------
CMD: NODES=4 WORKER_BANDWIDTHS_MBPS=600,600,200,200 RATE_WEIGHTS=1,1,1,1 E_SKEW_WEIGHTS=1,1,1 BASELINE=1 NEW_SCHEDULER=0 NO_SEND_PAYMENT=1 NUM_EXECUTORS=3 RATE=45000 DURATION=180 WARMUP=30 IN_MEMORY_STORE=1 fab docker --cpus-per-validator=8 --latency=100ms --primary-bw=300mbit
[92mStarting Docker benchmark[0m
Setting up testbed...
Docker image up to date, skipping build.
Starting containers...
Waiting for all containers to be ready...
All containers ready.
Running benchmark (180 sec)...
Stopping containers...
Parsing logs...

-----------------------------------------
 SUMMARY:
-----------------------------------------
 + CONFIG:
 Committee size: 4 node(s)
 Worker(s) per node: 1 worker(s)
 Input rate: 45,000 tx/s
 Transaction size: 512 B
 Benchmark duration: 180.0 s
 Consensus duration: 135.89 s
 Commit duration: 134.4 s


 + LAST COMMITTED PER VALIDATOR (from primary logs):
 Validator  Time            Round
 0          07:07:13.161      608
 1          07:07:13.115      608
 2          07:07:13.165      608
 3          07:07:13.115      608
 + RESULTS:
 f+1 Commit latency (workers) (mean): 2,268 ms
 f+1 Commit latency (workers) (p50): 2,155 ms
 f+1 Commit latency (workers) (p90): 2,635 ms
 f+1 Commit latency (workers) (p95): 2,899 ms
 f+1 Commit latency (workers) (p99): 6,079 ms
 E2E latency (send -> exec reply) (mean): 2,473 ms
 E2E latency (send -> exec reply) (p50): 2,339 ms
 E2E latency (send -> exec reply) (p90): 2,848 ms
 E2E latency (send -> exec reply) (p95): 3,163 ms
 E2E latency (send -> exec reply) (p99): 6,182 ms

 Consensus TPS: 44,388 tx/s
 Consensus BPS: 22,726,872 B/s
 Committed TPS: 44,879 tx/s
 Committed BPS: 22,978,150 B/s
 E2E TPS: 44,390 tx/s
 E2E duration: 152.07 s

 + VALIDATOR LOAD DISTRIBUTION:
 Validator 0: 1,512,102 tx (25.1%)
 Validator 1: 1,497,671 tx (24.8%)
 Validator 2: 1,510,446 tx (25.0%)
 Validator 3: 1,511,635 tx (25.1%)

 + EXECUTOR LOAD DISTRIBUTION (avg across validators):
 Executor 0: 2,466,099 tx (33.3%)
 Executor 1: 2,468,229 tx (33.3%)
 Executor 2: 2,468,294 tx (33.3%)

 + PER-VALIDATOR COMMIT METRICS:
 Validator    TPS (tx/s)    Mean (ms)    p95 (ms)    Misses
 0            11,251        2,397        3,629       0
 1            11,143        2,280        3,650       0
 2            11,238        2,142        2,609       0
 3            11,247        2,086        2,641       0
 Overall      44,879        2,226 (wtd)  3,131 (wtd) 0

 + PER-VALIDATOR QUORUM TIMING (ms):
                    mean            p95             std      
 Validator       delay    lat    delay    lat    delay    lat
 0                 220     84      295    181       42     66
 1                 220     84      302    173       41     58
 2                 250     84      318    181       44     70
 3                 250     84      318    182       45     71

 + PER-STAGE LATENCY BREAKDOWN (mean, ms):
   Stage                            All
   Client -> Worker:                 18
   Worker -> Batch seal:             46
   Batch seal -> Quorum:            323
   Quorum -> Processed:               4
   Processed -> Header:             150
   Header -> Certified:             200
   Certified -> Committed:        1,484
   Sum:                           2,224
   (n=)                          10,582
-----------------------------------------
CMD: NODES=4 WORKER_BANDWIDTHS_MBPS=600,600,600,600 RATE_WEIGHTS=1,1,1,1 E_SKEW_WEIGHTS=1,1,1 BASELINE=1 NEW_SCHEDULER=0 NO_SEND_PAYMENT=1 NUM_EXECUTORS=3 RATE=139000 DURATION=180 WARMUP=30 IN_MEMORY_STORE=1 fab docker --cpus-per-validator=8 --latency=100ms --primary-bw=300mbit --log-dir=/home/zpkhor/narwhal-validator/benchmark/exp/results/motivation_docker_isolate/n4_balanced_r139000_run_1
[92mStarting Docker benchmark[0m
Setting up testbed...
Docker image up to date, skipping build.
Starting containers...
Waiting for all containers to be ready...
All containers ready.
Running benchmark (180 sec)...
Stopping containers...
Parsing logs...

-----------------------------------------
 SUMMARY:
-----------------------------------------
 + CONFIG:
 Committee size: 4 node(s)
 Worker(s) per node: 1 worker(s)
 Input rate: 139,000 tx/s
 Transaction size: 512 B
 Benchmark duration: 180.0 s
 Consensus duration: 148.7 s
 Commit duration: 134.51 s


 + LAST COMMITTED PER VALIDATOR (from primary logs):
 Validator  Time            Round
 0          14:45:08.507      602
 1          14:45:08.517      602
 2          14:45:08.507      602
 3          14:45:08.491      602
 + RESULTS:
 f+1 Commit latency (workers) (mean): 10,341 ms
 f+1 Commit latency (workers) (p50): 7,587 ms
 f+1 Commit latency (workers) (p90): 21,213 ms
 f+1 Commit latency (workers) (p95): 29,068 ms
 f+1 Commit latency (workers) (p99): 34,697 ms
 E2E latency (send -> exec reply) (mean): 19,492 ms
 E2E latency (send -> exec reply) (p50): 17,855 ms
 E2E latency (send -> exec reply) (p90): 31,027 ms
 E2E latency (send -> exec reply) (p95): 36,585 ms
 E2E latency (send -> exec reply) (p99): 46,630 ms

 Consensus TPS: 107,127 tx/s
 Consensus BPS: 54,849,073 B/s
 Committed TPS: 118,429 tx/s
 Committed BPS: 60,635,772 B/s
 E2E TPS: 99,150 tx/s
 E2E duration: 148.11 s

 + VALIDATOR LOAD DISTRIBUTION:
 Validator 0: 4,359,693 tx (27.4%)
 Validator 1: 4,196,024 tx (26.3%)
 Validator 2: 3,440,132 tx (21.6%)
 Validator 3: 3,933,950 tx (24.7%)

 + EXECUTOR LOAD DISTRIBUTION (avg across validators):
 Executor 0: 4,955,777 tx (33.2%)
 Executor 1: 4,979,696 tx (33.4%)
 Executor 2: 4,975,017 tx (33.4%)

 + PER-VALIDATOR COMMIT METRICS:
 Validator    TPS (tx/s)    Mean (ms)    p95 (ms)    Misses
 0            32,412        6,425        11,663      0
 1            31,195        10,820       25,135      0
 2            25,575        11,939       24,864      0
 3            29,247        10,507       20,294      0
 Overall      118,429       9,781 (wtd)  20,194 (wtd) 0

 + PER-VALIDATOR QUORUM TIMING (ms):
                    mean            p95             std      
 Validator       delay    lat    delay    lat    delay    lat
 0               2,648     27    9,783    170    2,304     58
 1               6,891     32   22,513    172    8,013     62
 2               9,708     35   22,998    188    8,521     74
 3               3,764     31   10,796    170    4,232     62

 + PER-STAGE LATENCY BREAKDOWN (mean, ms):
   Stage                            All
   Client -> Worker:              2,116
   Worker -> Batch seal:             18
   Batch seal -> Quorum:          5,603
   Quorum -> Processed:              15
   Processed -> Header:             155
   Header -> Certified:             206
   Certified -> Committed:        1,613
   Sum:                           9,725
   (n=)                           8,832
-----------------------------------------
CMD: NODES=4 WORKER_BANDWIDTHS_MBPS=600,600,600,600 RATE_WEIGHTS=1,1,1,1 E_SKEW_WEIGHTS=18,1,1 BASELINE=1 NEW_SCHEDULER=0 NO_SEND_PAYMENT=1 NUM_EXECUTORS=3 RATE=77000 DURATION=180 WARMUP=30 IN_MEMORY_STORE=1 fab docker --cpus-per-validator=8 --latency=100ms --primary-bw=300mbit --log-dir=/home/zpkhor/narwhal-validator/benchmark/exp/results/motivation_docker_isolate/n4_e_rate_imb90_r77000_run_1
[92mStarting Docker benchmark[0m
Setting up testbed...
Docker image up to date, skipping build.
Starting containers...
Waiting for all containers to be ready...
All containers ready.
Running benchmark (180 sec)...
Stopping containers...
Parsing logs...

-----------------------------------------
 SUMMARY:
-----------------------------------------
 + CONFIG:
 Committee size: 4 node(s)
 Worker(s) per node: 1 worker(s)
 Input rate: 77,000 tx/s
 Transaction size: 512 B
 Benchmark duration: 180.0 s
 Consensus duration: 136.46 s
 Commit duration: 134.84 s


 + LAST COMMITTED PER VALIDATOR (from primary logs):
 Validator  Time            Round
 0          14:48:42.916      606
 1          14:48:42.900      606
 2          14:48:42.874      606
 3          14:48:42.874      606
 + RESULTS:
 f+1 Commit latency (workers) (mean): 3,618 ms
 f+1 Commit latency (workers) (p50): 2,109 ms
 f+1 Commit latency (workers) (p90): 10,074 ms
 f+1 Commit latency (workers) (p95): 13,684 ms
 f+1 Commit latency (workers) (p99): 16,624 ms
 E2E latency (send -> exec reply) (mean): 31,715 ms
 E2E latency (send -> exec reply) (p50): 31,202 ms
 E2E latency (send -> exec reply) (p90): 56,262 ms
 E2E latency (send -> exec reply) (p95): 59,931 ms
 E2E latency (send -> exec reply) (p99): 62,532 ms

 Consensus TPS: 76,169 tx/s
 Consensus BPS: 38,998,418 B/s
 Committed TPS: 77,084 tx/s
 Committed BPS: 39,466,961 B/s
 E2E TPS: 45,163 tx/s
 E2E duration: 149.39 s

 + VALIDATOR LOAD DISTRIBUTION:
 Validator 0: 2,589,345 tx (24.9%)
 Validator 1: 2,599,867 tx (25.0%)
 Validator 2: 2,609,504 tx (25.1%)
 Validator 3: 2,595,124 tx (25.0%)

 + EXECUTOR LOAD DISTRIBUTION (avg across validators):
 Executor 0: 7,394,760 tx (89.4%)
 Executor 1: 440,022 tx (5.3%)
 Executor 2: 440,112 tx (5.3%)

 + PER-VALIDATOR COMMIT METRICS:
 Validator    TPS (tx/s)    Mean (ms)    p95 (ms)    Misses
 0            19,203        1,888        2,440       0
 1            19,281        2,292        3,737       0
 2            19,353        1,885        2,435       0
 3            19,246        1,950        2,229       0
 Overall      77,084        2,004 (wtd)  2,711 (wtd) 0

 + PER-VALIDATOR QUORUM TIMING (ms):
                    mean            p95             std      
 Validator       delay    lat    delay    lat    delay    lat
 0                 168     48      204    106       24     42
 1                 170     48      210    111       25     43
 2                 173     48      210    112       24     43
 3                 172     48      208    106       24     42

 + PER-STAGE LATENCY BREAKDOWN (mean, ms):
   Stage                            All
   Client -> Worker:                 10
   Worker -> Batch seal:             28
   Batch seal -> Quorum:            222
   Quorum -> Processed:               4
   Processed -> Header:             151
   Header -> Certified:             200
   Certified -> Committed:        1,388
   Sum:                           2,003
   (n=)                          10,656
-----------------------------------------
CMD: NODES=4 WORKER_BANDWIDTHS_MBPS=600,600,600,600 RATE_WEIGHTS=1,1,1,1 E_SKEW_WEIGHTS=18,1,1 BASELINE=1 NEW_SCHEDULER=0 NO_SEND_PAYMENT=1 NUM_EXECUTORS=3 RATE=82000 DURATION=180 WARMUP=30 IN_MEMORY_STORE=1 fab docker --cpus-per-validator=8 --latency=100ms --primary-bw=300mbit --log-dir=/home/zpkhor/narwhal-validator/benchmark/exp/results/motivation_docker_isolate/n4_e_rate_imb90_r82000_run_1
[92mStarting Docker benchmark[0m
Setting up testbed...
Docker image up to date, skipping build.
Starting containers...
Waiting for all containers to be ready...
All containers ready.
Running benchmark (180 sec)...
Stopping containers...
Parsing logs...

-----------------------------------------
 SUMMARY:
-----------------------------------------
 + CONFIG:
 Committee size: 4 node(s)
 Worker(s) per node: 1 worker(s)
 Input rate: 82,000 tx/s
 Transaction size: 512 B
 Benchmark duration: 180.0 s
 Consensus duration: 136.47 s
 Commit duration: 134.86 s


 + LAST COMMITTED PER VALIDATOR (from primary logs):
 Validator  Time            Round
 0          14:52:18.459      604
 1          14:52:18.459      604
 2          14:52:18.459      604
 3          14:52:18.410      604
 + RESULTS:
 f+1 Commit latency (workers) (mean): 4,210 ms
 f+1 Commit latency (workers) (p50): 2,132 ms
 f+1 Commit latency (workers) (p90): 13,134 ms
 f+1 Commit latency (workers) (p95): 16,584 ms
 f+1 Commit latency (workers) (p99): 19,541 ms
 E2E latency (send -> exec reply) (mean): 35,178 ms
 E2E latency (send -> exec reply) (p50): 34,779 ms
 E2E latency (send -> exec reply) (p90): 62,417 ms
 E2E latency (send -> exec reply) (p95): 66,630 ms
 E2E latency (send -> exec reply) (p99): 69,320 ms

 Consensus TPS: 80,835 tx/s
 Consensus BPS: 41,387,453 B/s
 Committed TPS: 81,802 tx/s
 Committed BPS: 41,882,466 B/s
 E2E TPS: 44,634 tx/s
 E2E duration: 150.81 s

 + VALIDATOR LOAD DISTRIBUTION:
 Validator 0: 2,766,775 tx (25.1%)
 Validator 1: 2,719,610 tx (24.7%)
 Validator 2: 2,772,280 tx (25.1%)
 Validator 3: 2,773,193 tx (25.1%)

 + EXECUTOR LOAD DISTRIBUTION (avg across validators):
 Executor 0: 7,472,990 tx (90.0%)
 Executor 1: 415,845 tx (5.0%)
 Executor 2: 417,247 tx (5.0%)

 + PER-VALIDATOR COMMIT METRICS:
 Validator    TPS (tx/s)    Mean (ms)    p95 (ms)    Misses
 0            20,516        2,128        2,666       0
 1            20,166        2,087        3,326       0
 2            20,557        2,073        2,572       0
 3            20,563        1,913        2,465       0
 Overall      81,802        2,050 (wtd)  2,755 (wtd) 0

 + PER-VALIDATOR QUORUM TIMING (ms):
                    mean            p95             std      
 Validator       delay    lat    delay    lat    delay    lat
 0                 177     45      222    114       26     43
 1                 176     45      220    112       26     44
 2                 176     45      217    113       25     43
 3                 174     45      218    113       26     44

 + PER-STAGE LATENCY BREAKDOWN (mean, ms):
   Stage                            All
   Client -> Worker:                 11
   Worker -> Batch seal:             27
   Batch seal -> Quorum:            224
   Quorum -> Processed:               4
   Processed -> Header:             151
   Header -> Certified:             200
   Certified -> Committed:        1,432
   Sum:                           2,049
   (n=)                          10,621
-----------------------------------------
CMD: NODES=4 WORKER_BANDWIDTHS_MBPS=600,600,600,600 RATE_WEIGHTS=1,1,1,1 E_SKEW_WEIGHTS=3,1,1 BASELINE=1 NEW_SCHEDULER=0 NO_SEND_PAYMENT=1 NUM_EXECUTORS=3 RATE=94000 DURATION=180 WARMUP=30 IN_MEMORY_STORE=1 fab docker --cpus-per-validator=8 --latency=100ms --primary-bw=300mbit --log-dir=/home/zpkhor/narwhal-validator/benchmark/exp/results/motivation_docker_isolate/n4_e_rate_imb60_r94000_run_1
[92mStarting Docker benchmark[0m
Setting up testbed...
Docker image up to date, skipping build.
Starting containers...
Waiting for all containers to be ready...
All containers ready.
Running benchmark (180 sec)...
Stopping containers...
Parsing logs...

-----------------------------------------
 SUMMARY:
-----------------------------------------
 + CONFIG:
 Committee size: 4 node(s)
 Worker(s) per node: 1 worker(s)
 Input rate: 94,000 tx/s
 Transaction size: 512 B
 Benchmark duration: 180.0 s
 Consensus duration: 136.58 s
 Commit duration: 134.91 s


 + LAST COMMITTED PER VALIDATOR (from primary logs):
 Validator  Time            Round
 0          14:55:54.012      610
 1          14:55:54.013      610
 2          14:55:54.018      610
 3          14:55:54.062      610
 + RESULTS:
 f+1 Commit latency (workers) (mean): 2,738 ms
 f+1 Commit latency (workers) (p50): 2,114 ms
 f+1 Commit latency (workers) (p90): 5,324 ms
 f+1 Commit latency (workers) (p95): 7,823 ms
 f+1 Commit latency (workers) (p99): 9,816 ms
 E2E latency (send -> exec reply) (mean): 16,228 ms
 E2E latency (send -> exec reply) (p50): 13,793 ms
 E2E latency (send -> exec reply) (p90): 36,687 ms
 E2E latency (send -> exec reply) (p95): 40,310 ms
 E2E latency (send -> exec reply) (p99): 43,172 ms

 Consensus TPS: 92,962 tx/s
 Consensus BPS: 47,596,360 B/s
 Committed TPS: 94,112 tx/s
 Committed BPS: 48,185,546 B/s
 E2E TPS: 72,017 tx/s
 E2E duration: 151.52 s

 + VALIDATOR LOAD DISTRIBUTION:
 Validator 0: 3,178,176 tx (25.0%)
 Validator 1: 3,168,446 tx (25.0%)
 Validator 2: 3,168,110 tx (25.0%)
 Validator 3: 3,181,783 tx (25.1%)

 + EXECUTOR LOAD DISTRIBUTION (avg across validators):
 Executor 0: 7,306,463 tx (57.6%)
 Executor 1: 2,692,781 tx (21.2%)
 Executor 2: 2,690,522 tx (21.2%)

 + PER-VALIDATOR COMMIT METRICS:
 Validator    TPS (tx/s)    Mean (ms)    p95 (ms)    Misses
 0            23,558        2,129        2,510       0
 1            23,486        1,852        2,253       0
 2            23,483        2,117        2,505       0
 3            23,585        1,815        2,225       0
 Overall      94,112        1,978 (wtd)  2,373 (wtd) 0

 + PER-VALIDATOR QUORUM TIMING (ms):
                    mean            p95             std      
 Validator       delay    lat    delay    lat    delay    lat
 0                 189     39      241    122       31     48
 1                 188     39      240    120       29     46
 2                 189     39      240    127       32     49
 3                 188     39      249    122       32     47

 + PER-STAGE LATENCY BREAKDOWN (mean, ms):
   Stage                            All
   Client -> Worker:                 16
   Worker -> Batch seal:             24
   Batch seal -> Quorum:            231
   Quorum -> Processed:               5
   Processed -> Header:             153
   Header -> Certified:             200
   Certified -> Committed:        1,350
   Sum:                           1,978
   (n=)                          10,660
-----------------------------------------
CMD: NODES=4 WORKER_BANDWIDTHS_MBPS=600,600,600,600 RATE_WEIGHTS=1,1,1,1 E_SKEW_WEIGHTS=3,1,1 BASELINE=1 NEW_SCHEDULER=0 NO_SEND_PAYMENT=1 NUM_EXECUTORS=3 RATE=100000 DURATION=180 WARMUP=30 IN_MEMORY_STORE=1 fab docker --cpus-per-validator=8 --latency=100ms --primary-bw=300mbit --log-dir=/home/zpkhor/narwhal-validator/benchmark/exp/results/motivation_docker_isolate/n4_e_rate_imb60_r100000_run_1
[92mStarting Docker benchmark[0m
Setting up testbed...
Docker image up to date, skipping build.
Starting containers...
Waiting for all containers to be ready...
All containers ready.
Running benchmark (180 sec)...
Stopping containers...
Parsing logs...

-----------------------------------------
 SUMMARY:
-----------------------------------------
 + CONFIG:
 Committee size: 4 node(s)
 Worker(s) per node: 1 worker(s)
 Input rate: 100,000 tx/s
 Transaction size: 512 B
 Benchmark duration: 180.0 s
 Consensus duration: 135.94 s
 Commit duration: 134.42 s


 + LAST COMMITTED PER VALIDATOR (from primary logs):
 Validator  Time            Round
 0          14:59:28.558      602
 1          14:59:28.607      602
 2          14:59:28.607      602
 3          14:59:28.597      602
 + RESULTS:
 f+1 Commit latency (workers) (mean): 5,172 ms
 f+1 Commit latency (workers) (p50): 2,225 ms
 f+1 Commit latency (workers) (p90): 15,400 ms
 f+1 Commit latency (workers) (p95): 18,282 ms
 f+1 Commit latency (workers) (p99): 20,310 ms
 E2E latency (send -> exec reply) (mean): 20,085 ms
 E2E latency (send -> exec reply) (p50): 18,516 ms
 E2E latency (send -> exec reply) (p90): 42,760 ms
 E2E latency (send -> exec reply) (p95): 46,742 ms
 E2E latency (send -> exec reply) (p99): 49,962 ms

 Consensus TPS: 98,894 tx/s
 Consensus BPS: 50,633,747 B/s
 Committed TPS: 100,013 tx/s
 Committed BPS: 51,206,673 B/s
 E2E TPS: 71,899 tx/s
 E2E duration: 152.04 s

 + VALIDATOR LOAD DISTRIBUTION:
 Validator 0: 3,359,712 tx (25.0%)
 Validator 1: 3,352,800 tx (24.9%)
 Validator 2: 3,369,243 tx (25.1%)
 Validator 3: 3,362,197 tx (25.0%)

 + EXECUTOR LOAD DISTRIBUTION (avg across validators):
 Executor 0: 7,376,250 tx (57.9%)
 Executor 1: 2,680,226 tx (21.0%)
 Executor 2: 2,683,614 tx (21.1%)

 + PER-VALIDATOR COMMIT METRICS:
 Validator    TPS (tx/s)    Mean (ms)    p95 (ms)    Misses
 0            24,994        1,918        2,460       0
 1            24,942        1,996        2,887       0
 2            25,065        2,038        2,415       0
 3            25,012        2,090        2,498       0
 Overall      100,013       2,010 (wtd)  2,565 (wtd) 0

 + PER-VALIDATOR QUORUM TIMING (ms):
                    mean            p95             std      
 Validator       delay    lat    delay    lat    delay    lat
 0                 190     36      243    118       31     45
 1                 191     36      240    118       30     44
 2                 192     36      243    119       31     45
 3                 191     36      251    123       33     47

 + PER-STAGE LATENCY BREAKDOWN (mean, ms):
   Stage                            All
   Client -> Worker:                 16
   Worker -> Batch seal:             22
   Batch seal -> Quorum:            231
   Quorum -> Processed:               5
   Processed -> Header:             153
   Header -> Certified:             200
   Certified -> Committed:        1,388
   Sum:                           2,015
   (n=)                          10,619
-----------------------------------------
CMD: NODES=4 WORKER_BANDWIDTHS_MBPS=600,600,600,600 RATE_WEIGHTS=4.5,1,1,1 E_SKEW_WEIGHTS=3,1,1 BASELINE=1 NEW_SCHEDULER=0 NO_SEND_PAYMENT=1 NUM_EXECUTORS=3 RATE=66000 DURATION=180 WARMUP=30 IN_MEMORY_STORE=1 fab docker --cpus-per-validator=8 --latency=100ms --primary-bw=300mbit --log-dir=/home/zpkhor/narwhal-validator/benchmark/exp/results/motivation_docker_isolate/n4_ve_rate_imb60_r66000_run_1
[92mStarting Docker benchmark[0m
Setting up testbed...
Docker image up to date, skipping build.
Starting containers...
Waiting for all containers to be ready...
All containers ready.
Running benchmark (180 sec)...
Stopping containers...
Parsing logs...

-----------------------------------------
 SUMMARY:
-----------------------------------------
 + CONFIG:
 Committee size: 4 node(s)
 Worker(s) per node: 1 worker(s)
 Input rate: 66,000 tx/s
 Transaction size: 512 B
 Benchmark duration: 180.0 s
 Consensus duration: 150.01 s
 Commit duration: 134.63 s


 + LAST COMMITTED PER VALIDATOR (from primary logs):
 Validator  Time            Round
 0          15:03:03.383      604
 1          15:03:03.431      604
 2          15:03:03.441      604
 3          15:03:03.391      604
 + RESULTS:
 f+1 Commit latency (workers) (mean): 2,334 ms
 f+1 Commit latency (workers) (p50): 2,085 ms
 f+1 Commit latency (workers) (p90): 3,019 ms
 f+1 Commit latency (workers) (p95): 4,727 ms
 f+1 Commit latency (workers) (p99): 6,242 ms
 E2E latency (send -> exec reply) (mean): 3,198 ms
 E2E latency (send -> exec reply) (p50): 3,041 ms
 E2E latency (send -> exec reply) (p90): 4,483 ms
 E2E latency (send -> exec reply) (p95): 5,440 ms
 E2E latency (send -> exec reply) (p99): 7,024 ms

 Consensus TPS: 59,983 tx/s
 Consensus BPS: 30,711,228 B/s
 Committed TPS: 66,833 tx/s
 Committed BPS: 34,218,606 B/s
 E2E TPS: 64,799 tx/s
 E2E duration: 150.62 s

 + VALIDATOR LOAD DISTRIBUTION:
 Validator 0: 5,355,154 tx (59.5%)
 Validator 1: 1,186,136 tx (13.2%)
 Validator 2: 1,269,235 tx (14.1%)
 Validator 3: 1,187,565 tx (13.2%)

 + EXECUTOR LOAD DISTRIBUTION (avg across validators):
 Executor 0: 6,452,317 tx (60.0%)
 Executor 1: 2,151,571 tx (20.0%)
 Executor 2: 2,148,935 tx (20.0%)

 + PER-VALIDATOR COMMIT METRICS:
 Validator    TPS (tx/s)    Mean (ms)    p95 (ms)    Misses
 0            39,775        2,758        5,734       0
 1            8,810         2,101        3,838       0
 2            9,427         2,148        2,692       0
 3            8,821         2,074        2,559       0
 Overall      66,833        2,495 (wtd)  4,636 (wtd) 0

 + PER-VALIDATOR QUORUM TIMING (ms):
                    mean            p95             std      
 Validator       delay    lat    delay    lat    delay    lat
 0               1,060     22    4,090    107    1,320     41
 1                  73    108      148    139       45     19
 2                  54    108      145    138       42     18
 3                  60    107      137    139       41     19

 + PER-STAGE LATENCY BREAKDOWN (mean, ms):
   Stage                            All
   Client -> Worker:                 11
   Worker -> Batch seal:             47
   Batch seal -> Quorum:            716
   Quorum -> Processed:               7
   Processed -> Header:             154
   Header -> Certified:             201
   Certified -> Committed:        1,428
   Sum:                           2,564
   (n=)                          10,643
-----------------------------------------
CMD: NODES=4 WORKER_BANDWIDTHS_MBPS=600,600,200,200 RATE_WEIGHTS=1,1,1,1 E_SKEW_WEIGHTS=1,1,1 BASELINE=1 NEW_SCHEDULER=0 NO_SEND_PAYMENT=1 NUM_EXECUTORS=3 RATE=52000 DURATION=180 WARMUP=30 IN_MEMORY_STORE=1 fab docker --cpus-per-validator=8 --latency=100ms --primary-bw=300mbit --log-dir=/home/zpkhor/narwhal-validator/benchmark/exp/results/motivation_docker_isolate/n4_bw_f1_r52000_run_1
[92mStarting Docker benchmark[0m
Setting up testbed...
Docker image up to date, skipping build.
Starting containers...
Waiting for all containers to be ready...
All containers ready.
Running benchmark (180 sec)...
Stopping containers...
Parsing logs...

-----------------------------------------
 SUMMARY:
-----------------------------------------
 + CONFIG:
 Committee size: 4 node(s)
 Worker(s) per node: 1 worker(s)
 Input rate: 52,000 tx/s
 Transaction size: 512 B
 Benchmark duration: 180.0 s
 Consensus duration: 136.44 s
 Commit duration: 134.62 s


 + LAST COMMITTED PER VALIDATOR (from primary logs):
 Validator  Time            Round
 0          15:06:39.079      608
 1          15:06:39.120      608
 2          15:06:39.069      608
 3          15:06:39.112      608
 + RESULTS:
 f+1 Commit latency (workers) (mean): 6,435 ms
 f+1 Commit latency (workers) (p50): 6,649 ms
 f+1 Commit latency (workers) (p90): 9,955 ms
 f+1 Commit latency (workers) (p95): 11,235 ms
 f+1 Commit latency (workers) (p99): 12,697 ms
 E2E latency (send -> exec reply) (mean): 6,841 ms
 E2E latency (send -> exec reply) (p50): 6,878 ms
 E2E latency (send -> exec reply) (p90): 10,465 ms
 E2E latency (send -> exec reply) (p95): 11,899 ms
 E2E latency (send -> exec reply) (p99): 16,104 ms

 Consensus TPS: 48,789 tx/s
 Consensus BPS: 24,979,812 B/s
 Committed TPS: 49,447 tx/s
 Committed BPS: 25,316,780 B/s
 E2E TPS: 48,831 tx/s
 E2E duration: 149.98 s

 + VALIDATOR LOAD DISTRIBUTION:
 Validator 0: 1,620,827 tx (24.3%)
 Validator 1: 1,656,528 tx (24.9%)
 Validator 2: 1,686,392 tx (25.3%)
 Validator 3: 1,692,885 tx (25.4%)

 + EXECUTOR LOAD DISTRIBUTION (avg across validators):
 Executor 0: 1,684,149 tx (33.3%)
 Executor 1: 1,682,571 tx (33.3%)
 Executor 2: 1,683,742 tx (33.3%)

 + PER-VALIDATOR COMMIT METRICS:
 Validator    TPS (tx/s)    Mean (ms)    p95 (ms)    Misses
 0            12,040        6,119        10,186      0
 1            12,305        9,026        12,541      0
 2            12,527        4,738        7,198       0
 3            12,575        5,682        9,139       0
 Overall      49,447        6,382 (wtd)  9,749 (wtd) 0

 + PER-VALIDATOR QUORUM TIMING (ms):
                    mean            p95             std      
 Validator       delay    lat    delay    lat    delay    lat
 0               4,056     79    8,153    320    3,055    133
 1               7,092     77   10,736    326    2,407    134
 2                 494     75    1,953    232      495     96
 3                 917     75    3,478    215    1,123     91

 + PER-STAGE LATENCY BREAKDOWN (mean, ms):
   Stage                            All
   Client -> Worker:              1,389
   Worker -> Batch seal:             42
   Batch seal -> Quorum:          3,186
   Quorum -> Processed:               8
   Processed -> Header:             152
   Header -> Certified:             212
   Certified -> Committed:        1,339
   Sum:                           6,328
   (n=)                          10,068
-----------------------------------------
CMD: NODES=4 WORKER_BANDWIDTHS_MBPS=600,600,600,600 RATE_WEIGHTS=4.5,1,1,1 E_SKEW_WEIGHTS=3,1,1 BASELINE=1 NEW_SCHEDULER=0 NO_SEND_PAYMENT=1 NUM_EXECUTORS=3 RATE=72000 DURATION=180 WARMUP=30 IN_MEMORY_STORE=1 fab docker --cpus-per-validator=8 --latency=100ms --primary-bw=300mbit --log-dir=/home/zpkhor/narwhal-validator/benchmark/exp/results/motivation_docker_isolate/n4_ve_rate_imb60_r72000_run_1
[92mStarting Docker benchmark[0m
Setting up testbed...
Docker image up to date, skipping build.
Starting containers...
Waiting for all containers to be ready...
All containers ready.
Running benchmark (180 sec)...
Stopping containers...
Parsing logs...

-----------------------------------------
 SUMMARY:
-----------------------------------------
 + CONFIG:
 Committee size: 4 node(s)
 Worker(s) per node: 1 worker(s)
 Input rate: 72,000 tx/s
 Transaction size: 512 B
 Benchmark duration: 180.0 s
 Consensus duration: 136.94 s
 Commit duration: 134.9 s


 + LAST COMMITTED PER VALIDATOR (from primary logs):
 Validator  Time            Round
 0          16:12:14.897      602
 1          16:12:14.939      602
 2          16:12:15.491      604
 3          16:12:14.929      602
 + RESULTS:
 f+1 Commit latency (workers) (mean): 2,605 ms
 f+1 Commit latency (workers) (p50): 2,169 ms
 f+1 Commit latency (workers) (p90): 4,870 ms
 f+1 Commit latency (workers) (p95): 6,326 ms
 f+1 Commit latency (workers) (p99): 7,046 ms
 E2E latency (send -> exec reply) (mean): 4,339 ms
 E2E latency (send -> exec reply) (p50): 3,500 ms
 E2E latency (send -> exec reply) (p90): 8,571 ms
 E2E latency (send -> exec reply) (p95): 8,957 ms
 E2E latency (send -> exec reply) (p99): 9,704 ms

 Consensus TPS: 71,020 tx/s
 Consensus BPS: 36,362,211 B/s
 Committed TPS: 72,091 tx/s
 Committed BPS: 36,910,740 B/s
 E2E TPS: 68,785 tx/s
 E2E duration: 150.43 s

 + VALIDATOR LOAD DISTRIBUTION:
 Validator 0: 5,838,552 tx (60.0%)
 Validator 1: 1,298,879 tx (13.4%)
 Validator 2: 1,299,406 tx (13.4%)
 Validator 3: 1,288,350 tx (13.2%)

 + EXECUTOR LOAD DISTRIBUTION (avg across validators):
 Executor 0: 5,680,870 tx (60.0%)
 Executor 1: 1,895,360 tx (20.0%)
 Executor 2: 1,894,492 tx (20.0%)

 + PER-VALIDATOR COMMIT METRICS:
 Validator    TPS (tx/s)    Mean (ms)    p95 (ms)    Misses
 0            43,280        3,999        6,943       0
 1            9,628         2,125        2,537       0
 2            9,632         1,900        2,320       0
 3            9,550         2,171        2,580       0
 Overall      72,091        3,226 (wtd)  5,159 (wtd) 0

 + PER-VALIDATOR QUORUM TIMING (ms):
                    mean            p95             std      
 Validator       delay    lat    delay    lat    delay    lat
 0               2,324     20    5,220     98    1,904     37
 1                 140     99      204    129       46     22
 2                 163     99      260    132       45     26
 3                 148     99      203    132       36     23

 + PER-STAGE LATENCY BREAKDOWN (mean, ms):
   Stage                            All
   Client -> Worker:                 12
   Worker -> Batch seal:             43
   Batch seal -> Quorum:          1,509
   Quorum -> Processed:               8
   Processed -> Header:             153
   Header -> Certified:             208
   Certified -> Committed:        1,282
   Sum:                           3,217
   (n=)                          10,630
-----------------------------------------
CMD: NODES=4 WORKER_BANDWIDTHS_MBPS=600,600,600,600 RATE_WEIGHTS=4.5,1,1,1 E_SKEW_WEIGHTS=1,1,1 BASELINE=1 NEW_SCHEDULER=0 NO_SEND_PAYMENT=1 NUM_EXECUTORS=3 RATE=100000 DURATION=180 WARMUP=30 IN_MEMORY_STORE=1 fab docker --cpus-per-validator=8 --latency=100ms --primary-bw=300mbit --log-dir=/home/zpkhor/narwhal-validator/benchmark/exp/results/motivation_docker_isolate/n4_v_rate_imb60_r100000_run_1
[92mStarting Docker benchmark[0m
Setting up testbed...
Docker image up to date, skipping build.
Starting containers...
Waiting for all containers to be ready...
All containers ready.
Running benchmark (180 sec)...
Stopping containers...
Parsing logs...

-----------------------------------------
 SUMMARY:
-----------------------------------------
 + CONFIG:
 Committee size: 4 node(s)
 Worker(s) per node: 1 worker(s)
 Input rate: 100,000 tx/s
 Transaction size: 512 B
 Benchmark duration: 180.0 s
 Consensus duration: 145.74 s
 Commit duration: 134.41 s


 + LAST COMMITTED PER VALIDATOR (from primary logs):
 Validator  Time            Round
 0          16:21:48.348      600
 1          16:21:48.331      600
 2          16:21:48.335      600
 3          16:21:48.345      600
 + RESULTS:
 f+1 Commit latency (workers) (mean): 7,145 ms
 f+1 Commit latency (workers) (p50): 2,150 ms
 f+1 Commit latency (workers) (p90): 29,059 ms
 f+1 Commit latency (workers) (p95): 48,704 ms
 f+1 Commit latency (workers) (p99): 59,363 ms
 E2E latency (send -> exec reply) (mean): 7,826 ms
 E2E latency (send -> exec reply) (p50): 2,429 ms
 E2E latency (send -> exec reply) (p90): 30,190 ms
 E2E latency (send -> exec reply) (p95): 49,836 ms
 E2E latency (send -> exec reply) (p99): 67,097 ms

 Consensus TPS: 67,612 tx/s
 Consensus BPS: 34,617,455 B/s
 Committed TPS: 73,312 tx/s
 Committed BPS: 37,535,597 B/s
 E2E TPS: 70,350 tx/s
 E2E duration: 150.3 s

 + VALIDATOR LOAD DISTRIBUTION:
 Validator 0: 4,390,216 tx (44.6%)
 Validator 1: 1,892,200 tx (19.2%)
 Validator 2: 1,786,692 tx (18.1%)
 Validator 3: 1,784,426 tx (18.1%)

 + EXECUTOR LOAD DISTRIBUTION (avg across validators):
 Executor 0: 3,030,116 tx (33.3%)
 Executor 1: 3,032,584 tx (33.3%)
 Executor 2: 3,031,633 tx (33.3%)

 + PER-VALIDATOR COMMIT METRICS:
 Validator    TPS (tx/s)    Mean (ms)    p95 (ms)    Misses
 0            32,664        35,428       60,921      0
 1            14,078        1,946        2,430       0
 2            13,293        2,170        2,551       0
 3            13,276        1,940        2,506       0
 Overall      73,312        16,903 (wtd) 28,526 (wtd) 0

 + PER-VALIDATOR QUORUM TIMING (ms):
                    mean            p95             std      
 Validator       delay    lat    delay    lat    delay    lat
 0              21,404     27   32,316    132   10,094     53
 1                 183     72      263    137       46     48
 2                 178     70      226    128       29     45
 3                 183     71      240    132       36     47

 + PER-STAGE LATENCY BREAKDOWN (mean, ms):
   Stage                            All
   Client -> Worker:              1,753
   Worker -> Batch seal:             37
   Batch seal -> Quorum:          9,690
   Quorum -> Processed:               6
   Processed -> Header:             152
   Header -> Certified:             206
   Certified -> Committed:        1,469
   Sum:                          13,314
   (n=)                           9,366
-----------------------------------------
CMD: LABEL=n4_balanced_r137000_run_1 NODES=4 WORKER_BANDWIDTHS_MBPS=600,600,600,600 RATE_WEIGHTS=1,1,1,1 E_SKEW_WEIGHTS=1,1,1 BASELINE=1 NEW_SCHEDULER=0 NO_SEND_PAYMENT=1 NUM_EXECUTORS=3 RATE=137000 DURATION=180 WARMUP=30 IN_MEMORY_STORE=1 fab docker --cpus-per-validator=8 --latency=100ms --primary-bw=300mbit --log-dir=/home/zpkhor/narwhal-validator/benchmark/exp/results/motivation_docker_isolate/n4_balanced_r137000_run_1
[92mStarting Docker benchmark[0m
Setting up testbed...
Docker image up to date, skipping build.
Starting containers...
Waiting for all containers to be ready...
All containers ready.
Running benchmark (180 sec)...
Stopping containers...
Parsing logs...

-----------------------------------------
 SUMMARY:
-----------------------------------------
 + CONFIG:
 Committee size: 4 node(s)
 Worker(s) per node: 1 worker(s)
 Input rate: 137,000 tx/s
 Transaction size: 512 B
 Benchmark duration: 180.0 s
 Consensus duration: 136.47 s
 Commit duration: 134.57 s


 + LAST COMMITTED PER VALIDATOR (from primary logs):
 Validator  Time            Round
 0          17:51:00.278      608
 1          17:51:00.287      608
 2          17:51:00.287      608
 3          17:51:00.306      608
 + RESULTS:
 f+1 Commit latency (workers) (mean): 2,963 ms
 f+1 Commit latency (workers) (p50): 2,262 ms
 f+1 Commit latency (workers) (p90): 6,111 ms
 f+1 Commit latency (workers) (p95): 7,450 ms
 f+1 Commit latency (workers) (p99): 8,591 ms
 E2E latency (send -> exec reply) (mean): 18,775 ms
 E2E latency (send -> exec reply) (p50): 18,775 ms
 E2E latency (send -> exec reply) (p90): 28,009 ms
 E2E latency (send -> exec reply) (p95): 29,150 ms
 E2E latency (send -> exec reply) (p99): 30,302 ms

 Consensus TPS: 135,788 tx/s
 Consensus BPS: 69,523,614 B/s
 Committed TPS: 137,704 tx/s
 Committed BPS: 70,504,195 B/s
 E2E TPS: 110,175 tx/s
 E2E duration: 152.78 s

 + VALIDATOR LOAD DISTRIBUTION:
 Validator 0: 4,642,341 tx (25.1%)
 Validator 1: 4,620,079 tx (24.9%)
 Validator 2: 4,651,265 tx (25.1%)
 Validator 3: 4,616,938 tx (24.9%)

 + EXECUTOR LOAD DISTRIBUTION (avg across validators):
 Executor 0: 6,528,494 tx (33.7%)
 Executor 1: 6,459,323 tx (33.3%)
 Executor 2: 6,398,980 tx (33.0%)

 + PER-VALIDATOR COMMIT METRICS:
 Validator    TPS (tx/s)    Mean (ms)    p95 (ms)    Misses
 0            34,498        2,222        2,650       0
 1            34,332        2,115        2,519       0
 2            34,564        1,930        2,388       0
 3            34,309        1,855        2,257       0
 Overall      137,704       2,031 (wtd)  2,454 (wtd) 0

 + PER-VALIDATOR QUORUM TIMING (ms):
                    mean            p95             std      
 Validator       delay    lat    delay    lat    delay    lat
 0                 235     26      354    127       62     47
 1                 225     26      327    122       56     44
 2                 249     26      388    125       75     45
 3                 216     26      298    122       46     43

 + PER-STAGE LATENCY BREAKDOWN (mean, ms):
   Stage                            All
   Client -> Worker:                 39
   Worker -> Batch seal:             19
   Batch seal -> Quorum:            260
   Quorum -> Processed:               9
   Processed -> Header:             158
   Header -> Certified:             200
   Certified -> Committed:        1,347
   Sum:                           2,031
   (n=)                          10,629
-----------------------------------------
CMD: LABEL=n4_ve_rate_imb60_r63000_run_1 NODES=4 WORKER_BANDWIDTHS_MBPS=600,600,600,600 RATE_WEIGHTS=4.5,1,1,1 E_SKEW_WEIGHTS=3,1,1 BASELINE=1 NEW_SCHEDULER=0 NO_SEND_PAYMENT=1 NUM_EXECUTORS=3 RATE=63000 DURATION=180 WARMUP=30 IN_MEMORY_STORE=1 fab docker --cpus-per-validator=8 --latency=100ms --primary-bw=300mbit --log-dir=/home/zpkhor/narwhal-validator/benchmark/exp/results/motivation_docker_isolate/n4_ve_rate_imb60_r63000_run_1
[92mStarting Docker benchmark[0m
Setting up testbed...
Docker image up to date, skipping build.
Starting containers...
Waiting for all containers to be ready...
All containers ready.
Running benchmark (180 sec)...
Stopping containers...
Parsing logs...

-----------------------------------------
 SUMMARY:
-----------------------------------------
 + CONFIG:
 Committee size: 4 node(s)
 Worker(s) per node: 1 worker(s)
 Input rate: 63,000 tx/s
 Transaction size: 512 B
 Benchmark duration: 180.0 s
 Consensus duration: 136.51 s
 Commit duration: 134.89 s


 + LAST COMMITTED PER VALIDATOR (from primary logs):
 Validator  Time            Round
 0          17:54:35.584      604
 1          17:54:35.584      604
 2          17:54:35.583      604
 3          17:54:35.555      604
 + RESULTS:
 f+1 Commit latency (workers) (mean): 2,057 ms
 f+1 Commit latency (workers) (p50): 2,000 ms
 f+1 Commit latency (workers) (p90): 2,370 ms
 f+1 Commit latency (workers) (p95): 2,486 ms
 f+1 Commit latency (workers) (p99): 4,689 ms
 E2E latency (send -> exec reply) (mean): 2,505 ms
 E2E latency (send -> exec reply) (p50): 2,425 ms
 E2E latency (send -> exec reply) (p90): 3,021 ms
 E2E latency (send -> exec reply) (p95): 3,246 ms
 E2E latency (send -> exec reply) (p99): 4,817 ms

 Consensus TPS: 62,309 tx/s
 Consensus BPS: 31,902,295 B/s
 Committed TPS: 63,060 tx/s
 Committed BPS: 32,286,620 B/s
 E2E TPS: 62,086 tx/s
 E2E duration: 149.66 s

 + VALIDATOR LOAD DISTRIBUTION:
 Validator 0: 5,050,153 tx (59.4%)
 Validator 1: 1,152,036 tx (13.5%)
 Validator 2: 1,155,307 tx (13.6%)
 Validator 3: 1,148,578 tx (13.5%)

 + EXECUTOR LOAD DISTRIBUTION (avg across validators):
 Executor 0: 6,506,973 tx (60.0%)
 Executor 1: 2,168,804 tx (20.0%)
 Executor 2: 2,170,590 tx (20.0%)

 + PER-VALIDATOR COMMIT METRICS:
 Validator    TPS (tx/s)    Mean (ms)    p95 (ms)    Misses
 0            37,439        2,101        2,481       0
 1            8,541         1,748        2,152       0
 2            8,565         2,304        3,963       0
 3            8,515         1,853        2,395       0
 Overall      63,060        2,047 (wtd)  2,626 (wtd) 0

 + PER-VALIDATOR QUORUM TIMING (ms):
                    mean            p95             std      
 Validator       delay    lat    delay    lat    delay    lat
 0                 206     23      305    114       48     43
 1                  43    110      125    139       39     21
 2                  61    110      128    139       45     22
 3                  48    111      136    139       39     20

 + PER-STAGE LATENCY BREAKDOWN (mean, ms):
   Stage                            All
   Client -> Worker:                  9
   Worker -> Batch seal:             49
   Batch seal -> Quorum:            205
   Quorum -> Processed:               7
   Processed -> Header:             154
   Header -> Certified:             200
   Certified -> Committed:        1,433
   Sum:                           2,056
   (n=)                          10,661
-----------------------------------------
CMD: LABEL=n4_ve_rate_imb60_r69000_run_1 NODES=4 WORKER_BANDWIDTHS_MBPS=600,600,600,600 RATE_WEIGHTS=4.5,1,1,1 E_SKEW_WEIGHTS=3,1,1 BASELINE=1 NEW_SCHEDULER=0 NO_SEND_PAYMENT=1 NUM_EXECUTORS=3 RATE=69000 DURATION=180 WARMUP=30 IN_MEMORY_STORE=1 fab docker --cpus-per-validator=8 --latency=100ms --primary-bw=300mbit --log-dir=/home/zpkhor/narwhal-validator/benchmark/exp/results/motivation_docker_isolate/n4_ve_rate_imb60_r69000_run_1
[92mStarting Docker benchmark[0m
Setting up testbed...
Docker image up to date, skipping build.
Starting containers...
Waiting for all containers to be ready...
All containers ready.
Running benchmark (180 sec)...
Stopping containers...
Parsing logs...

-----------------------------------------
 SUMMARY:
-----------------------------------------
 + CONFIG:
 Committee size: 4 node(s)
 Worker(s) per node: 1 worker(s)
 Input rate: 69,000 tx/s
 Transaction size: 512 B
 Benchmark duration: 180.0 s
 Consensus duration: 135.62 s
 Commit duration: 134.41 s


 + LAST COMMITTED PER VALIDATOR (from primary logs):
 Validator  Time            Round
 0          17:58:11.262      604
 1          17:58:11.257      604
 2          17:58:11.268      604
 3          17:58:11.219      604
 + RESULTS:
 f+1 Commit latency (workers) (mean): 2,557 ms
 f+1 Commit latency (workers) (p50): 2,092 ms
 f+1 Commit latency (workers) (p90): 2,677 ms
 f+1 Commit latency (workers) (p95): 4,968 ms
 f+1 Commit latency (workers) (p99): 14,879 ms
 E2E latency (send -> exec reply) (mean): 4,162 ms
 E2E latency (send -> exec reply) (p50): 3,190 ms
 E2E latency (send -> exec reply) (p90): 6,052 ms
 E2E latency (send -> exec reply) (p95): 6,400 ms
 E2E latency (send -> exec reply) (p99): 15,440 ms

 Consensus TPS: 66,434 tx/s
 Consensus BPS: 34,014,446 B/s
 Committed TPS: 67,035 tx/s
 Committed BPS: 34,321,671 B/s
 E2E TPS: 65,524 tx/s
 E2E duration: 150.95 s

 + VALIDATOR LOAD DISTRIBUTION:
 Validator 0: 5,516,566 tx (61.2%)
 Validator 1: 1,109,901 tx (12.3%)
 Validator 2: 1,253,340 tx (13.9%)
 Validator 3: 1,130,168 tx (12.5%)

 + EXECUTOR LOAD DISTRIBUTION (avg across validators):
 Executor 0: 6,791,363 tx (60.0%)
 Executor 1: 2,261,172 tx (20.0%)
 Executor 2: 2,262,728 tx (20.0%)

 + PER-VALIDATOR COMMIT METRICS:
 Validator    TPS (tx/s)    Mean (ms)    p95 (ms)    Misses
 0            41,043        2,160        2,796       0
 1            8,258         2,937        11,468      0
 2            9,325         1,822        2,286       0
 3            8,408         3,102        11,240      0
 Overall      67,035        2,327 (wtd)  4,852 (wtd) 0

 + PER-VALIDATOR QUORUM TIMING (ms):
                    mean            p95             std      
 Validator       delay    lat    delay    lat    delay    lat
 0                 252     21      368    131       63     46
 1                  92    101      161    138       50     24
 2                 105    102      166    137       42     23
 3                  89    103      158    138       46     22

 + PER-STAGE LATENCY BREAKDOWN (mean, ms):
   Stage                            All
   Client -> Worker:                 30
   Worker -> Batch seal:             44
   Batch seal -> Quorum:            247
   Quorum -> Processed:               9
   Processed -> Header:             156
   Header -> Certified:             200
   Certified -> Committed:        1,617
   Sum:                           2,304
   (n=)                          10,111
-----------------------------------------
CMD: LABEL=n4_ve_rate_imb60_r86000_run_1 NODES=4 WORKER_BANDWIDTHS_MBPS=600,600,600,600 RATE_WEIGHTS=4.5,1,1,1 E_SKEW_WEIGHTS=3,1,1 BASELINE=1 NEW_SCHEDULER=0 NO_SEND_PAYMENT=1 NUM_EXECUTORS=3 RATE=86000 DURATION=180 WARMUP=30 IN_MEMORY_STORE=1 fab docker --cpus-per-validator=8 --latency=100ms --primary-bw=300mbit --log-dir=/home/zpkhor/narwhal-validator/benchmark/exp/results/motivation_docker_isolate/n4_ve_rate_imb60_r86000_run_1
[92mStarting Docker benchmark[0m
Setting up testbed...
Docker image up to date, skipping build.
Starting containers...
Waiting for all containers to be ready...
All containers ready.
Running benchmark (180 sec)...
Stopping containers...
Parsing logs...

-----------------------------------------
 SUMMARY:
-----------------------------------------
 + CONFIG:
 Committee size: 4 node(s)
 Worker(s) per node: 1 worker(s)
 Input rate: 86,000 tx/s
 Transaction size: 512 B
 Benchmark duration: 180.0 s
 Consensus duration: 136.46 s
 Commit duration: 134.51 s


 + LAST COMMITTED PER VALIDATOR (from primary logs):
 Validator  Time            Round
 0          18:01:49.743      606
 1          18:01:49.699      606
 2          18:01:49.740      606
 3          18:01:49.742      606
 + RESULTS:
 f+1 Commit latency (workers) (mean): 5,072 ms
 f+1 Commit latency (workers) (p50): 2,249 ms
 f+1 Commit latency (workers) (p90): 15,266 ms
 f+1 Commit latency (workers) (p95): 19,642 ms
 f+1 Commit latency (workers) (p99): 24,043 ms
 E2E latency (send -> exec reply) (mean): 12,416 ms
 E2E latency (send -> exec reply) (p50): 11,803 ms
 E2E latency (send -> exec reply) (p90): 22,433 ms
 E2E latency (send -> exec reply) (p95): 28,775 ms
 E2E latency (send -> exec reply) (p99): 42,060 ms

 Consensus TPS: 75,456 tx/s
 Consensus BPS: 38,633,289 B/s
 Committed TPS: 76,547 tx/s
 Committed BPS: 39,192,193 B/s
 E2E TPS: 68,807 tx/s
 E2E duration: 152.15 s

 + VALIDATOR LOAD DISTRIBUTION:
 Validator 0: 5,671,926 tx (55.1%)
 Validator 1: 1,579,021 tx (15.3%)
 Validator 2: 1,569,649 tx (15.2%)
 Validator 3: 1,476,081 tx (14.3%)

 + EXECUTOR LOAD DISTRIBUTION (avg across validators):
 Executor 0: 7,612,394 tx (58.4%)
 Executor 1: 2,708,837 tx (20.8%)
 Executor 2: 2,711,809 tx (20.8%)

 + PER-VALIDATOR COMMIT METRICS:
 Validator    TPS (tx/s)    Mean (ms)    p95 (ms)    Misses
 0            42,166        13,194       23,849      0
 1            11,739        2,046        2,593       0
 2            11,669        3,133        10,763      0
 3            10,973        2,910        11,687      0
 Overall      76,547        8,476 (wtd)  16,851 (wtd) 0

 + PER-VALIDATOR QUORUM TIMING (ms):
                    mean            p95             std      
 Validator       delay    lat    delay    lat    delay    lat
 0                 275     21      388    134       63     46
 1                 168     81      208    119       27     37
 2                 175     80      209    127       27     38
 3                 171     81      204    119       26     37

 + PER-STAGE LATENCY BREAKDOWN (mean, ms):
   Stage                            All
   Client -> Worker:              2,485
   Worker -> Batch seal:             38
   Batch seal -> Quorum:            279
   Quorum -> Processed:               9
   Processed -> Header:             155
   Header -> Certified:             200
   Certified -> Committed:        1,577
   Sum:                           4,743
   (n=)                           9,971
-----------------------------------------
CMD: LABEL=n4_balanced_r17000_run_1 NODES=4 WORKER_BANDWIDTHS_MBPS=600,600,600,600 RATE_WEIGHTS=1,1,1,1 E_SKEW_WEIGHTS=1,1,1 BASELINE=1 NEW_SCHEDULER=0 NO_SEND_PAYMENT=1 NUM_EXECUTORS=3 RATE=17000 DURATION=180 WARMUP=30 IN_MEMORY_STORE=1 fab docker --cpus-per-validator=8 --latency=100ms --primary-bw=300mbit --log-dir=/home/zpkhor/narwhal-validator/benchmark/exp/results/motivation_docker_isolate/n4_balanced_r17000_run_1
[92mStarting Docker benchmark[0m
Setting up testbed...
Docker image up to date, skipping build.
Starting containers...
Waiting for all containers to be ready...
All containers ready.
Running benchmark (180 sec)...
Stopping containers...
Parsing logs...

-----------------------------------------
 SUMMARY:
-----------------------------------------
 + CONFIG:
 Committee size: 4 node(s)
 Worker(s) per node: 1 worker(s)
 Input rate: 17,000 tx/s
 Transaction size: 512 B
 Benchmark duration: 180.0 s
 Consensus duration: 135.96 s
 Commit duration: 134.54 s


 + LAST COMMITTED PER VALIDATOR (from primary logs):
 Validator  Time            Round
 0          19:34:56.448      604
 1          19:34:56.432      604
 2          19:34:56.398      604
 3          19:34:56.448      604
 + RESULTS:
 f+1 Commit latency (workers) (mean): 1,946 ms
 f+1 Commit latency (workers) (p50): 1,944 ms
 f+1 Commit latency (workers) (p90): 2,295 ms
 f+1 Commit latency (workers) (p95): 2,402 ms
 f+1 Commit latency (workers) (p99): 2,531 ms
 E2E latency (send -> exec reply) (mean): 2,006 ms
 E2E latency (send -> exec reply) (p50): 2,007 ms
 E2E latency (send -> exec reply) (p90): 2,330 ms
 E2E latency (send -> exec reply) (p95): 2,421 ms
 E2E latency (send -> exec reply) (p99): 2,555 ms

 Consensus TPS: 16,831 tx/s
 Consensus BPS: 8,617,614 B/s
 Committed TPS: 17,009 tx/s
 Committed BPS: 8,708,502 B/s
 E2E TPS: 16,800 tx/s
 E2E duration: 150.28 s

 + VALIDATOR LOAD DISTRIBUTION:
 Validator 0: 572,263 tx (25.0%)
 Validator 1: 571,838 tx (25.0%)
 Validator 2: 570,563 tx (24.9%)
 Validator 3: 573,750 tx (25.1%)

 + EXECUTOR LOAD DISTRIBUTION (avg across validators):
 Executor 0: 980,046 tx (33.3%)
 Executor 1: 979,934 tx (33.3%)
 Executor 2: 981,353 tx (33.4%)

 + PER-VALIDATOR COMMIT METRICS:
 Validator    TPS (tx/s)    Mean (ms)    p95 (ms)    Misses
 0            4,253         1,954        2,287       0
 1            4,250         1,780        2,170       0
 2            4,241         1,846        2,321       0
 3            4,264         2,145        2,491       0
 Overall      17,009        1,932 (wtd)  2,317 (wtd) 0

 + PER-VALIDATOR QUORUM TIMING (ms):
                    mean            p95             std      
 Validator       delay    lat    delay    lat    delay    lat
 0                   0    117        0    120        0      2
 1                   0    117        0    119        0      2
 2                   0    116        0    119        0      1
 3                   0    117        0    121        0      2

 + PER-STAGE LATENCY BREAKDOWN (mean, ms):
   Stage                            All
   Client -> Worker:                  2
   Worker -> Batch seal:            105
   Batch seal -> Quorum:            120
   Quorum -> Processed:               2
   Processed -> Header:             151
   Header -> Certified:             200
   Certified -> Committed:        1,353
   Sum:                           1,932
   (n=)                          10,635
-----------------------------------------
CMD: LABEL=n4_v_rate_imb90_r40000_run_1 NODES=4 WORKER_BANDWIDTHS_MBPS=600,600,600,600 RATE_WEIGHTS=27,1,1,1 E_SKEW_WEIGHTS=1,1,1 BASELINE=1 NEW_SCHEDULER=0 NO_SEND_PAYMENT=1 NUM_EXECUTORS=3 RATE=40000 DURATION=180 WARMUP=30 IN_MEMORY_STORE=1 fab docker --cpus-per-validator=8 --latency=100ms --primary-bw=300mbit --log-dir=/home/zpkhor/narwhal-validator/benchmark/exp/results/motivation_docker_isolate/n4_v_rate_imb90_r40000_run_1
[92mStarting Docker benchmark[0m
Setting up testbed...
Docker image up to date, skipping build.
Starting containers...
Waiting for all containers to be ready...
All containers ready.
Running benchmark (180 sec)...
Stopping containers...
Parsing logs...

-----------------------------------------
 SUMMARY:
-----------------------------------------
 + CONFIG:
 Committee size: 4 node(s)
 Worker(s) per node: 1 worker(s)
 Input rate: 40,000 tx/s
 Transaction size: 512 B
 Benchmark duration: 180.0 s
 Consensus duration: 136.57 s
 Commit duration: 134.64 s


 + LAST COMMITTED PER VALIDATOR (from primary logs):
 Validator  Time            Round
 0          19:38:31.300      604
 1          19:38:31.300      604
 2          19:38:31.299      604
 3          19:38:31.349      604
 + RESULTS:
 f+1 Commit latency (workers) (mean): 1,974 ms
 f+1 Commit latency (workers) (p50): 1,951 ms
 f+1 Commit latency (workers) (p90): 2,357 ms
 f+1 Commit latency (workers) (p95): 2,472 ms
 f+1 Commit latency (workers) (p99): 2,866 ms
 E2E latency (send -> exec reply) (mean): 2,170 ms
 E2E latency (send -> exec reply) (p50): 2,077 ms
 E2E latency (send -> exec reply) (p90): 2,441 ms
 E2E latency (send -> exec reply) (p95): 2,579 ms
 E2E latency (send -> exec reply) (p99): 5,942 ms

 Consensus TPS: 39,634 tx/s
 Consensus BPS: 20,292,616 B/s
 Committed TPS: 40,202 tx/s
 Committed BPS: 20,583,645 B/s
 E2E TPS: 39,414 tx/s
 E2E duration: 150.91 s

 + VALIDATOR LOAD DISTRIBUTION:
 Validator 0: 4,795,821 tx (88.6%)
 Validator 1: 209,729 tx (3.9%)
 Validator 2: 205,442 tx (3.8%)
 Validator 3: 201,984 tx (3.7%)

 + EXECUTOR LOAD DISTRIBUTION (avg across validators):
 Executor 0: 2,314,942 tx (33.3%)
 Executor 1: 2,316,042 tx (33.3%)
 Executor 2: 2,316,162 tx (33.3%)

 + PER-VALIDATOR COMMIT METRICS:
 Validator    TPS (tx/s)    Mean (ms)    p95 (ms)    Misses
 0            35,619        1,831        2,274       0
 1            1,558         2,091        2,513       0
 2            1,526         1,902        2,643       0
 3            1,500         1,977        2,452       0
 Overall      40,202        1,849 (wtd)  2,304 (wtd) 0

 + PER-VALIDATOR QUORUM TIMING (ms):
                    mean            p95             std      
 Validator       delay    lat    delay    lat    delay    lat
 0                 183     25      247    108       35     43
 1                   8    105      108    109       36      4
 2                   8    105        0    108       36      5
 3                   6    105        0    108       30      3

 + PER-STAGE LATENCY BREAKDOWN (mean, ms):
   Stage                            All
   Client -> Worker:                  5
   Worker -> Batch seal:             81
   Batch seal -> Quorum:            183
   Quorum -> Processed:               7
   Processed -> Header:             155
   Header -> Certified:             200
   Certified -> Committed:        1,283
   Sum:                           1,913
   (n=)                          10,639
-----------------------------------------
CMD: LABEL=n4_v_rate_imb90_r45000_run_1 NODES=4 WORKER_BANDWIDTHS_MBPS=600,600,600,600 RATE_WEIGHTS=27,1,1,1 E_SKEW_WEIGHTS=1,1,1 BASELINE=1 NEW_SCHEDULER=0 NO_SEND_PAYMENT=1 NUM_EXECUTORS=3 RATE=45000 DURATION=180 WARMUP=30 IN_MEMORY_STORE=1 fab docker --cpus-per-validator=8 --latency=100ms --primary-bw=300mbit --log-dir=/home/zpkhor/narwhal-validator/benchmark/exp/results/motivation_docker_isolate/n4_v_rate_imb90_r45000_run_1
[92mStarting Docker benchmark[0m
Setting up testbed...
Docker image up to date, skipping build.
Starting containers...
Waiting for all containers to be ready...
All containers ready.
Running benchmark (180 sec)...
Stopping containers...
Parsing logs...

-----------------------------------------
 SUMMARY:
-----------------------------------------
 + CONFIG:
 Committee size: 4 node(s)
 Worker(s) per node: 1 worker(s)
 Input rate: 45,000 tx/s
 Transaction size: 512 B
 Benchmark duration: 180.0 s
 Consensus duration: 136.49 s
 Commit duration: 134.7 s


 + LAST COMMITTED PER VALIDATOR (from primary logs):
 Validator  Time            Round
 0          19:42:06.604      604
 1          19:42:06.646      604
 2          19:42:06.596      604
 3          19:42:06.596      604
 + RESULTS:
 f+1 Commit latency (workers) (mean): 1,968 ms
 f+1 Commit latency (workers) (p50): 1,972 ms
 f+1 Commit latency (workers) (p90): 2,316 ms
 f+1 Commit latency (workers) (p95): 2,411 ms
 f+1 Commit latency (workers) (p99): 2,605 ms
 E2E latency (send -> exec reply) (mean): 2,131 ms
 E2E latency (send -> exec reply) (p50): 2,135 ms
 E2E latency (send -> exec reply) (p90): 2,438 ms
 E2E latency (send -> exec reply) (p95): 2,521 ms
 E2E latency (send -> exec reply) (p99): 2,821 ms

 Consensus TPS: 44,504 tx/s
 Consensus BPS: 22,785,909 B/s
 Committed TPS: 45,095 tx/s
 Committed BPS: 23,088,716 B/s
 E2E TPS: 44,297 tx/s
 E2E duration: 149.86 s

 + VALIDATOR LOAD DISTRIBUTION:
 Validator 0: 5,390,109 tx (88.7%)
 Validator 1: 229,366 tx (3.8%)
 Validator 2: 220,409 tx (3.6%)
 Validator 3: 234,252 tx (3.9%)

 + EXECUTOR LOAD DISTRIBUTION (avg across validators):
 Executor 0: 2,589,558 tx (33.3%)
 Executor 1: 2,591,471 tx (33.4%)
 Executor 2: 2,586,194 tx (33.3%)

 + PER-VALIDATOR COMMIT METRICS:
 Validator    TPS (tx/s)    Mean (ms)    p95 (ms)    Misses
 0            40,017        2,020        2,381       0
 1            1,703         1,837        2,387       0
 2            1,636         1,847        2,421       0
 3            1,739         1,996        2,431       0
 Overall      45,095        2,006 (wtd)  2,385 (wtd) 0

 + PER-VALIDATOR QUORUM TIMING (ms):
                    mean            p95             std      
 Validator       delay    lat    delay    lat    delay    lat
 0                 201     22      278    118       42     44
 1                   8    105        0    109       36      8
 2                   5    106        0    110       29      6
 3                   8    105      126    110       36      8

 + PER-STAGE LATENCY BREAKDOWN (mean, ms):
   Stage                            All
   Client -> Worker:                  6
   Worker -> Batch seal:             80
   Batch seal -> Quorum:            196
   Quorum -> Processed:               9
   Processed -> Header:             155
   Header -> Certified:             200
   Certified -> Committed:        1,377
   Sum:                           2,023
   (n=)                          10,646
-----------------------------------------
CMD: LABEL=n4_e_rate_imb90_r29000_run_1 NODES=4 WORKER_BANDWIDTHS_MBPS=600,600,600,600 RATE_WEIGHTS=1,1,1,1 E_SKEW_WEIGHTS=18,1,1 BASELINE=1 NEW_SCHEDULER=0 NO_SEND_PAYMENT=1 NUM_EXECUTORS=3 RATE=29000 DURATION=180 WARMUP=30 IN_MEMORY_STORE=1 fab docker --cpus-per-validator=8 --latency=100ms --primary-bw=300mbit --log-dir=/home/zpkhor/narwhal-validator/benchmark/exp/results/motivation_docker_isolate/n4_e_rate_imb90_r29000_run_1
[92mStarting Docker benchmark[0m
Setting up testbed...
Docker image up to date, skipping build.
Starting containers...
Waiting for all containers to be ready...
All containers ready.
Running benchmark (180 sec)...
Stopping containers...
Parsing logs...

-----------------------------------------
 SUMMARY:
-----------------------------------------
 + CONFIG:
 Committee size: 4 node(s)
 Worker(s) per node: 1 worker(s)
 Input rate: 29,000 tx/s
 Transaction size: 512 B
 Benchmark duration: 180.0 s
 Consensus duration: 136.5 s
 Commit duration: 134.65 s


 + LAST COMMITTED PER VALIDATOR (from primary logs):
 Validator  Time            Round
 0          19:45:41.738      606
 1          19:45:41.780      606
 2          19:45:41.828      606
 3          19:45:41.779      606
 + RESULTS:
 f+1 Commit latency (workers) (mean): 1,930 ms
 f+1 Commit latency (workers) (p50): 1,918 ms
 f+1 Commit latency (workers) (p90): 2,268 ms
 f+1 Commit latency (workers) (p95): 2,382 ms
 f+1 Commit latency (workers) (p99): 2,521 ms
 E2E latency (send -> exec reply) (mean): 2,204 ms
 E2E latency (send -> exec reply) (p50): 2,205 ms
 E2E latency (send -> exec reply) (p90): 2,475 ms
 E2E latency (send -> exec reply) (p95): 2,559 ms
 E2E latency (send -> exec reply) (p99): 2,830 ms

 Consensus TPS: 28,711 tx/s
 Consensus BPS: 14,699,785 B/s
 Committed TPS: 29,103 tx/s
 Committed BPS: 14,900,872 B/s
 E2E TPS: 28,574 tx/s
 E2E duration: 149.7 s

 + VALIDATOR LOAD DISTRIBUTION:
 Validator 0: 979,622 tx (25.0%)
 Validator 1: 975,021 tx (24.9%)
 Validator 2: 982,210 tx (25.1%)
 Validator 3: 981,989 tx (25.1%)

 + EXECUTOR LOAD DISTRIBUTION (avg across validators):
 Executor 0: 4,496,261 tx (90.0%)
 Executor 1: 250,325 tx (5.0%)
 Executor 2: 250,227 tx (5.0%)

 + PER-VALIDATOR COMMIT METRICS:
 Validator    TPS (tx/s)    Mean (ms)    p95 (ms)    Misses
 0            7,275         2,080        2,467       0
 1            7,241         1,781        2,183       0
 2            7,294         1,740        2,150       0
 3            7,293         2,022        2,426       0
 Overall      29,103        1,906 (wtd)  2,307 (wtd) 0

 + PER-VALIDATOR QUORUM TIMING (ms):
                    mean            p95             std      
 Validator       delay    lat    delay    lat    delay    lat
 0                   7    117       21    137        9      9
 1                   8    117       34    134       11     10
 2                   7    118       21    137       10     10
 3                   7    117       21    138       10      9

 + PER-STAGE LATENCY BREAKDOWN (mean, ms):
   Stage                            All
   Client -> Worker:                  3
   Worker -> Batch seal:             70
   Batch seal -> Quorum:            127
   Quorum -> Processed:               2
   Processed -> Header:             150
   Header -> Certified:             200
   Certified -> Committed:        1,354
   Sum:                           1,907
   (n=)                          10,642
-----------------------------------------
CMD: LABEL=n4_e_rate_imb90_r40000_run_1 NODES=4 WORKER_BANDWIDTHS_MBPS=600,600,600,600 RATE_WEIGHTS=1,1,1,1 E_SKEW_WEIGHTS=18,1,1 BASELINE=1 NEW_SCHEDULER=0 NO_SEND_PAYMENT=1 NUM_EXECUTORS=3 RATE=40000 DURATION=180 WARMUP=30 IN_MEMORY_STORE=1 fab docker --cpus-per-validator=8 --latency=100ms --primary-bw=300mbit --log-dir=/home/zpkhor/narwhal-validator/benchmark/exp/results/motivation_docker_isolate/n4_e_rate_imb90_r40000_run_1
[92mStarting Docker benchmark[0m
Setting up testbed...
Docker image up to date, skipping build.
Starting containers...
Waiting for all containers to be ready...
All containers ready.
Running benchmark (180 sec)...
Stopping containers...
Parsing logs...

-----------------------------------------
 SUMMARY:
-----------------------------------------
 + CONFIG:
 Committee size: 4 node(s)
 Worker(s) per node: 1 worker(s)
 Input rate: 40,000 tx/s
 Transaction size: 512 B
 Benchmark duration: 180.0 s
 Consensus duration: 136.56 s
 Commit duration: 134.7 s


 + LAST COMMITTED PER VALIDATOR (from primary logs):
 Validator  Time            Round
 0          19:49:15.983      604
 1          19:49:15.983      604
 2          19:49:15.981      604
 3          19:49:16.031      604
 + RESULTS:
 f+1 Commit latency (workers) (mean): 2,119 ms
 f+1 Commit latency (workers) (p50): 2,069 ms
 f+1 Commit latency (workers) (p90): 2,535 ms
 f+1 Commit latency (workers) (p95): 2,740 ms
 f+1 Commit latency (workers) (p99): 3,594 ms
 E2E latency (send -> exec reply) (mean): 2,619 ms
 E2E latency (send -> exec reply) (p50): 2,511 ms
 E2E latency (send -> exec reply) (p90): 3,258 ms
 E2E latency (send -> exec reply) (p95): 3,515 ms
 E2E latency (send -> exec reply) (p99): 4,167 ms

 Consensus TPS: 39,589 tx/s
 Consensus BPS: 20,269,385 B/s
 Committed TPS: 40,134 tx/s
 Committed BPS: 20,548,511 B/s
 E2E TPS: 39,395 tx/s
 E2E duration: 149.36 s

 + VALIDATOR LOAD DISTRIBUTION:
 Validator 0: 1,352,005 tx (25.0%)
 Validator 1: 1,357,751 tx (25.1%)
 Validator 2: 1,344,342 tx (24.9%)
 Validator 3: 1,352,127 tx (25.0%)

 + EXECUTOR LOAD DISTRIBUTION (avg across validators):
 Executor 0: 6,184,924 tx (90.0%)
 Executor 1: 343,673 tx (5.0%)
 Executor 2: 344,483 tx (5.0%)

 + PER-VALIDATOR COMMIT METRICS:
 Validator    TPS (tx/s)    Mean (ms)    p95 (ms)    Misses
 0            10,037        2,069        2,563       0
 1            10,079        1,977        2,541       0
 2            9,980         2,141        3,381       0
 3            10,038        2,146        2,607       0
 Overall      40,134        2,083 (wtd)  2,772 (wtd) 0

 + PER-VALIDATOR QUORUM TIMING (ms):
                    mean            p95             std      
 Validator       delay    lat    delay    lat    delay    lat
 0                 155     95      194    109       26     18
 1                 158     95      193    106       25     16
 2                 158     95      194    108       26     17
 3                 155     95      191    102       28     16

 + PER-STAGE LATENCY BREAKDOWN (mean, ms):
   Stage                            All
   Client -> Worker:                  5
   Worker -> Batch seal:             51
   Batch seal -> Quorum:            255
   Quorum -> Processed:               2
   Processed -> Header:             149
   Header -> Certified:             200
   Certified -> Committed:        1,421
   Sum:                           2,083
   (n=)                          10,640
-----------------------------------------
CMD: LABEL=n4_bw_f_r60000_run_1 NODES=4 WORKER_BANDWIDTHS_MBPS=600,600,600,200 RATE_WEIGHTS=1,1,1,1 E_SKEW_WEIGHTS=1,1,1 BASELINE=1 NEW_SCHEDULER=0 NO_SEND_PAYMENT=1 NUM_EXECUTORS=3 RATE=60000 DURATION=180 WARMUP=30 IN_MEMORY_STORE=1 fab docker --cpus-per-validator=8 --latency=100ms --primary-bw=300mbit --log-dir=/home/zpkhor/narwhal-validator/benchmark/exp/results/motivation_docker_isolate/n4_bw_f_r60000_run_1
[92mStarting Docker benchmark[0m
Setting up testbed...
Docker image up to date, skipping build.
Starting containers...
Waiting for all containers to be ready...
All containers ready.
Running benchmark (180 sec)...
Stopping containers...
Parsing logs...

-----------------------------------------
 SUMMARY:
-----------------------------------------
 + CONFIG:
 Committee size: 4 node(s)
 Worker(s) per node: 1 worker(s)
 Input rate: 60,000 tx/s
 Transaction size: 512 B
 Benchmark duration: 180.0 s
 Consensus duration: 136.47 s
 Commit duration: 134.55 s


 + LAST COMMITTED PER VALIDATOR (from primary logs):
 Validator  Time            Round
 0          19:56:33.994      600
 1          19:56:33.970      600
 2          19:56:33.994      600
 3          19:56:33.945      600
 + RESULTS:
 f+1 Commit latency (workers) (mean): 2,317 ms
 f+1 Commit latency (workers) (p50): 2,085 ms
 f+1 Commit latency (workers) (p90): 2,500 ms
 f+1 Commit latency (workers) (p95): 2,702 ms
 f+1 Commit latency (workers) (p99): 12,347 ms
 E2E latency (send -> exec reply) (mean): 2,586 ms
 E2E latency (send -> exec reply) (p50): 2,316 ms
 E2E latency (send -> exec reply) (p90): 2,753 ms
 E2E latency (send -> exec reply) (p95): 3,530 ms
 E2E latency (send -> exec reply) (p99): 12,525 ms

 Consensus TPS: 58,698 tx/s
 Consensus BPS: 30,053,446 B/s
 Committed TPS: 59,535 tx/s
 Committed BPS: 30,482,079 B/s
 E2E TPS: 58,539 tx/s
 E2E duration: 150.53 s

 + VALIDATOR LOAD DISTRIBUTION:
 Validator 0: 1,936,749 tx (24.2%)
 Validator 1: 2,016,648 tx (25.2%)
 Validator 2: 2,031,395 tx (25.4%)
 Validator 3: 2,025,684 tx (25.3%)

 + EXECUTOR LOAD DISTRIBUTION (avg across validators):
 Executor 0: 3,427,280 tx (33.3%)
 Executor 1: 3,428,126 tx (33.3%)
 Executor 2: 3,427,806 tx (33.3%)

 + PER-VALIDATOR COMMIT METRICS:
 Validator    TPS (tx/s)    Mean (ms)    p95 (ms)    Misses
 0            14,394        3,028        11,065      0
 1            14,988        1,968        2,598       0
 2            15,098        1,895        2,391       0
 3            15,055        2,181        2,586       0
 Overall      59,535        2,260 (wtd)  4,590 (wtd) 0

 + PER-VALIDATOR QUORUM TIMING (ms):
                    mean            p95             std      
 Validator       delay    lat    delay    lat    delay    lat
 0                 180     62      218    115       26     42
 1                 182     62      216    113       24     41
 2                 179     62      216    114       25     41
 3                 314     62      441    245       69     90

 + PER-STAGE LATENCY BREAKDOWN (mean, ms):
   Stage                            All
   Client -> Worker:                  8
   Worker -> Batch seal:             35
   Batch seal -> Quorum:            280
   Quorum -> Processed:               4
   Processed -> Header:             154
   Header -> Certified:             200
   Certified -> Committed:        1,574
   Sum:                           2,255
   (n=)                          10,505
-----------------------------------------
CMD: LABEL=n4_bw_f_r72000_run_1 NODES=4 WORKER_BANDWIDTHS_MBPS=600,600,600,200 RATE_WEIGHTS=1,1,1,1 E_SKEW_WEIGHTS=1,1,1 BASELINE=1 NEW_SCHEDULER=0 NO_SEND_PAYMENT=1 NUM_EXECUTORS=3 RATE=72000 DURATION=180 WARMUP=30 IN_MEMORY_STORE=1 fab docker --cpus-per-validator=8 --latency=100ms --primary-bw=300mbit --log-dir=/home/zpkhor/narwhal-validator/benchmark/exp/results/motivation_docker_isolate/n4_bw_f_r72000_run_1
[92mStarting Docker benchmark[0m
Setting up testbed...
Docker image up to date, skipping build.
Starting containers...
Waiting for all containers to be ready...
All containers ready.
Running benchmark (180 sec)...
Stopping containers...
Parsing logs...

-----------------------------------------
 SUMMARY:
-----------------------------------------
 + CONFIG:
 Committee size: 4 node(s)
 Worker(s) per node: 1 worker(s)
 Input rate: 72,000 tx/s
 Transaction size: 512 B
 Benchmark duration: 180.0 s
 Consensus duration: 136.42 s
 Commit duration: 134.6 s


 + LAST COMMITTED PER VALIDATOR (from primary logs):
 Validator  Time            Round
 0          20:03:44.067      604
 1          20:03:44.072      604
 2          20:03:44.043      604
 3          20:03:44.067      604
 + RESULTS:
 f+1 Commit latency (workers) (mean): 5,236 ms
 f+1 Commit latency (workers) (p50): 2,109 ms
 f+1 Commit latency (workers) (p90): 17,783 ms
 f+1 Commit latency (workers) (p95): 22,631 ms
 f+1 Commit latency (workers) (p99): 26,513 ms
 E2E latency (send -> exec reply) (mean): 5,739 ms
 E2E latency (send -> exec reply) (p50): 2,346 ms
 E2E latency (send -> exec reply) (p90): 19,196 ms
 E2E latency (send -> exec reply) (p95): 24,755 ms
 E2E latency (send -> exec reply) (p99): 28,990 ms

 Consensus TPS: 68,425 tx/s
 Consensus BPS: 35,033,717 B/s
 Committed TPS: 69,348 tx/s
 Committed BPS: 35,506,386 B/s
 E2E TPS: 67,541 tx/s
 E2E duration: 150.27 s

 + VALIDATOR LOAD DISTRIBUTION:
 Validator 0: 2,430,578 tx (26.0%)
 Validator 1: 2,419,681 tx (25.9%)
 Validator 2: 2,437,031 tx (26.1%)
 Validator 3: 2,047,006 tx (21.9%)

 + EXECUTOR LOAD DISTRIBUTION (avg across validators):
 Executor 0: 3,971,983 tx (33.3%)
 Executor 1: 3,971,748 tx (33.3%)
 Executor 2: 3,968,097 tx (33.3%)

 + PER-VALIDATOR COMMIT METRICS:
 Validator    TPS (tx/s)    Mean (ms)    p95 (ms)    Misses
 0            18,058        2,097        2,492       0
 1            17,977        1,943        2,489       0
 2            18,106        1,818        2,226       0
 3            15,208        17,126       26,395      0
 Overall      69,348        5,280 (wtd)  7,664 (wtd) 0

 + PER-VALIDATOR QUORUM TIMING (ms):
                    mean            p95             std      
 Validator       delay    lat    delay    lat    delay    lat
 0                 184     51      231    113       28     43
 1                 183     51      225    115       27     42
 2                 186     51      227    115       26     41
 3                 572     61      754    381      104    137

 + PER-STAGE LATENCY BREAKDOWN (mean, ms):
   Stage                            All
   Client -> Worker:              3,135
   Worker -> Batch seal:             30
   Batch seal -> Quorum:            327
   Quorum -> Processed:               6
   Processed -> Header:             149
   Header -> Certified:             200
   Certified -> Committed:        1,337
   Sum:                           5,185
   (n=)                          10,127
-----------------------------------------
CMD: LABEL=n4_balanced_r117500_run_1 NODES=4 WORKER_BANDWIDTHS_MBPS=600,600,600,600 RATE_WEIGHTS=1,1,1,1 E_SKEW_WEIGHTS=1,1,1 BASELINE=1 NEW_SCHEDULER=0 NO_SEND_PAYMENT=1 NUM_EXECUTORS=3 RATE=117500 DURATION=180 WARMUP=30 IN_MEMORY_STORE=1 fab docker --cpus-per-validator=8 --latency=100ms --primary-bw=300mbit --log-dir=/home/zpkhor/narwhal-validator/benchmark/exp/results/motivation_docker_isolate/n4_balanced_r117500_run_1
[92mStarting Docker benchmark[0m
Setting up testbed...
Docker image up to date, skipping build.
Starting containers...
Waiting for all containers to be ready...
All containers ready.
Running benchmark (180 sec)...
Stopping containers...
Parsing logs...

-----------------------------------------
 SUMMARY:
-----------------------------------------
 + CONFIG:
 Committee size: 4 node(s)
 Worker(s) per node: 1 worker(s)
 Input rate: 117,500 tx/s
 Transaction size: 512 B
 Benchmark duration: 180.0 s
 Consensus duration: 136.1 s
 Commit duration: 134.86 s


 + LAST COMMITTED PER VALIDATOR (from primary logs):
 Validator  Time            Round
 0          20:47:29.505      598
 1          20:47:29.430      598
 2          20:47:29.479      598
 3          20:47:29.460      598
 + RESULTS:
 f+1 Commit latency (workers) (mean): 2,304 ms
 f+1 Commit latency (workers) (p50): 2,070 ms
 f+1 Commit latency (workers) (p90): 2,405 ms
 f+1 Commit latency (workers) (p95): 2,530 ms
 f+1 Commit latency (workers) (p99): 12,452 ms
 E2E latency (send -> exec reply) (mean): 4,898 ms
 E2E latency (send -> exec reply) (p50): 5,130 ms
 E2E latency (send -> exec reply) (p90): 6,100 ms
 E2E latency (send -> exec reply) (p95): 6,305 ms
 E2E latency (send -> exec reply) (p99): 13,308 ms

 Consensus TPS: 111,540 tx/s
 Consensus BPS: 57,108,698 B/s
 Committed TPS: 112,567 tx/s
 Committed BPS: 57,634,216 B/s
 E2E TPS: 110,167 tx/s
 E2E duration: 150.27 s

 + VALIDATOR LOAD DISTRIBUTION:
 Validator 0: 3,949,614 tx (26.0%)
 Validator 1: 3,963,970 tx (26.1%)
 Validator 2: 3,291,765 tx (21.7%)
 Validator 3: 3,975,526 tx (26.2%)

 + EXECUTOR LOAD DISTRIBUTION (avg across validators):
 Executor 0: 6,266,035 tx (33.5%)
 Executor 1: 6,270,717 tx (33.5%)
 Executor 2: 6,186,033 tx (33.0%)

 + PER-VALIDATOR COMMIT METRICS:
 Validator    TPS (tx/s)    Mean (ms)    p95 (ms)    Misses
 0            29,287        1,885        2,411       0
 1            29,393        2,091        2,452       0
 2            24,409        3,093        11,631      0
 3            29,479        1,845        2,257       0
 Overall      112,567       2,190 (wtd)  4,381 (wtd) 0

 + PER-VALIDATOR QUORUM TIMING (ms):
                    mean            p95             std      
 Validator       delay    lat    delay    lat    delay    lat
 0                 205     30      283    123       44     47
 1                 201     30      275    125       40     47
 2                 206     30      281    126       43     46
 3                 202     30      280    123       41     46

 + PER-STAGE LATENCY BREAKDOWN (mean, ms):
   Stage                            All
   Client -> Worker:                 25
   Worker -> Batch seal:             21
   Batch seal -> Quorum:            237
   Quorum -> Processed:               7
   Processed -> Header:             156
   Header -> Certified:             200
   Certified -> Committed:        1,545
   Sum:                           2,192
   (n=)                          10,235
-----------------------------------------
CMD: LABEL=n4_bw_f_r64000_run_1 NODES=4 WORKER_BANDWIDTHS_MBPS=600,600,600,200 RATE_WEIGHTS=1,1,1,1 E_SKEW_WEIGHTS=1,1,1 BASELINE=1 NEW_SCHEDULER=0 NO_SEND_PAYMENT=1 NUM_EXECUTORS=3 RATE=64000 DURATION=180 WARMUP=30 IN_MEMORY_STORE=1 fab docker --cpus-per-validator=8 --latency=100ms --primary-bw=300mbit --log-dir=/home/zpkhor/narwhal-validator/benchmark/exp/results/motivation_docker_isolate/n4_bw_f_r64000_run_1
[92mStarting Docker benchmark[0m
Setting up testbed...
Docker image up to date, skipping build.
Starting containers...
Waiting for all containers to be ready...
All containers ready.
Running benchmark (180 sec)...
Stopping containers...
Parsing logs...

-----------------------------------------
 SUMMARY:
-----------------------------------------
 + CONFIG:
 Committee size: 4 node(s)
 Worker(s) per node: 1 worker(s)
 Input rate: 64,000 tx/s
 Transaction size: 512 B
 Benchmark duration: 180.0 s
 Consensus duration: 136.43 s
 Commit duration: 134.5 s


 + LAST COMMITTED PER VALIDATOR (from primary logs):
 Validator  Time            Round
 0          20:51:09.596      604
 1          20:51:09.547      604
 2          20:51:09.547      604
 3          20:51:09.596      604
 + RESULTS:
 f+1 Commit latency (workers) (mean): 3,478 ms
 f+1 Commit latency (workers) (p50): 2,136 ms
 f+1 Commit latency (workers) (p90): 8,751 ms
 f+1 Commit latency (workers) (p95): 10,260 ms
 f+1 Commit latency (workers) (p99): 11,501 ms
 E2E latency (send -> exec reply) (mean): 3,840 ms
 E2E latency (send -> exec reply) (p50): 2,357 ms
 E2E latency (send -> exec reply) (p90): 9,545 ms
 E2E latency (send -> exec reply) (p95): 11,256 ms
 E2E latency (send -> exec reply) (p99): 12,682 ms

 Consensus TPS: 62,442 tx/s
 Consensus BPS: 31,970,152 B/s
 Committed TPS: 63,338 tx/s
 Committed BPS: 32,428,902 B/s
 E2E TPS: 61,971 tx/s
 E2E duration: 151.17 s

 + VALIDATOR LOAD DISTRIBUTION:
 Validator 0: 2,162,852 tx (25.4%)
 Validator 1: 2,165,681 tx (25.4%)
 Validator 2: 2,165,983 tx (25.4%)
 Validator 3: 2,024,468 tx (23.8%)

 + EXECUTOR LOAD DISTRIBUTION (avg across validators):
 Executor 0: 2,791,585 tx (33.3%)
 Executor 1: 2,789,687 tx (33.3%)
 Executor 2: 2,791,649 tx (33.3%)

 + PER-VALIDATOR COMMIT METRICS:
 Validator    TPS (tx/s)    Mean (ms)    p95 (ms)    Misses
 0            16,081        2,020        2,349       0
 1            16,102        2,085        2,471       0
 2            16,104        1,858        2,279       0
 3            15,052        8,082        11,391      0
 Overall      63,338        3,436 (wtd)  4,511 (wtd) 0

 + PER-VALIDATOR QUORUM TIMING (ms):
                    mean            p95             std      
 Validator       delay    lat    delay    lat    delay    lat
 0                 184     58      228    116       27     43
 1                 184     58      234    117       28     43
 2                 182     58      230    116       29     44
 3                 556     62      711    375       94    132

 + PER-STAGE LATENCY BREAKDOWN (mean, ms):
   Stage                            All
   Client -> Worker:              1,358
   Worker -> Batch seal:             34
   Batch seal -> Quorum:            335
   Quorum -> Processed:               6
   Processed -> Header:             152
   Header -> Certified:             200
   Certified -> Committed:        1,338
   Sum:                           3,423
   (n=)                          10,433
-----------------------------------------
CMD: LABEL=n4_bw_f_r68000_run_1 NODES=4 WORKER_BANDWIDTHS_MBPS=600,600,600,200 RATE_WEIGHTS=1,1,1,1 E_SKEW_WEIGHTS=1,1,1 BASELINE=1 NEW_SCHEDULER=0 NO_SEND_PAYMENT=1 NUM_EXECUTORS=3 RATE=68000 DURATION=180 WARMUP=30 IN_MEMORY_STORE=1 fab docker --cpus-per-validator=8 --latency=100ms --primary-bw=300mbit --log-dir=/home/zpkhor/narwhal-validator/benchmark/exp/results/motivation_docker_isolate/n4_bw_f_r68000_run_1
[92mStarting Docker benchmark[0m
Setting up testbed...
Docker image up to date, skipping build.
Starting containers...
Waiting for all containers to be ready...
All containers ready.
Running benchmark (180 sec)...
Stopping containers...
Parsing logs...

-----------------------------------------
 SUMMARY:
-----------------------------------------
 + CONFIG:
 Committee size: 4 node(s)
 Worker(s) per node: 1 worker(s)
 Input rate: 68,000 tx/s
 Transaction size: 512 B
 Benchmark duration: 180.0 s
 Consensus duration: 135.94 s
 Commit duration: 134.42 s


 + LAST COMMITTED PER VALIDATOR (from primary logs):
 Validator  Time            Round
 0          20:54:44.713      600
 1          20:54:44.680      600
 2          20:54:44.752      600
 3          20:54:44.728      600
 + RESULTS:
 f+1 Commit latency (workers) (mean): 4,401 ms
 f+1 Commit latency (workers) (p50): 2,161 ms
 f+1 Commit latency (workers) (p90): 13,253 ms
 f+1 Commit latency (workers) (p95): 16,646 ms
 f+1 Commit latency (workers) (p99): 19,159 ms
 E2E latency (send -> exec reply) (mean): 4,841 ms
 E2E latency (send -> exec reply) (p50): 2,363 ms
 E2E latency (send -> exec reply) (p90): 14,477 ms
 E2E latency (send -> exec reply) (p95): 18,208 ms
 E2E latency (send -> exec reply) (p99): 21,056 ms

 Consensus TPS: 65,409 tx/s
 Consensus BPS: 33,489,544 B/s
 Committed TPS: 66,145 tx/s
 Committed BPS: 33,866,486 B/s
 E2E TPS: 64,760 tx/s
 E2E duration: 150.31 s

 + VALIDATOR LOAD DISTRIBUTION:
 Validator 0: 2,290,897 tx (25.8%)
 Validator 1: 2,286,595 tx (25.7%)
 Validator 2: 2,287,073 tx (25.7%)
 Validator 3: 2,026,909 tx (22.8%)

 + EXECUTOR LOAD DISTRIBUTION (avg across validators):
 Executor 0: 3,806,836 tx (33.3%)
 Executor 1: 3,804,952 tx (33.3%)
 Executor 2: 3,807,046 tx (33.3%)

 + PER-VALIDATOR COMMIT METRICS:
 Validator    TPS (tx/s)    Mean (ms)    p95 (ms)    Misses
 0            17,042        2,074        2,465       0
 1            17,010        2,037        2,343       0
 2            17,014        1,914        2,465       0
 3            15,079        12,470       19,032      0
 Overall      66,145        4,393 (wtd)  6,210 (wtd) 0

 + PER-VALIDATOR QUORUM TIMING (ms):
                    mean            p95             std      
 Validator       delay    lat    delay    lat    delay    lat
 0                 184     55      227    115       26     43
 1                 177     55      225    116       29     44
 2                 180     55      224    113       26     43
 3                 562     61      740    377       98    135

 + PER-STAGE LATENCY BREAKDOWN (mean, ms):
   Stage                            All
   Client -> Worker:              2,286
   Worker -> Batch seal:             32
   Batch seal -> Quorum:            328
   Quorum -> Processed:               6
   Processed -> Header:             151
   Header -> Certified:             200
   Certified -> Committed:        1,346
   Sum:                           4,349
   (n=)                          10,262
-----------------------------------------
CMD: LABEL=n4_e_rate_imb90_r45000_run_1 NODES=4 WORKER_BANDWIDTHS_MBPS=600,600,600,600 RATE_WEIGHTS=1,1,1,1 E_SKEW_WEIGHTS=18,1,1 BASELINE=1 NEW_SCHEDULER=0 NO_SEND_PAYMENT=1 NUM_EXECUTORS=3 RATE=45000 DURATION=180 WARMUP=30 IN_MEMORY_STORE=1 fab docker --cpus-per-validator=8 --latency=100ms --primary-bw=300mbit --log-dir=/home/zpkhor/narwhal-validator/benchmark/exp/results/motivation_docker_isolate/n4_e_rate_imb90_r45000_run_1
[92mStarting Docker benchmark[0m
Setting up testbed...
Docker image up to date, skipping build.
Starting containers...
Waiting for all containers to be ready...
All containers ready.
Running benchmark (180 sec)...
Stopping containers...
Parsing logs...

-----------------------------------------
 SUMMARY:
-----------------------------------------
 + CONFIG:
 Committee size: 4 node(s)
 Worker(s) per node: 1 worker(s)
 Input rate: 45,000 tx/s
 Transaction size: 512 B
 Benchmark duration: 180.0 s
 Consensus duration: 142.82 s
 Commit duration: 134.61 s


 + LAST COMMITTED PER VALIDATOR (from primary logs):
 Validator  Time            Round
 0          21:46:47.026      604
 1          21:46:47.014      604
 2          21:46:47.014      604
 3          21:46:47.014      604
 + RESULTS:
 f+1 Commit latency (workers) (mean): 2,334 ms
 f+1 Commit latency (workers) (p50): 2,033 ms
 f+1 Commit latency (workers) (p90): 2,534 ms
 f+1 Commit latency (workers) (p95): 4,070 ms
 f+1 Commit latency (workers) (p99): 10,898 ms
 E2E latency (send -> exec reply) (mean): 4,803 ms
 E2E latency (send -> exec reply) (p50): 4,789 ms
 E2E latency (send -> exec reply) (p90): 6,451 ms
 E2E latency (send -> exec reply) (p95): 7,069 ms
 E2E latency (send -> exec reply) (p99): 11,780 ms

 Consensus TPS: 43,069 tx/s
 Consensus BPS: 22,051,327 B/s
 Committed TPS: 45,695 tx/s
 Committed BPS: 23,395,778 B/s
 E2E TPS: 44,129 tx/s
 E2E duration: 150.35 s

 + VALIDATOR LOAD DISTRIBUTION:
 Validator 0: 1,523,486 tx (24.8%)
 Validator 1: 1,590,973 tx (25.9%)
 Validator 2: 1,516,692 tx (24.7%)
 Validator 3: 1,519,791 tx (24.7%)

 + EXECUTOR LOAD DISTRIBUTION (avg across validators):
 Executor 0: 6,851,882 tx (90.0%)
 Executor 1: 380,835 tx (5.0%)
 Executor 2: 380,528 tx (5.0%)

 + PER-VALIDATOR COMMIT METRICS:
 Validator    TPS (tx/s)    Mean (ms)    p95 (ms)    Misses
 0            11,318        1,891        2,412       0
 1            11,819        3,374        9,451       0
 2            11,267        1,849        2,241       0
 3            11,290        2,042        2,410       0
 Overall      45,695        2,301 (wtd)  4,190 (wtd) 0

 + PER-VALIDATOR QUORUM TIMING (ms):
                    mean            p95             std      
 Validator       delay    lat    delay    lat    delay    lat
 0                 158     84      193    106       24     32
 1                 164     84      196    106       23     32
 2                 165     84      198    106       24     32
 3                 157     84      187    107       24     33

 + PER-STAGE LATENCY BREAKDOWN (mean, ms):
   Stage                            All
   Client -> Worker:                  5
   Worker -> Batch seal:             45
   Batch seal -> Quorum:            248
   Quorum -> Processed:               3
   Processed -> Header:             148
   Header -> Certified:             200
   Certified -> Committed:        1,804
   Sum:                           2,454
   (n=)                          10,633
-----------------------------------------
CMD: LABEL=n4_e_rate_imb90_r50000_run_1 NODES=4 WORKER_BANDWIDTHS_MBPS=600,600,600,600 RATE_WEIGHTS=1,1,1,1 E_SKEW_WEIGHTS=18,1,1 BASELINE=1 NEW_SCHEDULER=0 NO_SEND_PAYMENT=1 NUM_EXECUTORS=3 RATE=50000 DURATION=180 WARMUP=30 IN_MEMORY_STORE=1 fab docker --cpus-per-validator=8 --latency=100ms --primary-bw=300mbit --log-dir=/home/zpkhor/narwhal-validator/benchmark/exp/results/motivation_docker_isolate/n4_e_rate_imb90_r50000_run_1
[92mStarting Docker benchmark[0m
Setting up testbed...
Docker image up to date, skipping build.
Starting containers...
Waiting for all containers to be ready...
All containers ready.
Running benchmark (180 sec)...
Stopping containers...
Parsing logs...

-----------------------------------------
 SUMMARY:
-----------------------------------------
 + CONFIG:
 Committee size: 4 node(s)
 Worker(s) per node: 1 worker(s)
 Input rate: 50,000 tx/s
 Transaction size: 512 B
 Benchmark duration: 180.0 s
 Consensus duration: 136.51 s
 Commit duration: 134.75 s


 + LAST COMMITTED PER VALIDATOR (from primary logs):
 Validator  Time            Round
 0          21:50:22.141      600
 1          21:50:22.135      600
 2          21:50:22.141      600
 3          21:50:22.141      600
 + RESULTS:
 f+1 Commit latency (workers) (mean): 2,026 ms
 f+1 Commit latency (workers) (p50): 2,025 ms
 f+1 Commit latency (workers) (p90): 2,362 ms
 f+1 Commit latency (workers) (p95): 2,478 ms
 f+1 Commit latency (workers) (p99): 2,583 ms
 E2E latency (send -> exec reply) (mean): 11,455 ms
 E2E latency (send -> exec reply) (p50): 11,982 ms
 E2E latency (send -> exec reply) (p90): 16,883 ms
 E2E latency (send -> exec reply) (p95): 17,413 ms
 E2E latency (send -> exec reply) (p99): 17,971 ms

 Consensus TPS: 49,513 tx/s
 Consensus BPS: 25,350,402 B/s
 Committed TPS: 50,159 tx/s
 Committed BPS: 25,681,319 B/s
 E2E TPS: 44,644 tx/s
 E2E duration: 149.94 s

 + VALIDATOR LOAD DISTRIBUTION:
 Validator 0: 1,695,870 tx (25.1%)
 Validator 1: 1,686,101 tx (24.9%)
 Validator 2: 1,687,975 tx (25.0%)
 Validator 3: 1,689,006 tx (25.0%)

 + EXECUTOR LOAD DISTRIBUTION (avg across validators):
 Executor 0: 7,426,577 tx (89.7%)
 Executor 1: 427,180 tx (5.2%)
 Executor 2: 429,148 tx (5.2%)

 + PER-VALIDATOR COMMIT METRICS:
 Validator    TPS (tx/s)    Mean (ms)    p95 (ms)    Misses
 0            12,585        1,885        2,393       0
 1            12,513        2,147        2,541       0
 2            12,527        1,838        2,229       0
 3            12,534        2,089        2,500       0
 Overall      50,159        1,989 (wtd)  2,416 (wtd) 0

 + PER-VALIDATOR QUORUM TIMING (ms):
                    mean            p95             std      
 Validator       delay    lat    delay    lat    delay    lat
 0                 164     75      198    111       24     38
 1                 164     75      197    107       24     39
 2                 160     75      194    109       24     39
 3                 159     75      194    111       24     38

 + PER-STAGE LATENCY BREAKDOWN (mean, ms):
   Stage                            All
   Client -> Worker:                  6
   Worker -> Batch seal:             41
   Batch seal -> Quorum:            240
   Quorum -> Processed:               3
   Processed -> Header:             148
   Header -> Certified:             200
   Certified -> Committed:        1,352
   Sum:                           1,990
   (n=)                          10,647
-----------------------------------------
CMD: LABEL=n4_bw_f_r54000_run_1 NODES=4 WORKER_BANDWIDTHS_MBPS=600,600,600,200 RATE_WEIGHTS=1,1,1,1 E_SKEW_WEIGHTS=1,1,1 BASELINE=1 NEW_SCHEDULER=0 NO_SEND_PAYMENT=1 NUM_EXECUTORS=3 RATE=54000 DURATION=180 WARMUP=30 IN_MEMORY_STORE=1 fab docker --cpus-per-validator=8 --latency=100ms --primary-bw=300mbit --log-dir=/home/zpkhor/narwhal-validator/benchmark/exp/results/motivation_docker_isolate/n4_bw_f_r54000_run_1
[92mStarting Docker benchmark[0m
Setting up testbed...
Docker image up to date, skipping build.
Starting containers...
Waiting for all containers to be ready...
All containers ready.
Running benchmark (180 sec)...
Stopping containers...
Parsing logs...

-----------------------------------------
 SUMMARY:
-----------------------------------------
 + CONFIG:
 Committee size: 4 node(s)
 Worker(s) per node: 1 worker(s)
 Input rate: 54,000 tx/s
 Transaction size: 512 B
 Benchmark duration: 180.0 s
 Consensus duration: 136.43 s
 Commit duration: 134.57 s


 + LAST COMMITTED PER VALIDATOR (from primary logs):
 Validator  Time            Round
 0          21:53:56.239      608
 1          21:53:56.191      608
 2          21:53:56.191      608
 3          21:53:56.191      608
 + RESULTS:
 f+1 Commit latency (workers) (mean): 2,117 ms
 f+1 Commit latency (workers) (p50): 2,049 ms
 f+1 Commit latency (workers) (p90): 2,474 ms
 f+1 Commit latency (workers) (p95): 2,651 ms
 f+1 Commit latency (workers) (p99): 4,517 ms
 E2E latency (send -> exec reply) (mean): 2,336 ms
 E2E latency (send -> exec reply) (p50): 2,255 ms
 E2E latency (send -> exec reply) (p90): 2,621 ms
 E2E latency (send -> exec reply) (p95): 3,001 ms
 E2E latency (send -> exec reply) (p99): 4,854 ms

 Consensus TPS: 53,449 tx/s
 Consensus BPS: 27,365,820 B/s
 Committed TPS: 54,186 tx/s
 Committed BPS: 27,743,452 B/s
 E2E TPS: 53,251 tx/s
 E2E duration: 149.84 s

 + VALIDATOR LOAD DISTRIBUTION:
 Validator 0: 1,826,990 tx (25.1%)
 Validator 1: 1,822,336 tx (25.0%)
 Validator 2: 1,823,076 tx (25.0%)
 Validator 3: 1,819,520 tx (25.0%)

 + EXECUTOR LOAD DISTRIBUTION (avg across validators):
 Executor 0: 3,101,744 tx (33.3%)
 Executor 1: 3,098,844 tx (33.3%)
 Executor 2: 3,100,301 tx (33.3%)

 + PER-VALIDATOR COMMIT METRICS:
 Validator    TPS (tx/s)    Mean (ms)    p95 (ms)    Misses
 0            13,576        1,853        2,318       0
 1            13,542        2,158        2,632       0
 2            13,547        2,318        3,777       0
 3            13,521        1,970        2,533       0
 Overall      54,186        2,075 (wtd)  2,815 (wtd) 0

 + PER-VALIDATOR QUORUM TIMING (ms):
                    mean            p95             std      
 Validator       delay    lat    delay    lat    delay    lat
 0                 176     70      204    114       23     39
 1                 174     69      207    117       25     39
 2                 175     69      210    118       24     41
 3                 222     69      277    150       43     70

 + PER-STAGE LATENCY BREAKDOWN (mean, ms):
   Stage                            All
   Client -> Worker:                  7
   Worker -> Batch seal:             39
   Batch seal -> Quorum:            260
   Quorum -> Processed:               3
   Processed -> Header:             152
   Header -> Certified:             200
   Certified -> Committed:        1,414
   Sum:                           2,074
   (n=)                          10,629
-----------------------------------------
